solid OpenSCAD_Model
  facet normal 1 0 0
    outer loop
      vertex 180.9 462.8 20
      vertex 180.9 322.883 17.35
      vertex 180.9 462.8 14
    endloop
  endfacet
  facet normal 1 -0 0
    outer loop
      vertex 180.9 308.533 20
      vertex 180.9 322.883 17.35
      vertex 180.9 462.8 20
    endloop
  endfacet
  facet normal 1 0 0
    outer loop
      vertex 180.9 322.883 17.35
      vertex 180.9 308.533 20
      vertex 180.9 322.863 17.35
    endloop
  endfacet
  facet normal 1 0 0
    outer loop
      vertex 180.9 322.863 17.35
      vertex 180.9 308.533 20
      vertex 180.9 308.533 14.35
    endloop
  endfacet
  facet normal 1 0 0
    outer loop
      vertex 180.9 462.8 14
      vertex 180.9 322.883 17.35
      vertex 180.9 322.883 14
    endloop
  endfacet
  facet normal 1 0 0
    outer loop
      vertex 180.9 322.883 2.65
      vertex 180.9 462.8 6
      vertex 180.9 322.883 6
    endloop
  endfacet
  facet normal 1 0 0
    outer loop
      vertex 180.9 462.8 6
      vertex 180.9 322.883 2.65
      vertex 180.9 462.8 0
    endloop
  endfacet
  facet normal 1 0 0
    outer loop
      vertex 180.9 308.533 0
      vertex 180.9 322.883 2.65
      vertex 180.9 322.863 2.65
    endloop
  endfacet
  facet normal 1 0 0
    outer loop
      vertex 180.9 322.883 2.65
      vertex 180.9 308.533 0
      vertex 180.9 462.8 0
    endloop
  endfacet
  facet normal 1 0 0
    outer loop
      vertex 180.9 308.533 0
      vertex 180.9 322.863 2.65
      vertex 180.9 308.533 5.65
    endloop
  endfacet
  facet normal -0 0 1
    outer loop
      vertex 0 462.8 20
      vertex 5.1 308.533 20
      vertex 5.1 462.8 20
    endloop
  endfacet
  facet normal 0 0 1
    outer loop
      vertex 5.1 308.533 20
      vertex 0 462.8 20
      vertex 0 308.533 20
    endloop
  endfacet
  facet normal 0 0 1
    outer loop
      vertex 180.9 462.8 20
      vertex 116.155 379.857 20
      vertex 180.9 308.533 20
    endloop
  endfacet
  facet normal 0 0 1
    outer loop
      vertex 180.9 462.8 20
      vertex 115.916 389.524 20
      vertex 116.155 379.857 20
    endloop
  endfacet
  facet normal 0 0 1
    outer loop
      vertex 180.9 462.8 20
      vertex 115.891 390.079 20
      vertex 115.916 389.524 20
    endloop
  endfacet
  facet normal 0 0 1
    outer loop
      vertex 180.9 462.8 20
      vertex 115.815 390.596 20
      vertex 115.891 390.079 20
    endloop
  endfacet
  facet normal 0 0 1
    outer loop
      vertex 180.9 462.8 20
      vertex 115.688 391.076 20
      vertex 115.815 390.596 20
    endloop
  endfacet
  facet normal 0 0 1
    outer loop
      vertex 180.9 462.8 20
      vertex 115.51 391.519 20
      vertex 115.688 391.076 20
    endloop
  endfacet
  facet normal 0 0 1
    outer loop
      vertex 180.9 462.8 20
      vertex 115.282 391.924 20
      vertex 115.51 391.519 20
    endloop
  endfacet
  facet normal 0 0 1
    outer loop
      vertex 180.9 462.8 20
      vertex 115.003 392.292 20
      vertex 115.282 391.924 20
    endloop
  endfacet
  facet normal 0 0 1
    outer loop
      vertex 180.9 462.8 20
      vertex 114.674 392.622 20
      vertex 115.003 392.292 20
    endloop
  endfacet
  facet normal 0 0 1
    outer loop
      vertex 180.9 462.8 20
      vertex 114.297 392.911 20
      vertex 114.674 392.622 20
    endloop
  endfacet
  facet normal 0 0 1
    outer loop
      vertex 180.9 462.8 20
      vertex 113.876 393.156 20
      vertex 114.297 392.911 20
    endloop
  endfacet
  facet normal 0 0 1
    outer loop
      vertex 180.9 462.8 20
      vertex 113.412 393.356 20
      vertex 113.876 393.156 20
    endloop
  endfacet
  facet normal 0 0 1
    outer loop
      vertex 180.9 462.8 20
      vertex 112.905 393.512 20
      vertex 113.412 393.356 20
    endloop
  endfacet
  facet normal 0 0 1
    outer loop
      vertex 180.9 462.8 20
      vertex 112.354 393.623 20
      vertex 112.905 393.512 20
    endloop
  endfacet
  facet normal 0 0 1
    outer loop
      vertex 180.9 462.8 20
      vertex 111.759 393.69 20
      vertex 112.354 393.623 20
    endloop
  endfacet
  facet normal 0 0 1
    outer loop
      vertex 180.9 462.8 20
      vertex 111.12 393.712 20
      vertex 111.759 393.69 20
    endloop
  endfacet
  facet normal 0 0 1
    outer loop
      vertex 180.9 462.8 20
      vertex 110.534 393.69 20
      vertex 111.12 393.712 20
    endloop
  endfacet
  facet normal 0 0 1
    outer loop
      vertex 180.9 462.8 20
      vertex 109.98 393.624 20
      vertex 110.534 393.69 20
    endloop
  endfacet
  facet normal -0 0 1
    outer loop
      vertex 92.5782 393.672 20
      vertex 109.98 393.624 20
      vertex 180.9 462.8 20
    endloop
  endfacet
  facet normal 0 -0 1
    outer loop
      vertex 93.2634 393.55 20
      vertex 109.98 393.624 20
      vertex 92.5782 393.672 20
    endloop
  endfacet
  facet normal 0 0 1
    outer loop
      vertex 109.98 393.624 20
      vertex 93.2634 393.55 20
      vertex 109.457 393.513 20
    endloop
  endfacet
  facet normal 0 0 1
    outer loop
      vertex 109.457 393.513 20
      vertex 93.2634 393.55 20
      vertex 108.964 393.358 20
    endloop
  endfacet
  facet normal 0 -0 1
    outer loop
      vertex 93.8908 393.347 20
      vertex 108.964 393.358 20
      vertex 93.2634 393.55 20
    endloop
  endfacet
  facet normal 0 0 1
    outer loop
      vertex 108.964 393.358 20
      vertex 93.8908 393.347 20
      vertex 108.503 393.159 20
    endloop
  endfacet
  facet normal 0 0 1
    outer loop
      vertex 106.195 379.931 20
      vertex 104.1 383.231 20
      vertex 106.032 379.575 20
    endloop
  endfacet
  facet normal 0 0 1
    outer loop
      vertex 106.368 380.276 20
      vertex 104.1 383.231 20
      vertex 106.195 379.931 20
    endloop
  endfacet
  facet normal 0 0 1
    outer loop
      vertex 96.6884 389.674 20
      vertex 106.118 389.708 20
      vertex 106.203 390.217 20
    endloop
  endfacet
  facet normal -0 0 1
    outer loop
      vertex 96.4522 390.436 20
      vertex 106.203 390.217 20
      vertex 106.334 390.695 20
    endloop
  endfacet
  facet normal 0 -0 1
    outer loop
      vertex 97.0032 387.916 20
      vertex 106.118 389.708 20
      vertex 96.872 388.834 20
    endloop
  endfacet
  facet normal 0 0 1
    outer loop
      vertex 96.4522 390.436 20
      vertex 106.334 390.695 20
      vertex 106.511 391.143 20
    endloop
  endfacet
  facet normal 0 0 1
    outer loop
      vertex 96.1636 391.12 20
      vertex 106.511 391.143 20
      vertex 106.733 391.56 20
    endloop
  endfacet
  facet normal -0 0 1
    outer loop
      vertex 95.8224 391.727 20
      vertex 106.733 391.56 20
      vertex 107.001 391.946 20
    endloop
  endfacet
  facet normal -0 0 1
    outer loop
      vertex 95.4262 392.253 20
      vertex 107.001 391.946 20
      vertex 107.315 392.302 20
    endloop
  endfacet
  facet normal 0 0 1
    outer loop
      vertex 108.503 393.159 20
      vertex 94.4604 393.064 20
      vertex 108.074 392.915 20
    endloop
  endfacet
  facet normal 0 0 1
    outer loop
      vertex 97.0806 384.789 20
      vertex 98.6747 384.967 20
      vertex 97.1082 385.846 20
    endloop
  endfacet
  facet normal 0 0 1
    outer loop
      vertex 106.203 390.217 20
      vertex 96.4522 390.436 20
      vertex 96.6884 389.674 20
    endloop
  endfacet
  facet normal 0 0 1
    outer loop
      vertex 98.6747 384.967 20
      vertex 97.082 386.92 20
      vertex 97.1082 385.846 20
    endloop
  endfacet
  facet normal 0 0 1
    outer loop
      vertex 98.6747 384.967 20
      vertex 97.0032 387.916 20
      vertex 97.082 386.92 20
    endloop
  endfacet
  facet normal 0 0 1
    outer loop
      vertex 104.1 384.967 20
      vertex 97.0032 387.916 20
      vertex 98.6747 384.967 20
    endloop
  endfacet
  facet normal 0 0 1
    outer loop
      vertex 106.118 389.708 20
      vertex 97.0032 387.916 20
      vertex 104.1 384.967 20
    endloop
  endfacet
  facet normal 0 0 1
    outer loop
      vertex 106.118 389.708 20
      vertex 96.6884 389.674 20
      vertex 96.872 388.834 20
    endloop
  endfacet
  facet normal 0 0 1
    outer loop
      vertex 106.511 391.143 20
      vertex 96.1636 391.12 20
      vertex 96.4522 390.436 20
    endloop
  endfacet
  facet normal 0 0 1
    outer loop
      vertex 106.733 391.56 20
      vertex 95.8224 391.727 20
      vertex 96.1636 391.12 20
    endloop
  endfacet
  facet normal 0 0 1
    outer loop
      vertex 107.001 391.946 20
      vertex 95.4262 392.253 20
      vertex 95.8224 391.727 20
    endloop
  endfacet
  facet normal 0 0 1
    outer loop
      vertex 107.315 392.302 20
      vertex 94.9722 392.699 20
      vertex 95.4262 392.253 20
    endloop
  endfacet
  facet normal 0 0 1
    outer loop
      vertex 107.675 392.627 20
      vertex 94.9722 392.699 20
      vertex 107.315 392.302 20
    endloop
  endfacet
  facet normal 0 0 1
    outer loop
      vertex 108.074 392.915 20
      vertex 94.9722 392.699 20
      vertex 107.675 392.627 20
    endloop
  endfacet
  facet normal 0 -0 1
    outer loop
      vertex 94.9722 392.699 20
      vertex 108.074 392.915 20
      vertex 94.4604 393.064 20
    endloop
  endfacet
  facet normal 0 -0 1
    outer loop
      vertex 94.4604 393.064 20
      vertex 108.503 393.159 20
      vertex 93.8908 393.347 20
    endloop
  endfacet
  facet normal -0 0 1
    outer loop
      vertex 14.9 462.8 20
      vertex 92.5782 393.672 20
      vertex 180.9 462.8 20
    endloop
  endfacet
  facet normal 0 0 1
    outer loop
      vertex 92.5782 393.672 20
      vertex 14.9 462.8 20
      vertex 91.8352 393.712 20
    endloop
  endfacet
  facet normal 0 0 1
    outer loop
      vertex 91.8352 393.712 20
      vertex 14.9 462.8 20
      vertex 91.0721 393.672 20
    endloop
  endfacet
  facet normal 0 -0 1
    outer loop
      vertex 72.7226 393.409 20
      vertex 91.0721 393.672 20
      vertex 14.9 462.8 20
    endloop
  endfacet
  facet normal 0 0 1
    outer loop
      vertex 91.0721 393.672 20
      vertex 72.7226 393.409 20
      vertex 90.3698 393.552 20
    endloop
  endfacet
  facet normal 0 -0 1
    outer loop
      vertex 73.9307 393.181 20
      vertex 90.3698 393.552 20
      vertex 72.7226 393.409 20
    endloop
  endfacet
  facet normal 0 0 1
    outer loop
      vertex 86.5124 386.931 20
      vertex 84.8037 384.967 20
      vertex 86.4861 385.846 20
    endloop
  endfacet
  facet normal 0 0 1
    outer loop
      vertex 86.5911 387.935 20
      vertex 84.8037 384.967 20
      vertex 86.5124 386.931 20
    endloop
  endfacet
  facet normal 0 0 1
    outer loop
      vertex 79.3788 384.967 20
      vertex 86.5911 387.935 20
      vertex 86.7223 388.859 20
    endloop
  endfacet
  facet normal 0 0 1
    outer loop
      vertex 76.6764 389.774 20
      vertex 86.7223 388.859 20
      vertex 86.906 389.702 20
    endloop
  endfacet
  facet normal 0 0 1
    outer loop
      vertex 76.5666 390.758 20
      vertex 86.906 389.702 20
      vertex 87.1421 390.465 20
    endloop
  endfacet
  facet normal -0 0 1
    outer loop
      vertex 76.5666 390.758 20
      vertex 87.1421 390.465 20
      vertex 87.4308 391.147 20
    endloop
  endfacet
  facet normal 0 0 1
    outer loop
      vertex 86.7223 388.859 20
      vertex 76.6764 389.774 20
      vertex 79.3788 384.967 20
    endloop
  endfacet
  facet normal -0 0 1
    outer loop
      vertex 76.2371 391.591 20
      vertex 87.4308 391.147 20
      vertex 87.7719 391.748 20
    endloop
  endfacet
  facet normal 0 0 1
    outer loop
      vertex 76.2371 391.591 20
      vertex 87.7719 391.748 20
      vertex 88.1697 392.269 20
    endloop
  endfacet
  facet normal -0 0 1
    outer loop
      vertex 75.6879 392.273 20
      vertex 88.1697 392.269 20
      vertex 88.6284 392.71 20
    endloop
  endfacet
  facet normal -0 0 1
    outer loop
      vertex 77.3847 383.719 20
      vertex 79.3788 383.231 20
      vertex 79.3788 384.967 20
    endloop
  endfacet
  facet normal 0 0 1
    outer loop
      vertex 79.3788 383.231 20
      vertex 77.5459 382.931 20
      vertex 77.566 382.504 20
    endloop
  endfacet
  facet normal 0 0 1
    outer loop
      vertex 79.3788 383.231 20
      vertex 77.4854 383.335 20
      vertex 77.5459 382.931 20
    endloop
  endfacet
  facet normal 0 0 1
    outer loop
      vertex 79.3788 383.231 20
      vertex 77.3847 383.719 20
      vertex 77.4854 383.335 20
    endloop
  endfacet
  facet normal 0 0 1
    outer loop
      vertex 86.5911 387.935 20
      vertex 79.3788 384.967 20
      vertex 84.8037 384.967 20
    endloop
  endfacet
  facet normal 0 0 1
    outer loop
      vertex 79.3788 384.967 20
      vertex 77.2436 384.081 20
      vertex 77.3847 383.719 20
    endloop
  endfacet
  facet normal 0 0 1
    outer loop
      vertex 90.3698 393.552 20
      vertex 73.9307 393.181 20
      vertex 89.7285 393.351 20
    endloop
  endfacet
  facet normal 0 0 1
    outer loop
      vertex 79.3788 384.967 20
      vertex 76.6764 389.774 20
      vertex 76.6609 389.395 20
    endloop
  endfacet
  facet normal 0 0 1
    outer loop
      vertex 79.3788 384.967 20
      vertex 76.6609 389.395 20
      vertex 76.6144 389.034 20
    endloop
  endfacet
  facet normal -0 0 1
    outer loop
      vertex 76.5369 388.691 20
      vertex 79.3788 384.967 20
      vertex 76.6144 389.034 20
    endloop
  endfacet
  facet normal 0 0 1
    outer loop
      vertex 86.906 389.702 20
      vertex 76.5666 390.758 20
      vertex 76.6764 389.774 20
    endloop
  endfacet
  facet normal 0 0 1
    outer loop
      vertex 87.4308 391.147 20
      vertex 76.2371 391.591 20
      vertex 76.5666 390.758 20
    endloop
  endfacet
  facet normal 0 0 1
    outer loop
      vertex 88.1697 392.269 20
      vertex 75.6879 392.273 20
      vertex 76.2371 391.591 20
    endloop
  endfacet
  facet normal 0 0 1
    outer loop
      vertex 88.6284 392.71 20
      vertex 74.9191 392.803 20
      vertex 75.6879 392.273 20
    endloop
  endfacet
  facet normal 0 0 1
    outer loop
      vertex 89.148 393.071 20
      vertex 74.9191 392.803 20
      vertex 88.6284 392.71 20
    endloop
  endfacet
  facet normal 0 -0 1
    outer loop
      vertex 74.9191 392.803 20
      vertex 89.7285 393.351 20
      vertex 73.9307 393.181 20
    endloop
  endfacet
  facet normal 0 0 1
    outer loop
      vertex 89.7285 393.351 20
      vertex 74.9191 392.803 20
      vertex 89.148 393.071 20
    endloop
  endfacet
  facet normal 0 0 1
    outer loop
      vertex 72.7226 393.409 20
      vertex 14.9 462.8 20
      vertex 71.2948 393.484 20
    endloop
  endfacet
  facet normal 0 0 1
    outer loop
      vertex 65.7396 393.484 20
      vertex 14.9 462.8 20
      vertex 65.7396 378.197 20
    endloop
  endfacet
  facet normal 0 0 1
    outer loop
      vertex 71.2948 393.484 20
      vertex 14.9 462.8 20
      vertex 65.7396 393.484 20
    endloop
  endfacet
  facet normal -0 0 1
    outer loop
      vertex 116.155 378.197 20
      vertex 180.9 308.533 20
      vertex 116.155 379.857 20
    endloop
  endfacet
  facet normal -0 0 1
    outer loop
      vertex 106.032 378.197 20
      vertex 180.9 308.533 20
      vertex 116.155 378.197 20
    endloop
  endfacet
  facet normal -0 0 1
    outer loop
      vertex 98.6747 383.231 20
      vertex 106.032 379.575 20
      vertex 104.1 383.231 20
    endloop
  endfacet
  facet normal 0 0 1
    outer loop
      vertex 106.032 379.575 20
      vertex 98.6747 383.231 20
      vertex 106.032 378.197 20
    endloop
  endfacet
  facet normal -0 0 1
    outer loop
      vertex 96.1157 380.611 20
      vertex 106.032 378.197 20
      vertex 98.6747 383.231 20
    endloop
  endfacet
  facet normal 0 0 1
    outer loop
      vertex 96.9979 383.805 20
      vertex 98.6747 384.967 20
      vertex 97.0806 384.789 20
    endloop
  endfacet
  facet normal 0 0 1
    outer loop
      vertex 98.6747 384.967 20
      vertex 96.9979 383.805 20
      vertex 98.6747 383.231 20
    endloop
  endfacet
  facet normal 0 0 1
    outer loop
      vertex 96.8601 382.896 20
      vertex 98.6747 383.231 20
      vertex 96.9979 383.805 20
    endloop
  endfacet
  facet normal 0 0 1
    outer loop
      vertex 96.6671 382.06 20
      vertex 98.6747 383.231 20
      vertex 96.8601 382.896 20
    endloop
  endfacet
  facet normal 0 0 1
    outer loop
      vertex 96.419 381.299 20
      vertex 98.6747 383.231 20
      vertex 96.6671 382.06 20
    endloop
  endfacet
  facet normal 0 0 1
    outer loop
      vertex 96.1157 380.611 20
      vertex 98.6747 383.231 20
      vertex 96.419 381.299 20
    endloop
  endfacet
  facet normal 0 0 1
    outer loop
      vertex 106.032 378.197 20
      vertex 96.1157 380.611 20
      vertex 95.7573 379.998 20
    endloop
  endfacet
  facet normal 0 0 1
    outer loop
      vertex 106.032 378.197 20
      vertex 95.7573 379.998 20
      vertex 95.3452 379.462 20
    endloop
  endfacet
  facet normal -0 0 1
    outer loop
      vertex 94.8805 379.009 20
      vertex 106.032 378.197 20
      vertex 95.3452 379.462 20
    endloop
  endfacet
  facet normal -0 0 1
    outer loop
      vertex 94.3634 378.639 20
      vertex 106.032 378.197 20
      vertex 94.8805 379.009 20
    endloop
  endfacet
  facet normal -0 0 1
    outer loop
      vertex 93.7938 378.35 20
      vertex 106.032 378.197 20
      vertex 94.3634 378.639 20
    endloop
  endfacet
  facet normal 0 0 1
    outer loop
      vertex 93.1717 378.144 20
      vertex 106.032 378.197 20
      vertex 93.7938 378.35 20
    endloop
  endfacet
  facet normal 0 0 1
    outer loop
      vertex 92.4972 378.021 20
      vertex 106.032 378.197 20
      vertex 93.1717 378.144 20
    endloop
  endfacet
  facet normal 0 0 1
    outer loop
      vertex 106.032 378.197 20
      vertex 92.4972 378.021 20
      vertex 180.9 308.533 20
    endloop
  endfacet
  facet normal 0 0 1
    outer loop
      vertex 14.9 308.533 20
      vertex 92.4972 378.021 20
      vertex 91.7701 377.98 20
    endloop
  endfacet
  facet normal 0 0 1
    outer loop
      vertex 14.9 308.533 20
      vertex 91.7701 377.98 20
      vertex 91.0436 378.021 20
    endloop
  endfacet
  facet normal 0 0 1
    outer loop
      vertex 73.3638 378.289 20
      vertex 91.0436 378.021 20
      vertex 90.3707 378.144 20
    endloop
  endfacet
  facet normal 0 0 1
    outer loop
      vertex 74.5923 378.567 20
      vertex 90.3707 378.144 20
      vertex 89.7513 378.348 20
    endloop
  endfacet
  facet normal 0 0 1
    outer loop
      vertex 75.1355 378.775 20
      vertex 89.7513 378.348 20
      vertex 89.1855 378.635 20
    endloop
  endfacet
  facet normal 0 0 1
    outer loop
      vertex 75.6312 379.03 20
      vertex 89.1855 378.635 20
      vertex 88.6734 379.004 20
    endloop
  endfacet
  facet normal -0 0 1
    outer loop
      vertex 84.8037 384.967 20
      vertex 86.5131 384.783 20
      vertex 86.4861 385.846 20
    endloop
  endfacet
  facet normal 0 0 1
    outer loop
      vertex 84.8037 384.967 20
      vertex 86.5942 383.795 20
      vertex 86.5131 384.783 20
    endloop
  endfacet
  facet normal 0 0 1
    outer loop
      vertex 84.8037 383.231 20
      vertex 86.5942 383.795 20
      vertex 84.8037 384.967 20
    endloop
  endfacet
  facet normal 0 0 1
    outer loop
      vertex 86.5942 383.795 20
      vertex 84.8037 383.231 20
      vertex 86.7292 382.883 20
    endloop
  endfacet
  facet normal 0 0 1
    outer loop
      vertex 86.7292 382.883 20
      vertex 84.8037 383.231 20
      vertex 86.9184 382.046 20
    endloop
  endfacet
  facet normal 0 0 1
    outer loop
      vertex 86.9184 382.046 20
      vertex 84.8037 383.231 20
      vertex 87.1615 381.284 20
    endloop
  endfacet
  facet normal 0 0 1
    outer loop
      vertex 87.1615 381.284 20
      vertex 84.8037 383.231 20
      vertex 87.4586 380.598 20
    endloop
  endfacet
  facet normal 0 0 1
    outer loop
      vertex 77.0806 380.469 20
      vertex 87.4586 380.598 20
      vertex 84.8037 383.231 20
    endloop
  endfacet
  facet normal 0 0 1
    outer loop
      vertex 87.4586 380.598 20
      vertex 77.0806 380.469 20
      vertex 87.8098 379.987 20
    endloop
  endfacet
  facet normal 0 0 1
    outer loop
      vertex 77.293 380.922 20
      vertex 84.8037 383.231 20
      vertex 79.3788 383.231 20
    endloop
  endfacet
  facet normal 0 0 1
    outer loop
      vertex 77.0806 380.469 20
      vertex 84.8037 383.231 20
      vertex 77.293 380.922 20
    endloop
  endfacet
  facet normal 0 0 1
    outer loop
      vertex 87.8098 379.987 20
      vertex 76.8076 380.052 20
      vertex 88.2148 379.454 20
    endloop
  endfacet
  facet normal 0 0 1
    outer loop
      vertex 77.5357 381.94 20
      vertex 79.3788 383.231 20
      vertex 77.566 382.504 20
    endloop
  endfacet
  facet normal 0 0 1
    outer loop
      vertex 77.4447 381.413 20
      vertex 79.3788 383.231 20
      vertex 77.5357 381.94 20
    endloop
  endfacet
  facet normal 0 0 1
    outer loop
      vertex 77.293 380.922 20
      vertex 79.3788 383.231 20
      vertex 77.4447 381.413 20
    endloop
  endfacet
  facet normal -0 0 1
    outer loop
      vertex 76.8076 380.052 20
      vertex 87.8098 379.987 20
      vertex 77.0806 380.469 20
    endloop
  endfacet
  facet normal -0 0 1
    outer loop
      vertex 76.474 379.673 20
      vertex 88.2148 379.454 20
      vertex 76.8076 380.052 20
    endloop
  endfacet
  facet normal 0 0 1
    outer loop
      vertex 88.2148 379.454 20
      vertex 76.474 379.673 20
      vertex 88.6734 379.004 20
    endloop
  endfacet
  facet normal -0 0 1
    outer loop
      vertex 76.0796 379.33 20
      vertex 88.6734 379.004 20
      vertex 76.474 379.673 20
    endloop
  endfacet
  facet normal -0 0 1
    outer loop
      vertex 75.6312 379.03 20
      vertex 88.6734 379.004 20
      vertex 76.0796 379.33 20
    endloop
  endfacet
  facet normal 0 0 1
    outer loop
      vertex 89.1855 378.635 20
      vertex 75.6312 379.03 20
      vertex 75.1355 378.775 20
    endloop
  endfacet
  facet normal 0 0 1
    outer loop
      vertex 89.7513 378.348 20
      vertex 75.1355 378.775 20
      vertex 74.5923 378.567 20
    endloop
  endfacet
  facet normal 0 0 1
    outer loop
      vertex 90.3707 378.144 20
      vertex 74.5923 378.567 20
      vertex 74.0017 378.405 20
    endloop
  endfacet
  facet normal 0 0 1
    outer loop
      vertex 90.3707 378.144 20
      vertex 74.0017 378.405 20
      vertex 73.3638 378.289 20
    endloop
  endfacet
  facet normal 0 0 1
    outer loop
      vertex 91.0436 378.021 20
      vertex 73.3638 378.289 20
      vertex 14.9 308.533 20
    endloop
  endfacet
  facet normal 0 0 1
    outer loop
      vertex 14.9 308.533 20
      vertex 73.3638 378.289 20
      vertex 72.6784 378.22 20
    endloop
  endfacet
  facet normal 0 0 1
    outer loop
      vertex 14.9 308.533 20
      vertex 72.6784 378.22 20
      vertex 71.9457 378.197 20
    endloop
  endfacet
  facet normal 0 0 1
    outer loop
      vertex 14.9 308.533 20
      vertex 71.9457 378.197 20
      vertex 65.7396 378.197 20
    endloop
  endfacet
  facet normal 0 0 1
    outer loop
      vertex 92.4972 378.021 20
      vertex 14.9 308.533 20
      vertex 180.9 308.533 20
    endloop
  endfacet
  facet normal 0 0 1
    outer loop
      vertex 14.9 308.533 20
      vertex 65.7396 378.197 20
      vertex 14.9 462.8 20
    endloop
  endfacet
  facet normal -0 0 1
    outer loop
      vertex 115.908 389.27 20
      vertex 116.155 379.857 20
      vertex 115.916 389.524 20
    endloop
  endfacet
  facet normal -0 0 1
    outer loop
      vertex 115.883 389.017 20
      vertex 116.155 379.857 20
      vertex 115.908 389.27 20
    endloop
  endfacet
  facet normal -0 0 1
    outer loop
      vertex 115.841 388.763 20
      vertex 116.155 379.857 20
      vertex 115.883 389.017 20
    endloop
  endfacet
  facet normal -0 0 1
    outer loop
      vertex 115.783 388.511 20
      vertex 116.155 379.857 20
      vertex 115.841 388.763 20
    endloop
  endfacet
  facet normal -0 0 1
    outer loop
      vertex 115.708 388.259 20
      vertex 116.155 379.857 20
      vertex 115.783 388.511 20
    endloop
  endfacet
  facet normal -0 0 1
    outer loop
      vertex 115.617 388.007 20
      vertex 116.155 379.857 20
      vertex 115.708 388.259 20
    endloop
  endfacet
  facet normal -0 0 1
    outer loop
      vertex 115.509 387.756 20
      vertex 116.155 379.857 20
      vertex 115.617 388.007 20
    endloop
  endfacet
  facet normal -0 0 1
    outer loop
      vertex 115.385 387.504 20
      vertex 116.155 379.857 20
      vertex 115.509 387.756 20
    endloop
  endfacet
  facet normal -0 0 1
    outer loop
      vertex 115.244 387.253 20
      vertex 116.155 379.857 20
      vertex 115.385 387.504 20
    endloop
  endfacet
  facet normal -0 0 1
    outer loop
      vertex 115.088 387.002 20
      vertex 116.155 379.857 20
      vertex 115.244 387.253 20
    endloop
  endfacet
  facet normal -0 0 1
    outer loop
      vertex 114.915 386.751 20
      vertex 116.155 379.857 20
      vertex 115.088 387.002 20
    endloop
  endfacet
  facet normal -0 0 1
    outer loop
      vertex 114.726 386.5 20
      vertex 116.155 379.857 20
      vertex 114.915 386.751 20
    endloop
  endfacet
  facet normal -0 0 1
    outer loop
      vertex 114.521 386.249 20
      vertex 116.155 379.857 20
      vertex 114.726 386.5 20
    endloop
  endfacet
  facet normal -0 0 1
    outer loop
      vertex 114.299 385.998 20
      vertex 116.155 379.857 20
      vertex 114.521 386.249 20
    endloop
  endfacet
  facet normal -0 0 1
    outer loop
      vertex 114.04 385.727 20
      vertex 116.155 379.857 20
      vertex 114.299 385.998 20
    endloop
  endfacet
  facet normal -0 0 1
    outer loop
      vertex 113.721 385.417 20
      vertex 116.155 379.857 20
      vertex 114.04 385.727 20
    endloop
  endfacet
  facet normal -0 0 1
    outer loop
      vertex 113.342 385.067 20
      vertex 116.155 379.857 20
      vertex 113.721 385.417 20
    endloop
  endfacet
  facet normal -0 0 1
    outer loop
      vertex 112.903 384.678 20
      vertex 116.155 379.857 20
      vertex 113.342 385.067 20
    endloop
  endfacet
  facet normal -0 0 1
    outer loop
      vertex 112.405 384.25 20
      vertex 116.155 379.857 20
      vertex 112.903 384.678 20
    endloop
  endfacet
  facet normal -0 0 1
    outer loop
      vertex 111.847 383.782 20
      vertex 116.155 379.857 20
      vertex 112.405 384.25 20
    endloop
  endfacet
  facet normal -0 0 1
    outer loop
      vertex 111.229 383.274 20
      vertex 116.155 379.857 20
      vertex 111.847 383.782 20
    endloop
  endfacet
  facet normal -0 0 1
    outer loop
      vertex 110.883 382.987 20
      vertex 116.155 379.857 20
      vertex 111.229 383.274 20
    endloop
  endfacet
  facet normal -0 0 1
    outer loop
      vertex 110.557 382.708 20
      vertex 116.155 379.857 20
      vertex 110.883 382.987 20
    endloop
  endfacet
  facet normal -0 0 1
    outer loop
      vertex 110.253 382.437 20
      vertex 116.155 379.857 20
      vertex 110.557 382.708 20
    endloop
  endfacet
  facet normal -0 0 1
    outer loop
      vertex 109.969 382.174 20
      vertex 116.155 379.857 20
      vertex 110.253 382.437 20
    endloop
  endfacet
  facet normal -0 0 1
    outer loop
      vertex 109.706 381.92 20
      vertex 116.155 379.857 20
      vertex 109.969 382.174 20
    endloop
  endfacet
  facet normal -0 0 1
    outer loop
      vertex 109.464 381.674 20
      vertex 116.155 379.857 20
      vertex 109.706 381.92 20
    endloop
  endfacet
  facet normal -0 0 1
    outer loop
      vertex 109.243 381.435 20
      vertex 116.155 379.857 20
      vertex 109.464 381.674 20
    endloop
  endfacet
  facet normal -0 0 1
    outer loop
      vertex 109.041 381.203 20
      vertex 116.155 379.857 20
      vertex 109.243 381.435 20
    endloop
  endfacet
  facet normal -0 0 1
    outer loop
      vertex 108.855 380.972 20
      vertex 116.155 379.857 20
      vertex 109.041 381.203 20
    endloop
  endfacet
  facet normal -0 0 1
    outer loop
      vertex 108.687 380.744 20
      vertex 116.155 379.857 20
      vertex 108.855 380.972 20
    endloop
  endfacet
  facet normal -0 0 1
    outer loop
      vertex 108.535 380.519 20
      vertex 116.155 379.857 20
      vertex 108.687 380.744 20
    endloop
  endfacet
  facet normal -0 0 1
    outer loop
      vertex 108.4 380.296 20
      vertex 116.155 379.857 20
      vertex 108.535 380.519 20
    endloop
  endfacet
  facet normal -0 0 1
    outer loop
      vertex 108.281 380.075 20
      vertex 116.155 379.857 20
      vertex 108.4 380.296 20
    endloop
  endfacet
  facet normal 0 0 1
    outer loop
      vertex 116.155 379.857 20
      vertex 108.281 380.075 20
      vertex 108.18 379.857 20
    endloop
  endfacet
  facet normal 0 0 1
    outer loop
      vertex 111.484 392.092 20
      vertex 113.909 389.459 20
      vertex 113.894 389.807 20
    endloop
  endfacet
  facet normal 0 0 1
    outer loop
      vertex 113.909 389.459 20
      vertex 111.484 392.092 20
      vertex 113.9 389.196 20
    endloop
  endfacet
  facet normal 0 0 1
    outer loop
      vertex 111.824 392.05 20
      vertex 113.894 389.807 20
      vertex 113.849 390.132 20
    endloop
  endfacet
  facet normal 0 0 1
    outer loop
      vertex 111.12 392.106 20
      vertex 113.9 389.196 20
      vertex 111.484 392.092 20
    endloop
  endfacet
  facet normal 0 0 1
    outer loop
      vertex 112.14 391.979 20
      vertex 113.849 390.132 20
      vertex 113.773 390.434 20
    endloop
  endfacet
  facet normal 0 0 1
    outer loop
      vertex 113.9 389.196 20
      vertex 111.12 392.106 20
      vertex 113.874 388.942 20
    endloop
  endfacet
  facet normal 0 0 1
    outer loop
      vertex 113.874 388.942 20
      vertex 111.12 392.106 20
      vertex 113.83 388.695 20
    endloop
  endfacet
  facet normal 0 0 1
    outer loop
      vertex 112.14 391.979 20
      vertex 113.773 390.434 20
      vertex 113.668 390.713 20
    endloop
  endfacet
  facet normal 0 0 1
    outer loop
      vertex 113.894 389.807 20
      vertex 111.824 392.05 20
      vertex 111.484 392.092 20
    endloop
  endfacet
  facet normal 0 0 1
    outer loop
      vertex 112.14 391.979 20
      vertex 113.668 390.713 20
      vertex 113.532 390.969 20
    endloop
  endfacet
  facet normal 0 0 1
    outer loop
      vertex 113.83 388.695 20
      vertex 111.12 392.106 20
      vertex 113.769 388.456 20
    endloop
  endfacet
  facet normal 0 0 1
    outer loop
      vertex 112.14 391.979 20
      vertex 113.532 390.969 20
      vertex 113.367 391.202 20
    endloop
  endfacet
  facet normal 0 0 1
    outer loop
      vertex 113.769 388.456 20
      vertex 111.12 392.106 20
      vertex 113.69 388.226 20
    endloop
  endfacet
  facet normal -0 0 1
    outer loop
      vertex 110.773 392.093 20
      vertex 113.69 388.226 20
      vertex 111.12 392.106 20
    endloop
  endfacet
  facet normal 0 0 1
    outer loop
      vertex 112.14 391.979 20
      vertex 113.367 391.202 20
      vertex 113.171 391.412 20
    endloop
  endfacet
  facet normal 0 0 1
    outer loop
      vertex 113.849 390.132 20
      vertex 112.14 391.979 20
      vertex 111.824 392.05 20
    endloop
  endfacet
  facet normal 0 0 1
    outer loop
      vertex 112.14 391.979 20
      vertex 113.171 391.412 20
      vertex 112.948 391.596 20
    endloop
  endfacet
  facet normal 0 0 1
    outer loop
      vertex 113.69 388.226 20
      vertex 110.773 392.093 20
      vertex 113.594 388.003 20
    endloop
  endfacet
  facet normal 0 0 1
    outer loop
      vertex 113.594 388.003 20
      vertex 110.773 392.093 20
      vertex 113.48 387.788 20
    endloop
  endfacet
  facet normal 0 0 1
    outer loop
      vertex 112.14 391.979 20
      vertex 112.948 391.596 20
      vertex 112.702 391.752 20
    endloop
  endfacet
  facet normal -0 0 1
    outer loop
      vertex 108.115 389.524 20
      vertex 113.48 387.788 20
      vertex 110.773 392.093 20
    endloop
  endfacet
  facet normal 0 0 1
    outer loop
      vertex 112.14 391.979 20
      vertex 112.702 391.752 20
      vertex 112.433 391.88 20
    endloop
  endfacet
  facet normal 0 0 1
    outer loop
      vertex 113.48 387.788 20
      vertex 108.115 389.524 20
      vertex 113.352 387.579 20
    endloop
  endfacet
  facet normal 0 0 1
    outer loop
      vertex 113.352 387.579 20
      vertex 108.115 389.524 20
      vertex 113.214 387.372 20
    endloop
  endfacet
  facet normal 0 0 1
    outer loop
      vertex 113.214 387.372 20
      vertex 108.115 389.524 20
      vertex 113.064 387.168 20
    endloop
  endfacet
  facet normal 0 0 1
    outer loop
      vertex 113.064 387.168 20
      vertex 108.115 389.524 20
      vertex 112.903 386.966 20
    endloop
  endfacet
  facet normal 0 0 1
    outer loop
      vertex 112.732 386.767 20
      vertex 108.115 389.524 20
      vertex 112.55 386.571 20
    endloop
  endfacet
  facet normal 0 0 1
    outer loop
      vertex 112.55 386.571 20
      vertex 108.115 389.524 20
      vertex 112.357 386.377 20
    endloop
  endfacet
  facet normal 0 0 1
    outer loop
      vertex 111.947 385.993 20
      vertex 108.115 389.524 20
      vertex 111.731 385.801 20
    endloop
  endfacet
  facet normal 0 0 1
    outer loop
      vertex 112.155 386.185 20
      vertex 108.115 389.524 20
      vertex 111.947 385.993 20
    endloop
  endfacet
  facet normal 0 0 1
    outer loop
      vertex 111.731 385.801 20
      vertex 108.115 389.524 20
      vertex 111.509 385.609 20
    endloop
  endfacet
  facet normal 0 0 1
    outer loop
      vertex 112.357 386.377 20
      vertex 108.115 389.524 20
      vertex 112.155 386.185 20
    endloop
  endfacet
  facet normal 0 0 1
    outer loop
      vertex 111.509 385.609 20
      vertex 108.115 389.524 20
      vertex 111.279 385.417 20
    endloop
  endfacet
  facet normal 0 0 1
    outer loop
      vertex 111.279 385.417 20
      vertex 108.115 389.524 20
      vertex 111.043 385.224 20
    endloop
  endfacet
  facet normal 0 0 1
    outer loop
      vertex 112.903 386.966 20
      vertex 108.115 389.524 20
      vertex 112.732 386.767 20
    endloop
  endfacet
  facet normal 0 0 1
    outer loop
      vertex 111.043 385.224 20
      vertex 108.115 389.524 20
      vertex 110.8 385.032 20
    endloop
  endfacet
  facet normal 0 0 1
    outer loop
      vertex 108.115 389.524 20
      vertex 110.773 392.093 20
      vertex 110.443 392.051 20
    endloop
  endfacet
  facet normal 0 0 1
    outer loop
      vertex 110.8 385.032 20
      vertex 108.115 389.524 20
      vertex 110.553 384.838 20
    endloop
  endfacet
  facet normal 0 0 1
    outer loop
      vertex 108.169 389.863 20
      vertex 110.443 392.051 20
      vertex 110.131 391.982 20
    endloop
  endfacet
  facet normal 0 0 1
    outer loop
      vertex 110.553 384.838 20
      vertex 108.115 389.524 20
      vertex 110.306 384.639 20
    endloop
  endfacet
  facet normal 0 0 1
    outer loop
      vertex 108.169 389.863 20
      vertex 110.131 391.982 20
      vertex 109.838 391.885 20
    endloop
  endfacet
  facet normal 0 0 1
    outer loop
      vertex 110.306 384.639 20
      vertex 108.115 389.524 20
      vertex 110.058 384.435 20
    endloop
  endfacet
  facet normal 0 0 1
    outer loop
      vertex 108.25 390.18 20
      vertex 109.838 391.885 20
      vertex 109.562 391.76 20
    endloop
  endfacet
  facet normal 0 0 1
    outer loop
      vertex 110.058 384.435 20
      vertex 108.115 389.524 20
      vertex 109.809 384.226 20
    endloop
  endfacet
  facet normal 0 0 1
    outer loop
      vertex 109.809 384.226 20
      vertex 108.115 389.524 20
      vertex 109.56 384.013 20
    endloop
  endfacet
  facet normal 0 0 1
    outer loop
      vertex 108.25 390.18 20
      vertex 109.562 391.76 20
      vertex 109.304 391.608 20
    endloop
  endfacet
  facet normal 0 0 1
    outer loop
      vertex 108.25 390.18 20
      vertex 109.304 391.608 20
      vertex 109.064 391.428 20
    endloop
  endfacet
  facet normal 0 0 1
    outer loop
      vertex 109.56 384.013 20
      vertex 108.115 389.524 20
      vertex 109.309 383.795 20
    endloop
  endfacet
  facet normal 0 0 1
    outer loop
      vertex 108.25 390.18 20
      vertex 109.064 391.428 20
      vertex 108.847 391.223 20
    endloop
  endfacet
  facet normal -0 0 1
    outer loop
      vertex 104.1 384.967 20
      vertex 109.309 383.795 20
      vertex 108.115 389.524 20
    endloop
  endfacet
  facet normal 0 0 1
    outer loop
      vertex 108.25 390.18 20
      vertex 108.847 391.223 20
      vertex 108.657 390.996 20
    endloop
  endfacet
  facet normal 0 0 1
    outer loop
      vertex 104.1 384.967 20
      vertex 108.115 389.524 20
      vertex 106.118 389.708 20
    endloop
  endfacet
  facet normal 0 0 1
    outer loop
      vertex 108.25 390.18 20
      vertex 108.657 390.996 20
      vertex 108.494 390.746 20
    endloop
  endfacet
  facet normal 0 0 1
    outer loop
      vertex 108.25 390.18 20
      vertex 108.494 390.746 20
      vertex 108.358 390.474 20
    endloop
  endfacet
  facet normal 0 0 1
    outer loop
      vertex 109.309 383.795 20
      vertex 104.1 384.967 20
      vertex 109.059 383.573 20
    endloop
  endfacet
  facet normal 0 0 1
    outer loop
      vertex 109.838 391.885 20
      vertex 108.25 390.18 20
      vertex 108.169 389.863 20
    endloop
  endfacet
  facet normal 0 0 1
    outer loop
      vertex 110.443 392.051 20
      vertex 108.169 389.863 20
      vertex 108.115 389.524 20
    endloop
  endfacet
  facet normal 0 0 1
    outer loop
      vertex 109.059 383.573 20
      vertex 104.1 384.967 20
      vertex 108.809 383.344 20
    endloop
  endfacet
  facet normal 0 0 1
    outer loop
      vertex 108.809 383.344 20
      vertex 104.1 384.967 20
      vertex 108.563 383.108 20
    endloop
  endfacet
  facet normal 0 0 1
    outer loop
      vertex 108.563 383.108 20
      vertex 104.1 384.967 20
      vertex 108.32 382.865 20
    endloop
  endfacet
  facet normal 0 0 1
    outer loop
      vertex 108.32 382.865 20
      vertex 104.1 384.967 20
      vertex 108.081 382.614 20
    endloop
  endfacet
  facet normal -0 0 1
    outer loop
      vertex 104.1 383.231 20
      vertex 108.081 382.614 20
      vertex 104.1 384.967 20
    endloop
  endfacet
  facet normal 0 0 1
    outer loop
      vertex 108.081 382.614 20
      vertex 104.1 383.231 20
      vertex 107.845 382.355 20
    endloop
  endfacet
  facet normal 0 0 1
    outer loop
      vertex 107.845 382.355 20
      vertex 104.1 383.231 20
      vertex 107.612 382.089 20
    endloop
  endfacet
  facet normal 0 0 1
    outer loop
      vertex 107.612 382.089 20
      vertex 104.1 383.231 20
      vertex 107.382 381.815 20
    endloop
  endfacet
  facet normal 0 0 1
    outer loop
      vertex 107.382 381.815 20
      vertex 104.1 383.231 20
      vertex 107.16 381.532 20
    endloop
  endfacet
  facet normal 0 0 1
    outer loop
      vertex 107.16 381.532 20
      vertex 104.1 383.231 20
      vertex 106.947 381.236 20
    endloop
  endfacet
  facet normal 0 0 1
    outer loop
      vertex 106.947 381.236 20
      vertex 104.1 383.231 20
      vertex 106.744 380.928 20
    endloop
  endfacet
  facet normal 0 0 1
    outer loop
      vertex 106.744 380.928 20
      vertex 104.1 383.231 20
      vertex 106.551 380.608 20
    endloop
  endfacet
  facet normal 0 0 1
    outer loop
      vertex 106.551 380.608 20
      vertex 104.1 383.231 20
      vertex 106.368 380.276 20
    endloop
  endfacet
  facet normal -0 0 1
    outer loop
      vertex 76.4284 388.365 20
      vertex 79.3788 384.967 20
      vertex 76.5369 388.691 20
    endloop
  endfacet
  facet normal 0 0 1
    outer loop
      vertex 79.3788 384.967 20
      vertex 77.0622 384.421 20
      vertex 77.2436 384.081 20
    endloop
  endfacet
  facet normal -0 0 1
    outer loop
      vertex 76.2889 388.057 20
      vertex 79.3788 384.967 20
      vertex 76.4284 388.365 20
    endloop
  endfacet
  facet normal 0 0 1
    outer loop
      vertex 79.3788 384.967 20
      vertex 76.8406 384.74 20
      vertex 77.0622 384.421 20
    endloop
  endfacet
  facet normal -0 0 1
    outer loop
      vertex 76.1184 387.767 20
      vertex 79.3788 384.967 20
      vertex 76.2889 388.057 20
    endloop
  endfacet
  facet normal 0 0 1
    outer loop
      vertex 79.3788 384.967 20
      vertex 76.5786 385.037 20
      vertex 76.8406 384.74 20
    endloop
  endfacet
  facet normal 0 0 1
    outer loop
      vertex 79.3788 384.967 20
      vertex 76.1184 387.767 20
      vertex 76.5786 385.037 20
    endloop
  endfacet
  facet normal 0 0 1
    outer loop
      vertex 76.5786 385.037 20
      vertex 76.1184 387.767 20
      vertex 76.2795 385.308 20
    endloop
  endfacet
  facet normal -0 0 1
    outer loop
      vertex 75.9169 387.495 20
      vertex 76.2795 385.308 20
      vertex 76.1184 387.767 20
    endloop
  endfacet
  facet normal 0 0 1
    outer loop
      vertex 76.2795 385.308 20
      vertex 75.9169 387.495 20
      vertex 75.9462 385.547 20
    endloop
  endfacet
  facet normal -0 0 1
    outer loop
      vertex 75.687 387.244 20
      vertex 75.9462 385.547 20
      vertex 75.9169 387.495 20
    endloop
  endfacet
  facet normal 0 0 1
    outer loop
      vertex 75.687 387.244 20
      vertex 75.5789 385.753 20
      vertex 75.9462 385.547 20
    endloop
  endfacet
  facet normal -0 0 1
    outer loop
      vertex 75.4315 387.018 20
      vertex 75.5789 385.753 20
      vertex 75.687 387.244 20
    endloop
  endfacet
  facet normal -0 0 1
    outer loop
      vertex 75.1503 386.816 20
      vertex 75.5789 385.753 20
      vertex 75.4315 387.018 20
    endloop
  endfacet
  facet normal 0 0 1
    outer loop
      vertex 75.5789 385.753 20
      vertex 75.1503 386.816 20
      vertex 75.1775 385.928 20
    endloop
  endfacet
  facet normal -0 0 1
    outer loop
      vertex 74.8434 386.639 20
      vertex 75.1775 385.928 20
      vertex 75.1503 386.816 20
    endloop
  endfacet
  facet normal 0 0 1
    outer loop
      vertex 74.8434 386.639 20
      vertex 74.7419 386.07 20
      vertex 75.1775 385.928 20
    endloop
  endfacet
  facet normal -0 0 1
    outer loop
      vertex 74.5108 386.488 20
      vertex 74.7419 386.07 20
      vertex 74.8434 386.639 20
    endloop
  endfacet
  facet normal 0 0 1
    outer loop
      vertex 74.5108 386.488 20
      vertex 74.2723 386.18 20
      vertex 74.7419 386.07 20
    endloop
  endfacet
  facet normal -0 0 1
    outer loop
      vertex 74.1525 386.361 20
      vertex 74.2723 386.18 20
      vertex 74.5108 386.488 20
    endloop
  endfacet
  facet normal 0 0 1
    outer loop
      vertex 74.2723 386.18 20
      vertex 74.1525 386.361 20
      vertex 73.7686 386.258 20
    endloop
  endfacet
  facet normal 0 0 1
    outer loop
      vertex 73.2012 391.553 20
      vertex 74.5932 389.524 20
      vertex 74.5759 389.863 20
    endloop
  endfacet
  facet normal 0 0 1
    outer loop
      vertex 74.5932 389.524 20
      vertex 72.882 391.651 20
      vertex 74.5765 389.169 20
    endloop
  endfacet
  facet normal 0 0 1
    outer loop
      vertex 73.4895 391.434 20
      vertex 74.5759 389.863 20
      vertex 74.5241 390.173 20
    endloop
  endfacet
  facet normal 0 0 1
    outer loop
      vertex 74.5932 389.524 20
      vertex 73.2012 391.553 20
      vertex 72.882 391.651 20
    endloop
  endfacet
  facet normal 0 0 1
    outer loop
      vertex 73.4895 391.434 20
      vertex 74.5241 390.173 20
      vertex 74.4377 390.455 20
    endloop
  endfacet
  facet normal 0 -0 1
    outer loop
      vertex 72.9174 387.189 20
      vertex 74.5765 389.169 20
      vertex 72.882 391.651 20
    endloop
  endfacet
  facet normal 0 0 1
    outer loop
      vertex 73.7468 391.293 20
      vertex 74.4377 390.455 20
      vertex 74.3168 390.707 20
    endloop
  endfacet
  facet normal 0 0 1
    outer loop
      vertex 74.5759 389.863 20
      vertex 73.4895 391.434 20
      vertex 73.2012 391.553 20
    endloop
  endfacet
  facet normal 0 0 1
    outer loop
      vertex 73.7468 391.293 20
      vertex 74.3168 390.707 20
      vertex 74.1614 390.931 20
    endloop
  endfacet
  facet normal 0 0 1
    outer loop
      vertex 74.5765 389.169 20
      vertex 73.2373 387.303 20
      vertex 74.5263 388.841 20
    endloop
  endfacet
  facet normal 0 0 1
    outer loop
      vertex 73.7468 391.293 20
      vertex 74.1614 390.931 20
      vertex 73.9714 391.126 20
    endloop
  endfacet
  facet normal 0 0 1
    outer loop
      vertex 74.4377 390.455 20
      vertex 73.7468 391.293 20
      vertex 73.4895 391.434 20
    endloop
  endfacet
  facet normal 0 -0 1
    outer loop
      vertex 73.5228 387.443 20
      vertex 74.5263 388.841 20
      vertex 73.2373 387.303 20
    endloop
  endfacet
  facet normal 0 0 1
    outer loop
      vertex 74.3257 388.266 20
      vertex 73.5228 387.443 20
      vertex 74.1752 388.02 20
    endloop
  endfacet
  facet normal 0 0 1
    outer loop
      vertex 74.1752 388.02 20
      vertex 73.5228 387.443 20
      vertex 73.9913 387.801 20
    endloop
  endfacet
  facet normal 0 0 1
    outer loop
      vertex 73.9913 387.801 20
      vertex 73.5228 387.443 20
      vertex 73.774 387.609 20
    endloop
  endfacet
  facet normal 0 0 1
    outer loop
      vertex 74.4427 388.54 20
      vertex 73.5228 387.443 20
      vertex 74.3257 388.266 20
    endloop
  endfacet
  facet normal 0 0 1
    outer loop
      vertex 74.5263 388.841 20
      vertex 73.5228 387.443 20
      vertex 74.4427 388.54 20
    endloop
  endfacet
  facet normal 0 0 1
    outer loop
      vertex 74.5765 389.169 20
      vertex 72.9174 387.189 20
      vertex 73.2373 387.303 20
    endloop
  endfacet
  facet normal 0 0 1
    outer loop
      vertex 72.5317 391.727 20
      vertex 72.9174 387.189 20
      vertex 72.882 391.651 20
    endloop
  endfacet
  facet normal 0 0 1
    outer loop
      vertex 72.9174 387.189 20
      vertex 72.5317 391.727 20
      vertex 72.5632 387.1 20
    endloop
  endfacet
  facet normal 0 0 1
    outer loop
      vertex 72.5317 391.727 20
      vertex 72.1747 387.036 20
      vertex 72.5632 387.1 20
    endloop
  endfacet
  facet normal 0 0 1
    outer loop
      vertex 72.1504 391.781 20
      vertex 72.1747 387.036 20
      vertex 72.5317 391.727 20
    endloop
  endfacet
  facet normal 0 0 1
    outer loop
      vertex 72.1504 391.781 20
      vertex 71.7519 386.998 20
      vertex 72.1747 387.036 20
    endloop
  endfacet
  facet normal 0 0 1
    outer loop
      vertex 71.7381 391.813 20
      vertex 71.7519 386.998 20
      vertex 72.1504 391.781 20
    endloop
  endfacet
  facet normal 0 0 1
    outer loop
      vertex 71.2948 391.824 20
      vertex 71.7519 386.998 20
      vertex 71.7381 391.813 20
    endloop
  endfacet
  facet normal 0 0 1
    outer loop
      vertex 71.2948 391.824 20
      vertex 71.2948 386.985 20
      vertex 71.7519 386.998 20
    endloop
  endfacet
  facet normal -0 0 1
    outer loop
      vertex 67.8119 391.824 20
      vertex 71.2948 386.985 20
      vertex 71.2948 391.824 20
    endloop
  endfacet
  facet normal 0 0 1
    outer loop
      vertex 71.2948 386.985 20
      vertex 67.8119 391.824 20
      vertex 67.8119 386.985 20
    endloop
  endfacet
  facet normal 0 0 1
    outer loop
      vertex 73.6706 380.087 20
      vertex 75.4542 382.281 20
      vertex 75.4719 382.667 20
    endloop
  endfacet
  facet normal 0 0 1
    outer loop
      vertex 74.2319 384.872 20
      vertex 75.4719 382.667 20
      vertex 75.3944 383.384 20
    endloop
  endfacet
  facet normal 0 -0 1
    outer loop
      vertex 73.6706 380.087 20
      vertex 75.4719 382.667 20
      vertex 73.5345 385.148 20
    endloop
  endfacet
  facet normal 0 -0 1
    outer loop
      vertex 74.0238 380.217 20
      vertex 75.4011 381.924 20
      vertex 73.6706 380.087 20
    endloop
  endfacet
  facet normal 0 0 1
    outer loop
      vertex 74.2319 384.872 20
      vertex 75.3944 383.384 20
      vertex 75.1619 383.99 20
    endloop
  endfacet
  facet normal 0 0 1
    outer loop
      vertex 75.4719 382.667 20
      vertex 74.2319 384.872 20
      vertex 73.5345 385.148 20
    endloop
  endfacet
  facet normal 0 0 1
    outer loop
      vertex 75.4011 381.924 20
      vertex 74.0238 380.217 20
      vertex 75.3125 381.595 20
    endloop
  endfacet
  facet normal 0 0 1
    outer loop
      vertex 74.2319 384.872 20
      vertex 75.1619 383.99 20
      vertex 74.7744 384.486 20
    endloop
  endfacet
  facet normal 0 -0 1
    outer loop
      vertex 74.3349 380.375 20
      vertex 75.1885 381.294 20
      vertex 74.0238 380.217 20
    endloop
  endfacet
  facet normal 0 0 1
    outer loop
      vertex 74.8342 380.778 20
      vertex 74.3349 380.375 20
      vertex 74.6039 380.562 20
    endloop
  endfacet
  facet normal 0 0 1
    outer loop
      vertex 75.1885 381.294 20
      vertex 74.3349 380.375 20
      vertex 75.0291 381.022 20
    endloop
  endfacet
  facet normal 0 0 1
    outer loop
      vertex 75.0291 381.022 20
      vertex 74.3349 380.375 20
      vertex 74.8342 380.778 20
    endloop
  endfacet
  facet normal 0 0 1
    outer loop
      vertex 75.3125 381.595 20
      vertex 74.0238 380.217 20
      vertex 75.1885 381.294 20
    endloop
  endfacet
  facet normal 0 0 1
    outer loop
      vertex 75.4542 382.281 20
      vertex 73.6706 380.087 20
      vertex 75.4011 381.924 20
    endloop
  endfacet
  facet normal 0 0 1
    outer loop
      vertex 73.5345 385.148 20
      vertex 73.2754 379.986 20
      vertex 73.6706 380.087 20
    endloop
  endfacet
  facet normal 0 0 1
    outer loop
      vertex 73.5345 385.148 20
      vertex 72.838 379.914 20
      vertex 73.2754 379.986 20
    endloop
  endfacet
  facet normal 0 0 1
    outer loop
      vertex 72.682 385.313 20
      vertex 72.838 379.914 20
      vertex 73.5345 385.148 20
    endloop
  endfacet
  facet normal 0 0 1
    outer loop
      vertex 72.682 385.313 20
      vertex 72.3587 379.871 20
      vertex 72.838 379.914 20
    endloop
  endfacet
  facet normal 0 0 1
    outer loop
      vertex 72.682 385.313 20
      vertex 71.8372 379.857 20
      vertex 72.3587 379.871 20
    endloop
  endfacet
  facet normal 0 0 1
    outer loop
      vertex 71.6745 385.368 20
      vertex 71.8372 379.857 20
      vertex 72.682 385.313 20
    endloop
  endfacet
  facet normal 0 0 1
    outer loop
      vertex 67.8119 379.857 20
      vertex 71.6745 385.368 20
      vertex 67.8119 385.368 20
    endloop
  endfacet
  facet normal 0 0 1
    outer loop
      vertex 71.6745 385.368 20
      vertex 67.8119 379.857 20
      vertex 71.8372 379.857 20
    endloop
  endfacet
  facet normal 0 0 1
    outer loop
      vertex 88.4608 385.846 20
      vertex 95.1228 385.846 20
      vertex 95.1071 386.754 20
    endloop
  endfacet
  facet normal -0 0 1
    outer loop
      vertex 88.4769 386.765 20
      vertex 95.1071 386.754 20
      vertex 95.0603 387.588 20
    endloop
  endfacet
  facet normal 0 0 1
    outer loop
      vertex 95.1228 385.846 20
      vertex 88.4608 385.846 20
      vertex 95.1064 384.968 20
    endloop
  endfacet
  facet normal -0 0 1
    outer loop
      vertex 88.5251 387.608 20
      vertex 95.0603 387.588 20
      vertex 94.9823 388.348 20
    endloop
  endfacet
  facet normal 0 -0 1
    outer loop
      vertex 88.4771 384.952 20
      vertex 95.1064 384.968 20
      vertex 88.4608 385.846 20
    endloop
  endfacet
  facet normal -0 0 1
    outer loop
      vertex 88.6053 388.373 20
      vertex 94.9823 388.348 20
      vertex 94.873 389.033 20
    endloop
  endfacet
  facet normal 0 0 1
    outer loop
      vertex 95.1064 384.968 20
      vertex 88.4771 384.952 20
      vertex 95.0572 384.158 20
    endloop
  endfacet
  facet normal -0 0 1
    outer loop
      vertex 88.7177 389.061 20
      vertex 94.873 389.033 20
      vertex 94.7325 389.643 20
    endloop
  endfacet
  facet normal 0 -0 1
    outer loop
      vertex 88.5259 384.129 20
      vertex 95.0572 384.158 20
      vertex 88.4771 384.952 20
    endloop
  endfacet
  facet normal -0 0 1
    outer loop
      vertex 88.8622 389.672 20
      vertex 94.7325 389.643 20
      vertex 94.5607 390.18 20
    endloop
  endfacet
  facet normal 0 0 1
    outer loop
      vertex 95.0572 384.158 20
      vertex 88.5259 384.129 20
      vertex 94.9753 383.415 20
    endloop
  endfacet
  facet normal 0 0 1
    outer loop
      vertex 91.8352 392.128 20
      vertex 94.5607 390.18 20
      vertex 94.3578 390.642 20
    endloop
  endfacet
  facet normal 0 -0 1
    outer loop
      vertex 88.6073 383.377 20
      vertex 94.9753 383.415 20
      vertex 88.5259 384.129 20
    endloop
  endfacet
  facet normal 0 0 1
    outer loop
      vertex 92.3172 392.098 20
      vertex 94.3578 390.642 20
      vertex 94.119 391.036 20
    endloop
  endfacet
  facet normal 0 0 1
    outer loop
      vertex 94.9753 383.415 20
      vertex 88.6073 383.377 20
      vertex 94.8606 382.739 20
    endloop
  endfacet
  facet normal 0 0 1
    outer loop
      vertex 92.7585 392.007 20
      vertex 94.119 391.036 20
      vertex 93.8396 391.37 20
    endloop
  endfacet
  facet normal 0 -0 1
    outer loop
      vertex 88.7212 382.696 20
      vertex 94.8606 382.739 20
      vertex 88.6073 383.377 20
    endloop
  endfacet
  facet normal 0 0 1
    outer loop
      vertex 92.7585 392.007 20
      vertex 93.8396 391.37 20
      vertex 93.5198 391.643 20
    endloop
  endfacet
  facet normal 0 0 1
    outer loop
      vertex 94.8606 382.739 20
      vertex 88.7212 382.696 20
      vertex 94.7131 382.13 20
    endloop
  endfacet
  facet normal 0 0 1
    outer loop
      vertex 92.7585 392.007 20
      vertex 93.5198 391.643 20
      vertex 93.1594 391.855 20
    endloop
  endfacet
  facet normal 0 -0 1
    outer loop
      vertex 88.8677 382.087 20
      vertex 94.7131 382.13 20
      vertex 88.7212 382.696 20
    endloop
  endfacet
  facet normal 0 0 1
    outer loop
      vertex 94.119 391.036 20
      vertex 92.7585 392.007 20
      vertex 92.3172 392.098 20
    endloop
  endfacet
  facet normal 0 0 1
    outer loop
      vertex 94.7131 382.13 20
      vertex 88.8677 382.087 20
      vertex 94.5329 381.589 20
    endloop
  endfacet
  facet normal 0 0 1
    outer loop
      vertex 94.3578 390.642 20
      vertex 92.3172 392.098 20
      vertex 91.8352 392.128 20
    endloop
  endfacet
  facet normal 0 -0 1
    outer loop
      vertex 89.0467 381.549 20
      vertex 94.5329 381.589 20
      vertex 88.8677 382.087 20
    endloop
  endfacet
  facet normal 0 0 1
    outer loop
      vertex 94.5607 390.18 20
      vertex 91.8352 392.128 20
      vertex 89.0387 390.206 20
    endloop
  endfacet
  facet normal 0 0 1
    outer loop
      vertex 94.5329 381.589 20
      vertex 89.0467 381.549 20
      vertex 94.3199 381.115 20
    endloop
  endfacet
  facet normal 0 0 1
    outer loop
      vertex 89.0387 390.206 20
      vertex 91.8352 392.128 20
      vertex 91.3413 392.098 20
    endloop
  endfacet
  facet normal 0 -0 1
    outer loop
      vertex 89.2583 381.083 20
      vertex 94.3199 381.115 20
      vertex 89.0467 381.549 20
    endloop
  endfacet
  facet normal 0 0 1
    outer loop
      vertex 89.2474 390.663 20
      vertex 91.3413 392.098 20
      vertex 90.8888 392.008 20
    endloop
  endfacet
  facet normal 0 -0 1
    outer loop
      vertex 91.7917 379.575 20
      vertex 94.3199 381.115 20
      vertex 89.2583 381.083 20
    endloop
  endfacet
  facet normal 0 0 1
    outer loop
      vertex 89.4929 391.052 20
      vertex 90.8888 392.008 20
      vertex 90.4777 391.859 20
    endloop
  endfacet
  facet normal 0 0 1
    outer loop
      vertex 94.3199 381.115 20
      vertex 91.7917 379.575 20
      vertex 94.0717 380.706 20
    endloop
  endfacet
  facet normal 0 0 1
    outer loop
      vertex 93.7858 380.361 20
      vertex 92.2658 379.606 20
      vertex 93.4623 380.078 20
    endloop
  endfacet
  facet normal 0 0 1
    outer loop
      vertex 89.4929 391.052 20
      vertex 90.4777 391.859 20
      vertex 90.1081 391.65 20
    endloop
  endfacet
  facet normal 0 0 1
    outer loop
      vertex 93.4623 380.078 20
      vertex 92.2658 379.606 20
      vertex 93.1011 379.858 20
    endloop
  endfacet
  facet normal 0 0 1
    outer loop
      vertex 89.4929 391.052 20
      vertex 90.1081 391.65 20
      vertex 89.7798 391.381 20
    endloop
  endfacet
  facet normal 0 0 1
    outer loop
      vertex 93.1011 379.858 20
      vertex 92.2658 379.606 20
      vertex 92.7023 379.7 20
    endloop
  endfacet
  facet normal 0 0 1
    outer loop
      vertex 90.8888 392.008 20
      vertex 89.4929 391.052 20
      vertex 89.2474 390.663 20
    endloop
  endfacet
  facet normal 0 0 1
    outer loop
      vertex 94.0717 380.706 20
      vertex 92.2658 379.606 20
      vertex 93.7858 380.361 20
    endloop
  endfacet
  facet normal 0 0 1
    outer loop
      vertex 91.3413 392.098 20
      vertex 89.2474 390.663 20
      vertex 89.0387 390.206 20
    endloop
  endfacet
  facet normal 0 -0 1
    outer loop
      vertex 92.2658 379.606 20
      vertex 94.0717 380.706 20
      vertex 91.7917 379.575 20
    endloop
  endfacet
  facet normal 0 0 1
    outer loop
      vertex 94.5607 390.18 20
      vertex 89.0387 390.206 20
      vertex 88.8622 389.672 20
    endloop
  endfacet
  facet normal 0 0 1
    outer loop
      vertex 91.7917 379.575 20
      vertex 89.2583 381.083 20
      vertex 91.3149 379.605 20
    endloop
  endfacet
  facet normal 0 0 1
    outer loop
      vertex 94.7325 389.643 20
      vertex 88.8622 389.672 20
      vertex 88.7177 389.061 20
    endloop
  endfacet
  facet normal -0 -0 1
    outer loop
      vertex 89.5053 380.683 20
      vertex 91.3149 379.605 20
      vertex 89.2583 381.083 20
    endloop
  endfacet
  facet normal 0 0 1
    outer loop
      vertex 94.873 389.033 20
      vertex 88.7177 389.061 20
      vertex 88.6053 388.373 20
    endloop
  endfacet
  facet normal 0 0 1
    outer loop
      vertex 90.8763 379.698 20
      vertex 89.5053 380.683 20
      vertex 90.4761 379.852 20
    endloop
  endfacet
  facet normal 0 0 1
    outer loop
      vertex 94.9823 388.348 20
      vertex 88.6053 388.373 20
      vertex 88.5251 387.608 20
    endloop
  endfacet
  facet normal 0 0 1
    outer loop
      vertex 90.1142 380.067 20
      vertex 89.5053 380.683 20
      vertex 89.7906 380.344 20
    endloop
  endfacet
  facet normal 0 0 1
    outer loop
      vertex 95.0603 387.588 20
      vertex 88.5251 387.608 20
      vertex 88.4769 386.765 20
    endloop
  endfacet
  facet normal 0 0 1
    outer loop
      vertex 90.4761 379.852 20
      vertex 89.5053 380.683 20
      vertex 90.1142 380.067 20
    endloop
  endfacet
  facet normal 0 0 1
    outer loop
      vertex 95.1071 386.754 20
      vertex 88.4769 386.765 20
      vertex 88.4608 385.846 20
    endloop
  endfacet
  facet normal 0 0 1
    outer loop
      vertex 91.3149 379.605 20
      vertex 89.5053 380.683 20
      vertex 90.8763 379.698 20
    endloop
  endfacet
  facet normal 0 0 -1
    outer loop
      vertex 13.9727 426.154 0
      vertex 180.9 462.8 0
      vertex 180.9 308.533 0
    endloop
  endfacet
  facet normal 0 0 -1
    outer loop
      vertex 180.9 462.8 0
      vertex 14.2632 427.239 0
      vertex 14.3 427.8 0
    endloop
  endfacet
  facet normal 0 0 -1
    outer loop
      vertex 180.9 462.8 0
      vertex 14.1535 426.687 0
      vertex 14.2632 427.239 0
    endloop
  endfacet
  facet normal 0 0 -1
    outer loop
      vertex 180.9 462.8 0
      vertex 13.9727 426.154 0
      vertex 14.1535 426.687 0
    endloop
  endfacet
  facet normal 0 0 -1
    outer loop
      vertex 180.9 308.533 0
      vertex 13.7239 425.65 0
      vertex 13.9727 426.154 0
    endloop
  endfacet
  facet normal 0 0 -1
    outer loop
      vertex 180.9 308.533 0
      vertex 13.4114 425.182 0
      vertex 13.7239 425.65 0
    endloop
  endfacet
  facet normal 0 0 -1
    outer loop
      vertex 180.9 308.533 0
      vertex 13.0406 424.759 0
      vertex 13.4114 425.182 0
    endloop
  endfacet
  facet normal 0 0 -1
    outer loop
      vertex 0 308.533 0
      vertex 13.0406 424.759 0
      vertex 180.9 308.533 0
    endloop
  endfacet
  facet normal 0 0 -1
    outer loop
      vertex 13.0406 424.759 0
      vertex 0 308.533 0
      vertex 12.6177 424.389 0
    endloop
  endfacet
  facet normal 0 0 -1
    outer loop
      vertex 12.6177 424.389 0
      vertex 0 308.533 0
      vertex 12.15 424.076 0
    endloop
  endfacet
  facet normal 0 0 -1
    outer loop
      vertex 12.15 424.076 0
      vertex 0 308.533 0
      vertex 11.6455 423.827 0
    endloop
  endfacet
  facet normal 0 0 -1
    outer loop
      vertex 11.6455 423.827 0
      vertex 0 308.533 0
      vertex 11.1129 423.647 0
    endloop
  endfacet
  facet normal 0 0 -1
    outer loop
      vertex 11.1129 423.647 0
      vertex 0 308.533 0
      vertex 10.5613 423.537 0
    endloop
  endfacet
  facet normal 0 0 -1
    outer loop
      vertex 10.5613 423.537 0
      vertex 0 308.533 0
      vertex 10 423.5 0
    endloop
  endfacet
  facet normal -0 0 -1
    outer loop
      vertex 10 423.5 0
      vertex 0 308.533 0
      vertex 9.43874 423.537 0
    endloop
  endfacet
  facet normal -0 0 -1
    outer loop
      vertex 9.43874 423.537 0
      vertex 0 308.533 0
      vertex 8.88708 423.647 0
    endloop
  endfacet
  facet normal -0 0 -1
    outer loop
      vertex 8.88708 423.647 0
      vertex 0 308.533 0
      vertex 8.35446 423.827 0
    endloop
  endfacet
  facet normal 0 0 -1
    outer loop
      vertex 0 462.8 0
      vertex 5.73679 427.239 0
      vertex 0 308.533 0
    endloop
  endfacet
  facet normal -0 0 -1
    outer loop
      vertex 5.84652 426.687 0
      vertex 0 308.533 0
      vertex 5.73679 427.239 0
    endloop
  endfacet
  facet normal -0 0 -1
    outer loop
      vertex 6.02732 426.154 0
      vertex 0 308.533 0
      vertex 5.84652 426.687 0
    endloop
  endfacet
  facet normal -0 0 -1
    outer loop
      vertex 6.27609 425.65 0
      vertex 0 308.533 0
      vertex 6.02732 426.154 0
    endloop
  endfacet
  facet normal -0 0 -1
    outer loop
      vertex 6.58858 425.182 0
      vertex 0 308.533 0
      vertex 6.27609 425.65 0
    endloop
  endfacet
  facet normal -0 0 -1
    outer loop
      vertex 6.95944 424.759 0
      vertex 0 308.533 0
      vertex 6.58858 425.182 0
    endloop
  endfacet
  facet normal -0 0 -1
    outer loop
      vertex 7.38233 424.389 0
      vertex 0 308.533 0
      vertex 6.95944 424.759 0
    endloop
  endfacet
  facet normal -0 0 -1
    outer loop
      vertex 7.85 424.076 0
      vertex 0 308.533 0
      vertex 7.38233 424.389 0
    endloop
  endfacet
  facet normal -0 0 -1
    outer loop
      vertex 8.35446 423.827 0
      vertex 0 308.533 0
      vertex 7.85 424.076 0
    endloop
  endfacet
  facet normal 0 0 -1
    outer loop
      vertex 14.2632 428.361 0
      vertex 180.9 462.8 0
      vertex 14.3 427.8 0
    endloop
  endfacet
  facet normal 0 0 -1
    outer loop
      vertex 14.1535 428.913 0
      vertex 180.9 462.8 0
      vertex 14.2632 428.361 0
    endloop
  endfacet
  facet normal 0 0 -1
    outer loop
      vertex 13.9727 429.446 0
      vertex 180.9 462.8 0
      vertex 14.1535 428.913 0
    endloop
  endfacet
  facet normal 0 0 -1
    outer loop
      vertex 13.7239 429.95 0
      vertex 180.9 462.8 0
      vertex 13.9727 429.446 0
    endloop
  endfacet
  facet normal 0 0 -1
    outer loop
      vertex 13.4114 430.418 0
      vertex 180.9 462.8 0
      vertex 13.7239 429.95 0
    endloop
  endfacet
  facet normal 0 0 -1
    outer loop
      vertex 0 462.8 0
      vertex 13.4114 430.418 0
      vertex 13.0406 430.841 0
    endloop
  endfacet
  facet normal 0 0 -1
    outer loop
      vertex 0 462.8 0
      vertex 13.0406 430.841 0
      vertex 12.6177 431.211 0
    endloop
  endfacet
  facet normal 0 0 -1
    outer loop
      vertex 0 462.8 0
      vertex 12.6177 431.211 0
      vertex 12.15 431.524 0
    endloop
  endfacet
  facet normal 0 0 -1
    outer loop
      vertex 0 462.8 0
      vertex 12.15 431.524 0
      vertex 11.6455 431.773 0
    endloop
  endfacet
  facet normal 0 0 -1
    outer loop
      vertex 0 462.8 0
      vertex 11.6455 431.773 0
      vertex 11.1129 431.953 0
    endloop
  endfacet
  facet normal 0 0 -1
    outer loop
      vertex 0 462.8 0
      vertex 11.1129 431.953 0
      vertex 10.5613 432.063 0
    endloop
  endfacet
  facet normal 0 0 -1
    outer loop
      vertex 0 462.8 0
      vertex 10.5613 432.063 0
      vertex 10 432.1 0
    endloop
  endfacet
  facet normal 0 0 -1
    outer loop
      vertex 0 462.8 0
      vertex 10 432.1 0
      vertex 9.43874 432.063 0
    endloop
  endfacet
  facet normal 0 0 -1
    outer loop
      vertex 13.4114 430.418 0
      vertex 0 462.8 0
      vertex 180.9 462.8 0
    endloop
  endfacet
  facet normal 0 0 -1
    outer loop
      vertex 8.88708 431.953 0
      vertex 0 462.8 0
      vertex 9.43874 432.063 0
    endloop
  endfacet
  facet normal 0 0 -1
    outer loop
      vertex 8.35446 431.773 0
      vertex 0 462.8 0
      vertex 8.88708 431.953 0
    endloop
  endfacet
  facet normal 0 0 -1
    outer loop
      vertex 7.85 431.524 0
      vertex 0 462.8 0
      vertex 8.35446 431.773 0
    endloop
  endfacet
  facet normal 0 0 -1
    outer loop
      vertex 7.38233 431.211 0
      vertex 0 462.8 0
      vertex 7.85 431.524 0
    endloop
  endfacet
  facet normal 0 0 -1
    outer loop
      vertex 6.95944 430.841 0
      vertex 0 462.8 0
      vertex 7.38233 431.211 0
    endloop
  endfacet
  facet normal 0 0 -1
    outer loop
      vertex 6.58858 430.418 0
      vertex 0 462.8 0
      vertex 6.95944 430.841 0
    endloop
  endfacet
  facet normal 0 0 -1
    outer loop
      vertex 6.27609 429.95 0
      vertex 0 462.8 0
      vertex 6.58858 430.418 0
    endloop
  endfacet
  facet normal 0 0 -1
    outer loop
      vertex 6.02732 429.446 0
      vertex 0 462.8 0
      vertex 6.27609 429.95 0
    endloop
  endfacet
  facet normal 0 0 -1
    outer loop
      vertex 5.84652 428.913 0
      vertex 0 462.8 0
      vertex 6.02732 429.446 0
    endloop
  endfacet
  facet normal 0 0 -1
    outer loop
      vertex 5.73679 428.361 0
      vertex 0 462.8 0
      vertex 5.84652 428.913 0
    endloop
  endfacet
  facet normal 0 0 -1
    outer loop
      vertex 5.7 427.8 0
      vertex 0 462.8 0
      vertex 5.73679 428.361 0
    endloop
  endfacet
  facet normal 0 0 -1
    outer loop
      vertex 5.73679 427.239 0
      vertex 0 462.8 0
      vertex 5.7 427.8 0
    endloop
  endfacet
  facet normal -1 0 0
    outer loop
      vertex 0 462.8 0
      vertex 0 322.883 2.65
      vertex 0 462.8 20
    endloop
  endfacet
  facet normal -1 0 0
    outer loop
      vertex 0 308.533 0
      vertex 0 322.883 2.65
      vertex 0 462.8 0
    endloop
  endfacet
  facet normal -1 -0 0
    outer loop
      vertex 0 322.883 2.65
      vertex 0 308.533 0
      vertex 0 322.863 2.65
    endloop
  endfacet
  facet normal -1 -0 0
    outer loop
      vertex 0 322.863 2.65
      vertex 0 308.533 0
      vertex 0 308.533 5.65
    endloop
  endfacet
  facet normal -1 0 0
    outer loop
      vertex 0 322.883 17.35
      vertex 0 462.8 20
      vertex 0 322.883 2.65
    endloop
  endfacet
  facet normal -1 0 0
    outer loop
      vertex 0 308.533 20
      vertex 0 322.883 17.35
      vertex 0 322.863 17.35
    endloop
  endfacet
  facet normal -1 0 0
    outer loop
      vertex 0 322.883 17.35
      vertex 0 308.533 20
      vertex 0 462.8 20
    endloop
  endfacet
  facet normal -1 0 0
    outer loop
      vertex 0 308.533 20
      vertex 0 322.863 17.35
      vertex 0 308.533 14.35
    endloop
  endfacet
  facet normal 0 1 0
    outer loop
      vertex 194.88 462.8 3
      vertex 194.88 462.8 17
      vertex 194.9 462.8 17
    endloop
  endfacet
  facet normal 0 1 -0
    outer loop
      vertex 180.9 462.8 6
      vertex 17.4 462.8 8.62
      vertex 180.9 462.8 14
    endloop
  endfacet
  facet normal 0 1 -0
    outer loop
      vertex 180.9 462.8 0
      vertex 17.4 462.8 8.6
      vertex 180.9 462.8 6
    endloop
  endfacet
  facet normal 0 1 0
    outer loop
      vertex 17.4 462.8 8.62
      vertex 180.9 462.8 6
      vertex 17.4 462.8 8.6
    endloop
  endfacet
  facet normal 0 1 0
    outer loop
      vertex 194.88 462.8 17
      vertex 180.9 462.8 6
      vertex 180.9 462.8 14
    endloop
  endfacet
  facet normal 0 1 0
    outer loop
      vertex 194.88 462.8 3
      vertex 194.9 462.8 17
      vertex 194.9 462.8 3
    endloop
  endfacet
  facet normal 0 1 0
    outer loop
      vertex 194.88 462.8 17
      vertex 194.88 462.8 3
      vertex 180.9 462.8 6
    endloop
  endfacet
  facet normal 0 1 0
    outer loop
      vertex 17.4 462.8 8.62
      vertex 180.9 462.8 20
      vertex 180.9 462.8 14
    endloop
  endfacet
  facet normal 0 1 0
    outer loop
      vertex 180.9 462.8 20
      vertex 17.4 462.8 8.62
      vertex 14.9 462.8 20
    endloop
  endfacet
  facet normal 0 1 -0
    outer loop
      vertex 2.6 462.8 8.62
      vertex 0 462.8 20
      vertex 5.1 462.8 20
    endloop
  endfacet
  facet normal 0 1 0
    outer loop
      vertex 0 462.8 0
      vertex 2.6 462.8 8.62
      vertex 2.6 462.8 8.6
    endloop
  endfacet
  facet normal 0 1 0
    outer loop
      vertex 0 462.8 0
      vertex 17.4 462.8 8.6
      vertex 180.9 462.8 0
    endloop
  endfacet
  facet normal 0 1 0
    outer loop
      vertex 2.6 462.8 8.62
      vertex 0 462.8 0
      vertex 0 462.8 20
    endloop
  endfacet
  facet normal 0 1 0
    outer loop
      vertex 17.4 462.8 8.6
      vertex 0 462.8 0
      vertex 2.6 462.8 8.6
    endloop
  endfacet
  facet normal 0 -1 0
    outer loop
      vertex 3.85879 308.533 14.35
      vertex 0 308.533 20
      vertex 0 308.533 14.35
    endloop
  endfacet
  facet normal 0 -1 0
    outer loop
      vertex 0 308.533 20
      vertex 3.85879 308.533 14.35
      vertex 5.1 308.533 20
    endloop
  endfacet
  facet normal 0 -1 0
    outer loop
      vertex 16.1412 308.533 14.35
      vertex 180.9 308.533 20
      vertex 14.9 308.533 20
    endloop
  endfacet
  facet normal 0 -1 -0
    outer loop
      vertex 180.9 308.533 20
      vertex 16.1412 308.533 14.35
      vertex 180.9 308.533 14.35
    endloop
  endfacet
  facet normal 0 -1 0
    outer loop
      vertex 0 308.533 0
      vertex 180.9 308.533 5.65
      vertex 0 308.533 5.65
    endloop
  endfacet
  facet normal 0 -1 -0
    outer loop
      vertex 180.9 308.533 5.65
      vertex 0 308.533 0
      vertex 180.9 308.533 0
    endloop
  endfacet
  facet normal 0 -1 0
    outer loop
      vertex 181.25 308.533 5.92489
      vertex 194.88 308.533 17
      vertex 181.25 308.533 14.0751
    endloop
  endfacet
  facet normal 0 -1 0
    outer loop
      vertex 194.88 308.533 3
      vertex 194.88 308.533 17
      vertex 181.25 308.533 5.92489
    endloop
  endfacet
  facet normal 0 -1 0
    outer loop
      vertex 194.88 308.533 17
      vertex 194.88 308.533 3
      vertex 194.9 308.533 17
    endloop
  endfacet
  facet normal 0 -1 -0
    outer loop
      vertex 194.9 308.533 17
      vertex 194.88 308.533 3
      vertex 194.9 308.533 3
    endloop
  endfacet
  facet normal 1 -0 0
    outer loop
      vertex 194.9 308.533 17
      vertex 194.9 462.8 3
      vertex 194.9 462.8 17
    endloop
  endfacet
  facet normal 1 0 0
    outer loop
      vertex 194.9 462.8 3
      vertex 194.9 308.533 17
      vertex 194.9 308.533 3
    endloop
  endfacet
  facet normal -0.209815 -0 -0.977741
    outer loop
      vertex 181.25 322.883 5.92489
      vertex 194.88 308.533 3
      vertex 181.25 308.533 5.92489
    endloop
  endfacet
  facet normal -0.209815 0 -0.977741
    outer loop
      vertex 194.88 308.533 3
      vertex 181.25 322.883 5.92489
      vertex 194.88 462.8 3
    endloop
  endfacet
  facet normal -0.209823 -0 -0.977739
    outer loop
      vertex 180.9 462.8 6
      vertex 181.25 322.883 5.92489
      vertex 180.9 322.883 6
    endloop
  endfacet
  facet normal -0.209816 1.88946e-08 -0.977741
    outer loop
      vertex 181.25 322.883 5.92489
      vertex 180.9 462.8 6
      vertex 194.88 462.8 3
    endloop
  endfacet
  facet normal 0 0 -1
    outer loop
      vertex 194.88 308.533 3
      vertex 194.9 462.8 3
      vertex 194.9 308.533 3
    endloop
  endfacet
  facet normal -0 0 -1
    outer loop
      vertex 194.9 462.8 3
      vertex 194.88 308.533 3
      vertex 194.88 462.8 3
    endloop
  endfacet
  facet normal -0.209816 0 0.977741
    outer loop
      vertex 194.88 462.8 17
      vertex 181.25 322.883 14.0751
      vertex 194.88 308.533 17
    endloop
  endfacet
  facet normal -0.209816 -5.09855e-08 0.977741
    outer loop
      vertex 180.9 462.8 14
      vertex 181.25 322.883 14.0751
      vertex 194.88 462.8 17
    endloop
  endfacet
  facet normal -0.209796 0 0.977745
    outer loop
      vertex 181.25 322.883 14.0751
      vertex 180.9 462.8 14
      vertex 180.9 322.883 14
    endloop
  endfacet
  facet normal -0.209816 0 0.977741
    outer loop
      vertex 194.88 308.533 17
      vertex 181.25 322.883 14.0751
      vertex 181.25 308.533 14.0751
    endloop
  endfacet
  facet normal -0 0 1
    outer loop
      vertex 194.88 462.8 17
      vertex 194.9 308.533 17
      vertex 194.9 462.8 17
    endloop
  endfacet
  facet normal 0 0 1
    outer loop
      vertex 194.9 308.533 17
      vertex 194.88 462.8 17
      vertex 194.88 308.533 17
    endloop
  endfacet
  facet normal -1 0 0
    outer loop
      vertex 181.25 308.533 5.92489
      vertex 181.25 322.883 14.0751
      vertex 181.25 322.883 5.92489
    endloop
  endfacet
  facet normal -1 -0 0
    outer loop
      vertex 181.25 322.883 14.0751
      vertex 181.25 308.533 5.92489
      vertex 181.25 308.533 14.0751
    endloop
  endfacet
  facet normal 0 0.204909 -0.978781
    outer loop
      vertex 0 322.863 17.35
      vertex 3.85879 308.533 14.35
      vertex 0 308.533 14.35
    endloop
  endfacet
  facet normal 0 0.204909 -0.978781
    outer loop
      vertex 3.85879 308.533 14.35
      vertex 0 322.863 17.35
      vertex 4.51784 322.863 17.35
    endloop
  endfacet
  facet normal 0 0.204909 -0.978781
    outer loop
      vertex 16.1412 308.533 14.35
      vertex 180.9 322.863 17.35
      vertex 180.9 308.533 14.35
    endloop
  endfacet
  facet normal 0 0.204909 -0.978781
    outer loop
      vertex 180.9 322.863 17.35
      vertex 16.1412 308.533 14.35
      vertex 15.4822 322.863 17.35
    endloop
  endfacet
  facet normal 0 -1 0
    outer loop
      vertex 17.4 322.883 8.62
      vertex 180.9 322.883 17.35
      vertex 15.4822 322.883 17.35
    endloop
  endfacet
  facet normal 0 -1 -0
    outer loop
      vertex 180.9 322.883 17.35
      vertex 17.4 322.883 8.62
      vertex 180.9 322.883 14
    endloop
  endfacet
  facet normal 0 -1 0
    outer loop
      vertex 180.9 322.883 6
      vertex 17.4 322.883 8.62
      vertex 17.4 322.883 8.6
    endloop
  endfacet
  facet normal 0 -1 0
    outer loop
      vertex 17.4 322.883 8.62
      vertex 180.9 322.883 6
      vertex 180.9 322.883 14
    endloop
  endfacet
  facet normal 0 -1 0
    outer loop
      vertex 180.9 322.883 6
      vertex 181.25 322.883 14.0751
      vertex 180.9 322.883 14
    endloop
  endfacet
  facet normal 0 -1 -0
    outer loop
      vertex 181.25 322.883 14.0751
      vertex 180.9 322.883 6
      vertex 181.25 322.883 5.92489
    endloop
  endfacet
  facet normal 0 -1 0
    outer loop
      vertex 0 322.883 17.35
      vertex 2.6 322.883 8.62
      vertex 4.51784 322.883 17.35
    endloop
  endfacet
  facet normal 0 -1 0
    outer loop
      vertex 0 322.883 2.65
      vertex 2.6 322.883 8.62
      vertex 0 322.883 17.35
    endloop
  endfacet
  facet normal 0 -1 0
    outer loop
      vertex 0 322.883 2.65
      vertex 17.4 322.883 8.6
      vertex 2.6 322.883 8.6
    endloop
  endfacet
  facet normal 0 -1 -0
    outer loop
      vertex 2.6 322.883 8.62
      vertex 0 322.883 2.65
      vertex 2.6 322.883 8.6
    endloop
  endfacet
  facet normal 0 -1 -0
    outer loop
      vertex 17.4 322.883 8.6
      vertex 0 322.883 2.65
      vertex 180.9 322.883 2.65
    endloop
  endfacet
  facet normal 0 -1 0
    outer loop
      vertex 17.4 322.883 8.6
      vertex 180.9 322.883 2.65
      vertex 180.9 322.883 6
    endloop
  endfacet
  facet normal 0 0 -1
    outer loop
      vertex 0 322.863 17.35
      vertex 4.51784 322.883 17.35
      vertex 4.51784 322.863 17.35
    endloop
  endfacet
  facet normal -0 0 -1
    outer loop
      vertex 4.51784 322.883 17.35
      vertex 0 322.863 17.35
      vertex 0 322.883 17.35
    endloop
  endfacet
  facet normal 0 0 -1
    outer loop
      vertex 15.4822 322.863 17.35
      vertex 180.9 322.883 17.35
      vertex 180.9 322.863 17.35
    endloop
  endfacet
  facet normal -0 0 -1
    outer loop
      vertex 180.9 322.883 17.35
      vertex 15.4822 322.863 17.35
      vertex 15.4822 322.883 17.35
    endloop
  endfacet
  facet normal -0 0.204909 0.978781
    outer loop
      vertex 0 322.863 2.65
      vertex 180.9 308.533 5.65
      vertex 180.9 322.863 2.65
    endloop
  endfacet
  facet normal 0 0.204909 0.978781
    outer loop
      vertex 180.9 308.533 5.65
      vertex 0 322.863 2.65
      vertex 0 308.533 5.65
    endloop
  endfacet
  facet normal -0 0 1
    outer loop
      vertex 0 322.883 2.65
      vertex 180.9 322.863 2.65
      vertex 180.9 322.883 2.65
    endloop
  endfacet
  facet normal 0 0 1
    outer loop
      vertex 180.9 322.863 2.65
      vertex 0 322.883 2.65
      vertex 0 322.863 2.65
    endloop
  endfacet
  facet normal -0 0 1
    outer loop
      vertex 95.1071 386.754 19
      vertex 97.1082 385.846 19
      vertex 97.082 386.92 19
    endloop
  endfacet
  facet normal -0 0 1
    outer loop
      vertex 95.0603 387.588 19
      vertex 97.082 386.92 19
      vertex 97.0032 387.916 19
    endloop
  endfacet
  facet normal 0 0 1
    outer loop
      vertex 97.1082 385.846 19
      vertex 95.1071 386.754 19
      vertex 95.1228 385.846 19
    endloop
  endfacet
  facet normal -0 0 1
    outer loop
      vertex 94.9823 388.348 19
      vertex 97.0032 387.916 19
      vertex 96.872 388.834 19
    endloop
  endfacet
  facet normal 0 0 1
    outer loop
      vertex 97.1082 385.846 19
      vertex 95.1064 384.968 19
      vertex 97.0806 384.789 19
    endloop
  endfacet
  facet normal -0 0 1
    outer loop
      vertex 94.873 389.033 19
      vertex 96.872 388.834 19
      vertex 96.6884 389.674 19
    endloop
  endfacet
  facet normal 0 0 1
    outer loop
      vertex 95.0572 384.158 19
      vertex 97.0806 384.789 19
      vertex 95.1064 384.968 19
    endloop
  endfacet
  facet normal 0 0 1
    outer loop
      vertex 94.7325 389.643 19
      vertex 96.6884 389.674 19
      vertex 96.4522 390.436 19
    endloop
  endfacet
  facet normal 0 0 1
    outer loop
      vertex 97.0806 384.789 19
      vertex 95.0572 384.158 19
      vertex 96.9979 383.805 19
    endloop
  endfacet
  facet normal 0 0 1
    outer loop
      vertex 94.5607 390.18 19
      vertex 96.4522 390.436 19
      vertex 96.1636 391.12 19
    endloop
  endfacet
  facet normal 0 0 1
    outer loop
      vertex 94.9753 383.415 19
      vertex 96.9979 383.805 19
      vertex 95.0572 384.158 19
    endloop
  endfacet
  facet normal 0 0 1
    outer loop
      vertex 94.3578 390.642 19
      vertex 96.1636 391.12 19
      vertex 95.8224 391.727 19
    endloop
  endfacet
  facet normal 0 0 1
    outer loop
      vertex 96.9979 383.805 19
      vertex 94.9753 383.415 19
      vertex 96.8601 382.896 19
    endloop
  endfacet
  facet normal 0 0 1
    outer loop
      vertex 94.119 391.036 19
      vertex 95.8224 391.727 19
      vertex 95.4262 392.253 19
    endloop
  endfacet
  facet normal 0 0 1
    outer loop
      vertex 94.8606 382.739 19
      vertex 96.8601 382.896 19
      vertex 94.9753 383.415 19
    endloop
  endfacet
  facet normal 0 0 1
    outer loop
      vertex 96.8601 382.896 19
      vertex 94.8606 382.739 19
      vertex 96.6671 382.06 19
    endloop
  endfacet
  facet normal 0 0 1
    outer loop
      vertex 95.1064 384.968 19
      vertex 97.1082 385.846 19
      vertex 95.1228 385.846 19
    endloop
  endfacet
  facet normal 0 0 1
    outer loop
      vertex 97.082 386.92 19
      vertex 95.0603 387.588 19
      vertex 95.1071 386.754 19
    endloop
  endfacet
  facet normal 0 0 1
    outer loop
      vertex 97.0032 387.916 19
      vertex 94.9823 388.348 19
      vertex 95.0603 387.588 19
    endloop
  endfacet
  facet normal 0 0 1
    outer loop
      vertex 93.8396 391.37 19
      vertex 95.4262 392.253 19
      vertex 94.9722 392.699 19
    endloop
  endfacet
  facet normal 0 0 1
    outer loop
      vertex 96.872 388.834 19
      vertex 94.873 389.033 19
      vertex 94.9823 388.348 19
    endloop
  endfacet
  facet normal 0 0 1
    outer loop
      vertex 96.6884 389.674 19
      vertex 94.7325 389.643 19
      vertex 94.873 389.033 19
    endloop
  endfacet
  facet normal 0 0 1
    outer loop
      vertex 96.4522 390.436 19
      vertex 94.5607 390.18 19
      vertex 94.7325 389.643 19
    endloop
  endfacet
  facet normal 0 0 1
    outer loop
      vertex 93.5198 391.643 19
      vertex 94.9722 392.699 19
      vertex 94.4604 393.064 19
    endloop
  endfacet
  facet normal 0 0 1
    outer loop
      vertex 96.1636 391.12 19
      vertex 94.3578 390.642 19
      vertex 94.5607 390.18 19
    endloop
  endfacet
  facet normal 0 0 1
    outer loop
      vertex 95.8224 391.727 19
      vertex 94.119 391.036 19
      vertex 94.3578 390.642 19
    endloop
  endfacet
  facet normal 0 0 1
    outer loop
      vertex 93.5198 391.643 19
      vertex 94.4604 393.064 19
      vertex 93.8908 393.347 19
    endloop
  endfacet
  facet normal 0 0 1
    outer loop
      vertex 95.4262 392.253 19
      vertex 93.8396 391.37 19
      vertex 94.119 391.036 19
    endloop
  endfacet
  facet normal 0 0 1
    outer loop
      vertex 94.9722 392.699 19
      vertex 93.5198 391.643 19
      vertex 93.8396 391.37 19
    endloop
  endfacet
  facet normal 0 0 1
    outer loop
      vertex 93.1594 391.855 19
      vertex 93.8908 393.347 19
      vertex 93.2634 393.55 19
    endloop
  endfacet
  facet normal 0 0 1
    outer loop
      vertex 93.8908 393.347 19
      vertex 93.1594 391.855 19
      vertex 93.5198 391.643 19
    endloop
  endfacet
  facet normal 0 0 1
    outer loop
      vertex 93.2634 393.55 19
      vertex 92.7585 392.007 19
      vertex 93.1594 391.855 19
    endloop
  endfacet
  facet normal 0 0 1
    outer loop
      vertex 92.5782 393.672 19
      vertex 92.7585 392.007 19
      vertex 93.2634 393.55 19
    endloop
  endfacet
  facet normal 0 0 1
    outer loop
      vertex 92.5782 393.672 19
      vertex 92.3172 392.098 19
      vertex 92.7585 392.007 19
    endloop
  endfacet
  facet normal 0 0 1
    outer loop
      vertex 91.8352 393.712 19
      vertex 92.3172 392.098 19
      vertex 92.5782 393.672 19
    endloop
  endfacet
  facet normal 0 0 1
    outer loop
      vertex 91.8352 393.712 19
      vertex 91.8352 392.128 19
      vertex 92.3172 392.098 19
    endloop
  endfacet
  facet normal 0 0 1
    outer loop
      vertex 91.8352 393.712 19
      vertex 91.3413 392.098 19
      vertex 91.8352 392.128 19
    endloop
  endfacet
  facet normal -0 0 1
    outer loop
      vertex 91.0721 393.672 19
      vertex 91.3413 392.098 19
      vertex 91.8352 393.712 19
    endloop
  endfacet
  facet normal 0 0 1
    outer loop
      vertex 91.0721 393.672 19
      vertex 90.8888 392.008 19
      vertex 91.3413 392.098 19
    endloop
  endfacet
  facet normal -0 0 1
    outer loop
      vertex 90.3698 393.552 19
      vertex 90.8888 392.008 19
      vertex 91.0721 393.672 19
    endloop
  endfacet
  facet normal 0 0 1
    outer loop
      vertex 90.8888 392.008 19
      vertex 90.3698 393.552 19
      vertex 90.4777 391.859 19
    endloop
  endfacet
  facet normal -0 0 1
    outer loop
      vertex 89.7285 393.351 19
      vertex 90.4777 391.859 19
      vertex 90.3698 393.552 19
    endloop
  endfacet
  facet normal 0 0 1
    outer loop
      vertex 90.4777 391.859 19
      vertex 89.7285 393.351 19
      vertex 90.1081 391.65 19
    endloop
  endfacet
  facet normal -0 0 1
    outer loop
      vertex 89.148 393.071 19
      vertex 90.1081 391.65 19
      vertex 89.7285 393.351 19
    endloop
  endfacet
  facet normal 0 0 1
    outer loop
      vertex 90.1081 391.65 19
      vertex 89.148 393.071 19
      vertex 89.7798 391.381 19
    endloop
  endfacet
  facet normal -0 0 1
    outer loop
      vertex 88.6284 392.71 19
      vertex 89.7798 391.381 19
      vertex 89.148 393.071 19
    endloop
  endfacet
  facet normal -0 0 1
    outer loop
      vertex 88.1697 392.269 19
      vertex 89.7798 391.381 19
      vertex 88.6284 392.71 19
    endloop
  endfacet
  facet normal 0 0 1
    outer loop
      vertex 89.7798 391.381 19
      vertex 88.1697 392.269 19
      vertex 89.4929 391.052 19
    endloop
  endfacet
  facet normal -0 0 1
    outer loop
      vertex 87.7719 391.748 19
      vertex 89.4929 391.052 19
      vertex 88.1697 392.269 19
    endloop
  endfacet
  facet normal 0 0 1
    outer loop
      vertex 89.4929 391.052 19
      vertex 87.7719 391.748 19
      vertex 89.2474 390.663 19
    endloop
  endfacet
  facet normal -0 0 1
    outer loop
      vertex 87.4308 391.147 19
      vertex 89.2474 390.663 19
      vertex 87.7719 391.748 19
    endloop
  endfacet
  facet normal 0 0 1
    outer loop
      vertex 89.2474 390.663 19
      vertex 87.4308 391.147 19
      vertex 89.0387 390.206 19
    endloop
  endfacet
  facet normal -0 0 1
    outer loop
      vertex 87.1421 390.465 19
      vertex 89.0387 390.206 19
      vertex 87.4308 391.147 19
    endloop
  endfacet
  facet normal 0 0 1
    outer loop
      vertex 89.0387 390.206 19
      vertex 87.1421 390.465 19
      vertex 88.8622 389.672 19
    endloop
  endfacet
  facet normal 0 0 1
    outer loop
      vertex 86.4861 385.846 19
      vertex 88.4608 385.846 19
      vertex 88.4769 386.765 19
    endloop
  endfacet
  facet normal -0 0 1
    outer loop
      vertex 86.906 389.702 19
      vertex 88.8622 389.672 19
      vertex 87.1421 390.465 19
    endloop
  endfacet
  facet normal 0 0 1
    outer loop
      vertex 88.8622 389.672 19
      vertex 86.906 389.702 19
      vertex 88.7177 389.061 19
    endloop
  endfacet
  facet normal 0 0 1
    outer loop
      vertex 88.4608 385.846 19
      vertex 86.4861 385.846 19
      vertex 86.5131 384.783 19
    endloop
  endfacet
  facet normal 0 0 1
    outer loop
      vertex 86.7223 388.859 19
      vertex 88.7177 389.061 19
      vertex 86.906 389.702 19
    endloop
  endfacet
  facet normal 0 0 1
    outer loop
      vertex 88.4608 385.846 19
      vertex 86.5131 384.783 19
      vertex 86.5942 383.795 19
    endloop
  endfacet
  facet normal 0 0 1
    outer loop
      vertex 88.7177 389.061 19
      vertex 86.7223 388.859 19
      vertex 88.6053 388.373 19
    endloop
  endfacet
  facet normal 0 0 1
    outer loop
      vertex 88.4608 385.846 19
      vertex 86.5942 383.795 19
      vertex 86.7292 382.883 19
    endloop
  endfacet
  facet normal 0 0 1
    outer loop
      vertex 86.5911 387.935 19
      vertex 88.6053 388.373 19
      vertex 86.7223 388.859 19
    endloop
  endfacet
  facet normal 0 0 1
    outer loop
      vertex 88.4608 385.846 19
      vertex 86.7292 382.883 19
      vertex 86.9184 382.046 19
    endloop
  endfacet
  facet normal 0 0 1
    outer loop
      vertex 88.6053 388.373 19
      vertex 86.5911 387.935 19
      vertex 88.5251 387.608 19
    endloop
  endfacet
  facet normal 0 0 1
    outer loop
      vertex 88.4608 385.846 19
      vertex 86.9184 382.046 19
      vertex 87.1615 381.284 19
    endloop
  endfacet
  facet normal 0 0 1
    outer loop
      vertex 86.5124 386.931 19
      vertex 88.5251 387.608 19
      vertex 86.5911 387.935 19
    endloop
  endfacet
  facet normal 0 0 1
    outer loop
      vertex 88.4608 385.846 19
      vertex 87.8098 379.987 19
      vertex 88.2148 379.454 19
    endloop
  endfacet
  facet normal 0 0 1
    outer loop
      vertex 88.5251 387.608 19
      vertex 86.5124 386.931 19
      vertex 88.4769 386.765 19
    endloop
  endfacet
  facet normal 0 -0 1
    outer loop
      vertex 87.8098 379.987 19
      vertex 88.4608 385.846 19
      vertex 87.4586 380.598 19
    endloop
  endfacet
  facet normal 0 0 1
    outer loop
      vertex 88.4769 386.765 19
      vertex 86.5124 386.931 19
      vertex 86.4861 385.846 19
    endloop
  endfacet
  facet normal 0 0 1
    outer loop
      vertex 88.4608 385.846 19
      vertex 87.1615 381.284 19
      vertex 87.4586 380.598 19
    endloop
  endfacet
  facet normal -0 0 1
    outer loop
      vertex 94.7131 382.13 19
      vertex 96.6671 382.06 19
      vertex 94.8606 382.739 19
    endloop
  endfacet
  facet normal 0 0 1
    outer loop
      vertex 96.6671 382.06 19
      vertex 94.7131 382.13 19
      vertex 96.419 381.299 19
    endloop
  endfacet
  facet normal -0 0 1
    outer loop
      vertex 94.5329 381.589 19
      vertex 96.419 381.299 19
      vertex 94.7131 382.13 19
    endloop
  endfacet
  facet normal 0 0 1
    outer loop
      vertex 96.419 381.299 19
      vertex 94.5329 381.589 19
      vertex 96.1157 380.611 19
    endloop
  endfacet
  facet normal -0 0 1
    outer loop
      vertex 94.3199 381.115 19
      vertex 96.1157 380.611 19
      vertex 94.5329 381.589 19
    endloop
  endfacet
  facet normal 0 0 1
    outer loop
      vertex 96.1157 380.611 19
      vertex 94.3199 381.115 19
      vertex 95.7573 379.998 19
    endloop
  endfacet
  facet normal -0 0 1
    outer loop
      vertex 94.0717 380.706 19
      vertex 95.7573 379.998 19
      vertex 94.3199 381.115 19
    endloop
  endfacet
  facet normal 0 0 1
    outer loop
      vertex 95.7573 379.998 19
      vertex 94.0717 380.706 19
      vertex 95.3452 379.462 19
    endloop
  endfacet
  facet normal -0 0 1
    outer loop
      vertex 93.7858 380.361 19
      vertex 95.3452 379.462 19
      vertex 94.0717 380.706 19
    endloop
  endfacet
  facet normal 0 0 1
    outer loop
      vertex 95.3452 379.462 19
      vertex 93.7858 380.361 19
      vertex 94.8805 379.009 19
    endloop
  endfacet
  facet normal -0 0 1
    outer loop
      vertex 93.4623 380.078 19
      vertex 94.8805 379.009 19
      vertex 93.7858 380.361 19
    endloop
  endfacet
  facet normal 0 0 1
    outer loop
      vertex 94.8805 379.009 19
      vertex 93.4623 380.078 19
      vertex 94.3634 378.639 19
    endloop
  endfacet
  facet normal -0 0 1
    outer loop
      vertex 93.1011 379.858 19
      vertex 94.3634 378.639 19
      vertex 93.4623 380.078 19
    endloop
  endfacet
  facet normal 0 0 1
    outer loop
      vertex 94.3634 378.639 19
      vertex 93.1011 379.858 19
      vertex 93.7938 378.35 19
    endloop
  endfacet
  facet normal 0 0 1
    outer loop
      vertex 93.7938 378.35 19
      vertex 93.1011 379.858 19
      vertex 93.1717 378.144 19
    endloop
  endfacet
  facet normal -0 0 1
    outer loop
      vertex 92.7023 379.7 19
      vertex 93.1717 378.144 19
      vertex 93.1011 379.858 19
    endloop
  endfacet
  facet normal 0 0 1
    outer loop
      vertex 92.7023 379.7 19
      vertex 92.4972 378.021 19
      vertex 93.1717 378.144 19
    endloop
  endfacet
  facet normal -0 0 1
    outer loop
      vertex 92.2658 379.606 19
      vertex 92.4972 378.021 19
      vertex 92.7023 379.7 19
    endloop
  endfacet
  facet normal -0 0 1
    outer loop
      vertex 91.7917 379.575 19
      vertex 92.4972 378.021 19
      vertex 92.2658 379.606 19
    endloop
  endfacet
  facet normal 0 0 1
    outer loop
      vertex 91.7917 379.575 19
      vertex 91.7701 377.98 19
      vertex 92.4972 378.021 19
    endloop
  endfacet
  facet normal 0 0 1
    outer loop
      vertex 91.3149 379.605 19
      vertex 91.7701 377.98 19
      vertex 91.7917 379.575 19
    endloop
  endfacet
  facet normal 0 0 1
    outer loop
      vertex 91.3149 379.605 19
      vertex 91.0436 378.021 19
      vertex 91.7701 377.98 19
    endloop
  endfacet
  facet normal 0 0 1
    outer loop
      vertex 90.8763 379.698 19
      vertex 91.0436 378.021 19
      vertex 91.3149 379.605 19
    endloop
  endfacet
  facet normal 0 0 1
    outer loop
      vertex 90.3707 378.144 19
      vertex 90.8763 379.698 19
      vertex 90.4761 379.852 19
    endloop
  endfacet
  facet normal 0 0 1
    outer loop
      vertex 90.8763 379.698 19
      vertex 90.3707 378.144 19
      vertex 91.0436 378.021 19
    endloop
  endfacet
  facet normal 0 0 1
    outer loop
      vertex 89.7513 378.348 19
      vertex 90.4761 379.852 19
      vertex 90.1142 380.067 19
    endloop
  endfacet
  facet normal 0 0 1
    outer loop
      vertex 88.6734 379.004 19
      vertex 90.1142 380.067 19
      vertex 89.7906 380.344 19
    endloop
  endfacet
  facet normal 0 0 1
    outer loop
      vertex 90.4761 379.852 19
      vertex 89.7513 378.348 19
      vertex 90.3707 378.144 19
    endloop
  endfacet
  facet normal 0 0 1
    outer loop
      vertex 88.2148 379.454 19
      vertex 89.7906 380.344 19
      vertex 89.5053 380.683 19
    endloop
  endfacet
  facet normal 0 0 1
    outer loop
      vertex 88.2148 379.454 19
      vertex 89.5053 380.683 19
      vertex 89.2583 381.083 19
    endloop
  endfacet
  facet normal 0 0 1
    outer loop
      vertex 90.1142 380.067 19
      vertex 89.1855 378.635 19
      vertex 89.7513 378.348 19
    endloop
  endfacet
  facet normal 0 0 1
    outer loop
      vertex 88.2148 379.454 19
      vertex 89.2583 381.083 19
      vertex 89.0467 381.549 19
    endloop
  endfacet
  facet normal 0 0 1
    outer loop
      vertex 88.2148 379.454 19
      vertex 89.0467 381.549 19
      vertex 88.8677 382.087 19
    endloop
  endfacet
  facet normal 0 0 1
    outer loop
      vertex 88.2148 379.454 19
      vertex 88.8677 382.087 19
      vertex 88.7212 382.696 19
    endloop
  endfacet
  facet normal 0 0 1
    outer loop
      vertex 90.1142 380.067 19
      vertex 88.6734 379.004 19
      vertex 89.1855 378.635 19
    endloop
  endfacet
  facet normal 0 0 1
    outer loop
      vertex 88.2148 379.454 19
      vertex 88.7212 382.696 19
      vertex 88.6073 383.377 19
    endloop
  endfacet
  facet normal 0 0 1
    outer loop
      vertex 88.2148 379.454 19
      vertex 88.6073 383.377 19
      vertex 88.5259 384.129 19
    endloop
  endfacet
  facet normal 0 0 1
    outer loop
      vertex 88.2148 379.454 19
      vertex 88.5259 384.129 19
      vertex 88.4771 384.952 19
    endloop
  endfacet
  facet normal 0 0 1
    outer loop
      vertex 89.7906 380.344 19
      vertex 88.2148 379.454 19
      vertex 88.6734 379.004 19
    endloop
  endfacet
  facet normal 0 0 1
    outer loop
      vertex 88.2148 379.454 19
      vertex 88.4771 384.952 19
      vertex 88.4608 385.846 19
    endloop
  endfacet
  facet normal -0 0 1
    outer loop
      vertex 113.894 389.807 19
      vertex 115.916 389.524 19
      vertex 115.891 390.079 19
    endloop
  endfacet
  facet normal 0 0 1
    outer loop
      vertex 115.916 389.524 19
      vertex 113.909 389.459 19
      vertex 115.908 389.27 19
    endloop
  endfacet
  facet normal 0 0 1
    outer loop
      vertex 113.9 389.196 19
      vertex 115.908 389.27 19
      vertex 113.909 389.459 19
    endloop
  endfacet
  facet normal -0 0 1
    outer loop
      vertex 113.849 390.132 19
      vertex 115.891 390.079 19
      vertex 115.815 390.596 19
    endloop
  endfacet
  facet normal 0 0 1
    outer loop
      vertex 115.908 389.27 19
      vertex 113.9 389.196 19
      vertex 115.883 389.017 19
    endloop
  endfacet
  facet normal 0 0 1
    outer loop
      vertex 115.883 389.017 19
      vertex 113.9 389.196 19
      vertex 115.841 388.763 19
    endloop
  endfacet
  facet normal 0 0 1
    outer loop
      vertex 113.773 390.434 19
      vertex 115.815 390.596 19
      vertex 115.688 391.076 19
    endloop
  endfacet
  facet normal -0 0 1
    outer loop
      vertex 113.874 388.942 19
      vertex 115.841 388.763 19
      vertex 113.9 389.196 19
    endloop
  endfacet
  facet normal 0 0 1
    outer loop
      vertex 113.773 390.434 19
      vertex 115.688 391.076 19
      vertex 115.51 391.519 19
    endloop
  endfacet
  facet normal 0 0 1
    outer loop
      vertex 115.916 389.524 19
      vertex 113.894 389.807 19
      vertex 113.909 389.459 19
    endloop
  endfacet
  facet normal 0 0 1
    outer loop
      vertex 115.783 388.511 19
      vertex 113.874 388.942 19
      vertex 115.708 388.259 19
    endloop
  endfacet
  facet normal 0 0 1
    outer loop
      vertex 113.668 390.713 19
      vertex 115.51 391.519 19
      vertex 115.282 391.924 19
    endloop
  endfacet
  facet normal -0 0 1
    outer loop
      vertex 113.83 388.695 19
      vertex 115.708 388.259 19
      vertex 113.874 388.942 19
    endloop
  endfacet
  facet normal 0 0 1
    outer loop
      vertex 115.708 388.259 19
      vertex 113.83 388.695 19
      vertex 115.617 388.007 19
    endloop
  endfacet
  facet normal 0 0 1
    outer loop
      vertex 113.532 390.969 19
      vertex 115.282 391.924 19
      vertex 115.003 392.292 19
    endloop
  endfacet
  facet normal -0 0 1
    outer loop
      vertex 113.769 388.456 19
      vertex 115.617 388.007 19
      vertex 113.83 388.695 19
    endloop
  endfacet
  facet normal 0 0 1
    outer loop
      vertex 115.617 388.007 19
      vertex 113.769 388.456 19
      vertex 115.509 387.756 19
    endloop
  endfacet
  facet normal 0 0 1
    outer loop
      vertex 113.367 391.202 19
      vertex 115.003 392.292 19
      vertex 114.674 392.622 19
    endloop
  endfacet
  facet normal 0 0 1
    outer loop
      vertex 115.509 387.756 19
      vertex 113.769 388.456 19
      vertex 115.385 387.504 19
    endloop
  endfacet
  facet normal -0 0 1
    outer loop
      vertex 113.69 388.226 19
      vertex 115.385 387.504 19
      vertex 113.769 388.456 19
    endloop
  endfacet
  facet normal 0 0 1
    outer loop
      vertex 113.171 391.412 19
      vertex 114.674 392.622 19
      vertex 114.297 392.911 19
    endloop
  endfacet
  facet normal 0 0 1
    outer loop
      vertex 115.385 387.504 19
      vertex 113.69 388.226 19
      vertex 115.244 387.253 19
    endloop
  endfacet
  facet normal -0 0 1
    outer loop
      vertex 113.594 388.003 19
      vertex 115.244 387.253 19
      vertex 113.69 388.226 19
    endloop
  endfacet
  facet normal 0 0 1
    outer loop
      vertex 115.841 388.763 19
      vertex 113.874 388.942 19
      vertex 115.783 388.511 19
    endloop
  endfacet
  facet normal 0 0 1
    outer loop
      vertex 112.948 391.596 19
      vertex 114.297 392.911 19
      vertex 113.876 393.156 19
    endloop
  endfacet
  facet normal 0 0 1
    outer loop
      vertex 115.891 390.079 19
      vertex 113.849 390.132 19
      vertex 113.894 389.807 19
    endloop
  endfacet
  facet normal 0 0 1
    outer loop
      vertex 115.815 390.596 19
      vertex 113.773 390.434 19
      vertex 113.849 390.132 19
    endloop
  endfacet
  facet normal 0 0 1
    outer loop
      vertex 115.51 391.519 19
      vertex 113.668 390.713 19
      vertex 113.773 390.434 19
    endloop
  endfacet
  facet normal 0 0 1
    outer loop
      vertex 115.282 391.924 19
      vertex 113.532 390.969 19
      vertex 113.668 390.713 19
    endloop
  endfacet
  facet normal 0 0 1
    outer loop
      vertex 112.702 391.752 19
      vertex 113.876 393.156 19
      vertex 113.412 393.356 19
    endloop
  endfacet
  facet normal 0 0 1
    outer loop
      vertex 115.003 392.292 19
      vertex 113.367 391.202 19
      vertex 113.532 390.969 19
    endloop
  endfacet
  facet normal 0 0 1
    outer loop
      vertex 114.674 392.622 19
      vertex 113.171 391.412 19
      vertex 113.367 391.202 19
    endloop
  endfacet
  facet normal 0 0 1
    outer loop
      vertex 114.297 392.911 19
      vertex 112.948 391.596 19
      vertex 113.171 391.412 19
    endloop
  endfacet
  facet normal 0 0 1
    outer loop
      vertex 112.433 391.88 19
      vertex 113.412 393.356 19
      vertex 112.905 393.512 19
    endloop
  endfacet
  facet normal 0 0 1
    outer loop
      vertex 113.876 393.156 19
      vertex 112.702 391.752 19
      vertex 112.948 391.596 19
    endloop
  endfacet
  facet normal 0 0 1
    outer loop
      vertex 113.412 393.356 19
      vertex 112.433 391.88 19
      vertex 112.702 391.752 19
    endloop
  endfacet
  facet normal 0 0 1
    outer loop
      vertex 112.14 391.979 19
      vertex 112.905 393.512 19
      vertex 112.354 393.623 19
    endloop
  endfacet
  facet normal 0 0 1
    outer loop
      vertex 112.905 393.512 19
      vertex 112.14 391.979 19
      vertex 112.433 391.88 19
    endloop
  endfacet
  facet normal 0 0 1
    outer loop
      vertex 112.354 393.623 19
      vertex 111.824 392.05 19
      vertex 112.14 391.979 19
    endloop
  endfacet
  facet normal 0 0 1
    outer loop
      vertex 111.759 393.69 19
      vertex 111.824 392.05 19
      vertex 112.354 393.623 19
    endloop
  endfacet
  facet normal 0 0 1
    outer loop
      vertex 111.759 393.69 19
      vertex 111.484 392.092 19
      vertex 111.824 392.05 19
    endloop
  endfacet
  facet normal 0 0 1
    outer loop
      vertex 111.12 393.712 19
      vertex 111.484 392.092 19
      vertex 111.759 393.69 19
    endloop
  endfacet
  facet normal 0 0 1
    outer loop
      vertex 111.12 393.712 19
      vertex 111.12 392.106 19
      vertex 111.484 392.092 19
    endloop
  endfacet
  facet normal 0 0 1
    outer loop
      vertex 111.12 393.712 19
      vertex 110.773 392.093 19
      vertex 111.12 392.106 19
    endloop
  endfacet
  facet normal -0 0 1
    outer loop
      vertex 110.534 393.69 19
      vertex 110.773 392.093 19
      vertex 111.12 393.712 19
    endloop
  endfacet
  facet normal 0 0 1
    outer loop
      vertex 110.534 393.69 19
      vertex 110.443 392.051 19
      vertex 110.773 392.093 19
    endloop
  endfacet
  facet normal -0 0 1
    outer loop
      vertex 109.98 393.624 19
      vertex 110.443 392.051 19
      vertex 110.534 393.69 19
    endloop
  endfacet
  facet normal 0 0 1
    outer loop
      vertex 110.443 392.051 19
      vertex 109.98 393.624 19
      vertex 110.131 391.982 19
    endloop
  endfacet
  facet normal -0 0 1
    outer loop
      vertex 109.457 393.513 19
      vertex 110.131 391.982 19
      vertex 109.98 393.624 19
    endloop
  endfacet
  facet normal 0 0 1
    outer loop
      vertex 110.131 391.982 19
      vertex 109.457 393.513 19
      vertex 109.838 391.885 19
    endloop
  endfacet
  facet normal -0 0 1
    outer loop
      vertex 108.964 393.358 19
      vertex 109.838 391.885 19
      vertex 109.457 393.513 19
    endloop
  endfacet
  facet normal 0 0 1
    outer loop
      vertex 109.838 391.885 19
      vertex 108.964 393.358 19
      vertex 109.562 391.76 19
    endloop
  endfacet
  facet normal -0 0 1
    outer loop
      vertex 108.503 393.159 19
      vertex 109.562 391.76 19
      vertex 108.964 393.358 19
    endloop
  endfacet
  facet normal 0 0 1
    outer loop
      vertex 109.562 391.76 19
      vertex 108.503 393.159 19
      vertex 109.304 391.608 19
    endloop
  endfacet
  facet normal -0 0 1
    outer loop
      vertex 108.074 392.915 19
      vertex 109.304 391.608 19
      vertex 108.503 393.159 19
    endloop
  endfacet
  facet normal 0 0 1
    outer loop
      vertex 109.304 391.608 19
      vertex 108.074 392.915 19
      vertex 109.064 391.428 19
    endloop
  endfacet
  facet normal -0 0 1
    outer loop
      vertex 107.675 392.627 19
      vertex 109.064 391.428 19
      vertex 108.074 392.915 19
    endloop
  endfacet
  facet normal 0 0 1
    outer loop
      vertex 109.064 391.428 19
      vertex 107.675 392.627 19
      vertex 108.847 391.223 19
    endloop
  endfacet
  facet normal -0 0 1
    outer loop
      vertex 107.315 392.302 19
      vertex 108.847 391.223 19
      vertex 107.675 392.627 19
    endloop
  endfacet
  facet normal 0 0 1
    outer loop
      vertex 108.847 391.223 19
      vertex 107.315 392.302 19
      vertex 108.657 390.996 19
    endloop
  endfacet
  facet normal -0 0 1
    outer loop
      vertex 107.001 391.946 19
      vertex 108.657 390.996 19
      vertex 107.315 392.302 19
    endloop
  endfacet
  facet normal 0 0 1
    outer loop
      vertex 108.657 390.996 19
      vertex 107.001 391.946 19
      vertex 108.494 390.746 19
    endloop
  endfacet
  facet normal -0 0 1
    outer loop
      vertex 106.733 391.56 19
      vertex 108.494 390.746 19
      vertex 107.001 391.946 19
    endloop
  endfacet
  facet normal 0 0 1
    outer loop
      vertex 108.494 390.746 19
      vertex 106.733 391.56 19
      vertex 108.358 390.474 19
    endloop
  endfacet
  facet normal -0 0 1
    outer loop
      vertex 106.511 391.143 19
      vertex 108.358 390.474 19
      vertex 106.733 391.56 19
    endloop
  endfacet
  facet normal 0 0 1
    outer loop
      vertex 108.358 390.474 19
      vertex 106.511 391.143 19
      vertex 108.25 390.18 19
    endloop
  endfacet
  facet normal -0 0 1
    outer loop
      vertex 106.334 390.695 19
      vertex 108.25 390.18 19
      vertex 106.511 391.143 19
    endloop
  endfacet
  facet normal 0 0 1
    outer loop
      vertex 108.25 390.18 19
      vertex 106.334 390.695 19
      vertex 108.169 389.863 19
    endloop
  endfacet
  facet normal -0 0 1
    outer loop
      vertex 106.203 390.217 19
      vertex 108.169 389.863 19
      vertex 106.334 390.695 19
    endloop
  endfacet
  facet normal 0 0 1
    outer loop
      vertex 108.169 389.863 19
      vertex 106.203 390.217 19
      vertex 108.115 389.524 19
    endloop
  endfacet
  facet normal 0 0 1
    outer loop
      vertex 108.115 389.524 19
      vertex 106.203 390.217 19
      vertex 106.118 389.708 19
    endloop
  endfacet
  facet normal 0 0 1
    outer loop
      vertex 115.244 387.253 19
      vertex 113.594 388.003 19
      vertex 115.088 387.002 19
    endloop
  endfacet
  facet normal -0 0 1
    outer loop
      vertex 113.48 387.788 19
      vertex 115.088 387.002 19
      vertex 113.594 388.003 19
    endloop
  endfacet
  facet normal 0 0 1
    outer loop
      vertex 115.088 387.002 19
      vertex 113.48 387.788 19
      vertex 114.915 386.751 19
    endloop
  endfacet
  facet normal -0 0 1
    outer loop
      vertex 113.352 387.579 19
      vertex 114.915 386.751 19
      vertex 113.48 387.788 19
    endloop
  endfacet
  facet normal 0 0 1
    outer loop
      vertex 114.915 386.751 19
      vertex 113.352 387.579 19
      vertex 114.726 386.5 19
    endloop
  endfacet
  facet normal -0 0 1
    outer loop
      vertex 113.214 387.372 19
      vertex 114.726 386.5 19
      vertex 113.352 387.579 19
    endloop
  endfacet
  facet normal 0 0 1
    outer loop
      vertex 114.726 386.5 19
      vertex 113.214 387.372 19
      vertex 114.521 386.249 19
    endloop
  endfacet
  facet normal -0 0 1
    outer loop
      vertex 113.064 387.168 19
      vertex 114.521 386.249 19
      vertex 113.214 387.372 19
    endloop
  endfacet
  facet normal 0 0 1
    outer loop
      vertex 114.521 386.249 19
      vertex 113.064 387.168 19
      vertex 114.299 385.998 19
    endloop
  endfacet
  facet normal -0 0 1
    outer loop
      vertex 112.903 386.966 19
      vertex 114.299 385.998 19
      vertex 113.064 387.168 19
    endloop
  endfacet
  facet normal 0 0 1
    outer loop
      vertex 114.299 385.998 19
      vertex 112.903 386.966 19
      vertex 114.04 385.727 19
    endloop
  endfacet
  facet normal -0 0 1
    outer loop
      vertex 112.732 386.767 19
      vertex 114.04 385.727 19
      vertex 112.903 386.966 19
    endloop
  endfacet
  facet normal 0 0 1
    outer loop
      vertex 114.04 385.727 19
      vertex 112.732 386.767 19
      vertex 113.721 385.417 19
    endloop
  endfacet
  facet normal -0 0 1
    outer loop
      vertex 112.55 386.571 19
      vertex 113.721 385.417 19
      vertex 112.732 386.767 19
    endloop
  endfacet
  facet normal -0 0 1
    outer loop
      vertex 112.357 386.377 19
      vertex 113.721 385.417 19
      vertex 112.55 386.571 19
    endloop
  endfacet
  facet normal 0 0 1
    outer loop
      vertex 113.721 385.417 19
      vertex 112.357 386.377 19
      vertex 113.342 385.067 19
    endloop
  endfacet
  facet normal -0 0 1
    outer loop
      vertex 112.155 386.185 19
      vertex 113.342 385.067 19
      vertex 112.357 386.377 19
    endloop
  endfacet
  facet normal -0 0 1
    outer loop
      vertex 111.947 385.993 19
      vertex 113.342 385.067 19
      vertex 112.155 386.185 19
    endloop
  endfacet
  facet normal 0 0 1
    outer loop
      vertex 113.342 385.067 19
      vertex 111.947 385.993 19
      vertex 112.903 384.678 19
    endloop
  endfacet
  facet normal -0 0 1
    outer loop
      vertex 111.731 385.801 19
      vertex 112.903 384.678 19
      vertex 111.947 385.993 19
    endloop
  endfacet
  facet normal -0 0 1
    outer loop
      vertex 111.509 385.609 19
      vertex 112.903 384.678 19
      vertex 111.731 385.801 19
    endloop
  endfacet
  facet normal 0 0 1
    outer loop
      vertex 112.903 384.678 19
      vertex 111.509 385.609 19
      vertex 112.405 384.25 19
    endloop
  endfacet
  facet normal -0 0 1
    outer loop
      vertex 111.279 385.417 19
      vertex 112.405 384.25 19
      vertex 111.509 385.609 19
    endloop
  endfacet
  facet normal -0 0 1
    outer loop
      vertex 111.043 385.224 19
      vertex 112.405 384.25 19
      vertex 111.279 385.417 19
    endloop
  endfacet
  facet normal 0 0 1
    outer loop
      vertex 112.405 384.25 19
      vertex 111.043 385.224 19
      vertex 111.847 383.782 19
    endloop
  endfacet
  facet normal -0 0 1
    outer loop
      vertex 110.8 385.032 19
      vertex 111.847 383.782 19
      vertex 111.043 385.224 19
    endloop
  endfacet
  facet normal -0 0 1
    outer loop
      vertex 110.553 384.838 19
      vertex 111.847 383.782 19
      vertex 110.8 385.032 19
    endloop
  endfacet
  facet normal 0 0 1
    outer loop
      vertex 111.847 383.782 19
      vertex 110.553 384.838 19
      vertex 111.229 383.274 19
    endloop
  endfacet
  facet normal -0 0 1
    outer loop
      vertex 110.306 384.639 19
      vertex 111.229 383.274 19
      vertex 110.553 384.838 19
    endloop
  endfacet
  facet normal -0 0 1
    outer loop
      vertex 110.058 384.435 19
      vertex 111.229 383.274 19
      vertex 110.306 384.639 19
    endloop
  endfacet
  facet normal 0 0 1
    outer loop
      vertex 111.229 383.274 19
      vertex 110.058 384.435 19
      vertex 110.883 382.987 19
    endloop
  endfacet
  facet normal -0 0 1
    outer loop
      vertex 109.809 384.226 19
      vertex 110.883 382.987 19
      vertex 110.058 384.435 19
    endloop
  endfacet
  facet normal -0 0 1
    outer loop
      vertex 109.56 384.013 19
      vertex 110.883 382.987 19
      vertex 109.809 384.226 19
    endloop
  endfacet
  facet normal 0 0 1
    outer loop
      vertex 110.883 382.987 19
      vertex 109.56 384.013 19
      vertex 110.557 382.708 19
    endloop
  endfacet
  facet normal -0 0 1
    outer loop
      vertex 109.309 383.795 19
      vertex 110.557 382.708 19
      vertex 109.56 384.013 19
    endloop
  endfacet
  facet normal 0 0 1
    outer loop
      vertex 110.557 382.708 19
      vertex 109.309 383.795 19
      vertex 110.253 382.437 19
    endloop
  endfacet
  facet normal -0 0 1
    outer loop
      vertex 109.059 383.573 19
      vertex 110.253 382.437 19
      vertex 109.309 383.795 19
    endloop
  endfacet
  facet normal 0 0 1
    outer loop
      vertex 110.253 382.437 19
      vertex 109.059 383.573 19
      vertex 109.969 382.174 19
    endloop
  endfacet
  facet normal -0 0 1
    outer loop
      vertex 108.809 383.344 19
      vertex 109.969 382.174 19
      vertex 109.059 383.573 19
    endloop
  endfacet
  facet normal 0 0 1
    outer loop
      vertex 109.969 382.174 19
      vertex 108.809 383.344 19
      vertex 109.706 381.92 19
    endloop
  endfacet
  facet normal -0 0 1
    outer loop
      vertex 108.563 383.108 19
      vertex 109.706 381.92 19
      vertex 108.809 383.344 19
    endloop
  endfacet
  facet normal -0 0 1
    outer loop
      vertex 108.32 382.865 19
      vertex 109.706 381.92 19
      vertex 108.563 383.108 19
    endloop
  endfacet
  facet normal 0 0 1
    outer loop
      vertex 109.706 381.92 19
      vertex 108.32 382.865 19
      vertex 109.464 381.674 19
    endloop
  endfacet
  facet normal -0 0 1
    outer loop
      vertex 108.081 382.614 19
      vertex 109.464 381.674 19
      vertex 108.32 382.865 19
    endloop
  endfacet
  facet normal 0 0 1
    outer loop
      vertex 109.464 381.674 19
      vertex 108.081 382.614 19
      vertex 109.243 381.435 19
    endloop
  endfacet
  facet normal -0 0 1
    outer loop
      vertex 107.845 382.355 19
      vertex 109.243 381.435 19
      vertex 108.081 382.614 19
    endloop
  endfacet
  facet normal 0 0 1
    outer loop
      vertex 109.243 381.435 19
      vertex 107.845 382.355 19
      vertex 109.041 381.203 19
    endloop
  endfacet
  facet normal -0 0 1
    outer loop
      vertex 107.612 382.089 19
      vertex 109.041 381.203 19
      vertex 107.845 382.355 19
    endloop
  endfacet
  facet normal 0 0 1
    outer loop
      vertex 109.041 381.203 19
      vertex 107.612 382.089 19
      vertex 108.855 380.972 19
    endloop
  endfacet
  facet normal -0 0 1
    outer loop
      vertex 107.382 381.815 19
      vertex 108.855 380.972 19
      vertex 107.612 382.089 19
    endloop
  endfacet
  facet normal 0 0 1
    outer loop
      vertex 108.855 380.972 19
      vertex 107.382 381.815 19
      vertex 108.687 380.744 19
    endloop
  endfacet
  facet normal -0 0 1
    outer loop
      vertex 107.16 381.532 19
      vertex 108.687 380.744 19
      vertex 107.382 381.815 19
    endloop
  endfacet
  facet normal -0 0 1
    outer loop
      vertex 108.18 379.857 19
      vertex 116.155 378.197 19
      vertex 116.155 379.857 19
    endloop
  endfacet
  facet normal 0 0 1
    outer loop
      vertex 108.687 380.744 19
      vertex 107.16 381.532 19
      vertex 108.535 380.519 19
    endloop
  endfacet
  facet normal -0 0 1
    outer loop
      vertex 106.947 381.236 19
      vertex 108.535 380.519 19
      vertex 107.16 381.532 19
    endloop
  endfacet
  facet normal 0 0 1
    outer loop
      vertex 108.535 380.519 19
      vertex 106.947 381.236 19
      vertex 108.4 380.296 19
    endloop
  endfacet
  facet normal 0 0 1
    outer loop
      vertex 108.4 380.296 19
      vertex 106.947 381.236 19
      vertex 108.281 380.075 19
    endloop
  endfacet
  facet normal -0 0 1
    outer loop
      vertex 106.744 380.928 19
      vertex 108.281 380.075 19
      vertex 106.947 381.236 19
    endloop
  endfacet
  facet normal 0 0 1
    outer loop
      vertex 108.281 380.075 19
      vertex 106.744 380.928 19
      vertex 108.18 379.857 19
    endloop
  endfacet
  facet normal -0 0 1
    outer loop
      vertex 106.551 380.608 19
      vertex 108.18 379.857 19
      vertex 106.744 380.928 19
    endloop
  endfacet
  facet normal -0 0 1
    outer loop
      vertex 106.368 380.276 19
      vertex 108.18 379.857 19
      vertex 106.551 380.608 19
    endloop
  endfacet
  facet normal -0 0 1
    outer loop
      vertex 106.195 379.931 19
      vertex 108.18 379.857 19
      vertex 106.368 380.276 19
    endloop
  endfacet
  facet normal 0 0 1
    outer loop
      vertex 106.032 379.575 19
      vertex 108.18 379.857 19
      vertex 106.195 379.931 19
    endloop
  endfacet
  facet normal 0 0 1
    outer loop
      vertex 108.18 379.857 19
      vertex 106.032 379.575 19
      vertex 106.032 378.197 19
    endloop
  endfacet
  facet normal 0 0 1
    outer loop
      vertex 108.18 379.857 19
      vertex 106.032 378.197 19
      vertex 116.155 378.197 19
    endloop
  endfacet
  facet normal -0 0 1
    outer loop
      vertex 74.5932 389.524 19
      vertex 76.6609 389.395 19
      vertex 76.6764 389.774 19
    endloop
  endfacet
  facet normal -0 0 1
    outer loop
      vertex 74.5759 389.863 19
      vertex 76.6764 389.774 19
      vertex 76.5666 390.758 19
    endloop
  endfacet
  facet normal 0 -0 1
    outer loop
      vertex 74.5932 389.524 19
      vertex 76.6764 389.774 19
      vertex 74.5759 389.863 19
    endloop
  endfacet
  facet normal -0 0 1
    outer loop
      vertex 74.5765 389.169 19
      vertex 76.6144 389.034 19
      vertex 74.5932 389.524 19
    endloop
  endfacet
  facet normal 0 0 1
    outer loop
      vertex 76.6144 389.034 19
      vertex 74.5765 389.169 19
      vertex 76.5369 388.691 19
    endloop
  endfacet
  facet normal 0 0 1
    outer loop
      vertex 74.4377 390.455 19
      vertex 76.5666 390.758 19
      vertex 76.2371 391.591 19
    endloop
  endfacet
  facet normal 0 0 1
    outer loop
      vertex 76.6609 389.395 19
      vertex 74.5932 389.524 19
      vertex 76.6144 389.034 19
    endloop
  endfacet
  facet normal 0 0 1
    outer loop
      vertex 76.5369 388.691 19
      vertex 74.5263 388.841 19
      vertex 76.4284 388.365 19
    endloop
  endfacet
  facet normal 0 0 1
    outer loop
      vertex 74.3168 390.707 19
      vertex 76.2371 391.591 19
      vertex 75.6879 392.273 19
    endloop
  endfacet
  facet normal -0 0 1
    outer loop
      vertex 74.5263 388.841 19
      vertex 76.5369 388.691 19
      vertex 74.5765 389.169 19
    endloop
  endfacet
  facet normal -0 0 1
    outer loop
      vertex 74.4427 388.54 19
      vertex 76.2889 388.057 19
      vertex 74.5263 388.841 19
    endloop
  endfacet
  facet normal 0 0 1
    outer loop
      vertex 76.2889 388.057 19
      vertex 74.4427 388.54 19
      vertex 76.1184 387.767 19
    endloop
  endfacet
  facet normal 0 0 1
    outer loop
      vertex 73.9714 391.126 19
      vertex 75.6879 392.273 19
      vertex 74.9191 392.803 19
    endloop
  endfacet
  facet normal 0 0 1
    outer loop
      vertex 76.1184 387.767 19
      vertex 74.4427 388.54 19
      vertex 75.9169 387.495 19
    endloop
  endfacet
  facet normal -0 0 1
    outer loop
      vertex 74.3257 388.266 19
      vertex 75.9169 387.495 19
      vertex 74.4427 388.54 19
    endloop
  endfacet
  facet normal 0 0 1
    outer loop
      vertex 76.4284 388.365 19
      vertex 74.5263 388.841 19
      vertex 76.2889 388.057 19
    endloop
  endfacet
  facet normal 0 0 1
    outer loop
      vertex 76.5666 390.758 19
      vertex 74.5241 390.173 19
      vertex 74.5759 389.863 19
    endloop
  endfacet
  facet normal 0 0 1
    outer loop
      vertex 76.5666 390.758 19
      vertex 74.4377 390.455 19
      vertex 74.5241 390.173 19
    endloop
  endfacet
  facet normal 0 0 1
    outer loop
      vertex 76.2371 391.591 19
      vertex 74.3168 390.707 19
      vertex 74.4377 390.455 19
    endloop
  endfacet
  facet normal 0 0 1
    outer loop
      vertex 75.6879 392.273 19
      vertex 74.1614 390.931 19
      vertex 74.3168 390.707 19
    endloop
  endfacet
  facet normal 0 0 1
    outer loop
      vertex 75.6879 392.273 19
      vertex 73.9714 391.126 19
      vertex 74.1614 390.931 19
    endloop
  endfacet
  facet normal 0 0 1
    outer loop
      vertex 73.7468 391.293 19
      vertex 74.9191 392.803 19
      vertex 73.9307 393.181 19
    endloop
  endfacet
  facet normal 0 0 1
    outer loop
      vertex 74.9191 392.803 19
      vertex 73.7468 391.293 19
      vertex 73.9714 391.126 19
    endloop
  endfacet
  facet normal 0 0 1
    outer loop
      vertex 73.9307 393.181 19
      vertex 73.4895 391.434 19
      vertex 73.7468 391.293 19
    endloop
  endfacet
  facet normal 0 0 1
    outer loop
      vertex 73.9307 393.181 19
      vertex 73.2012 391.553 19
      vertex 73.4895 391.434 19
    endloop
  endfacet
  facet normal 0 0 1
    outer loop
      vertex 73.9307 393.181 19
      vertex 72.882 391.651 19
      vertex 73.2012 391.553 19
    endloop
  endfacet
  facet normal 0 0 1
    outer loop
      vertex 72.7226 393.409 19
      vertex 72.882 391.651 19
      vertex 73.9307 393.181 19
    endloop
  endfacet
  facet normal 0 0 1
    outer loop
      vertex 72.7226 393.409 19
      vertex 72.5317 391.727 19
      vertex 72.882 391.651 19
    endloop
  endfacet
  facet normal 0 0 1
    outer loop
      vertex 72.7226 393.409 19
      vertex 72.1504 391.781 19
      vertex 72.5317 391.727 19
    endloop
  endfacet
  facet normal 0 0 1
    outer loop
      vertex 72.7226 393.409 19
      vertex 71.7381 391.813 19
      vertex 72.1504 391.781 19
    endloop
  endfacet
  facet normal 0 0 1
    outer loop
      vertex 71.2948 393.484 19
      vertex 71.7381 391.813 19
      vertex 72.7226 393.409 19
    endloop
  endfacet
  facet normal 0 0 1
    outer loop
      vertex 71.2948 393.484 19
      vertex 71.2948 391.824 19
      vertex 71.7381 391.813 19
    endloop
  endfacet
  facet normal 0 0 1
    outer loop
      vertex 71.2948 393.484 19
      vertex 67.8119 391.824 19
      vertex 71.2948 391.824 19
    endloop
  endfacet
  facet normal 0 0 1
    outer loop
      vertex 65.7396 393.484 19
      vertex 67.8119 386.985 19
      vertex 67.8119 391.824 19
    endloop
  endfacet
  facet normal 0 0 1
    outer loop
      vertex 67.8119 386.985 19
      vertex 65.7396 393.484 19
      vertex 67.8119 385.368 19
    endloop
  endfacet
  facet normal 0 0 1
    outer loop
      vertex 65.7396 378.197 19
      vertex 67.8119 385.368 19
      vertex 65.7396 393.484 19
    endloop
  endfacet
  facet normal -0 0 1
    outer loop
      vertex 65.7396 393.484 19
      vertex 67.8119 391.824 19
      vertex 71.2948 393.484 19
    endloop
  endfacet
  facet normal 0 0 1
    outer loop
      vertex 75.9169 387.495 19
      vertex 74.3257 388.266 19
      vertex 75.687 387.244 19
    endloop
  endfacet
  facet normal 0 0 1
    outer loop
      vertex 75.687 387.244 19
      vertex 74.3257 388.266 19
      vertex 75.4315 387.018 19
    endloop
  endfacet
  facet normal -0 0 1
    outer loop
      vertex 74.1752 388.02 19
      vertex 75.4315 387.018 19
      vertex 74.3257 388.266 19
    endloop
  endfacet
  facet normal 0 0 1
    outer loop
      vertex 75.4315 387.018 19
      vertex 74.1752 388.02 19
      vertex 75.1503 386.816 19
    endloop
  endfacet
  facet normal -0 0 1
    outer loop
      vertex 73.9913 387.801 19
      vertex 75.1503 386.816 19
      vertex 74.1752 388.02 19
    endloop
  endfacet
  facet normal 0 0 1
    outer loop
      vertex 75.1503 386.816 19
      vertex 73.9913 387.801 19
      vertex 74.8434 386.639 19
    endloop
  endfacet
  facet normal 0 0 1
    outer loop
      vertex 74.8434 386.639 19
      vertex 73.9913 387.801 19
      vertex 74.5108 386.488 19
    endloop
  endfacet
  facet normal -0 0 1
    outer loop
      vertex 73.774 387.609 19
      vertex 74.5108 386.488 19
      vertex 73.9913 387.801 19
    endloop
  endfacet
  facet normal 0 0 1
    outer loop
      vertex 74.5108 386.488 19
      vertex 73.774 387.609 19
      vertex 74.1525 386.361 19
    endloop
  endfacet
  facet normal -0 0 1
    outer loop
      vertex 73.5228 387.443 19
      vertex 74.1525 386.361 19
      vertex 73.774 387.609 19
    endloop
  endfacet
  facet normal 0 0 1
    outer loop
      vertex 74.1525 386.361 19
      vertex 73.5228 387.443 19
      vertex 73.7686 386.258 19
    endloop
  endfacet
  facet normal -0 0 1
    outer loop
      vertex 73.2373 387.303 19
      vertex 73.7686 386.258 19
      vertex 73.5228 387.443 19
    endloop
  endfacet
  facet normal -0 0 1
    outer loop
      vertex 72.9174 387.189 19
      vertex 73.7686 386.258 19
      vertex 73.2373 387.303 19
    endloop
  endfacet
  facet normal -0 0 1
    outer loop
      vertex 72.5632 387.1 19
      vertex 73.7686 386.258 19
      vertex 72.9174 387.189 19
    endloop
  endfacet
  facet normal 0 0 1
    outer loop
      vertex 73.7686 386.258 19
      vertex 72.682 385.313 19
      vertex 73.5345 385.148 19
    endloop
  endfacet
  facet normal 0 0 1
    outer loop
      vertex 73.7686 386.258 19
      vertex 72.5632 387.1 19
      vertex 72.682 385.313 19
    endloop
  endfacet
  facet normal -0 0 1
    outer loop
      vertex 72.1747 387.036 19
      vertex 72.682 385.313 19
      vertex 72.5632 387.1 19
    endloop
  endfacet
  facet normal 0 0 1
    outer loop
      vertex 71.6745 385.368 19
      vertex 72.1747 387.036 19
      vertex 71.7519 386.998 19
    endloop
  endfacet
  facet normal 0 0 1
    outer loop
      vertex 72.1747 387.036 19
      vertex 71.6745 385.368 19
      vertex 72.682 385.313 19
    endloop
  endfacet
  facet normal -0 0 1
    outer loop
      vertex 71.2948 386.985 19
      vertex 71.6745 385.368 19
      vertex 71.7519 386.998 19
    endloop
  endfacet
  facet normal 0 0 1
    outer loop
      vertex 67.8119 385.368 19
      vertex 71.2948 386.985 19
      vertex 67.8119 386.985 19
    endloop
  endfacet
  facet normal 0 0 1
    outer loop
      vertex 71.2948 386.985 19
      vertex 67.8119 385.368 19
      vertex 71.6745 385.368 19
    endloop
  endfacet
  facet normal 0 0 1
    outer loop
      vertex 77.4854 383.335 19
      vertex 75.3944 383.384 19
      vertex 75.4719 382.667 19
    endloop
  endfacet
  facet normal 0 0 1
    outer loop
      vertex 74.7744 384.486 19
      vertex 75.5789 385.753 19
      vertex 75.1775 385.928 19
    endloop
  endfacet
  facet normal 0 0 1
    outer loop
      vertex 75.9462 385.547 19
      vertex 75.1619 383.99 19
      vertex 75.3944 383.384 19
    endloop
  endfacet
  facet normal 0 0 1
    outer loop
      vertex 75.9462 385.547 19
      vertex 74.7744 384.486 19
      vertex 75.1619 383.99 19
    endloop
  endfacet
  facet normal 0 0 1
    outer loop
      vertex 74.2319 384.872 19
      vertex 75.1775 385.928 19
      vertex 74.7419 386.07 19
    endloop
  endfacet
  facet normal 0 0 1
    outer loop
      vertex 74.2319 384.872 19
      vertex 74.7419 386.07 19
      vertex 74.2723 386.18 19
    endloop
  endfacet
  facet normal 0 0 1
    outer loop
      vertex 75.1775 385.928 19
      vertex 74.2319 384.872 19
      vertex 74.7744 384.486 19
    endloop
  endfacet
  facet normal 0 0 1
    outer loop
      vertex 73.5345 385.148 19
      vertex 74.2723 386.18 19
      vertex 73.7686 386.258 19
    endloop
  endfacet
  facet normal 0 0 1
    outer loop
      vertex 74.2723 386.18 19
      vertex 73.5345 385.148 19
      vertex 74.2319 384.872 19
    endloop
  endfacet
  facet normal -0 0 1
    outer loop
      vertex 75.4719 382.667 19
      vertex 77.566 382.504 19
      vertex 77.5459 382.931 19
    endloop
  endfacet
  facet normal 0 0 1
    outer loop
      vertex 75.4719 382.667 19
      vertex 77.5459 382.931 19
      vertex 77.4854 383.335 19
    endloop
  endfacet
  facet normal 0 0 1
    outer loop
      vertex 75.4542 382.281 19
      vertex 77.566 382.504 19
      vertex 75.4719 382.667 19
    endloop
  endfacet
  facet normal -0 0 1
    outer loop
      vertex 75.3944 383.384 19
      vertex 77.4854 383.335 19
      vertex 77.3847 383.719 19
    endloop
  endfacet
  facet normal 0 0 1
    outer loop
      vertex 77.566 382.504 19
      vertex 75.4542 382.281 19
      vertex 77.5357 381.94 19
    endloop
  endfacet
  facet normal 0 0 1
    outer loop
      vertex 75.3944 383.384 19
      vertex 77.3847 383.719 19
      vertex 77.2436 384.081 19
    endloop
  endfacet
  facet normal 0 0 1
    outer loop
      vertex 75.4011 381.924 19
      vertex 77.5357 381.94 19
      vertex 75.4542 382.281 19
    endloop
  endfacet
  facet normal 0 0 1
    outer loop
      vertex 75.3944 383.384 19
      vertex 77.2436 384.081 19
      vertex 77.0622 384.421 19
    endloop
  endfacet
  facet normal 0 0 1
    outer loop
      vertex 75.3944 383.384 19
      vertex 77.0622 384.421 19
      vertex 76.8406 384.74 19
    endloop
  endfacet
  facet normal 0 0 1
    outer loop
      vertex 77.5357 381.94 19
      vertex 75.4011 381.924 19
      vertex 77.4447 381.413 19
    endloop
  endfacet
  facet normal 0 0 1
    outer loop
      vertex 75.3944 383.384 19
      vertex 76.8406 384.74 19
      vertex 76.5786 385.037 19
    endloop
  endfacet
  facet normal 0 0 1
    outer loop
      vertex 77.4447 381.413 19
      vertex 75.4011 381.924 19
      vertex 77.293 380.922 19
    endloop
  endfacet
  facet normal 0 0 1
    outer loop
      vertex 75.3944 383.384 19
      vertex 76.5786 385.037 19
      vertex 76.2795 385.308 19
    endloop
  endfacet
  facet normal -0 0 1
    outer loop
      vertex 75.3125 381.595 19
      vertex 77.293 380.922 19
      vertex 75.4011 381.924 19
    endloop
  endfacet
  facet normal 0 0 1
    outer loop
      vertex 75.3944 383.384 19
      vertex 76.2795 385.308 19
      vertex 75.9462 385.547 19
    endloop
  endfacet
  facet normal 0 0 1
    outer loop
      vertex 77.293 380.922 19
      vertex 75.3125 381.595 19
      vertex 77.0806 380.469 19
    endloop
  endfacet
  facet normal 0 0 1
    outer loop
      vertex 74.7744 384.486 19
      vertex 75.9462 385.547 19
      vertex 75.5789 385.753 19
    endloop
  endfacet
  facet normal -0 0 1
    outer loop
      vertex 75.1885 381.294 19
      vertex 77.0806 380.469 19
      vertex 75.3125 381.595 19
    endloop
  endfacet
  facet normal 0 0 1
    outer loop
      vertex 77.0806 380.469 19
      vertex 75.1885 381.294 19
      vertex 76.8076 380.052 19
    endloop
  endfacet
  facet normal -0 0 1
    outer loop
      vertex 75.0291 381.022 19
      vertex 76.8076 380.052 19
      vertex 75.1885 381.294 19
    endloop
  endfacet
  facet normal 0 0 1
    outer loop
      vertex 76.8076 380.052 19
      vertex 75.0291 381.022 19
      vertex 76.474 379.673 19
    endloop
  endfacet
  facet normal -0 0 1
    outer loop
      vertex 74.8342 380.778 19
      vertex 76.474 379.673 19
      vertex 75.0291 381.022 19
    endloop
  endfacet
  facet normal 0 0 1
    outer loop
      vertex 76.474 379.673 19
      vertex 74.8342 380.778 19
      vertex 76.0796 379.33 19
    endloop
  endfacet
  facet normal -0 0 1
    outer loop
      vertex 74.6039 380.562 19
      vertex 76.0796 379.33 19
      vertex 74.8342 380.778 19
    endloop
  endfacet
  facet normal 0 0 1
    outer loop
      vertex 76.0796 379.33 19
      vertex 74.6039 380.562 19
      vertex 75.6312 379.03 19
    endloop
  endfacet
  facet normal -0 0 1
    outer loop
      vertex 74.3349 380.375 19
      vertex 75.6312 379.03 19
      vertex 74.6039 380.562 19
    endloop
  endfacet
  facet normal 0 0 1
    outer loop
      vertex 75.6312 379.03 19
      vertex 74.3349 380.375 19
      vertex 75.1355 378.775 19
    endloop
  endfacet
  facet normal -0 0 1
    outer loop
      vertex 74.0238 380.217 19
      vertex 75.1355 378.775 19
      vertex 74.3349 380.375 19
    endloop
  endfacet
  facet normal 0 0 1
    outer loop
      vertex 75.1355 378.775 19
      vertex 74.0238 380.217 19
      vertex 74.5923 378.567 19
    endloop
  endfacet
  facet normal -0 0 1
    outer loop
      vertex 73.6706 380.087 19
      vertex 74.5923 378.567 19
      vertex 74.0238 380.217 19
    endloop
  endfacet
  facet normal 0 0 1
    outer loop
      vertex 74.5923 378.567 19
      vertex 73.6706 380.087 19
      vertex 74.0017 378.405 19
    endloop
  endfacet
  facet normal -0 0 1
    outer loop
      vertex 73.2754 379.986 19
      vertex 74.0017 378.405 19
      vertex 73.6706 380.087 19
    endloop
  endfacet
  facet normal 0 0 1
    outer loop
      vertex 74.0017 378.405 19
      vertex 73.2754 379.986 19
      vertex 73.3638 378.289 19
    endloop
  endfacet
  facet normal -0 0 1
    outer loop
      vertex 72.838 379.914 19
      vertex 73.3638 378.289 19
      vertex 73.2754 379.986 19
    endloop
  endfacet
  facet normal 0 0 1
    outer loop
      vertex 72.838 379.914 19
      vertex 72.6784 378.22 19
      vertex 73.3638 378.289 19
    endloop
  endfacet
  facet normal -0 0 1
    outer loop
      vertex 72.3587 379.871 19
      vertex 72.6784 378.22 19
      vertex 72.838 379.914 19
    endloop
  endfacet
  facet normal 0 0 1
    outer loop
      vertex 72.3587 379.871 19
      vertex 71.9457 378.197 19
      vertex 72.6784 378.22 19
    endloop
  endfacet
  facet normal -0 0 1
    outer loop
      vertex 71.8372 379.857 19
      vertex 71.9457 378.197 19
      vertex 72.3587 379.871 19
    endloop
  endfacet
  facet normal -0 0 1
    outer loop
      vertex 67.8119 379.857 19
      vertex 71.9457 378.197 19
      vertex 71.8372 379.857 19
    endloop
  endfacet
  facet normal 0 0 1
    outer loop
      vertex 67.8119 379.857 19
      vertex 65.7396 378.197 19
      vertex 71.9457 378.197 19
    endloop
  endfacet
  facet normal 0 0 1
    outer loop
      vertex 67.8119 385.368 19
      vertex 65.7396 378.197 19
      vertex 67.8119 379.857 19
    endloop
  endfacet
  facet normal -0 0 1
    outer loop
      vertex 79.3788 384.967 19
      vertex 84.8037 383.231 19
      vertex 84.8037 384.967 19
    endloop
  endfacet
  facet normal 0 0 1
    outer loop
      vertex 84.8037 383.231 19
      vertex 79.3788 384.967 19
      vertex 79.3788 383.231 19
    endloop
  endfacet
  facet normal -0 0 1
    outer loop
      vertex 98.6747 384.967 19
      vertex 104.1 383.231 19
      vertex 104.1 384.967 19
    endloop
  endfacet
  facet normal 0 0 1
    outer loop
      vertex 104.1 383.231 19
      vertex 98.6747 384.967 19
      vertex 98.6747 383.231 19
    endloop
  endfacet
  facet normal -0.179399 0.983776 0
    outer loop
      vertex 93.1717 378.144 19
      vertex 92.4972 378.021 20
      vertex 93.1717 378.144 20
    endloop
  endfacet
  facet normal -0.179399 0.983776 0
    outer loop
      vertex 92.4972 378.021 20
      vertex 93.1717 378.144 19
      vertex 92.4972 378.021 19
    endloop
  endfacet
  facet normal -0.31435 0.949307 0
    outer loop
      vertex 93.7938 378.35 19
      vertex 93.1717 378.144 20
      vertex 93.7938 378.35 20
    endloop
  endfacet
  facet normal -0.31435 0.949307 0
    outer loop
      vertex 93.1717 378.144 20
      vertex 93.7938 378.35 19
      vertex 93.1717 378.144 19
    endloop
  endfacet
  facet normal -0.452466 0.891781 0
    outer loop
      vertex 94.3634 378.639 19
      vertex 93.7938 378.35 20
      vertex 94.3634 378.639 20
    endloop
  endfacet
  facet normal -0.452466 0.891781 0
    outer loop
      vertex 93.7938 378.35 20
      vertex 94.3634 378.639 19
      vertex 93.7938 378.35 19
    endloop
  endfacet
  facet normal -0.581907 0.813255 0
    outer loop
      vertex 94.8805 379.009 19
      vertex 94.3634 378.639 20
      vertex 94.8805 379.009 20
    endloop
  endfacet
  facet normal -0.581907 0.813255 0
    outer loop
      vertex 94.3634 378.639 20
      vertex 94.8805 379.009 19
      vertex 94.3634 378.639 19
    endloop
  endfacet
  facet normal -0.698035 0.716064 0
    outer loop
      vertex 95.3452 379.462 19
      vertex 94.8805 379.009 20
      vertex 95.3452 379.462 20
    endloop
  endfacet
  facet normal -0.698035 0.716064 0
    outer loop
      vertex 94.8805 379.009 20
      vertex 95.3452 379.462 19
      vertex 94.8805 379.009 19
    endloop
  endfacet
  facet normal -0.792772 0.609518 0
    outer loop
      vertex 95.3452 379.462 19
      vertex 95.7573 379.998 20
      vertex 95.7573 379.998 19
    endloop
  endfacet
  facet normal -0.792772 0.609518 0
    outer loop
      vertex 95.7573 379.998 20
      vertex 95.3452 379.462 19
      vertex 95.3452 379.462 20
    endloop
  endfacet
  facet normal -0.863278 0.504729 0
    outer loop
      vertex 95.7573 379.998 19
      vertex 96.1157 380.611 20
      vertex 96.1157 380.611 19
    endloop
  endfacet
  facet normal -0.863278 0.504729 0
    outer loop
      vertex 96.1157 380.611 20
      vertex 95.7573 379.998 19
      vertex 95.7573 379.998 20
    endloop
  endfacet
  facet normal -0.91503 0.403385 0
    outer loop
      vertex 96.1157 380.611 19
      vertex 96.419 381.299 20
      vertex 96.419 381.299 19
    endloop
  endfacet
  facet normal -0.91503 0.403385 0
    outer loop
      vertex 96.419 381.299 20
      vertex 96.1157 380.611 19
      vertex 96.1157 380.611 20
    endloop
  endfacet
  facet normal -0.950749 0.309962 0
    outer loop
      vertex 96.419 381.299 19
      vertex 96.6671 382.06 20
      vertex 96.6671 382.06 19
    endloop
  endfacet
  facet normal -0.950749 0.309962 0
    outer loop
      vertex 96.6671 382.06 20
      vertex 96.419 381.299 19
      vertex 96.419 381.299 20
    endloop
  endfacet
  facet normal -0.974372 0.224945 0
    outer loop
      vertex 96.6671 382.06 19
      vertex 96.8601 382.896 20
      vertex 96.8601 382.896 19
    endloop
  endfacet
  facet normal -0.974372 0.224945 0
    outer loop
      vertex 96.8601 382.896 20
      vertex 96.6671 382.06 19
      vertex 96.6671 382.06 20
    endloop
  endfacet
  facet normal -0.988704 0.149883 0
    outer loop
      vertex 96.8601 382.896 19
      vertex 96.9979 383.805 20
      vertex 96.9979 383.805 19
    endloop
  endfacet
  facet normal -0.988704 0.149883 0
    outer loop
      vertex 96.9979 383.805 20
      vertex 96.8601 382.896 19
      vertex 96.8601 382.896 20
    endloop
  endfacet
  facet normal -0.996487 0.0837495 0
    outer loop
      vertex 96.9979 383.805 19
      vertex 97.0806 384.789 20
      vertex 97.0806 384.789 19
    endloop
  endfacet
  facet normal -0.996487 0.0837495 0
    outer loop
      vertex 97.0806 384.789 20
      vertex 96.9979 383.805 19
      vertex 96.9979 383.805 20
    endloop
  endfacet
  facet normal -0.999659 0.0261027 0
    outer loop
      vertex 97.0806 384.789 19
      vertex 97.1082 385.846 20
      vertex 97.1082 385.846 19
    endloop
  endfacet
  facet normal -0.999659 0.0261027 0
    outer loop
      vertex 97.1082 385.846 20
      vertex 97.0806 384.789 19
      vertex 97.0806 384.789 20
    endloop
  endfacet
  facet normal -0.999703 -0.0243875 0
    outer loop
      vertex 97.1082 385.846 19
      vertex 97.082 386.92 20
      vertex 97.082 386.92 19
    endloop
  endfacet
  facet normal -0.999703 -0.0243875 0
    outer loop
      vertex 97.082 386.92 20
      vertex 97.1082 385.846 19
      vertex 97.1082 385.846 20
    endloop
  endfacet
  facet normal -0.996885 -0.07887 0
    outer loop
      vertex 97.082 386.92 19
      vertex 97.0032 387.916 20
      vertex 97.0032 387.916 19
    endloop
  endfacet
  facet normal -0.996885 -0.07887 0
    outer loop
      vertex 97.0032 387.916 20
      vertex 97.082 386.92 19
      vertex 97.082 386.92 20
    endloop
  endfacet
  facet normal -0.989941 -0.141482 0
    outer loop
      vertex 97.0032 387.916 19
      vertex 96.872 388.834 20
      vertex 96.872 388.834 19
    endloop
  endfacet
  facet normal -0.989941 -0.141482 0
    outer loop
      vertex 96.872 388.834 20
      vertex 97.0032 387.916 19
      vertex 97.0032 387.916 20
    endloop
  endfacet
  facet normal -0.976936 -0.21353 0
    outer loop
      vertex 96.872 388.834 19
      vertex 96.6884 389.674 20
      vertex 96.6884 389.674 19
    endloop
  endfacet
  facet normal -0.976936 -0.21353 0
    outer loop
      vertex 96.6884 389.674 20
      vertex 96.872 388.834 19
      vertex 96.872 388.834 20
    endloop
  endfacet
  facet normal -0.955164 -0.296076 0
    outer loop
      vertex 96.6884 389.674 19
      vertex 96.4522 390.436 20
      vertex 96.4522 390.436 19
    endloop
  endfacet
  facet normal -0.955164 -0.296076 0
    outer loop
      vertex 96.4522 390.436 20
      vertex 96.6884 389.674 19
      vertex 96.6884 389.674 20
    endloop
  endfacet
  facet normal -0.921346 -0.388743 0
    outer loop
      vertex 96.4522 390.436 19
      vertex 96.1636 391.12 20
      vertex 96.1636 391.12 19
    endloop
  endfacet
  facet normal -0.921346 -0.388743 0
    outer loop
      vertex 96.1636 391.12 20
      vertex 96.4522 390.436 19
      vertex 96.4522 390.436 20
    endloop
  endfacet
  facet normal -0.871721 -0.490002 0
    outer loop
      vertex 96.1636 391.12 19
      vertex 95.8224 391.727 20
      vertex 95.8224 391.727 19
    endloop
  endfacet
  facet normal -0.871721 -0.490002 0
    outer loop
      vertex 95.8224 391.727 20
      vertex 96.1636 391.12 19
      vertex 96.1636 391.12 20
    endloop
  endfacet
  facet normal -0.798759 -0.601651 0
    outer loop
      vertex 95.8224 391.727 19
      vertex 95.4262 392.253 20
      vertex 95.4262 392.253 19
    endloop
  endfacet
  facet normal -0.798759 -0.601651 0
    outer loop
      vertex 95.4262 392.253 20
      vertex 95.8224 391.727 19
      vertex 95.8224 391.727 20
    endloop
  endfacet
  facet normal -0.700794 -0.713364 0
    outer loop
      vertex 94.9722 392.699 19
      vertex 95.4262 392.253 20
      vertex 94.9722 392.699 20
    endloop
  endfacet
  facet normal -0.700794 -0.713364 -0
    outer loop
      vertex 95.4262 392.253 20
      vertex 94.9722 392.699 19
      vertex 95.4262 392.253 19
    endloop
  endfacet
  facet normal -0.580636 -0.814163 0
    outer loop
      vertex 94.4604 393.064 19
      vertex 94.9722 392.699 20
      vertex 94.4604 393.064 20
    endloop
  endfacet
  facet normal -0.580636 -0.814163 -0
    outer loop
      vertex 94.9722 392.699 20
      vertex 94.4604 393.064 19
      vertex 94.9722 392.699 19
    endloop
  endfacet
  facet normal -0.444948 -0.895556 0
    outer loop
      vertex 93.8908 393.347 19
      vertex 94.4604 393.064 20
      vertex 93.8908 393.347 20
    endloop
  endfacet
  facet normal -0.444948 -0.895556 -0
    outer loop
      vertex 94.4604 393.064 20
      vertex 93.8908 393.347 19
      vertex 94.4604 393.064 19
    endloop
  endfacet
  facet normal -0.307845 -0.951437 0
    outer loop
      vertex 93.2634 393.55 19
      vertex 93.8908 393.347 20
      vertex 93.2634 393.55 20
    endloop
  endfacet
  facet normal -0.307845 -0.951437 -0
    outer loop
      vertex 93.8908 393.347 20
      vertex 93.2634 393.55 19
      vertex 93.8908 393.347 19
    endloop
  endfacet
  facet normal -0.175293 -0.984516 0
    outer loop
      vertex 92.5782 393.672 19
      vertex 93.2634 393.55 20
      vertex 92.5782 393.672 20
    endloop
  endfacet
  facet normal -0.175293 -0.984516 -0
    outer loop
      vertex 93.2634 393.55 20
      vertex 92.5782 393.672 19
      vertex 93.2634 393.55 19
    endloop
  endfacet
  facet normal -0.053758 -0.998554 0
    outer loop
      vertex 91.8352 393.712 19
      vertex 92.5782 393.672 20
      vertex 91.8352 393.712 20
    endloop
  endfacet
  facet normal -0.053758 -0.998554 -0
    outer loop
      vertex 92.5782 393.672 20
      vertex 91.8352 393.712 19
      vertex 92.5782 393.672 19
    endloop
  endfacet
  facet normal 0.0523459 -0.998629 0
    outer loop
      vertex 91.0721 393.672 19
      vertex 91.8352 393.712 20
      vertex 91.0721 393.672 20
    endloop
  endfacet
  facet normal 0.0523459 -0.998629 0
    outer loop
      vertex 91.8352 393.712 20
      vertex 91.0721 393.672 19
      vertex 91.8352 393.712 19
    endloop
  endfacet
  facet normal 0.168426 -0.985714 0
    outer loop
      vertex 90.3698 393.552 19
      vertex 91.0721 393.672 20
      vertex 90.3698 393.552 20
    endloop
  endfacet
  facet normal 0.168426 -0.985714 0
    outer loop
      vertex 91.0721 393.672 20
      vertex 90.3698 393.552 19
      vertex 91.0721 393.672 19
    endloop
  endfacet
  facet normal 0.29908 -0.954228 0
    outer loop
      vertex 89.7285 393.351 19
      vertex 90.3698 393.552 20
      vertex 89.7285 393.351 20
    endloop
  endfacet
  facet normal 0.29908 -0.954228 0
    outer loop
      vertex 90.3698 393.552 20
      vertex 89.7285 393.351 19
      vertex 90.3698 393.552 19
    endloop
  endfacet
  facet normal 0.434445 -0.900698 0
    outer loop
      vertex 89.148 393.071 19
      vertex 89.7285 393.351 20
      vertex 89.148 393.071 20
    endloop
  endfacet
  facet normal 0.434445 -0.900698 0
    outer loop
      vertex 89.7285 393.351 20
      vertex 89.148 393.071 19
      vertex 89.7285 393.351 19
    endloop
  endfacet
  facet normal 0.570574 -0.821247 0
    outer loop
      vertex 88.6284 392.71 19
      vertex 89.148 393.071 20
      vertex 88.6284 392.71 20
    endloop
  endfacet
  facet normal 0.570574 -0.821247 0
    outer loop
      vertex 89.148 393.071 20
      vertex 88.6284 392.71 19
      vertex 89.148 393.071 19
    endloop
  endfacet
  facet normal 0.693062 -0.720878 0
    outer loop
      vertex 88.1697 392.269 19
      vertex 88.6284 392.71 20
      vertex 88.1697 392.269 20
    endloop
  endfacet
  facet normal 0.693062 -0.720878 0
    outer loop
      vertex 88.6284 392.71 20
      vertex 88.1697 392.269 19
      vertex 88.6284 392.71 19
    endloop
  endfacet
  facet normal 0.794808 -0.606861 0
    outer loop
      vertex 87.7719 391.748 20
      vertex 88.1697 392.269 19
      vertex 88.1697 392.269 20
    endloop
  endfacet
  facet normal 0.794808 -0.606861 0
    outer loop
      vertex 88.1697 392.269 19
      vertex 87.7719 391.748 20
      vertex 87.7719 391.748 19
    endloop
  endfacet
  facet normal 0.869691 -0.493597 0
    outer loop
      vertex 87.4308 391.147 20
      vertex 87.7719 391.748 19
      vertex 87.7719 391.748 20
    endloop
  endfacet
  facet normal 0.869691 -0.493597 0
    outer loop
      vertex 87.7719 391.748 19
      vertex 87.4308 391.147 20
      vertex 87.4308 391.147 19
    endloop
  endfacet
  facet normal 0.920889 -0.389825 0
    outer loop
      vertex 87.1421 390.465 20
      vertex 87.4308 391.147 19
      vertex 87.4308 391.147 20
    endloop
  endfacet
  facet normal 0.920889 -0.389825 0
    outer loop
      vertex 87.4308 391.147 19
      vertex 87.1421 390.465 20
      vertex 87.1421 390.465 19
    endloop
  endfacet
  facet normal 0.955309 -0.295608 0
    outer loop
      vertex 86.906 389.702 20
      vertex 87.1421 390.465 19
      vertex 87.1421 390.465 20
    endloop
  endfacet
  facet normal 0.955309 -0.295608 0
    outer loop
      vertex 87.1421 390.465 19
      vertex 86.906 389.702 20
      vertex 86.906 389.702 19
    endloop
  endfacet
  facet normal 0.977071 -0.212916 0
    outer loop
      vertex 86.7223 388.859 20
      vertex 86.906 389.702 19
      vertex 86.906 389.702 20
    endloop
  endfacet
  facet normal 0.977071 -0.212916 0
    outer loop
      vertex 86.906 389.702 19
      vertex 86.7223 388.859 20
      vertex 86.7223 388.859 19
    endloop
  endfacet
  facet normal 0.990069 -0.140581 0
    outer loop
      vertex 86.5911 387.935 20
      vertex 86.7223 388.859 19
      vertex 86.7223 388.859 20
    endloop
  endfacet
  facet normal 0.990069 -0.140581 0
    outer loop
      vertex 86.7223 388.859 19
      vertex 86.5911 387.935 20
      vertex 86.5911 387.935 19
    endloop
  endfacet
  facet normal 0.996942 -0.0781467 0
    outer loop
      vertex 86.5124 386.931 20
      vertex 86.5911 387.935 19
      vertex 86.5911 387.935 20
    endloop
  endfacet
  facet normal 0.996942 -0.0781467 0
    outer loop
      vertex 86.5911 387.935 19
      vertex 86.5124 386.931 20
      vertex 86.5124 386.931 19
    endloop
  endfacet
  facet normal 0.999706 -0.0242325 0
    outer loop
      vertex 86.4861 385.846 20
      vertex 86.5124 386.931 19
      vertex 86.5124 386.931 20
    endloop
  endfacet
  facet normal 0.999706 -0.0242325 0
    outer loop
      vertex 86.5124 386.931 19
      vertex 86.4861 385.846 20
      vertex 86.4861 385.846 19
    endloop
  endfacet
  facet normal 0.999678 0.0253916 0
    outer loop
      vertex 86.5131 384.783 20
      vertex 86.4861 385.846 19
      vertex 86.4861 385.846 20
    endloop
  endfacet
  facet normal 0.999678 0.0253916 0
    outer loop
      vertex 86.4861 385.846 19
      vertex 86.5131 384.783 20
      vertex 86.5131 384.783 19
    endloop
  endfacet
  facet normal 0.996648 0.0818099 0
    outer loop
      vertex 86.5942 383.795 20
      vertex 86.5131 384.783 19
      vertex 86.5131 384.783 20
    endloop
  endfacet
  facet normal 0.996648 0.0818099 0
    outer loop
      vertex 86.5131 384.783 19
      vertex 86.5942 383.795 20
      vertex 86.5942 383.795 19
    endloop
  endfacet
  facet normal 0.989221 0.146431 0
    outer loop
      vertex 86.7292 382.883 20
      vertex 86.5942 383.795 19
      vertex 86.5942 383.795 20
    endloop
  endfacet
  facet normal 0.989221 0.146431 0
    outer loop
      vertex 86.5942 383.795 19
      vertex 86.7292 382.883 20
      vertex 86.7292 382.883 19
    endloop
  endfacet
  facet normal 0.975391 0.220483 0
    outer loop
      vertex 86.9184 382.046 20
      vertex 86.7292 382.883 19
      vertex 86.7292 382.883 20
    endloop
  endfacet
  facet normal 0.975391 0.220483 0
    outer loop
      vertex 86.7292 382.883 19
      vertex 86.9184 382.046 20
      vertex 86.9184 382.046 19
    endloop
  endfacet
  facet normal 0.952692 0.303936 0
    outer loop
      vertex 87.1615 381.284 20
      vertex 86.9184 382.046 19
      vertex 86.9184 382.046 20
    endloop
  endfacet
  facet normal 0.952692 0.303936 0
    outer loop
      vertex 86.9184 382.046 19
      vertex 87.1615 381.284 20
      vertex 87.1615 381.284 19
    endloop
  endfacet
  facet normal 0.917637 0.39742 0
    outer loop
      vertex 87.4586 380.598 20
      vertex 87.1615 381.284 19
      vertex 87.1615 381.284 20
    endloop
  endfacet
  facet normal 0.917637 0.39742 0
    outer loop
      vertex 87.1615 381.284 19
      vertex 87.4586 380.598 20
      vertex 87.4586 380.598 19
    endloop
  endfacet
  facet normal 0.866983 0.498338 0
    outer loop
      vertex 87.8098 379.987 20
      vertex 87.4586 380.598 19
      vertex 87.4586 380.598 20
    endloop
  endfacet
  facet normal 0.866983 0.498338 0
    outer loop
      vertex 87.4586 380.598 19
      vertex 87.8098 379.987 20
      vertex 87.8098 379.987 19
    endloop
  endfacet
  facet normal 0.79622 0.605008 0
    outer loop
      vertex 88.2148 379.454 20
      vertex 87.8098 379.987 19
      vertex 87.8098 379.987 20
    endloop
  endfacet
  facet normal 0.79622 0.605008 0
    outer loop
      vertex 87.8098 379.987 19
      vertex 88.2148 379.454 20
      vertex 88.2148 379.454 19
    endloop
  endfacet
  facet normal 0.700383 0.713768 -0
    outer loop
      vertex 88.6734 379.004 19
      vertex 88.2148 379.454 20
      vertex 88.6734 379.004 20
    endloop
  endfacet
  facet normal 0.700383 0.713768 0
    outer loop
      vertex 88.2148 379.454 20
      vertex 88.6734 379.004 19
      vertex 88.2148 379.454 19
    endloop
  endfacet
  facet normal 0.584605 0.811318 -0
    outer loop
      vertex 89.1855 378.635 19
      vertex 88.6734 379.004 20
      vertex 89.1855 378.635 20
    endloop
  endfacet
  facet normal 0.584605 0.811318 0
    outer loop
      vertex 88.6734 379.004 20
      vertex 89.1855 378.635 19
      vertex 88.6734 379.004 19
    endloop
  endfacet
  facet normal 0.452376 0.891827 -0
    outer loop
      vertex 89.7513 378.348 19
      vertex 89.1855 378.635 20
      vertex 89.7513 378.348 20
    endloop
  endfacet
  facet normal 0.452376 0.891827 0
    outer loop
      vertex 89.1855 378.635 20
      vertex 89.7513 378.348 19
      vertex 89.1855 378.635 19
    endloop
  endfacet
  facet normal 0.312821 0.949812 -0
    outer loop
      vertex 90.3707 378.144 19
      vertex 89.7513 378.348 20
      vertex 90.3707 378.144 20
    endloop
  endfacet
  facet normal 0.312821 0.949812 0
    outer loop
      vertex 89.7513 378.348 20
      vertex 90.3707 378.144 19
      vertex 89.7513 378.348 19
    endloop
  endfacet
  facet normal 0.179812 0.983701 -0
    outer loop
      vertex 91.0436 378.021 19
      vertex 90.3707 378.144 20
      vertex 91.0436 378.021 20
    endloop
  endfacet
  facet normal 0.179812 0.983701 0
    outer loop
      vertex 90.3707 378.144 20
      vertex 91.0436 378.021 19
      vertex 90.3707 378.144 19
    endloop
  endfacet
  facet normal 0.0563453 0.998411 -0
    outer loop
      vertex 91.7701 377.98 19
      vertex 91.0436 378.021 20
      vertex 91.7701 377.98 20
    endloop
  endfacet
  facet normal 0.0563453 0.998411 0
    outer loop
      vertex 91.0436 378.021 20
      vertex 91.7701 377.98 19
      vertex 91.0436 378.021 19
    endloop
  endfacet
  facet normal -0.056299 0.998414 0
    outer loop
      vertex 92.4972 378.021 19
      vertex 91.7701 377.98 20
      vertex 92.4972 378.021 20
    endloop
  endfacet
  facet normal -0.056299 0.998414 0
    outer loop
      vertex 91.7701 377.98 20
      vertex 92.4972 378.021 19
      vertex 91.7701 377.98 19
    endloop
  endfacet
  facet normal -0.207427 -0.978251 0
    outer loop
      vertex 90.8763 379.698 19
      vertex 91.3149 379.605 20
      vertex 90.8763 379.698 20
    endloop
  endfacet
  facet normal -0.207427 -0.978251 -0
    outer loop
      vertex 91.3149 379.605 20
      vertex 90.8763 379.698 19
      vertex 91.3149 379.605 19
    endloop
  endfacet
  facet normal -0.359135 -0.933285 0
    outer loop
      vertex 90.4761 379.852 19
      vertex 90.8763 379.698 20
      vertex 90.4761 379.852 20
    endloop
  endfacet
  facet normal -0.359135 -0.933285 -0
    outer loop
      vertex 90.8763 379.698 20
      vertex 90.4761 379.852 19
      vertex 90.8763 379.698 19
    endloop
  endfacet
  facet normal -0.510753 -0.859728 0
    outer loop
      vertex 90.1142 380.067 19
      vertex 90.4761 379.852 20
      vertex 90.1142 380.067 20
    endloop
  endfacet
  facet normal -0.510753 -0.859728 -0
    outer loop
      vertex 90.4761 379.852 20
      vertex 90.1142 380.067 19
      vertex 90.4761 379.852 19
    endloop
  endfacet
  facet normal -0.650289 -0.759687 0
    outer loop
      vertex 89.7906 380.344 19
      vertex 90.1142 380.067 20
      vertex 89.7906 380.344 20
    endloop
  endfacet
  facet normal -0.650289 -0.759687 -0
    outer loop
      vertex 90.1142 380.067 20
      vertex 89.7906 380.344 19
      vertex 90.1142 380.067 19
    endloop
  endfacet
  facet normal -0.765104 -0.643906 0
    outer loop
      vertex 89.7906 380.344 19
      vertex 89.5053 380.683 20
      vertex 89.5053 380.683 19
    endloop
  endfacet
  facet normal -0.765104 -0.643906 0
    outer loop
      vertex 89.5053 380.683 20
      vertex 89.7906 380.344 19
      vertex 89.7906 380.344 20
    endloop
  endfacet
  facet normal -0.850854 -0.525402 0
    outer loop
      vertex 89.5053 380.683 19
      vertex 89.2583 381.083 20
      vertex 89.2583 381.083 19
    endloop
  endfacet
  facet normal -0.850854 -0.525402 0
    outer loop
      vertex 89.2583 381.083 20
      vertex 89.5053 380.683 19
      vertex 89.5053 380.683 20
    endloop
  endfacet
  facet normal -0.910527 -0.41345 0
    outer loop
      vertex 89.2583 381.083 19
      vertex 89.0467 381.549 20
      vertex 89.0467 381.549 19
    endloop
  endfacet
  facet normal -0.910527 -0.41345 0
    outer loop
      vertex 89.0467 381.549 20
      vertex 89.2583 381.083 19
      vertex 89.2583 381.083 20
    endloop
  endfacet
  facet normal -0.94886 -0.315699 0
    outer loop
      vertex 89.0467 381.549 19
      vertex 88.8677 382.087 20
      vertex 88.8677 382.087 19
    endloop
  endfacet
  facet normal -0.94886 -0.315699 0
    outer loop
      vertex 88.8677 382.087 20
      vertex 89.0467 381.549 19
      vertex 89.0467 381.549 20
    endloop
  endfacet
  facet normal -0.972264 -0.233886 0
    outer loop
      vertex 88.8677 382.087 19
      vertex 88.7212 382.696 20
      vertex 88.7212 382.696 19
    endloop
  endfacet
  facet normal -0.972264 -0.233886 0
    outer loop
      vertex 88.7212 382.696 20
      vertex 88.8677 382.087 19
      vertex 88.8677 382.087 20
    endloop
  endfacet
  facet normal -0.9863 -0.164963 0
    outer loop
      vertex 88.7212 382.696 19
      vertex 88.6073 383.377 20
      vertex 88.6073 383.377 19
    endloop
  endfacet
  facet normal -0.9863 -0.164963 0
    outer loop
      vertex 88.6073 383.377 20
      vertex 88.7212 382.696 19
      vertex 88.7212 382.696 20
    endloop
  endfacet
  facet normal -0.994193 -0.107616 0
    outer loop
      vertex 88.6073 383.377 19
      vertex 88.5259 384.129 20
      vertex 88.5259 384.129 19
    endloop
  endfacet
  facet normal -0.994193 -0.107616 0
    outer loop
      vertex 88.5259 384.129 20
      vertex 88.6073 383.377 19
      vertex 88.6073 383.377 20
    endloop
  endfacet
  facet normal -0.998247 -0.0591913 0
    outer loop
      vertex 88.5259 384.129 19
      vertex 88.4771 384.952 20
      vertex 88.4771 384.952 19
    endloop
  endfacet
  facet normal -0.998247 -0.0591913 0
    outer loop
      vertex 88.4771 384.952 20
      vertex 88.5259 384.129 19
      vertex 88.5259 384.129 20
    endloop
  endfacet
  facet normal -0.999834 -0.0182296 0
    outer loop
      vertex 88.4771 384.952 19
      vertex 88.4608 385.846 20
      vertex 88.4608 385.846 19
    endloop
  endfacet
  facet normal -0.999834 -0.0182296 0
    outer loop
      vertex 88.4608 385.846 20
      vertex 88.4771 384.952 19
      vertex 88.4771 384.952 20
    endloop
  endfacet
  facet normal -0.999847 0.0175164 0
    outer loop
      vertex 88.4608 385.846 19
      vertex 88.4769 386.765 20
      vertex 88.4769 386.765 19
    endloop
  endfacet
  facet normal -0.999847 0.0175164 0
    outer loop
      vertex 88.4769 386.765 20
      vertex 88.4608 385.846 19
      vertex 88.4608 385.846 20
    endloop
  endfacet
  facet normal -0.998369 0.0570835 0
    outer loop
      vertex 88.4769 386.765 19
      vertex 88.5251 387.608 20
      vertex 88.5251 387.608 19
    endloop
  endfacet
  facet normal -0.998369 0.0570835 0
    outer loop
      vertex 88.5251 387.608 20
      vertex 88.4769 386.765 19
      vertex 88.4769 386.765 20
    endloop
  endfacet
  facet normal -0.99455 0.104265 0
    outer loop
      vertex 88.5251 387.608 19
      vertex 88.6053 388.373 20
      vertex 88.6053 388.373 19
    endloop
  endfacet
  facet normal -0.99455 0.104265 0
    outer loop
      vertex 88.6053 388.373 20
      vertex 88.5251 387.608 19
      vertex 88.5251 387.608 20
    endloop
  endfacet
  facet normal -0.986916 0.161235 0
    outer loop
      vertex 88.6053 388.373 19
      vertex 88.7177 389.061 20
      vertex 88.7177 389.061 19
    endloop
  endfacet
  facet normal -0.986916 0.161235 0
    outer loop
      vertex 88.7177 389.061 20
      vertex 88.6053 388.373 19
      vertex 88.6053 388.373 20
    endloop
  endfacet
  facet normal -0.973155 0.230149 0
    outer loop
      vertex 88.7177 389.061 19
      vertex 88.8622 389.672 20
      vertex 88.8622 389.672 19
    endloop
  endfacet
  facet normal -0.973155 0.230149 0
    outer loop
      vertex 88.8622 389.672 20
      vertex 88.7177 389.061 19
      vertex 88.7177 389.061 20
    endloop
  endfacet
  facet normal -0.94948 0.313826 0
    outer loop
      vertex 88.8622 389.672 19
      vertex 89.0387 390.206 20
      vertex 89.0387 390.206 19
    endloop
  endfacet
  facet normal -0.94948 0.313826 0
    outer loop
      vertex 89.0387 390.206 20
      vertex 88.8622 389.672 19
      vertex 88.8622 389.672 20
    endloop
  endfacet
  facet normal -0.909636 0.415407 0
    outer loop
      vertex 89.0387 390.206 19
      vertex 89.2474 390.663 20
      vertex 89.2474 390.663 19
    endloop
  endfacet
  facet normal -0.909636 0.415407 0
    outer loop
      vertex 89.2474 390.663 20
      vertex 89.0387 390.206 19
      vertex 89.0387 390.206 20
    endloop
  endfacet
  facet normal -0.84567 0.533707 0
    outer loop
      vertex 89.2474 390.663 19
      vertex 89.4929 391.052 20
      vertex 89.4929 391.052 19
    endloop
  endfacet
  facet normal -0.84567 0.533707 0
    outer loop
      vertex 89.4929 391.052 20
      vertex 89.2474 390.663 19
      vertex 89.2474 390.663 20
    endloop
  endfacet
  facet normal -0.753683 0.657239 0
    outer loop
      vertex 89.4929 391.052 19
      vertex 89.7798 391.381 20
      vertex 89.7798 391.381 19
    endloop
  endfacet
  facet normal -0.753683 0.657239 0
    outer loop
      vertex 89.7798 391.381 20
      vertex 89.4929 391.052 19
      vertex 89.4929 391.052 20
    endloop
  endfacet
  facet normal -0.633789 0.773506 0
    outer loop
      vertex 90.1081 391.65 19
      vertex 89.7798 391.381 20
      vertex 90.1081 391.65 20
    endloop
  endfacet
  facet normal -0.633789 0.773506 0
    outer loop
      vertex 89.7798 391.381 20
      vertex 90.1081 391.65 19
      vertex 89.7798 391.381 19
    endloop
  endfacet
  facet normal -0.492228 0.870466 0
    outer loop
      vertex 90.4777 391.859 19
      vertex 90.1081 391.65 20
      vertex 90.4777 391.859 20
    endloop
  endfacet
  facet normal -0.492228 0.870466 0
    outer loop
      vertex 90.1081 391.65 20
      vertex 90.4777 391.859 19
      vertex 90.1081 391.65 19
    endloop
  endfacet
  facet normal -0.340751 0.940153 0
    outer loop
      vertex 90.8888 392.008 19
      vertex 90.4777 391.859 20
      vertex 90.8888 392.008 20
    endloop
  endfacet
  facet normal -0.340751 0.940153 0
    outer loop
      vertex 90.4777 391.859 20
      vertex 90.8888 392.008 19
      vertex 90.4777 391.859 19
    endloop
  endfacet
  facet normal -0.195074 0.980789 0
    outer loop
      vertex 91.3413 392.098 19
      vertex 90.8888 392.008 20
      vertex 91.3413 392.098 20
    endloop
  endfacet
  facet normal -0.195074 0.980789 0
    outer loop
      vertex 90.8888 392.008 20
      vertex 91.3413 392.098 19
      vertex 90.8888 392.008 19
    endloop
  endfacet
  facet normal -0.0606293 0.99816 0
    outer loop
      vertex 91.8352 392.128 19
      vertex 91.3413 392.098 20
      vertex 91.8352 392.128 20
    endloop
  endfacet
  facet normal -0.0606293 0.99816 0
    outer loop
      vertex 91.3413 392.098 20
      vertex 91.8352 392.128 19
      vertex 91.3413 392.098 19
    endloop
  endfacet
  facet normal 0.0621205 0.998069 -0
    outer loop
      vertex 92.3172 392.098 19
      vertex 91.8352 392.128 20
      vertex 92.3172 392.098 20
    endloop
  endfacet
  facet normal 0.0621205 0.998069 0
    outer loop
      vertex 91.8352 392.128 20
      vertex 92.3172 392.098 19
      vertex 91.8352 392.128 19
    endloop
  endfacet
  facet normal 0.20196 0.979394 -0
    outer loop
      vertex 92.7585 392.007 19
      vertex 92.3172 392.098 20
      vertex 92.7585 392.007 20
    endloop
  endfacet
  facet normal 0.20196 0.979394 0
    outer loop
      vertex 92.3172 392.098 20
      vertex 92.7585 392.007 19
      vertex 92.3172 392.098 19
    endloop
  endfacet
  facet normal 0.354521 0.935048 -0
    outer loop
      vertex 93.1594 391.855 19
      vertex 92.7585 392.007 20
      vertex 93.1594 391.855 20
    endloop
  endfacet
  facet normal 0.354521 0.935048 0
    outer loop
      vertex 92.7585 392.007 20
      vertex 93.1594 391.855 19
      vertex 92.7585 392.007 19
    endloop
  endfacet
  facet normal 0.50702 0.861934 -0
    outer loop
      vertex 93.5198 391.643 19
      vertex 93.1594 391.855 20
      vertex 93.5198 391.643 20
    endloop
  endfacet
  facet normal 0.50702 0.861934 0
    outer loop
      vertex 93.1594 391.855 20
      vertex 93.5198 391.643 19
      vertex 93.1594 391.855 19
    endloop
  endfacet
  facet normal 0.649262 0.760565 -0
    outer loop
      vertex 93.8396 391.37 19
      vertex 93.5198 391.643 20
      vertex 93.8396 391.37 20
    endloop
  endfacet
  facet normal 0.649262 0.760565 0
    outer loop
      vertex 93.5198 391.643 20
      vertex 93.8396 391.37 19
      vertex 93.5198 391.643 19
    endloop
  endfacet
  facet normal 0.767015 0.641629 0
    outer loop
      vertex 94.119 391.036 20
      vertex 93.8396 391.37 19
      vertex 93.8396 391.37 20
    endloop
  endfacet
  facet normal 0.767015 0.641629 0
    outer loop
      vertex 93.8396 391.37 19
      vertex 94.119 391.036 20
      vertex 94.119 391.036 19
    endloop
  endfacet
  facet normal 0.855186 0.518321 0
    outer loop
      vertex 94.3578 390.642 20
      vertex 94.119 391.036 19
      vertex 94.119 391.036 20
    endloop
  endfacet
  facet normal 0.855186 0.518321 0
    outer loop
      vertex 94.119 391.036 19
      vertex 94.3578 390.642 20
      vertex 94.3578 390.642 19
    endloop
  endfacet
  facet normal 0.915592 0.402108 0
    outer loop
      vertex 94.5607 390.18 20
      vertex 94.3578 390.642 19
      vertex 94.3578 390.642 20
    endloop
  endfacet
  facet normal 0.915592 0.402108 0
    outer loop
      vertex 94.3578 390.642 19
      vertex 94.5607 390.18 20
      vertex 94.5607 390.18 19
    endloop
  endfacet
  facet normal 0.952445 0.304711 0
    outer loop
      vertex 94.7325 389.643 20
      vertex 94.5607 390.18 19
      vertex 94.5607 390.18 20
    endloop
  endfacet
  facet normal 0.952445 0.304711 0
    outer loop
      vertex 94.5607 390.18 19
      vertex 94.7325 389.643 20
      vertex 94.7325 389.643 19
    endloop
  endfacet
  facet normal 0.974485 0.224451 0
    outer loop
      vertex 94.873 389.033 20
      vertex 94.7325 389.643 19
      vertex 94.7325 389.643 20
    endloop
  endfacet
  facet normal 0.974485 0.224451 0
    outer loop
      vertex 94.7325 389.643 19
      vertex 94.873 389.033 20
      vertex 94.873 389.033 19
    endloop
  endfacet
  facet normal 0.987508 0.157569 0
    outer loop
      vertex 94.9823 388.348 20
      vertex 94.873 389.033 19
      vertex 94.873 389.033 20
    endloop
  endfacet
  facet normal 0.987508 0.157569 0
    outer loop
      vertex 94.873 389.033 19
      vertex 94.9823 388.348 20
      vertex 94.9823 388.348 19
    endloop
  endfacet
  facet normal 0.994775 0.102095 0
    outer loop
      vertex 95.0603 387.588 20
      vertex 94.9823 388.348 19
      vertex 94.9823 388.348 20
    endloop
  endfacet
  facet normal 0.994775 0.102095 0
    outer loop
      vertex 94.9823 388.348 19
      vertex 95.0603 387.588 20
      vertex 95.0603 387.588 19
    endloop
  endfacet
  facet normal 0.998429 0.056027 0
    outer loop
      vertex 95.1071 386.754 20
      vertex 95.0603 387.588 19
      vertex 95.0603 387.588 20
    endloop
  endfacet
  facet normal 0.998429 0.056027 0
    outer loop
      vertex 95.0603 387.588 19
      vertex 95.1071 386.754 20
      vertex 95.1071 386.754 19
    endloop
  endfacet
  facet normal 0.999851 0.0172882 0
    outer loop
      vertex 95.1228 385.846 20
      vertex 95.1071 386.754 19
      vertex 95.1071 386.754 20
    endloop
  endfacet
  facet normal 0.999851 0.0172882 0
    outer loop
      vertex 95.1071 386.754 19
      vertex 95.1228 385.846 20
      vertex 95.1228 385.846 19
    endloop
  endfacet
  facet normal 0.999826 -0.0186756 0
    outer loop
      vertex 95.1064 384.968 20
      vertex 95.1228 385.846 19
      vertex 95.1228 385.846 20
    endloop
  endfacet
  facet normal 0.999826 -0.0186756 0
    outer loop
      vertex 95.1228 385.846 19
      vertex 95.1064 384.968 20
      vertex 95.1064 384.968 19
    endloop
  endfacet
  facet normal 0.99816 -0.060629 0
    outer loop
      vertex 95.0572 384.158 20
      vertex 95.1064 384.968 19
      vertex 95.1064 384.968 20
    endloop
  endfacet
  facet normal 0.99816 -0.060629 0
    outer loop
      vertex 95.1064 384.968 19
      vertex 95.0572 384.158 20
      vertex 95.0572 384.158 19
    endloop
  endfacet
  facet normal 0.99398 -0.109565 0
    outer loop
      vertex 94.9753 383.415 20
      vertex 95.0572 384.158 19
      vertex 95.0572 384.158 20
    endloop
  endfacet
  facet normal 0.99398 -0.109565 0
    outer loop
      vertex 95.0572 384.158 19
      vertex 94.9753 383.415 20
      vertex 94.9753 383.415 19
    endloop
  endfacet
  facet normal 0.985909 -0.167284 0
    outer loop
      vertex 94.8606 382.739 20
      vertex 94.9753 383.415 19
      vertex 94.9753 383.415 20
    endloop
  endfacet
  facet normal 0.985909 -0.167284 0
    outer loop
      vertex 94.9753 383.415 19
      vertex 94.8606 382.739 20
      vertex 94.8606 382.739 19
    endloop
  endfacet
  facet normal 0.9719 -0.235394 0
    outer loop
      vertex 94.7131 382.13 20
      vertex 94.8606 382.739 19
      vertex 94.8606 382.739 20
    endloop
  endfacet
  facet normal 0.9719 -0.235394 0
    outer loop
      vertex 94.8606 382.739 19
      vertex 94.7131 382.13 20
      vertex 94.7131 382.13 19
    endloop
  endfacet
  facet normal 0.948753 -0.316017 0
    outer loop
      vertex 94.5329 381.589 20
      vertex 94.7131 382.13 19
      vertex 94.7131 382.13 20
    endloop
  endfacet
  facet normal 0.948753 -0.316017 0
    outer loop
      vertex 94.7131 382.13 19
      vertex 94.5329 381.589 20
      vertex 94.5329 381.589 19
    endloop
  endfacet
  facet normal 0.912137 -0.409885 0
    outer loop
      vertex 94.3199 381.115 20
      vertex 94.5329 381.589 19
      vertex 94.5329 381.589 20
    endloop
  endfacet
  facet normal 0.912137 -0.409885 0
    outer loop
      vertex 94.5329 381.589 19
      vertex 94.3199 381.115 20
      vertex 94.3199 381.115 19
    endloop
  endfacet
  facet normal 0.8549 -0.518793 0
    outer loop
      vertex 94.0717 380.706 20
      vertex 94.3199 381.115 19
      vertex 94.3199 381.115 20
    endloop
  endfacet
  facet normal 0.8549 -0.518793 0
    outer loop
      vertex 94.3199 381.115 19
      vertex 94.0717 380.706 20
      vertex 94.0717 380.706 19
    endloop
  endfacet
  facet normal 0.769975 -0.638075 0
    outer loop
      vertex 93.7858 380.361 20
      vertex 94.0717 380.706 19
      vertex 94.0717 380.706 20
    endloop
  endfacet
  facet normal 0.769975 -0.638075 0
    outer loop
      vertex 94.0717 380.706 19
      vertex 93.7858 380.361 20
      vertex 93.7858 380.361 19
    endloop
  endfacet
  facet normal 0.658422 -0.752649 0
    outer loop
      vertex 93.4623 380.078 19
      vertex 93.7858 380.361 20
      vertex 93.4623 380.078 20
    endloop
  endfacet
  facet normal 0.658422 -0.752649 0
    outer loop
      vertex 93.7858 380.361 20
      vertex 93.4623 380.078 19
      vertex 93.7858 380.361 19
    endloop
  endfacet
  facet normal 0.520187 -0.854052 0
    outer loop
      vertex 93.1011 379.858 19
      vertex 93.4623 380.078 20
      vertex 93.1011 379.858 20
    endloop
  endfacet
  facet normal 0.520187 -0.854052 0
    outer loop
      vertex 93.4623 380.078 20
      vertex 93.1011 379.858 19
      vertex 93.4623 380.078 19
    endloop
  endfacet
  facet normal 0.368334 -0.929694 0
    outer loop
      vertex 92.7023 379.7 19
      vertex 93.1011 379.858 20
      vertex 92.7023 379.7 20
    endloop
  endfacet
  facet normal 0.368334 -0.929694 0
    outer loop
      vertex 93.1011 379.858 20
      vertex 92.7023 379.7 19
      vertex 93.1011 379.858 19
    endloop
  endfacet
  facet normal 0.210523 -0.977589 0
    outer loop
      vertex 92.2658 379.606 19
      vertex 92.7023 379.7 20
      vertex 92.2658 379.606 20
    endloop
  endfacet
  facet normal 0.210523 -0.977589 0
    outer loop
      vertex 92.7023 379.7 20
      vertex 92.2658 379.606 19
      vertex 92.7023 379.7 19
    endloop
  endfacet
  facet normal 0.0652477 -0.997869 0
    outer loop
      vertex 91.7917 379.575 19
      vertex 92.2658 379.606 20
      vertex 91.7917 379.575 20
    endloop
  endfacet
  facet normal 0.0652477 -0.997869 0
    outer loop
      vertex 92.2658 379.606 20
      vertex 91.7917 379.575 19
      vertex 92.2658 379.606 19
    endloop
  endfacet
  facet normal -0.0627953 -0.998026 0
    outer loop
      vertex 91.3149 379.605 19
      vertex 91.7917 379.575 20
      vertex 91.3149 379.605 20
    endloop
  endfacet
  facet normal -0.0627953 -0.998026 -0
    outer loop
      vertex 91.7917 379.575 20
      vertex 91.3149 379.605 19
      vertex 91.7917 379.575 19
    endloop
  endfacet
  facet normal 0 -1 0
    outer loop
      vertex 108.18 379.857 19
      vertex 116.155 379.857 20
      vertex 108.18 379.857 20
    endloop
  endfacet
  facet normal 0 -1 -0
    outer loop
      vertex 116.155 379.857 20
      vertex 108.18 379.857 19
      vertex 116.155 379.857 19
    endloop
  endfacet
  facet normal -0.907349 0.420377 0
    outer loop
      vertex 108.18 379.857 19
      vertex 108.281 380.075 20
      vertex 108.281 380.075 19
    endloop
  endfacet
  facet normal -0.907349 0.420377 0
    outer loop
      vertex 108.281 380.075 20
      vertex 108.18 379.857 19
      vertex 108.18 379.857 20
    endloop
  endfacet
  facet normal -0.880471 0.4741 0
    outer loop
      vertex 108.281 380.075 19
      vertex 108.4 380.296 20
      vertex 108.4 380.296 19
    endloop
  endfacet
  facet normal -0.880471 0.4741 0
    outer loop
      vertex 108.4 380.296 20
      vertex 108.281 380.075 19
      vertex 108.281 380.075 20
    endloop
  endfacet
  facet normal -0.855455 0.517877 0
    outer loop
      vertex 108.4 380.296 19
      vertex 108.535 380.519 20
      vertex 108.535 380.519 19
    endloop
  endfacet
  facet normal -0.855455 0.517877 0
    outer loop
      vertex 108.535 380.519 20
      vertex 108.4 380.296 19
      vertex 108.4 380.296 20
    endloop
  endfacet
  facet normal -0.828635 0.559789 0
    outer loop
      vertex 108.535 380.519 19
      vertex 108.687 380.744 20
      vertex 108.687 380.744 19
    endloop
  endfacet
  facet normal -0.828635 0.559789 0
    outer loop
      vertex 108.687 380.744 20
      vertex 108.535 380.519 19
      vertex 108.535 380.519 20
    endloop
  endfacet
  facet normal -0.805056 0.593199 0
    outer loop
      vertex 108.687 380.744 19
      vertex 108.855 380.972 20
      vertex 108.855 380.972 19
    endloop
  endfacet
  facet normal -0.805056 0.593199 0
    outer loop
      vertex 108.855 380.972 20
      vertex 108.687 380.744 19
      vertex 108.687 380.744 20
    endloop
  endfacet
  facet normal -0.778891 0.627159 0
    outer loop
      vertex 108.855 380.972 19
      vertex 109.041 381.203 20
      vertex 109.041 381.203 19
    endloop
  endfacet
  facet normal -0.778891 0.627159 0
    outer loop
      vertex 109.041 381.203 20
      vertex 108.855 380.972 19
      vertex 108.855 380.972 20
    endloop
  endfacet
  facet normal -0.754185 0.656661 0
    outer loop
      vertex 109.041 381.203 19
      vertex 109.243 381.435 20
      vertex 109.243 381.435 19
    endloop
  endfacet
  facet normal -0.754185 0.656661 0
    outer loop
      vertex 109.243 381.435 20
      vertex 109.041 381.203 19
      vertex 109.041 381.203 20
    endloop
  endfacet
  facet normal -0.734214 0.678918 0
    outer loop
      vertex 109.243 381.435 19
      vertex 109.464 381.674 20
      vertex 109.464 381.674 19
    endloop
  endfacet
  facet normal -0.734214 0.678918 0
    outer loop
      vertex 109.464 381.674 20
      vertex 109.243 381.435 19
      vertex 109.243 381.435 20
    endloop
  endfacet
  facet normal -0.712879 0.701287 0
    outer loop
      vertex 109.464 381.674 19
      vertex 109.706 381.92 20
      vertex 109.706 381.92 19
    endloop
  endfacet
  facet normal -0.712879 0.701287 0
    outer loop
      vertex 109.706 381.92 20
      vertex 109.464 381.674 19
      vertex 109.464 381.674 20
    endloop
  endfacet
  facet normal -0.694692 0.719307 0
    outer loop
      vertex 109.969 382.174 19
      vertex 109.706 381.92 20
      vertex 109.969 382.174 20
    endloop
  endfacet
  facet normal -0.694692 0.719307 0
    outer loop
      vertex 109.706 381.92 20
      vertex 109.969 382.174 19
      vertex 109.706 381.92 19
    endloop
  endfacet
  facet normal -0.67946 0.733713 0
    outer loop
      vertex 110.253 382.437 19
      vertex 109.969 382.174 20
      vertex 110.253 382.437 20
    endloop
  endfacet
  facet normal -0.67946 0.733713 0
    outer loop
      vertex 109.969 382.174 20
      vertex 110.253 382.437 19
      vertex 109.969 382.174 19
    endloop
  endfacet
  facet normal -0.66543 0.74646 0
    outer loop
      vertex 110.557 382.708 19
      vertex 110.253 382.437 20
      vertex 110.557 382.708 20
    endloop
  endfacet
  facet normal -0.66543 0.74646 0
    outer loop
      vertex 110.253 382.437 20
      vertex 110.557 382.708 19
      vertex 110.253 382.437 19
    endloop
  endfacet
  facet normal -0.650215 0.75975 0
    outer loop
      vertex 110.883 382.987 19
      vertex 110.557 382.708 20
      vertex 110.883 382.987 20
    endloop
  endfacet
  facet normal -0.650215 0.75975 0
    outer loop
      vertex 110.557 382.708 20
      vertex 110.883 382.987 19
      vertex 110.557 382.708 19
    endloop
  endfacet
  facet normal -0.638432 0.769678 0
    outer loop
      vertex 111.229 383.274 19
      vertex 110.883 382.987 20
      vertex 111.229 383.274 20
    endloop
  endfacet
  facet normal -0.638432 0.769678 0
    outer loop
      vertex 110.883 382.987 20
      vertex 111.229 383.274 19
      vertex 110.883 382.987 19
    endloop
  endfacet
  facet normal -0.635006 0.772507 0
    outer loop
      vertex 111.847 383.782 19
      vertex 111.229 383.274 20
      vertex 111.847 383.782 20
    endloop
  endfacet
  facet normal -0.635006 0.772507 0
    outer loop
      vertex 111.229 383.274 20
      vertex 111.847 383.782 19
      vertex 111.229 383.274 19
    endloop
  endfacet
  facet normal -0.642612 0.766192 0
    outer loop
      vertex 112.405 384.25 19
      vertex 111.847 383.782 20
      vertex 112.405 384.25 20
    endloop
  endfacet
  facet normal -0.642612 0.766192 0
    outer loop
      vertex 111.847 383.782 20
      vertex 112.405 384.25 19
      vertex 111.847 383.782 19
    endloop
  endfacet
  facet normal -0.651794 0.758396 0
    outer loop
      vertex 112.903 384.678 19
      vertex 112.405 384.25 20
      vertex 112.903 384.678 20
    endloop
  endfacet
  facet normal -0.651794 0.758396 0
    outer loop
      vertex 112.405 384.25 20
      vertex 112.903 384.678 19
      vertex 112.405 384.25 19
    endloop
  endfacet
  facet normal -0.663199 0.748443 0
    outer loop
      vertex 113.342 385.067 19
      vertex 112.903 384.678 20
      vertex 113.342 385.067 20
    endloop
  endfacet
  facet normal -0.663199 0.748443 0
    outer loop
      vertex 112.903 384.678 20
      vertex 113.342 385.067 19
      vertex 112.903 384.678 19
    endloop
  endfacet
  facet normal -0.678441 0.734655 0
    outer loop
      vertex 113.721 385.417 19
      vertex 113.342 385.067 20
      vertex 113.721 385.417 20
    endloop
  endfacet
  facet normal -0.678441 0.734655 0
    outer loop
      vertex 113.342 385.067 20
      vertex 113.721 385.417 19
      vertex 113.342 385.067 19
    endloop
  endfacet
  facet normal -0.696918 0.717151 0
    outer loop
      vertex 114.04 385.727 19
      vertex 113.721 385.417 20
      vertex 114.04 385.727 20
    endloop
  endfacet
  facet normal -0.696918 0.717151 0
    outer loop
      vertex 113.721 385.417 20
      vertex 114.04 385.727 19
      vertex 113.721 385.417 19
    endloop
  endfacet
  facet normal -0.722931 0.69092 0
    outer loop
      vertex 114.04 385.727 19
      vertex 114.299 385.998 20
      vertex 114.299 385.998 19
    endloop
  endfacet
  facet normal -0.722931 0.69092 0
    outer loop
      vertex 114.299 385.998 20
      vertex 114.04 385.727 19
      vertex 114.04 385.727 20
    endloop
  endfacet
  facet normal -0.749054 0.662509 0
    outer loop
      vertex 114.299 385.998 19
      vertex 114.521 386.249 20
      vertex 114.521 386.249 19
    endloop
  endfacet
  facet normal -0.749054 0.662509 0
    outer loop
      vertex 114.521 386.249 20
      vertex 114.299 385.998 19
      vertex 114.299 385.998 20
    endloop
  endfacet
  facet normal -0.774507 0.632565 0
    outer loop
      vertex 114.521 386.249 19
      vertex 114.726 386.5 20
      vertex 114.726 386.5 19
    endloop
  endfacet
  facet normal -0.774507 0.632565 0
    outer loop
      vertex 114.726 386.5 20
      vertex 114.521 386.249 19
      vertex 114.521 386.249 20
    endloop
  endfacet
  facet normal -0.798853 0.601527 0
    outer loop
      vertex 114.726 386.5 19
      vertex 114.915 386.751 20
      vertex 114.915 386.751 19
    endloop
  endfacet
  facet normal -0.798853 0.601527 0
    outer loop
      vertex 114.915 386.751 20
      vertex 114.726 386.5 19
      vertex 114.726 386.5 20
    endloop
  endfacet
  facet normal -0.823371 0.567503 0
    outer loop
      vertex 114.915 386.751 19
      vertex 115.088 387.002 20
      vertex 115.088 387.002 19
    endloop
  endfacet
  facet normal -0.823371 0.567503 0
    outer loop
      vertex 115.088 387.002 20
      vertex 114.915 386.751 19
      vertex 114.915 386.751 20
    endloop
  endfacet
  facet normal -0.849326 0.527868 0
    outer loop
      vertex 115.088 387.002 19
      vertex 115.244 387.253 20
      vertex 115.244 387.253 19
    endloop
  endfacet
  facet normal -0.849326 0.527868 0
    outer loop
      vertex 115.244 387.253 20
      vertex 115.088 387.002 19
      vertex 115.088 387.002 20
    endloop
  endfacet
  facet normal -0.871854 0.489766 0
    outer loop
      vertex 115.244 387.253 19
      vertex 115.385 387.504 20
      vertex 115.385 387.504 19
    endloop
  endfacet
  facet normal -0.871854 0.489766 0
    outer loop
      vertex 115.385 387.504 20
      vertex 115.244 387.253 19
      vertex 115.244 387.253 20
    endloop
  endfacet
  facet normal -0.897257 0.441508 0
    outer loop
      vertex 115.385 387.504 19
      vertex 115.509 387.756 20
      vertex 115.509 387.756 19
    endloop
  endfacet
  facet normal -0.897257 0.441508 0
    outer loop
      vertex 115.509 387.756 20
      vertex 115.385 387.504 19
      vertex 115.385 387.504 20
    endloop
  endfacet
  facet normal -0.918576 0.395244 0
    outer loop
      vertex 115.509 387.756 19
      vertex 115.617 388.007 20
      vertex 115.617 388.007 19
    endloop
  endfacet
  facet normal -0.918576 0.395244 0
    outer loop
      vertex 115.617 388.007 20
      vertex 115.509 387.756 19
      vertex 115.509 387.756 20
    endloop
  endfacet
  facet normal -0.940554 0.339644 0
    outer loop
      vertex 115.617 388.007 19
      vertex 115.708 388.259 20
      vertex 115.708 388.259 19
    endloop
  endfacet
  facet normal -0.940554 0.339644 0
    outer loop
      vertex 115.708 388.259 20
      vertex 115.617 388.007 19
      vertex 115.617 388.007 20
    endloop
  endfacet
  facet normal -0.958452 0.285254 0
    outer loop
      vertex 115.708 388.259 19
      vertex 115.783 388.511 20
      vertex 115.783 388.511 19
    endloop
  endfacet
  facet normal -0.958452 0.285254 0
    outer loop
      vertex 115.783 388.511 20
      vertex 115.708 388.259 19
      vertex 115.708 388.259 20
    endloop
  endfacet
  facet normal -0.974521 0.224295 0
    outer loop
      vertex 115.783 388.511 19
      vertex 115.841 388.763 20
      vertex 115.841 388.763 19
    endloop
  endfacet
  facet normal -0.974521 0.224295 0
    outer loop
      vertex 115.841 388.763 20
      vertex 115.783 388.511 19
      vertex 115.783 388.511 20
    endloop
  endfacet
  facet normal -0.986603 0.163139 0
    outer loop
      vertex 115.841 388.763 19
      vertex 115.883 389.017 20
      vertex 115.883 389.017 19
    endloop
  endfacet
  facet normal -0.986603 0.163139 0
    outer loop
      vertex 115.883 389.017 20
      vertex 115.841 388.763 19
      vertex 115.841 388.763 20
    endloop
  endfacet
  facet normal -0.995153 0.0983353 0
    outer loop
      vertex 115.883 389.017 19
      vertex 115.908 389.27 20
      vertex 115.908 389.27 19
    endloop
  endfacet
  facet normal -0.995153 0.0983353 0
    outer loop
      vertex 115.908 389.27 20
      vertex 115.883 389.017 19
      vertex 115.883 389.017 20
    endloop
  endfacet
  facet normal -0.999504 0.0314805 0
    outer loop
      vertex 115.908 389.27 19
      vertex 115.916 389.524 20
      vertex 115.916 389.524 19
    endloop
  endfacet
  facet normal -0.999504 0.0314805 0
    outer loop
      vertex 115.916 389.524 20
      vertex 115.908 389.27 19
      vertex 115.908 389.27 20
    endloop
  endfacet
  facet normal -0.998987 -0.0449994 0
    outer loop
      vertex 115.916 389.524 19
      vertex 115.891 390.079 20
      vertex 115.891 390.079 19
    endloop
  endfacet
  facet normal -0.998987 -0.0449994 0
    outer loop
      vertex 115.891 390.079 20
      vertex 115.916 389.524 19
      vertex 115.916 389.524 20
    endloop
  endfacet
  facet normal -0.989367 -0.145439 0
    outer loop
      vertex 115.891 390.079 19
      vertex 115.815 390.596 20
      vertex 115.815 390.596 19
    endloop
  endfacet
  facet normal -0.989367 -0.145439 0
    outer loop
      vertex 115.815 390.596 20
      vertex 115.891 390.079 19
      vertex 115.891 390.079 20
    endloop
  endfacet
  facet normal -0.966735 -0.255782 0
    outer loop
      vertex 115.815 390.596 19
      vertex 115.688 391.076 20
      vertex 115.688 391.076 19
    endloop
  endfacet
  facet normal -0.966735 -0.255782 0
    outer loop
      vertex 115.688 391.076 20
      vertex 115.815 390.596 19
      vertex 115.815 390.596 20
    endloop
  endfacet
  facet normal -0.927898 -0.372835 0
    outer loop
      vertex 115.688 391.076 19
      vertex 115.51 391.519 20
      vertex 115.51 391.519 19
    endloop
  endfacet
  facet normal -0.927898 -0.372835 0
    outer loop
      vertex 115.51 391.519 20
      vertex 115.688 391.076 19
      vertex 115.688 391.076 20
    endloop
  endfacet
  facet normal -0.871403 -0.490568 0
    outer loop
      vertex 115.51 391.519 19
      vertex 115.282 391.924 20
      vertex 115.282 391.924 19
    endloop
  endfacet
  facet normal -0.871403 -0.490568 0
    outer loop
      vertex 115.282 391.924 20
      vertex 115.51 391.519 19
      vertex 115.51 391.519 20
    endloop
  endfacet
  facet normal -0.796871 -0.604149 0
    outer loop
      vertex 115.282 391.924 19
      vertex 115.003 392.292 20
      vertex 115.003 392.292 19
    endloop
  endfacet
  facet normal -0.796871 -0.604149 0
    outer loop
      vertex 115.003 392.292 20
      vertex 115.282 391.924 19
      vertex 115.282 391.924 20
    endloop
  endfacet
  facet normal -0.708179 -0.706033 0
    outer loop
      vertex 115.003 392.292 19
      vertex 114.674 392.622 20
      vertex 114.674 392.622 19
    endloop
  endfacet
  facet normal -0.708179 -0.706033 0
    outer loop
      vertex 114.674 392.622 20
      vertex 115.003 392.292 19
      vertex 115.003 392.292 20
    endloop
  endfacet
  facet normal -0.608387 -0.79364 0
    outer loop
      vertex 114.297 392.911 19
      vertex 114.674 392.622 20
      vertex 114.297 392.911 20
    endloop
  endfacet
  facet normal -0.608387 -0.79364 -0
    outer loop
      vertex 114.674 392.622 20
      vertex 114.297 392.911 19
      vertex 114.674 392.622 19
    endloop
  endfacet
  facet normal -0.502977 -0.8643 0
    outer loop
      vertex 113.876 393.156 19
      vertex 114.297 392.911 20
      vertex 113.876 393.156 20
    endloop
  endfacet
  facet normal -0.502977 -0.8643 -0
    outer loop
      vertex 114.297 392.911 20
      vertex 113.876 393.156 19
      vertex 114.297 392.911 19
    endloop
  endfacet
  facet normal -0.395829 -0.918324 0
    outer loop
      vertex 113.412 393.356 19
      vertex 113.876 393.156 20
      vertex 113.412 393.356 20
    endloop
  endfacet
  facet normal -0.395829 -0.918324 -0
    outer loop
      vertex 113.876 393.156 20
      vertex 113.412 393.356 19
      vertex 113.876 393.156 19
    endloop
  endfacet
  facet normal -0.294086 -0.955779 0
    outer loop
      vertex 112.905 393.512 19
      vertex 113.412 393.356 20
      vertex 112.905 393.512 20
    endloop
  endfacet
  facet normal -0.294086 -0.955779 -0
    outer loop
      vertex 113.412 393.356 20
      vertex 112.905 393.512 19
      vertex 113.412 393.356 19
    endloop
  endfacet
  facet normal -0.197485 -0.980306 0
    outer loop
      vertex 112.354 393.623 19
      vertex 112.905 393.512 20
      vertex 112.354 393.623 20
    endloop
  endfacet
  facet normal -0.197485 -0.980306 -0
    outer loop
      vertex 112.905 393.512 20
      vertex 112.354 393.623 19
      vertex 112.905 393.512 19
    endloop
  endfacet
  facet normal -0.111898 -0.99372 0
    outer loop
      vertex 111.759 393.69 19
      vertex 112.354 393.623 20
      vertex 111.759 393.69 20
    endloop
  endfacet
  facet normal -0.111898 -0.99372 -0
    outer loop
      vertex 112.354 393.623 20
      vertex 111.759 393.69 19
      vertex 112.354 393.623 19
    endloop
  endfacet
  facet normal -0.0344084 -0.999408 0
    outer loop
      vertex 111.12 393.712 19
      vertex 111.759 393.69 20
      vertex 111.12 393.712 20
    endloop
  endfacet
  facet normal -0.0344084 -0.999408 -0
    outer loop
      vertex 111.759 393.69 20
      vertex 111.12 393.712 19
      vertex 111.759 393.69 19
    endloop
  endfacet
  facet normal 0.0375162 -0.999296 0
    outer loop
      vertex 110.534 393.69 19
      vertex 111.12 393.712 20
      vertex 110.534 393.69 20
    endloop
  endfacet
  facet normal 0.0375162 -0.999296 0
    outer loop
      vertex 111.12 393.712 20
      vertex 110.534 393.69 19
      vertex 111.12 393.712 19
    endloop
  endfacet
  facet normal 0.118297 -0.992978 0
    outer loop
      vertex 109.98 393.624 19
      vertex 110.534 393.69 20
      vertex 109.98 393.624 20
    endloop
  endfacet
  facet normal 0.118297 -0.992978 0
    outer loop
      vertex 110.534 393.69 20
      vertex 109.98 393.624 19
      vertex 110.534 393.69 19
    endloop
  endfacet
  facet normal 0.207613 -0.978211 0
    outer loop
      vertex 109.457 393.513 19
      vertex 109.98 393.624 20
      vertex 109.457 393.513 20
    endloop
  endfacet
  facet normal 0.207613 -0.978211 0
    outer loop
      vertex 109.98 393.624 20
      vertex 109.457 393.513 19
      vertex 109.98 393.624 19
    endloop
  endfacet
  facet normal 0.299927 -0.953962 0
    outer loop
      vertex 108.964 393.358 19
      vertex 109.457 393.513 20
      vertex 108.964 393.358 20
    endloop
  endfacet
  facet normal 0.299927 -0.953962 0
    outer loop
      vertex 109.457 393.513 20
      vertex 108.964 393.358 19
      vertex 109.457 393.513 19
    endloop
  endfacet
  facet normal 0.396322 -0.918112 0
    outer loop
      vertex 108.503 393.159 19
      vertex 108.964 393.358 20
      vertex 108.503 393.159 20
    endloop
  endfacet
  facet normal 0.396322 -0.918112 0
    outer loop
      vertex 108.964 393.358 20
      vertex 108.503 393.159 19
      vertex 108.964 393.358 19
    endloop
  endfacet
  facet normal 0.494392 -0.869239 0
    outer loop
      vertex 108.074 392.915 19
      vertex 108.503 393.159 20
      vertex 108.074 392.915 20
    endloop
  endfacet
  facet normal 0.494392 -0.869239 0
    outer loop
      vertex 108.503 393.159 20
      vertex 108.074 392.915 19
      vertex 108.503 393.159 19
    endloop
  endfacet
  facet normal 0.585268 -0.81084 0
    outer loop
      vertex 107.675 392.627 19
      vertex 108.074 392.915 20
      vertex 107.675 392.627 20
    endloop
  endfacet
  facet normal 0.585268 -0.81084 0
    outer loop
      vertex 108.074 392.915 20
      vertex 107.675 392.627 19
      vertex 108.074 392.915 19
    endloop
  endfacet
  facet normal 0.670103 -0.742268 0
    outer loop
      vertex 107.315 392.302 19
      vertex 107.675 392.627 20
      vertex 107.315 392.302 20
    endloop
  endfacet
  facet normal 0.670103 -0.742268 0
    outer loop
      vertex 107.675 392.627 20
      vertex 107.315 392.302 19
      vertex 107.675 392.627 19
    endloop
  endfacet
  facet normal 0.749961 -0.661482 0
    outer loop
      vertex 107.001 391.946 20
      vertex 107.315 392.302 19
      vertex 107.315 392.302 20
    endloop
  endfacet
  facet normal 0.749961 -0.661482 0
    outer loop
      vertex 107.315 392.302 19
      vertex 107.001 391.946 20
      vertex 107.001 391.946 19
    endloop
  endfacet
  facet normal 0.821425 -0.570316 0
    outer loop
      vertex 106.733 391.56 20
      vertex 107.001 391.946 19
      vertex 107.001 391.946 20
    endloop
  endfacet
  facet normal 0.821425 -0.570316 0
    outer loop
      vertex 107.001 391.946 19
      vertex 106.733 391.56 20
      vertex 106.733 391.56 19
    endloop
  endfacet
  facet normal 0.882704 -0.469929 0
    outer loop
      vertex 106.511 391.143 20
      vertex 106.733 391.56 19
      vertex 106.733 391.56 20
    endloop
  endfacet
  facet normal 0.882704 -0.469929 0
    outer loop
      vertex 106.733 391.56 19
      vertex 106.511 391.143 20
      vertex 106.511 391.143 19
    endloop
  endfacet
  facet normal 0.930043 -0.36745 0
    outer loop
      vertex 106.334 390.695 20
      vertex 106.511 391.143 19
      vertex 106.511 391.143 20
    endloop
  endfacet
  facet normal 0.930043 -0.36745 0
    outer loop
      vertex 106.511 391.143 19
      vertex 106.334 390.695 20
      vertex 106.334 390.695 19
    endloop
  endfacet
  facet normal 0.964437 -0.264312 0
    outer loop
      vertex 106.203 390.217 20
      vertex 106.334 390.695 19
      vertex 106.334 390.695 20
    endloop
  endfacet
  facet normal 0.964437 -0.264312 0
    outer loop
      vertex 106.334 390.695 19
      vertex 106.203 390.217 20
      vertex 106.203 390.217 19
    endloop
  endfacet
  facet normal 0.986342 -0.164713 0
    outer loop
      vertex 106.118 389.708 20
      vertex 106.203 390.217 19
      vertex 106.203 390.217 20
    endloop
  endfacet
  facet normal 0.986342 -0.164713 0
    outer loop
      vertex 106.203 390.217 19
      vertex 106.118 389.708 20
      vertex 106.118 389.708 19
    endloop
  endfacet
  facet normal 0.0917496 0.995782 -0
    outer loop
      vertex 108.115 389.524 19
      vertex 106.118 389.708 20
      vertex 108.115 389.524 20
    endloop
  endfacet
  facet normal 0.0917496 0.995782 0
    outer loop
      vertex 106.118 389.708 20
      vertex 108.115 389.524 19
      vertex 106.118 389.708 19
    endloop
  endfacet
  facet normal -0.987549 0.157309 0
    outer loop
      vertex 108.115 389.524 19
      vertex 108.169 389.863 20
      vertex 108.169 389.863 19
    endloop
  endfacet
  facet normal -0.987549 0.157309 0
    outer loop
      vertex 108.169 389.863 20
      vertex 108.115 389.524 19
      vertex 108.115 389.524 20
    endloop
  endfacet
  facet normal -0.968871 0.247566 0
    outer loop
      vertex 108.169 389.863 19
      vertex 108.25 390.18 20
      vertex 108.25 390.18 19
    endloop
  endfacet
  facet normal -0.968871 0.247566 0
    outer loop
      vertex 108.25 390.18 20
      vertex 108.169 389.863 19
      vertex 108.169 389.863 20
    endloop
  endfacet
  facet normal -0.93867 0.344817 0
    outer loop
      vertex 108.25 390.18 19
      vertex 108.358 390.474 20
      vertex 108.358 390.474 19
    endloop
  endfacet
  facet normal -0.93867 0.344817 0
    outer loop
      vertex 108.358 390.474 20
      vertex 108.25 390.18 19
      vertex 108.25 390.18 20
    endloop
  endfacet
  facet normal -0.894427 0.447214 0
    outer loop
      vertex 108.358 390.474 19
      vertex 108.494 390.746 20
      vertex 108.494 390.746 19
    endloop
  endfacet
  facet normal -0.894427 0.447214 0
    outer loop
      vertex 108.494 390.746 20
      vertex 108.358 390.474 19
      vertex 108.358 390.474 20
    endloop
  endfacet
  facet normal -0.837677 0.546166 0
    outer loop
      vertex 108.494 390.746 19
      vertex 108.657 390.996 20
      vertex 108.657 390.996 19
    endloop
  endfacet
  facet normal -0.837677 0.546166 0
    outer loop
      vertex 108.657 390.996 20
      vertex 108.494 390.746 19
      vertex 108.494 390.746 20
    endloop
  endfacet
  facet normal -0.766835 0.641844 0
    outer loop
      vertex 108.657 390.996 19
      vertex 108.847 391.223 20
      vertex 108.847 391.223 19
    endloop
  endfacet
  facet normal -0.766835 0.641844 0
    outer loop
      vertex 108.847 391.223 20
      vertex 108.657 390.996 19
      vertex 108.657 390.996 20
    endloop
  endfacet
  facet normal -0.686722 0.72692 0
    outer loop
      vertex 109.064 391.428 19
      vertex 108.847 391.223 20
      vertex 109.064 391.428 20
    endloop
  endfacet
  facet normal -0.686722 0.72692 0
    outer loop
      vertex 108.847 391.223 20
      vertex 109.064 391.428 19
      vertex 108.847 391.223 19
    endloop
  endfacet
  facet normal -0.6 0.8 0
    outer loop
      vertex 109.304 391.608 19
      vertex 109.064 391.428 20
      vertex 109.304 391.608 20
    endloop
  endfacet
  facet normal -0.6 0.8 0
    outer loop
      vertex 109.064 391.428 20
      vertex 109.304 391.608 19
      vertex 109.064 391.428 19
    endloop
  endfacet
  facet normal -0.507604 0.861591 0
    outer loop
      vertex 109.562 391.76 19
      vertex 109.304 391.608 20
      vertex 109.562 391.76 20
    endloop
  endfacet
  facet normal -0.507604 0.861591 0
    outer loop
      vertex 109.304 391.608 20
      vertex 109.562 391.76 19
      vertex 109.304 391.608 19
    endloop
  endfacet
  facet normal -0.412559 0.910931 0
    outer loop
      vertex 109.838 391.885 19
      vertex 109.562 391.76 20
      vertex 109.838 391.885 20
    endloop
  endfacet
  facet normal -0.412559 0.910931 0
    outer loop
      vertex 109.562 391.76 20
      vertex 109.838 391.885 19
      vertex 109.562 391.76 19
    endloop
  endfacet
  facet normal -0.314283 0.949329 0
    outer loop
      vertex 110.131 391.982 19
      vertex 109.838 391.885 20
      vertex 110.131 391.982 20
    endloop
  endfacet
  facet normal -0.314283 0.949329 0
    outer loop
      vertex 109.838 391.885 20
      vertex 110.131 391.982 19
      vertex 109.838 391.885 19
    endloop
  endfacet
  facet normal -0.215936 0.976407 0
    outer loop
      vertex 110.443 392.051 19
      vertex 110.131 391.982 20
      vertex 110.443 392.051 20
    endloop
  endfacet
  facet normal -0.215936 0.976407 0
    outer loop
      vertex 110.131 391.982 20
      vertex 110.443 392.051 19
      vertex 110.131 391.982 19
    endloop
  endfacet
  facet normal -0.126254 0.991998 0
    outer loop
      vertex 110.773 392.093 19
      vertex 110.443 392.051 20
      vertex 110.773 392.093 20
    endloop
  endfacet
  facet normal -0.126254 0.991998 0
    outer loop
      vertex 110.443 392.051 20
      vertex 110.773 392.093 19
      vertex 110.443 392.051 19
    endloop
  endfacet
  facet normal -0.0374377 0.999299 0
    outer loop
      vertex 111.12 392.106 19
      vertex 110.773 392.093 20
      vertex 111.12 392.106 20
    endloop
  endfacet
  facet normal -0.0374377 0.999299 0
    outer loop
      vertex 110.773 392.093 20
      vertex 111.12 392.106 19
      vertex 110.773 392.093 19
    endloop
  endfacet
  facet normal 0.0384331 0.999261 -0
    outer loop
      vertex 111.484 392.092 19
      vertex 111.12 392.106 20
      vertex 111.484 392.092 20
    endloop
  endfacet
  facet normal 0.0384331 0.999261 0
    outer loop
      vertex 111.12 392.106 20
      vertex 111.484 392.092 19
      vertex 111.12 392.106 19
    endloop
  endfacet
  facet normal 0.122598 0.992456 -0
    outer loop
      vertex 111.824 392.05 19
      vertex 111.484 392.092 20
      vertex 111.824 392.05 20
    endloop
  endfacet
  facet normal 0.122598 0.992456 0
    outer loop
      vertex 111.484 392.092 20
      vertex 111.824 392.05 19
      vertex 111.484 392.092 19
    endloop
  endfacet
  facet normal 0.219218 0.975676 -0
    outer loop
      vertex 112.14 391.979 19
      vertex 111.824 392.05 20
      vertex 112.14 391.979 20
    endloop
  endfacet
  facet normal 0.219218 0.975676 0
    outer loop
      vertex 111.824 392.05 20
      vertex 112.14 391.979 19
      vertex 111.824 392.05 19
    endloop
  endfacet
  facet normal 0.320105 0.947382 -0
    outer loop
      vertex 112.433 391.88 19
      vertex 112.14 391.979 20
      vertex 112.433 391.88 20
    endloop
  endfacet
  facet normal 0.320105 0.947382 0
    outer loop
      vertex 112.14 391.979 20
      vertex 112.433 391.88 19
      vertex 112.14 391.979 19
    endloop
  endfacet
  facet normal 0.429673 0.902985 -0
    outer loop
      vertex 112.702 391.752 19
      vertex 112.433 391.88 20
      vertex 112.702 391.752 20
    endloop
  endfacet
  facet normal 0.429673 0.902985 0
    outer loop
      vertex 112.433 391.88 20
      vertex 112.702 391.752 19
      vertex 112.433 391.88 19
    endloop
  endfacet
  facet normal 0.535542 0.844509 -0
    outer loop
      vertex 112.948 391.596 19
      vertex 112.702 391.752 20
      vertex 112.948 391.596 20
    endloop
  endfacet
  facet normal 0.535542 0.844509 0
    outer loop
      vertex 112.702 391.752 20
      vertex 112.948 391.596 19
      vertex 112.702 391.752 19
    endloop
  endfacet
  facet normal 0.636434 0.771331 -0
    outer loop
      vertex 113.171 391.412 19
      vertex 112.948 391.596 20
      vertex 113.171 391.412 20
    endloop
  endfacet
  facet normal 0.636434 0.771331 0
    outer loop
      vertex 112.948 391.596 20
      vertex 113.171 391.412 19
      vertex 112.948 391.596 19
    endloop
  endfacet
  facet normal 0.731055 0.682318 0
    outer loop
      vertex 113.367 391.202 20
      vertex 113.171 391.412 19
      vertex 113.171 391.412 20
    endloop
  endfacet
  facet normal 0.731055 0.682318 0
    outer loop
      vertex 113.171 391.412 19
      vertex 113.367 391.202 20
      vertex 113.367 391.202 19
    endloop
  endfacet
  facet normal 0.816093 0.57792 0
    outer loop
      vertex 113.532 390.969 20
      vertex 113.367 391.202 19
      vertex 113.367 391.202 20
    endloop
  endfacet
  facet normal 0.816093 0.57792 0
    outer loop
      vertex 113.367 391.202 19
      vertex 113.532 390.969 20
      vertex 113.532 390.969 19
    endloop
  endfacet
  facet normal 0.883116 0.469155 0
    outer loop
      vertex 113.668 390.713 20
      vertex 113.532 390.969 19
      vertex 113.532 390.969 20
    endloop
  endfacet
  facet normal 0.883116 0.469155 0
    outer loop
      vertex 113.532 390.969 19
      vertex 113.668 390.713 20
      vertex 113.668 390.713 19
    endloop
  endfacet
  facet normal 0.935915 0.352226 0
    outer loop
      vertex 113.773 390.434 20
      vertex 113.668 390.713 19
      vertex 113.668 390.713 20
    endloop
  endfacet
  facet normal 0.935915 0.352226 0
    outer loop
      vertex 113.668 390.713 19
      vertex 113.773 390.434 20
      vertex 113.773 390.434 19
    endloop
  endfacet
  facet normal 0.969764 0.244046 0
    outer loop
      vertex 113.849 390.132 20
      vertex 113.773 390.434 19
      vertex 113.773 390.434 20
    endloop
  endfacet
  facet normal 0.969764 0.244046 0
    outer loop
      vertex 113.773 390.434 19
      vertex 113.849 390.132 20
      vertex 113.849 390.132 19
    endloop
  endfacet
  facet normal 0.99055 0.137153 0
    outer loop
      vertex 113.894 389.807 20
      vertex 113.849 390.132 19
      vertex 113.849 390.132 20
    endloop
  endfacet
  facet normal 0.99055 0.137153 0
    outer loop
      vertex 113.849 390.132 19
      vertex 113.894 389.807 20
      vertex 113.894 389.807 19
    endloop
  endfacet
  facet normal 0.999072 0.0430635 0
    outer loop
      vertex 113.909 389.459 20
      vertex 113.894 389.807 19
      vertex 113.894 389.807 20
    endloop
  endfacet
  facet normal 0.999072 0.0430635 0
    outer loop
      vertex 113.894 389.807 19
      vertex 113.909 389.459 20
      vertex 113.909 389.459 19
    endloop
  endfacet
  facet normal 0.999415 -0.0342005 0
    outer loop
      vertex 113.9 389.196 20
      vertex 113.909 389.459 19
      vertex 113.909 389.459 20
    endloop
  endfacet
  facet normal 0.999415 -0.0342005 0
    outer loop
      vertex 113.909 389.459 19
      vertex 113.9 389.196 20
      vertex 113.9 389.196 19
    endloop
  endfacet
  facet normal 0.994802 -0.10183 0
    outer loop
      vertex 113.874 388.942 20
      vertex 113.9 389.196 19
      vertex 113.9 389.196 20
    endloop
  endfacet
  facet normal 0.994802 -0.10183 0
    outer loop
      vertex 113.9 389.196 19
      vertex 113.874 388.942 20
      vertex 113.874 388.942 19
    endloop
  endfacet
  facet normal 0.984501 -0.175377 0
    outer loop
      vertex 113.83 388.695 20
      vertex 113.874 388.942 19
      vertex 113.874 388.942 20
    endloop
  endfacet
  facet normal 0.984501 -0.175377 0
    outer loop
      vertex 113.874 388.942 19
      vertex 113.83 388.695 20
      vertex 113.83 388.695 19
    endloop
  endfacet
  facet normal 0.968938 -0.247302 0
    outer loop
      vertex 113.769 388.456 20
      vertex 113.83 388.695 19
      vertex 113.83 388.695 20
    endloop
  endfacet
  facet normal 0.968938 -0.247302 0
    outer loop
      vertex 113.83 388.695 19
      vertex 113.769 388.456 20
      vertex 113.769 388.456 19
    endloop
  endfacet
  facet normal 0.945766 -0.32485 0
    outer loop
      vertex 113.69 388.226 20
      vertex 113.769 388.456 19
      vertex 113.769 388.456 20
    endloop
  endfacet
  facet normal 0.945766 -0.32485 0
    outer loop
      vertex 113.769 388.456 19
      vertex 113.69 388.226 20
      vertex 113.69 388.226 19
    endloop
  endfacet
  facet normal 0.918505 -0.39541 0
    outer loop
      vertex 113.594 388.003 20
      vertex 113.69 388.226 19
      vertex 113.69 388.226 20
    endloop
  endfacet
  facet normal 0.918505 -0.39541 0
    outer loop
      vertex 113.69 388.226 19
      vertex 113.594 388.003 20
      vertex 113.594 388.003 19
    endloop
  endfacet
  facet normal 0.883488 -0.468454 0
    outer loop
      vertex 113.48 387.788 20
      vertex 113.594 388.003 19
      vertex 113.594 388.003 20
    endloop
  endfacet
  facet normal 0.883488 -0.468454 0
    outer loop
      vertex 113.594 388.003 19
      vertex 113.48 387.788 20
      vertex 113.48 387.788 19
    endloop
  endfacet
  facet normal 0.852777 -0.522275 0
    outer loop
      vertex 113.352 387.579 20
      vertex 113.48 387.788 19
      vertex 113.48 387.788 20
    endloop
  endfacet
  facet normal 0.852777 -0.522275 0
    outer loop
      vertex 113.48 387.788 19
      vertex 113.352 387.579 20
      vertex 113.352 387.579 19
    endloop
  endfacet
  facet normal 0.83205 -0.5547 0
    outer loop
      vertex 113.214 387.372 20
      vertex 113.352 387.579 19
      vertex 113.352 387.579 20
    endloop
  endfacet
  facet normal 0.83205 -0.5547 0
    outer loop
      vertex 113.352 387.579 19
      vertex 113.214 387.372 20
      vertex 113.214 387.372 19
    endloop
  endfacet
  facet normal 0.805651 -0.59239 0
    outer loop
      vertex 113.064 387.168 20
      vertex 113.214 387.372 19
      vertex 113.214 387.372 20
    endloop
  endfacet
  facet normal 0.805651 -0.59239 0
    outer loop
      vertex 113.214 387.372 19
      vertex 113.064 387.168 20
      vertex 113.064 387.168 19
    endloop
  endfacet
  facet normal 0.782001 -0.623278 0
    outer loop
      vertex 112.903 386.966 20
      vertex 113.064 387.168 19
      vertex 113.064 387.168 20
    endloop
  endfacet
  facet normal 0.782001 -0.623278 0
    outer loop
      vertex 113.064 387.168 19
      vertex 112.903 386.966 20
      vertex 112.903 386.966 19
    endloop
  endfacet
  facet normal 0.758449 -0.651732 0
    outer loop
      vertex 112.732 386.767 20
      vertex 112.903 386.966 19
      vertex 112.903 386.966 20
    endloop
  endfacet
  facet normal 0.758449 -0.651732 0
    outer loop
      vertex 112.903 386.966 19
      vertex 112.732 386.767 20
      vertex 112.732 386.767 19
    endloop
  endfacet
  facet normal 0.732793 -0.680451 0
    outer loop
      vertex 112.55 386.571 20
      vertex 112.732 386.767 19
      vertex 112.732 386.767 20
    endloop
  endfacet
  facet normal 0.732793 -0.680451 0
    outer loop
      vertex 112.732 386.767 19
      vertex 112.55 386.571 20
      vertex 112.55 386.571 19
    endloop
  endfacet
  facet normal 0.708932 -0.705277 0
    outer loop
      vertex 112.357 386.377 20
      vertex 112.55 386.571 19
      vertex 112.55 386.571 20
    endloop
  endfacet
  facet normal 0.708932 -0.705277 0
    outer loop
      vertex 112.55 386.571 19
      vertex 112.357 386.377 20
      vertex 112.357 386.377 19
    endloop
  endfacet
  facet normal 0.688938 -0.72482 0
    outer loop
      vertex 112.155 386.185 19
      vertex 112.357 386.377 20
      vertex 112.155 386.185 20
    endloop
  endfacet
  facet normal 0.688938 -0.72482 0
    outer loop
      vertex 112.357 386.377 20
      vertex 112.155 386.185 19
      vertex 112.357 386.377 19
    endloop
  endfacet
  facet normal 0.67828 -0.734803 0
    outer loop
      vertex 111.947 385.993 19
      vertex 112.155 386.185 20
      vertex 111.947 385.993 20
    endloop
  endfacet
  facet normal 0.67828 -0.734803 0
    outer loop
      vertex 112.155 386.185 20
      vertex 111.947 385.993 19
      vertex 112.155 386.185 19
    endloop
  endfacet
  facet normal 0.664364 -0.747409 0
    outer loop
      vertex 111.731 385.801 19
      vertex 111.947 385.993 20
      vertex 111.731 385.801 20
    endloop
  endfacet
  facet normal 0.664364 -0.747409 0
    outer loop
      vertex 111.947 385.993 20
      vertex 111.731 385.801 19
      vertex 111.947 385.993 19
    endloop
  endfacet
  facet normal 0.654152 -0.756363 0
    outer loop
      vertex 111.509 385.609 19
      vertex 111.731 385.801 20
      vertex 111.509 385.609 20
    endloop
  endfacet
  facet normal 0.654152 -0.756363 0
    outer loop
      vertex 111.731 385.801 20
      vertex 111.509 385.609 19
      vertex 111.731 385.801 19
    endloop
  endfacet
  facet normal 0.640841 -0.767674 0
    outer loop
      vertex 111.279 385.417 19
      vertex 111.509 385.609 20
      vertex 111.279 385.417 20
    endloop
  endfacet
  facet normal 0.640841 -0.767674 0
    outer loop
      vertex 111.509 385.609 20
      vertex 111.279 385.417 19
      vertex 111.509 385.609 19
    endloop
  endfacet
  facet normal 0.633059 -0.774103 0
    outer loop
      vertex 111.043 385.224 19
      vertex 111.279 385.417 20
      vertex 111.043 385.224 20
    endloop
  endfacet
  facet normal 0.633059 -0.774103 0
    outer loop
      vertex 111.279 385.417 20
      vertex 111.043 385.224 19
      vertex 111.279 385.417 19
    endloop
  endfacet
  facet normal 0.619958 -0.784635 0
    outer loop
      vertex 110.8 385.032 19
      vertex 111.043 385.224 20
      vertex 110.8 385.032 20
    endloop
  endfacet
  facet normal 0.619958 -0.784635 0
    outer loop
      vertex 111.043 385.224 20
      vertex 110.8 385.032 19
      vertex 111.043 385.224 19
    endloop
  endfacet
  facet normal 0.617681 -0.786429 0
    outer loop
      vertex 110.553 384.838 19
      vertex 110.8 385.032 20
      vertex 110.553 384.838 20
    endloop
  endfacet
  facet normal 0.617681 -0.786429 0
    outer loop
      vertex 110.8 385.032 20
      vertex 110.553 384.838 19
      vertex 110.8 385.032 19
    endloop
  endfacet
  facet normal 0.627383 -0.778711 0
    outer loop
      vertex 110.306 384.639 19
      vertex 110.553 384.838 20
      vertex 110.306 384.639 20
    endloop
  endfacet
  facet normal 0.627383 -0.778711 0
    outer loop
      vertex 110.553 384.838 20
      vertex 110.306 384.639 19
      vertex 110.553 384.838 19
    endloop
  endfacet
  facet normal 0.635271 -0.77229 0
    outer loop
      vertex 110.058 384.435 19
      vertex 110.306 384.639 20
      vertex 110.058 384.435 20
    endloop
  endfacet
  facet normal 0.635271 -0.77229 0
    outer loop
      vertex 110.306 384.639 20
      vertex 110.058 384.435 19
      vertex 110.306 384.639 19
    endloop
  endfacet
  facet normal 0.642903 -0.765947 0
    outer loop
      vertex 109.809 384.226 19
      vertex 110.058 384.435 20
      vertex 109.809 384.226 20
    endloop
  endfacet
  facet normal 0.642903 -0.765947 0
    outer loop
      vertex 110.058 384.435 20
      vertex 109.809 384.226 19
      vertex 110.058 384.435 19
    endloop
  endfacet
  facet normal 0.650037 -0.759902 0
    outer loop
      vertex 109.56 384.013 19
      vertex 109.809 384.226 20
      vertex 109.56 384.013 20
    endloop
  endfacet
  facet normal 0.650037 -0.759902 0
    outer loop
      vertex 109.809 384.226 20
      vertex 109.56 384.013 19
      vertex 109.809 384.226 19
    endloop
  endfacet
  facet normal 0.655732 -0.754994 0
    outer loop
      vertex 109.309 383.795 19
      vertex 109.56 384.013 20
      vertex 109.309 383.795 20
    endloop
  endfacet
  facet normal 0.655732 -0.754994 0
    outer loop
      vertex 109.56 384.013 20
      vertex 109.309 383.795 19
      vertex 109.56 384.013 19
    endloop
  endfacet
  facet normal 0.663992 -0.747739 0
    outer loop
      vertex 109.059 383.573 19
      vertex 109.309 383.795 20
      vertex 109.059 383.573 20
    endloop
  endfacet
  facet normal 0.663992 -0.747739 0
    outer loop
      vertex 109.309 383.795 20
      vertex 109.059 383.573 19
      vertex 109.309 383.795 19
    endloop
  endfacet
  facet normal 0.675457 -0.737399 0
    outer loop
      vertex 108.809 383.344 19
      vertex 109.059 383.573 20
      vertex 108.809 383.344 20
    endloop
  endfacet
  facet normal 0.675457 -0.737399 0
    outer loop
      vertex 109.059 383.573 20
      vertex 108.809 383.344 19
      vertex 109.059 383.573 19
    endloop
  endfacet
  facet normal 0.692288 -0.721622 0
    outer loop
      vertex 108.563 383.108 19
      vertex 108.809 383.344 20
      vertex 108.563 383.108 20
    endloop
  endfacet
  facet normal 0.692288 -0.721622 0
    outer loop
      vertex 108.809 383.344 20
      vertex 108.563 383.108 19
      vertex 108.809 383.344 19
    endloop
  endfacet
  facet normal 0.707107 -0.707107 0
    outer loop
      vertex 108.32 382.865 20
      vertex 108.563 383.108 19
      vertex 108.563 383.108 20
    endloop
  endfacet
  facet normal 0.707107 -0.707107 0
    outer loop
      vertex 108.563 383.108 19
      vertex 108.32 382.865 20
      vertex 108.32 382.865 19
    endloop
  endfacet
  facet normal 0.724207 -0.689583 0
    outer loop
      vertex 108.081 382.614 20
      vertex 108.32 382.865 19
      vertex 108.32 382.865 20
    endloop
  endfacet
  facet normal 0.724207 -0.689583 0
    outer loop
      vertex 108.32 382.865 19
      vertex 108.081 382.614 20
      vertex 108.081 382.614 19
    endloop
  endfacet
  facet normal 0.739165 -0.673525 0
    outer loop
      vertex 107.845 382.355 20
      vertex 108.081 382.614 19
      vertex 108.081 382.614 20
    endloop
  endfacet
  facet normal 0.739165 -0.673525 0
    outer loop
      vertex 108.081 382.614 19
      vertex 107.845 382.355 20
      vertex 107.845 382.355 19
    endloop
  endfacet
  facet normal 0.752226 -0.658905 0
    outer loop
      vertex 107.612 382.089 20
      vertex 107.845 382.355 19
      vertex 107.845 382.355 20
    endloop
  endfacet
  facet normal 0.752226 -0.658905 0
    outer loop
      vertex 107.845 382.355 19
      vertex 107.612 382.089 20
      vertex 107.612 382.089 19
    endloop
  endfacet
  facet normal 0.765925 -0.64293 0
    outer loop
      vertex 107.382 381.815 20
      vertex 107.612 382.089 19
      vertex 107.612 382.089 20
    endloop
  endfacet
  facet normal 0.765925 -0.64293 0
    outer loop
      vertex 107.612 382.089 19
      vertex 107.382 381.815 20
      vertex 107.382 381.815 19
    endloop
  endfacet
  facet normal 0.7868 -0.617207 0
    outer loop
      vertex 107.16 381.532 20
      vertex 107.382 381.815 19
      vertex 107.382 381.815 20
    endloop
  endfacet
  facet normal 0.7868 -0.617207 0
    outer loop
      vertex 107.382 381.815 19
      vertex 107.16 381.532 20
      vertex 107.16 381.532 19
    endloop
  endfacet
  facet normal 0.81169 -0.584088 0
    outer loop
      vertex 106.947 381.236 20
      vertex 107.16 381.532 19
      vertex 107.16 381.532 20
    endloop
  endfacet
  facet normal 0.81169 -0.584088 0
    outer loop
      vertex 107.16 381.532 19
      vertex 106.947 381.236 20
      vertex 106.947 381.236 19
    endloop
  endfacet
  facet normal 0.834958 -0.550313 0
    outer loop
      vertex 106.744 380.928 20
      vertex 106.947 381.236 19
      vertex 106.947 381.236 20
    endloop
  endfacet
  facet normal 0.834958 -0.550313 0
    outer loop
      vertex 106.947 381.236 19
      vertex 106.744 380.928 20
      vertex 106.744 380.928 19
    endloop
  endfacet
  facet normal 0.85631 -0.516462 0
    outer loop
      vertex 106.551 380.608 20
      vertex 106.744 380.928 19
      vertex 106.744 380.928 20
    endloop
  endfacet
  facet normal 0.85631 -0.516462 0
    outer loop
      vertex 106.744 380.928 19
      vertex 106.551 380.608 20
      vertex 106.551 380.608 19
    endloop
  endfacet
  facet normal 0.87577 -0.482729 0
    outer loop
      vertex 106.368 380.276 20
      vertex 106.551 380.608 19
      vertex 106.551 380.608 20
    endloop
  endfacet
  facet normal 0.87577 -0.482729 0
    outer loop
      vertex 106.551 380.608 19
      vertex 106.368 380.276 20
      vertex 106.368 380.276 19
    endloop
  endfacet
  facet normal 0.893908 -0.44825 0
    outer loop
      vertex 106.195 379.931 20
      vertex 106.368 380.276 19
      vertex 106.368 380.276 20
    endloop
  endfacet
  facet normal 0.893908 -0.44825 0
    outer loop
      vertex 106.368 380.276 19
      vertex 106.195 379.931 20
      vertex 106.195 379.931 19
    endloop
  endfacet
  facet normal 0.909226 -0.416303 0
    outer loop
      vertex 106.032 379.575 20
      vertex 106.195 379.931 19
      vertex 106.195 379.931 20
    endloop
  endfacet
  facet normal 0.909226 -0.416303 0
    outer loop
      vertex 106.195 379.931 19
      vertex 106.032 379.575 20
      vertex 106.032 379.575 19
    endloop
  endfacet
  facet normal 1 -0 0
    outer loop
      vertex 106.032 378.197 20
      vertex 106.032 379.575 19
      vertex 106.032 379.575 20
    endloop
  endfacet
  facet normal 1 0 0
    outer loop
      vertex 106.032 379.575 19
      vertex 106.032 378.197 20
      vertex 106.032 378.197 19
    endloop
  endfacet
  facet normal 0 1 -0
    outer loop
      vertex 116.155 378.197 19
      vertex 106.032 378.197 20
      vertex 116.155 378.197 20
    endloop
  endfacet
  facet normal 0 1 0
    outer loop
      vertex 106.032 378.197 20
      vertex 116.155 378.197 19
      vertex 106.032 378.197 19
    endloop
  endfacet
  facet normal -1 0 0
    outer loop
      vertex 116.155 378.197 19
      vertex 116.155 379.857 20
      vertex 116.155 379.857 19
    endloop
  endfacet
  facet normal -1 -0 0
    outer loop
      vertex 116.155 379.857 20
      vertex 116.155 378.197 19
      vertex 116.155 378.197 20
    endloop
  endfacet
  facet normal -0.100165 0.994971 0
    outer loop
      vertex 73.3638 378.289 19
      vertex 72.6784 378.22 20
      vertex 73.3638 378.289 20
    endloop
  endfacet
  facet normal -0.100165 0.994971 0
    outer loop
      vertex 72.6784 378.22 20
      vertex 73.3638 378.289 19
      vertex 72.6784 378.22 19
    endloop
  endfacet
  facet normal -0.178913 0.983865 0
    outer loop
      vertex 74.0017 378.405 19
      vertex 73.3638 378.289 20
      vertex 74.0017 378.405 20
    endloop
  endfacet
  facet normal -0.178913 0.983865 0
    outer loop
      vertex 73.3638 378.289 20
      vertex 74.0017 378.405 19
      vertex 73.3638 378.289 19
    endloop
  endfacet
  facet normal -0.264526 0.964378 0
    outer loop
      vertex 74.5923 378.567 19
      vertex 74.0017 378.405 20
      vertex 74.5923 378.567 20
    endloop
  endfacet
  facet normal -0.264526 0.964378 0
    outer loop
      vertex 74.0017 378.405 20
      vertex 74.5923 378.567 19
      vertex 74.0017 378.405 19
    endloop
  endfacet
  facet normal -0.357596 0.933876 0
    outer loop
      vertex 75.1355 378.775 19
      vertex 74.5923 378.567 20
      vertex 75.1355 378.775 20
    endloop
  endfacet
  facet normal -0.357596 0.933876 0
    outer loop
      vertex 74.5923 378.567 20
      vertex 75.1355 378.775 19
      vertex 74.5923 378.567 19
    endloop
  endfacet
  facet normal -0.457445 0.889238 0
    outer loop
      vertex 75.6312 379.03 19
      vertex 75.1355 378.775 20
      vertex 75.6312 379.03 20
    endloop
  endfacet
  facet normal -0.457445 0.889238 0
    outer loop
      vertex 75.1355 378.775 20
      vertex 75.6312 379.03 19
      vertex 75.1355 378.775 19
    endloop
  endfacet
  facet normal -0.556068 0.831137 0
    outer loop
      vertex 76.0796 379.33 19
      vertex 75.6312 379.03 20
      vertex 76.0796 379.33 20
    endloop
  endfacet
  facet normal -0.556068 0.831137 0
    outer loop
      vertex 75.6312 379.03 20
      vertex 76.0796 379.33 19
      vertex 75.6312 379.03 19
    endloop
  endfacet
  facet normal -0.656226 0.754564 0
    outer loop
      vertex 76.474 379.673 19
      vertex 76.0796 379.33 20
      vertex 76.474 379.673 20
    endloop
  endfacet
  facet normal -0.656226 0.754564 0
    outer loop
      vertex 76.0796 379.33 20
      vertex 76.474 379.673 19
      vertex 76.0796 379.33 19
    endloop
  endfacet
  facet normal -0.750635 0.660717 0
    outer loop
      vertex 76.474 379.673 19
      vertex 76.8076 380.052 20
      vertex 76.8076 380.052 19
    endloop
  endfacet
  facet normal -0.750635 0.660717 0
    outer loop
      vertex 76.8076 380.052 20
      vertex 76.474 379.673 19
      vertex 76.474 379.673 20
    endloop
  endfacet
  facet normal -0.836651 0.547736 0
    outer loop
      vertex 76.8076 380.052 19
      vertex 77.0806 380.469 20
      vertex 77.0806 380.469 19
    endloop
  endfacet
  facet normal -0.836651 0.547736 0
    outer loop
      vertex 77.0806 380.469 20
      vertex 76.8076 380.052 19
      vertex 76.8076 380.052 20
    endloop
  endfacet
  facet normal -0.905416 0.424526 0
    outer loop
      vertex 77.0806 380.469 19
      vertex 77.293 380.922 20
      vertex 77.293 380.922 19
    endloop
  endfacet
  facet normal -0.905416 0.424526 0
    outer loop
      vertex 77.293 380.922 20
      vertex 77.0806 380.469 19
      vertex 77.0806 380.469 20
    endloop
  endfacet
  facet normal -0.955438 0.295193 0
    outer loop
      vertex 77.293 380.922 19
      vertex 77.4447 381.413 20
      vertex 77.4447 381.413 19
    endloop
  endfacet
  facet normal -0.955438 0.295193 0
    outer loop
      vertex 77.4447 381.413 20
      vertex 77.293 380.922 19
      vertex 77.293 380.922 20
    endloop
  endfacet
  facet normal -0.985417 0.170157 0
    outer loop
      vertex 77.4447 381.413 19
      vertex 77.5357 381.94 20
      vertex 77.5357 381.94 19
    endloop
  endfacet
  facet normal -0.985417 0.170157 0
    outer loop
      vertex 77.5357 381.94 20
      vertex 77.4447 381.413 19
      vertex 77.4447 381.413 20
    endloop
  endfacet
  facet normal -0.99856 0.053646 0
    outer loop
      vertex 77.5357 381.94 19
      vertex 77.566 382.504 20
      vertex 77.566 382.504 19
    endloop
  endfacet
  facet normal -0.99856 0.053646 0
    outer loop
      vertex 77.566 382.504 20
      vertex 77.5357 381.94 19
      vertex 77.5357 381.94 20
    endloop
  endfacet
  facet normal -0.998894 -0.0470205 0
    outer loop
      vertex 77.566 382.504 19
      vertex 77.5459 382.931 20
      vertex 77.5459 382.931 19
    endloop
  endfacet
  facet normal -0.998894 -0.0470205 0
    outer loop
      vertex 77.5459 382.931 20
      vertex 77.566 382.504 19
      vertex 77.566 382.504 20
    endloop
  endfacet
  facet normal -0.988972 -0.148101 0
    outer loop
      vertex 77.5459 382.931 19
      vertex 77.4854 383.335 20
      vertex 77.4854 383.335 19
    endloop
  endfacet
  facet normal -0.988972 -0.148101 0
    outer loop
      vertex 77.4854 383.335 20
      vertex 77.5459 382.931 19
      vertex 77.5459 382.931 20
    endloop
  endfacet
  facet normal -0.967293 -0.253662 0
    outer loop
      vertex 77.4854 383.335 19
      vertex 77.3847 383.719 20
      vertex 77.3847 383.719 19
    endloop
  endfacet
  facet normal -0.967293 -0.253662 0
    outer loop
      vertex 77.3847 383.719 20
      vertex 77.4854 383.335 19
      vertex 77.4854 383.335 20
    endloop
  endfacet
  facet normal -0.931724 -0.363167 0
    outer loop
      vertex 77.3847 383.719 19
      vertex 77.2436 384.081 20
      vertex 77.2436 384.081 19
    endloop
  endfacet
  facet normal -0.931724 -0.363167 0
    outer loop
      vertex 77.2436 384.081 20
      vertex 77.3847 383.719 19
      vertex 77.3847 383.719 20
    endloop
  endfacet
  facet normal -0.882281 -0.470723 0
    outer loop
      vertex 77.2436 384.081 19
      vertex 77.0622 384.421 20
      vertex 77.0622 384.421 19
    endloop
  endfacet
  facet normal -0.882281 -0.470723 0
    outer loop
      vertex 77.0622 384.421 20
      vertex 77.2436 384.081 19
      vertex 77.2436 384.081 20
    endloop
  endfacet
  facet normal -0.821283 -0.570521 0
    outer loop
      vertex 77.0622 384.421 19
      vertex 76.8406 384.74 20
      vertex 76.8406 384.74 19
    endloop
  endfacet
  facet normal -0.821283 -0.570521 0
    outer loop
      vertex 76.8406 384.74 20
      vertex 77.0622 384.421 19
      vertex 77.0622 384.421 20
    endloop
  endfacet
  facet normal -0.749912 -0.661538 0
    outer loop
      vertex 76.8406 384.74 19
      vertex 76.5786 385.037 20
      vertex 76.5786 385.037 19
    endloop
  endfacet
  facet normal -0.749912 -0.661538 0
    outer loop
      vertex 76.5786 385.037 20
      vertex 76.8406 384.74 19
      vertex 76.8406 384.74 20
    endloop
  endfacet
  facet normal -0.671439 -0.74106 0
    outer loop
      vertex 76.2795 385.308 19
      vertex 76.5786 385.037 20
      vertex 76.2795 385.308 20
    endloop
  endfacet
  facet normal -0.671439 -0.74106 -0
    outer loop
      vertex 76.5786 385.037 20
      vertex 76.2795 385.308 19
      vertex 76.5786 385.037 19
    endloop
  endfacet
  facet normal -0.582736 -0.812661 0
    outer loop
      vertex 75.9462 385.547 19
      vertex 76.2795 385.308 20
      vertex 75.9462 385.547 20
    endloop
  endfacet
  facet normal -0.582736 -0.812661 -0
    outer loop
      vertex 76.2795 385.308 20
      vertex 75.9462 385.547 19
      vertex 76.2795 385.308 19
    endloop
  endfacet
  facet normal -0.489167 -0.87219 0
    outer loop
      vertex 75.5789 385.753 19
      vertex 75.9462 385.547 20
      vertex 75.5789 385.753 20
    endloop
  endfacet
  facet normal -0.489167 -0.87219 -0
    outer loop
      vertex 75.9462 385.547 20
      vertex 75.5789 385.753 19
      vertex 75.9462 385.547 19
    endloop
  endfacet
  facet normal -0.399644 -0.91667 0
    outer loop
      vertex 75.1775 385.928 19
      vertex 75.5789 385.753 20
      vertex 75.1775 385.928 20
    endloop
  endfacet
  facet normal -0.399644 -0.91667 -0
    outer loop
      vertex 75.5789 385.753 20
      vertex 75.1775 385.928 19
      vertex 75.5789 385.753 19
    endloop
  endfacet
  facet normal -0.309935 -0.950758 0
    outer loop
      vertex 74.7419 386.07 19
      vertex 75.1775 385.928 20
      vertex 74.7419 386.07 20
    endloop
  endfacet
  facet normal -0.309935 -0.950758 -0
    outer loop
      vertex 75.1775 385.928 20
      vertex 74.7419 386.07 19
      vertex 75.1775 385.928 19
    endloop
  endfacet
  facet normal -0.228068 -0.973645 0
    outer loop
      vertex 74.2723 386.18 19
      vertex 74.7419 386.07 20
      vertex 74.2723 386.18 20
    endloop
  endfacet
  facet normal -0.228068 -0.973645 -0
    outer loop
      vertex 74.7419 386.07 20
      vertex 74.2723 386.18 19
      vertex 74.7419 386.07 19
    endloop
  endfacet
  facet normal -0.15303 -0.988222 0
    outer loop
      vertex 73.7686 386.258 19
      vertex 74.2723 386.18 20
      vertex 73.7686 386.258 20
    endloop
  endfacet
  facet normal -0.15303 -0.988222 -0
    outer loop
      vertex 74.2723 386.18 20
      vertex 73.7686 386.258 19
      vertex 74.2723 386.18 19
    endloop
  endfacet
  facet normal -0.259134 0.965841 0
    outer loop
      vertex 74.1525 386.361 19
      vertex 73.7686 386.258 20
      vertex 74.1525 386.361 20
    endloop
  endfacet
  facet normal -0.259134 0.965841 0
    outer loop
      vertex 73.7686 386.258 20
      vertex 74.1525 386.361 19
      vertex 73.7686 386.258 19
    endloop
  endfacet
  facet normal -0.334086 0.942543 0
    outer loop
      vertex 74.5108 386.488 19
      vertex 74.1525 386.361 20
      vertex 74.5108 386.488 20
    endloop
  endfacet
  facet normal -0.334086 0.942543 0
    outer loop
      vertex 74.1525 386.361 20
      vertex 74.5108 386.488 19
      vertex 74.1525 386.361 19
    endloop
  endfacet
  facet normal -0.41339 0.910554 0
    outer loop
      vertex 74.8434 386.639 19
      vertex 74.5108 386.488 20
      vertex 74.8434 386.639 20
    endloop
  endfacet
  facet normal -0.41339 0.910554 0
    outer loop
      vertex 74.5108 386.488 20
      vertex 74.8434 386.639 19
      vertex 74.5108 386.488 19
    endloop
  endfacet
  facet normal -0.4996 0.866256 0
    outer loop
      vertex 75.1503 386.816 19
      vertex 74.8434 386.639 20
      vertex 75.1503 386.816 20
    endloop
  endfacet
  facet normal -0.4996 0.866256 0
    outer loop
      vertex 74.8434 386.639 20
      vertex 75.1503 386.816 19
      vertex 74.8434 386.639 19
    endloop
  endfacet
  facet normal -0.583422 0.812169 0
    outer loop
      vertex 75.4315 387.018 19
      vertex 75.1503 386.816 20
      vertex 75.4315 387.018 20
    endloop
  endfacet
  facet normal -0.583422 0.812169 0
    outer loop
      vertex 75.1503 386.816 20
      vertex 75.4315 387.018 19
      vertex 75.1503 386.816 19
    endloop
  endfacet
  facet normal -0.662542 0.749025 0
    outer loop
      vertex 75.687 387.244 19
      vertex 75.4315 387.018 20
      vertex 75.687 387.244 20
    endloop
  endfacet
  facet normal -0.662542 0.749025 0
    outer loop
      vertex 75.4315 387.018 20
      vertex 75.687 387.244 19
      vertex 75.4315 387.018 19
    endloop
  endfacet
  facet normal -0.737422 0.675432 0
    outer loop
      vertex 75.687 387.244 19
      vertex 75.9169 387.495 20
      vertex 75.9169 387.495 19
    endloop
  endfacet
  facet normal -0.737422 0.675432 0
    outer loop
      vertex 75.9169 387.495 20
      vertex 75.687 387.244 19
      vertex 75.687 387.244 20
    endloop
  endfacet
  facet normal -0.803531 0.595263 0
    outer loop
      vertex 75.9169 387.495 19
      vertex 76.1184 387.767 20
      vertex 76.1184 387.767 19
    endloop
  endfacet
  facet normal -0.803531 0.595263 0
    outer loop
      vertex 76.1184 387.767 20
      vertex 75.9169 387.495 19
      vertex 75.9169 387.495 20
    endloop
  endfacet
  facet normal -0.862049 0.506825 0
    outer loop
      vertex 76.1184 387.767 19
      vertex 76.2889 388.057 20
      vertex 76.2889 388.057 19
    endloop
  endfacet
  facet normal -0.862049 0.506825 0
    outer loop
      vertex 76.2889 388.057 20
      vertex 76.1184 387.767 19
      vertex 76.1184 387.767 20
    endloop
  endfacet
  facet normal -0.910923 0.412577 0
    outer loop
      vertex 76.2889 388.057 19
      vertex 76.4284 388.365 20
      vertex 76.4284 388.365 19
    endloop
  endfacet
  facet normal -0.910923 0.412577 0
    outer loop
      vertex 76.4284 388.365 20
      vertex 76.2889 388.057 19
      vertex 76.2889 388.057 20
    endloop
  endfacet
  facet normal -0.948829 0.315791 0
    outer loop
      vertex 76.4284 388.365 19
      vertex 76.5369 388.691 20
      vertex 76.5369 388.691 19
    endloop
  endfacet
  facet normal -0.948829 0.315791 0
    outer loop
      vertex 76.5369 388.691 20
      vertex 76.4284 388.365 19
      vertex 76.4284 388.365 20
    endloop
  endfacet
  facet normal -0.975411 0.220392 0
    outer loop
      vertex 76.5369 388.691 19
      vertex 76.6144 389.034 20
      vertex 76.6144 389.034 19
    endloop
  endfacet
  facet normal -0.975411 0.220392 0
    outer loop
      vertex 76.6144 389.034 20
      vertex 76.5369 388.691 19
      vertex 76.5369 388.691 20
    endloop
  endfacet
  facet normal -0.991806 0.127753 0
    outer loop
      vertex 76.6144 389.034 19
      vertex 76.6609 389.395 20
      vertex 76.6609 389.395 19
    endloop
  endfacet
  facet normal -0.991806 0.127753 0
    outer loop
      vertex 76.6609 389.395 20
      vertex 76.6144 389.034 19
      vertex 76.6144 389.034 20
    endloop
  endfacet
  facet normal -0.999165 0.0408629 0
    outer loop
      vertex 76.6609 389.395 19
      vertex 76.6764 389.774 20
      vertex 76.6764 389.774 19
    endloop
  endfacet
  facet normal -0.999165 0.0408629 0
    outer loop
      vertex 76.6764 389.774 20
      vertex 76.6609 389.395 19
      vertex 76.6609 389.395 20
    endloop
  endfacet
  facet normal -0.993832 -0.110897 0
    outer loop
      vertex 76.6764 389.774 19
      vertex 76.5666 390.758 20
      vertex 76.5666 390.758 19
    endloop
  endfacet
  facet normal -0.993832 -0.110897 0
    outer loop
      vertex 76.5666 390.758 20
      vertex 76.6764 389.774 19
      vertex 76.6764 389.774 20
    endloop
  endfacet
  facet normal -0.929894 -0.367827 0
    outer loop
      vertex 76.5666 390.758 19
      vertex 76.2371 391.591 20
      vertex 76.2371 391.591 19
    endloop
  endfacet
  facet normal -0.929894 -0.367827 0
    outer loop
      vertex 76.2371 391.591 20
      vertex 76.5666 390.758 19
      vertex 76.5666 390.758 20
    endloop
  endfacet
  facet normal -0.778859 -0.627199 0
    outer loop
      vertex 76.2371 391.591 19
      vertex 75.6879 392.273 20
      vertex 75.6879 392.273 19
    endloop
  endfacet
  facet normal -0.778859 -0.627199 0
    outer loop
      vertex 75.6879 392.273 20
      vertex 76.2371 391.591 19
      vertex 76.2371 391.591 20
    endloop
  endfacet
  facet normal -0.567583 -0.823316 0
    outer loop
      vertex 74.9191 392.803 19
      vertex 75.6879 392.273 20
      vertex 74.9191 392.803 20
    endloop
  endfacet
  facet normal -0.567583 -0.823316 -0
    outer loop
      vertex 75.6879 392.273 20
      vertex 74.9191 392.803 19
      vertex 75.6879 392.273 19
    endloop
  endfacet
  facet normal -0.357205 -0.934026 0
    outer loop
      vertex 73.9307 393.181 19
      vertex 74.9191 392.803 20
      vertex 73.9307 393.181 20
    endloop
  endfacet
  facet normal -0.357205 -0.934026 -0
    outer loop
      vertex 74.9191 392.803 20
      vertex 73.9307 393.181 19
      vertex 74.9191 392.803 19
    endloop
  endfacet
  facet normal -0.185452 -0.982653 0
    outer loop
      vertex 72.7226 393.409 19
      vertex 73.9307 393.181 20
      vertex 72.7226 393.409 20
    endloop
  endfacet
  facet normal -0.185452 -0.982653 -0
    outer loop
      vertex 73.9307 393.181 20
      vertex 72.7226 393.409 19
      vertex 73.9307 393.181 19
    endloop
  endfacet
  facet normal -0.052456 -0.998623 0
    outer loop
      vertex 71.2948 393.484 19
      vertex 72.7226 393.409 20
      vertex 71.2948 393.484 20
    endloop
  endfacet
  facet normal -0.052456 -0.998623 -0
    outer loop
      vertex 72.7226 393.409 20
      vertex 71.2948 393.484 19
      vertex 72.7226 393.409 19
    endloop
  endfacet
  facet normal 0 -1 0
    outer loop
      vertex 65.7396 393.484 19
      vertex 71.2948 393.484 20
      vertex 65.7396 393.484 20
    endloop
  endfacet
  facet normal 0 -1 -0
    outer loop
      vertex 71.2948 393.484 20
      vertex 65.7396 393.484 19
      vertex 71.2948 393.484 19
    endloop
  endfacet
  facet normal 1 -0 0
    outer loop
      vertex 65.7396 378.197 20
      vertex 65.7396 393.484 19
      vertex 65.7396 393.484 20
    endloop
  endfacet
  facet normal 1 0 0
    outer loop
      vertex 65.7396 393.484 19
      vertex 65.7396 378.197 20
      vertex 65.7396 378.197 19
    endloop
  endfacet
  facet normal 0 1 -0
    outer loop
      vertex 71.9457 378.197 19
      vertex 65.7396 378.197 20
      vertex 71.9457 378.197 20
    endloop
  endfacet
  facet normal 0 1 0
    outer loop
      vertex 65.7396 378.197 20
      vertex 71.9457 378.197 19
      vertex 65.7396 378.197 19
    endloop
  endfacet
  facet normal -0.0313753 0.999508 0
    outer loop
      vertex 72.6784 378.22 19
      vertex 71.9457 378.197 20
      vertex 72.6784 378.22 20
    endloop
  endfacet
  facet normal -0.0313753 0.999508 0
    outer loop
      vertex 71.9457 378.197 20
      vertex 72.6784 378.22 19
      vertex 71.9457 378.197 19
    endloop
  endfacet
  facet normal -1 0 0
    outer loop
      vertex 67.8119 386.985 19
      vertex 67.8119 391.824 20
      vertex 67.8119 391.824 19
    endloop
  endfacet
  facet normal -1 -0 0
    outer loop
      vertex 67.8119 391.824 20
      vertex 67.8119 386.985 19
      vertex 67.8119 386.985 20
    endloop
  endfacet
  facet normal 0 1 -0
    outer loop
      vertex 71.2948 391.824 19
      vertex 67.8119 391.824 20
      vertex 71.2948 391.824 20
    endloop
  endfacet
  facet normal 0 1 0
    outer loop
      vertex 67.8119 391.824 20
      vertex 71.2948 391.824 19
      vertex 67.8119 391.824 19
    endloop
  endfacet
  facet normal 0.0248063 0.999692 -0
    outer loop
      vertex 71.7381 391.813 19
      vertex 71.2948 391.824 20
      vertex 71.7381 391.813 20
    endloop
  endfacet
  facet normal 0.0248063 0.999692 0
    outer loop
      vertex 71.2948 391.824 20
      vertex 71.7381 391.813 19
      vertex 71.2948 391.824 19
    endloop
  endfacet
  facet normal 0.0773807 0.997002 -0
    outer loop
      vertex 72.1504 391.781 19
      vertex 71.7381 391.813 20
      vertex 72.1504 391.781 20
    endloop
  endfacet
  facet normal 0.0773807 0.997002 0
    outer loop
      vertex 71.7381 391.813 20
      vertex 72.1504 391.781 19
      vertex 71.7381 391.813 19
    endloop
  endfacet
  facet normal 0.140222 0.99012 -0
    outer loop
      vertex 72.5317 391.727 19
      vertex 72.1504 391.781 20
      vertex 72.5317 391.727 20
    endloop
  endfacet
  facet normal 0.140222 0.99012 0
    outer loop
      vertex 72.1504 391.781 20
      vertex 72.5317 391.727 19
      vertex 72.1504 391.781 19
    endloop
  endfacet
  facet normal 0.212024 0.977264 -0
    outer loop
      vertex 72.882 391.651 19
      vertex 72.5317 391.727 20
      vertex 72.882 391.651 20
    endloop
  endfacet
  facet normal 0.212024 0.977264 0
    outer loop
      vertex 72.5317 391.727 20
      vertex 72.882 391.651 19
      vertex 72.5317 391.727 19
    endloop
  endfacet
  facet normal 0.293497 0.95596 -0
    outer loop
      vertex 73.2012 391.553 19
      vertex 72.882 391.651 20
      vertex 73.2012 391.553 20
    endloop
  endfacet
  facet normal 0.293497 0.95596 0
    outer loop
      vertex 72.882 391.651 20
      vertex 73.2012 391.553 19
      vertex 72.882 391.651 19
    endloop
  endfacet
  facet normal 0.38154 0.924352 -0
    outer loop
      vertex 73.4895 391.434 19
      vertex 73.2012 391.553 20
      vertex 73.4895 391.434 20
    endloop
  endfacet
  facet normal 0.38154 0.924352 0
    outer loop
      vertex 73.2012 391.553 20
      vertex 73.4895 391.434 19
      vertex 73.2012 391.553 19
    endloop
  endfacet
  facet normal 0.480571 0.876956 -0
    outer loop
      vertex 73.7468 391.293 19
      vertex 73.4895 391.434 20
      vertex 73.7468 391.293 20
    endloop
  endfacet
  facet normal 0.480571 0.876956 0
    outer loop
      vertex 73.4895 391.434 20
      vertex 73.7468 391.293 19
      vertex 73.4895 391.434 19
    endloop
  endfacet
  facet normal 0.596679 0.80248 -0
    outer loop
      vertex 73.9714 391.126 19
      vertex 73.7468 391.293 20
      vertex 73.9714 391.126 20
    endloop
  endfacet
  facet normal 0.596679 0.80248 0
    outer loop
      vertex 73.7468 391.293 20
      vertex 73.9714 391.126 19
      vertex 73.7468 391.293 19
    endloop
  endfacet
  facet normal 0.71623 0.697865 0
    outer loop
      vertex 74.1614 390.931 20
      vertex 73.9714 391.126 19
      vertex 73.9714 391.126 20
    endloop
  endfacet
  facet normal 0.71623 0.697865 0
    outer loop
      vertex 73.9714 391.126 19
      vertex 74.1614 390.931 20
      vertex 74.1614 390.931 19
    endloop
  endfacet
  facet normal 0.821637 0.570011 0
    outer loop
      vertex 74.3168 390.707 20
      vertex 74.1614 390.931 19
      vertex 74.1614 390.931 20
    endloop
  endfacet
  facet normal 0.821637 0.570011 0
    outer loop
      vertex 74.1614 390.931 19
      vertex 74.3168 390.707 20
      vertex 74.3168 390.707 19
    endloop
  endfacet
  facet normal 0.901607 0.432557 0
    outer loop
      vertex 74.4377 390.455 20
      vertex 74.3168 390.707 19
      vertex 74.3168 390.707 20
    endloop
  endfacet
  facet normal 0.901607 0.432557 0
    outer loop
      vertex 74.3168 390.707 19
      vertex 74.4377 390.455 20
      vertex 74.4377 390.455 19
    endloop
  endfacet
  facet normal 0.95613 0.292942 0
    outer loop
      vertex 74.5241 390.173 20
      vertex 74.4377 390.455 19
      vertex 74.4377 390.455 20
    endloop
  endfacet
  facet normal 0.95613 0.292942 0
    outer loop
      vertex 74.4377 390.455 19
      vertex 74.5241 390.173 20
      vertex 74.5241 390.173 19
    endloop
  endfacet
  facet normal 0.986325 0.164812 0
    outer loop
      vertex 74.5759 389.863 20
      vertex 74.5241 390.173 19
      vertex 74.5241 390.173 20
    endloop
  endfacet
  facet normal 0.986325 0.164812 0
    outer loop
      vertex 74.5241 390.173 19
      vertex 74.5759 389.863 20
      vertex 74.5759 389.863 19
    endloop
  endfacet
  facet normal 0.9987 0.0509661 0
    outer loop
      vertex 74.5932 389.524 20
      vertex 74.5759 389.863 19
      vertex 74.5759 389.863 20
    endloop
  endfacet
  facet normal 0.9987 0.0509661 0
    outer loop
      vertex 74.5759 389.863 19
      vertex 74.5932 389.524 20
      vertex 74.5932 389.524 19
    endloop
  endfacet
  facet normal 0.998895 -0.0469903 0
    outer loop
      vertex 74.5765 389.169 20
      vertex 74.5932 389.524 19
      vertex 74.5932 389.524 20
    endloop
  endfacet
  facet normal 0.998895 -0.0469903 0
    outer loop
      vertex 74.5932 389.524 19
      vertex 74.5765 389.169 20
      vertex 74.5765 389.169 19
    endloop
  endfacet
  facet normal 0.98849 -0.151287 0
    outer loop
      vertex 74.5263 388.841 20
      vertex 74.5765 389.169 19
      vertex 74.5765 389.169 20
    endloop
  endfacet
  facet normal 0.98849 -0.151287 0
    outer loop
      vertex 74.5765 389.169 19
      vertex 74.5263 388.841 20
      vertex 74.5263 388.841 19
    endloop
  endfacet
  facet normal 0.963527 -0.267611 0
    outer loop
      vertex 74.4427 388.54 20
      vertex 74.5263 388.841 19
      vertex 74.5263 388.841 20
    endloop
  endfacet
  facet normal 0.963527 -0.267611 0
    outer loop
      vertex 74.5263 388.841 19
      vertex 74.4427 388.54 20
      vertex 74.4427 388.54 19
    endloop
  endfacet
  facet normal 0.919665 -0.392704 0
    outer loop
      vertex 74.3257 388.266 20
      vertex 74.4427 388.54 19
      vertex 74.4427 388.54 20
    endloop
  endfacet
  facet normal 0.919665 -0.392704 0
    outer loop
      vertex 74.4427 388.54 19
      vertex 74.3257 388.266 20
      vertex 74.3257 388.266 19
    endloop
  endfacet
  facet normal 0.853025 -0.521871 0
    outer loop
      vertex 74.1752 388.02 20
      vertex 74.3257 388.266 19
      vertex 74.3257 388.266 20
    endloop
  endfacet
  facet normal 0.853025 -0.521871 0
    outer loop
      vertex 74.3257 388.266 19
      vertex 74.1752 388.02 20
      vertex 74.1752 388.02 19
    endloop
  endfacet
  facet normal 0.765808 -0.643069 0
    outer loop
      vertex 73.9913 387.801 20
      vertex 74.1752 388.02 19
      vertex 74.1752 388.02 20
    endloop
  endfacet
  facet normal 0.765808 -0.643069 0
    outer loop
      vertex 74.1752 388.02 19
      vertex 73.9913 387.801 20
      vertex 73.9913 387.801 19
    endloop
  endfacet
  facet normal 0.662135 -0.749385 0
    outer loop
      vertex 73.774 387.609 19
      vertex 73.9913 387.801 20
      vertex 73.774 387.609 20
    endloop
  endfacet
  facet normal 0.662135 -0.749385 0
    outer loop
      vertex 73.9913 387.801 20
      vertex 73.774 387.609 19
      vertex 73.9913 387.801 19
    endloop
  endfacet
  facet normal 0.551323 -0.834292 0
    outer loop
      vertex 73.5228 387.443 19
      vertex 73.774 387.609 20
      vertex 73.5228 387.443 20
    endloop
  endfacet
  facet normal 0.551323 -0.834292 0
    outer loop
      vertex 73.774 387.609 20
      vertex 73.5228 387.443 19
      vertex 73.774 387.609 19
    endloop
  endfacet
  facet normal 0.440282 -0.89786 0
    outer loop
      vertex 73.2373 387.303 19
      vertex 73.5228 387.443 20
      vertex 73.2373 387.303 20
    endloop
  endfacet
  facet normal 0.440282 -0.89786 0
    outer loop
      vertex 73.5228 387.443 20
      vertex 73.2373 387.303 19
      vertex 73.5228 387.443 19
    endloop
  endfacet
  facet normal 0.335683 -0.941975 0
    outer loop
      vertex 72.9174 387.189 19
      vertex 73.2373 387.303 20
      vertex 72.9174 387.189 20
    endloop
  endfacet
  facet normal 0.335683 -0.941975 0
    outer loop
      vertex 73.2373 387.303 20
      vertex 72.9174 387.189 19
      vertex 73.2373 387.303 19
    endloop
  endfacet
  facet normal 0.243695 -0.969852 0
    outer loop
      vertex 72.5632 387.1 19
      vertex 72.9174 387.189 20
      vertex 72.5632 387.1 20
    endloop
  endfacet
  facet normal 0.243695 -0.969852 0
    outer loop
      vertex 72.9174 387.189 20
      vertex 72.5632 387.1 19
      vertex 72.9174 387.189 19
    endloop
  endfacet
  facet normal 0.162545 -0.986701 0
    outer loop
      vertex 72.1747 387.036 19
      vertex 72.5632 387.1 20
      vertex 72.1747 387.036 20
    endloop
  endfacet
  facet normal 0.162545 -0.986701 0
    outer loop
      vertex 72.5632 387.1 20
      vertex 72.1747 387.036 19
      vertex 72.5632 387.1 19
    endloop
  endfacet
  facet normal 0.0895162 -0.995985 0
    outer loop
      vertex 71.7519 386.998 19
      vertex 72.1747 387.036 20
      vertex 71.7519 386.998 20
    endloop
  endfacet
  facet normal 0.0895162 -0.995985 0
    outer loop
      vertex 72.1747 387.036 20
      vertex 71.7519 386.998 19
      vertex 72.1747 387.036 19
    endloop
  endfacet
  facet normal 0.0284287 -0.999596 0
    outer loop
      vertex 71.2948 386.985 19
      vertex 71.7519 386.998 20
      vertex 71.2948 386.985 20
    endloop
  endfacet
  facet normal 0.0284287 -0.999596 0
    outer loop
      vertex 71.7519 386.998 20
      vertex 71.2948 386.985 19
      vertex 71.7519 386.998 19
    endloop
  endfacet
  facet normal 0 -1 0
    outer loop
      vertex 67.8119 386.985 19
      vertex 71.2948 386.985 20
      vertex 67.8119 386.985 20
    endloop
  endfacet
  facet normal 0 -1 -0
    outer loop
      vertex 71.2948 386.985 20
      vertex 67.8119 386.985 19
      vertex 71.2948 386.985 19
    endloop
  endfacet
  facet normal -1 0 0
    outer loop
      vertex 67.8119 379.857 19
      vertex 67.8119 385.368 20
      vertex 67.8119 385.368 19
    endloop
  endfacet
  facet normal -1 -0 0
    outer loop
      vertex 67.8119 385.368 20
      vertex 67.8119 379.857 19
      vertex 67.8119 379.857 20
    endloop
  endfacet
  facet normal 0 1 -0
    outer loop
      vertex 71.6745 385.368 19
      vertex 67.8119 385.368 20
      vertex 71.6745 385.368 20
    endloop
  endfacet
  facet normal 0 1 0
    outer loop
      vertex 67.8119 385.368 20
      vertex 71.6745 385.368 19
      vertex 67.8119 385.368 19
    endloop
  endfacet
  facet normal 0.0545094 0.998513 -0
    outer loop
      vertex 72.682 385.313 19
      vertex 71.6745 385.368 20
      vertex 72.682 385.313 20
    endloop
  endfacet
  facet normal 0.0545094 0.998513 0
    outer loop
      vertex 71.6745 385.368 20
      vertex 72.682 385.313 19
      vertex 71.6745 385.368 19
    endloop
  endfacet
  facet normal 0.190022 0.98178 -0
    outer loop
      vertex 73.5345 385.148 19
      vertex 72.682 385.313 20
      vertex 73.5345 385.148 20
    endloop
  endfacet
  facet normal 0.190022 0.98178 0
    outer loop
      vertex 72.682 385.313 20
      vertex 73.5345 385.148 19
      vertex 72.682 385.313 19
    endloop
  endfacet
  facet normal 0.367986 0.929831 -0
    outer loop
      vertex 74.2319 384.872 19
      vertex 73.5345 385.148 20
      vertex 74.2319 384.872 20
    endloop
  endfacet
  facet normal 0.367986 0.929831 0
    outer loop
      vertex 73.5345 385.148 20
      vertex 74.2319 384.872 19
      vertex 73.5345 385.148 19
    endloop
  endfacet
  facet normal 0.579745 0.814798 -0
    outer loop
      vertex 74.7744 384.486 19
      vertex 74.2319 384.872 20
      vertex 74.7744 384.486 20
    endloop
  endfacet
  facet normal 0.579745 0.814798 0
    outer loop
      vertex 74.2319 384.872 20
      vertex 74.7744 384.486 19
      vertex 74.2319 384.872 19
    endloop
  endfacet
  facet normal 0.788024 0.615644 0
    outer loop
      vertex 75.1619 383.99 20
      vertex 74.7744 384.486 19
      vertex 74.7744 384.486 20
    endloop
  endfacet
  facet normal 0.788024 0.615644 0
    outer loop
      vertex 74.7744 384.486 19
      vertex 75.1619 383.99 20
      vertex 75.1619 383.99 19
    endloop
  endfacet
  facet normal 0.933643 0.358205 0
    outer loop
      vertex 75.3944 383.384 20
      vertex 75.1619 383.99 19
      vertex 75.1619 383.99 20
    endloop
  endfacet
  facet normal 0.933643 0.358205 0
    outer loop
      vertex 75.1619 383.99 19
      vertex 75.3944 383.384 20
      vertex 75.3944 383.384 19
    endloop
  endfacet
  facet normal 0.994209 0.107463 0
    outer loop
      vertex 75.4719 382.667 20
      vertex 75.3944 383.384 19
      vertex 75.3944 383.384 20
    endloop
  endfacet
  facet normal 0.994209 0.107463 0
    outer loop
      vertex 75.3944 383.384 19
      vertex 75.4719 382.667 20
      vertex 75.4719 382.667 19
    endloop
  endfacet
  facet normal 0.99895 -0.0458068 0
    outer loop
      vertex 75.4542 382.281 20
      vertex 75.4719 382.667 19
      vertex 75.4719 382.667 20
    endloop
  endfacet
  facet normal 0.99895 -0.0458068 0
    outer loop
      vertex 75.4719 382.667 19
      vertex 75.4542 382.281 20
      vertex 75.4542 382.281 19
    endloop
  endfacet
  facet normal 0.989119 -0.147121 0
    outer loop
      vertex 75.4011 381.924 20
      vertex 75.4542 382.281 19
      vertex 75.4542 382.281 20
    endloop
  endfacet
  facet normal 0.989119 -0.147121 0
    outer loop
      vertex 75.4542 382.281 19
      vertex 75.4011 381.924 20
      vertex 75.4011 381.924 19
    endloop
  endfacet
  facet normal 0.965599 -0.260037 0
    outer loop
      vertex 75.3125 381.595 20
      vertex 75.4011 381.924 19
      vertex 75.4011 381.924 20
    endloop
  endfacet
  facet normal 0.965599 -0.260037 0
    outer loop
      vertex 75.4011 381.924 19
      vertex 75.3125 381.595 20
      vertex 75.3125 381.595 19
    endloop
  endfacet
  facet normal 0.924614 -0.380904 0
    outer loop
      vertex 75.1885 381.294 20
      vertex 75.3125 381.595 19
      vertex 75.3125 381.595 20
    endloop
  endfacet
  facet normal 0.924614 -0.380904 0
    outer loop
      vertex 75.3125 381.595 19
      vertex 75.1885 381.294 20
      vertex 75.1885 381.294 19
    endloop
  endfacet
  facet normal 0.862765 -0.505606 0
    outer loop
      vertex 75.0291 381.022 20
      vertex 75.1885 381.294 19
      vertex 75.1885 381.294 20
    endloop
  endfacet
  facet normal 0.862765 -0.505606 0
    outer loop
      vertex 75.1885 381.294 19
      vertex 75.0291 381.022 20
      vertex 75.0291 381.022 19
    endloop
  endfacet
  facet normal 0.781337 -0.624109 0
    outer loop
      vertex 74.8342 380.778 20
      vertex 75.0291 381.022 19
      vertex 75.0291 381.022 20
    endloop
  endfacet
  facet normal 0.781337 -0.624109 0
    outer loop
      vertex 75.0291 381.022 19
      vertex 74.8342 380.778 20
      vertex 74.8342 380.778 19
    endloop
  endfacet
  facet normal 0.684099 -0.729389 0
    outer loop
      vertex 74.6039 380.562 19
      vertex 74.8342 380.778 20
      vertex 74.6039 380.562 20
    endloop
  endfacet
  facet normal 0.684099 -0.729389 0
    outer loop
      vertex 74.8342 380.778 20
      vertex 74.6039 380.562 19
      vertex 74.8342 380.778 19
    endloop
  endfacet
  facet normal 0.570796 -0.821092 0
    outer loop
      vertex 74.3349 380.375 19
      vertex 74.6039 380.562 20
      vertex 74.3349 380.375 20
    endloop
  endfacet
  facet normal 0.570796 -0.821092 0
    outer loop
      vertex 74.6039 380.562 20
      vertex 74.3349 380.375 19
      vertex 74.6039 380.562 19
    endloop
  endfacet
  facet normal 0.452822 -0.891601 0
    outer loop
      vertex 74.0238 380.217 19
      vertex 74.3349 380.375 20
      vertex 74.0238 380.217 20
    endloop
  endfacet
  facet normal 0.452822 -0.891601 0
    outer loop
      vertex 74.3349 380.375 20
      vertex 74.0238 380.217 19
      vertex 74.3349 380.375 19
    endloop
  endfacet
  facet normal 0.34541 -0.938452 0
    outer loop
      vertex 73.6706 380.087 19
      vertex 74.0238 380.217 20
      vertex 73.6706 380.087 20
    endloop
  endfacet
  facet normal 0.34541 -0.938452 0
    outer loop
      vertex 74.0238 380.217 20
      vertex 73.6706 380.087 19
      vertex 74.0238 380.217 19
    endloop
  endfacet
  facet normal 0.247608 -0.96886 0
    outer loop
      vertex 73.2754 379.986 19
      vertex 73.6706 380.087 20
      vertex 73.2754 379.986 20
    endloop
  endfacet
  facet normal 0.247608 -0.96886 0
    outer loop
      vertex 73.6706 380.087 20
      vertex 73.2754 379.986 19
      vertex 73.6706 380.087 19
    endloop
  endfacet
  facet normal 0.162423 -0.986721 0
    outer loop
      vertex 72.838 379.914 19
      vertex 73.2754 379.986 20
      vertex 72.838 379.914 20
    endloop
  endfacet
  facet normal 0.162423 -0.986721 0
    outer loop
      vertex 73.2754 379.986 20
      vertex 72.838 379.914 19
      vertex 73.2754 379.986 19
    endloop
  endfacet
  facet normal 0.0893553 -0.996 0
    outer loop
      vertex 72.3587 379.871 19
      vertex 72.838 379.914 20
      vertex 72.3587 379.871 20
    endloop
  endfacet
  facet normal 0.0893553 -0.996 0
    outer loop
      vertex 72.838 379.914 20
      vertex 72.3587 379.871 19
      vertex 72.838 379.914 19
    endloop
  endfacet
  facet normal 0.026836 -0.99964 0
    outer loop
      vertex 71.8372 379.857 19
      vertex 72.3587 379.871 20
      vertex 71.8372 379.857 20
    endloop
  endfacet
  facet normal 0.026836 -0.99964 0
    outer loop
      vertex 72.3587 379.871 20
      vertex 71.8372 379.857 19
      vertex 72.3587 379.871 19
    endloop
  endfacet
  facet normal 0 -1 0
    outer loop
      vertex 67.8119 379.857 19
      vertex 71.8372 379.857 20
      vertex 67.8119 379.857 20
    endloop
  endfacet
  facet normal 0 -1 -0
    outer loop
      vertex 71.8372 379.857 20
      vertex 67.8119 379.857 19
      vertex 71.8372 379.857 19
    endloop
  endfacet
  facet normal 0 -1 0
    outer loop
      vertex 79.3788 384.967 19
      vertex 84.8037 384.967 20
      vertex 79.3788 384.967 20
    endloop
  endfacet
  facet normal 0 -1 -0
    outer loop
      vertex 84.8037 384.967 20
      vertex 79.3788 384.967 19
      vertex 84.8037 384.967 19
    endloop
  endfacet
  facet normal 1 -0 0
    outer loop
      vertex 79.3788 383.231 20
      vertex 79.3788 384.967 19
      vertex 79.3788 384.967 20
    endloop
  endfacet
  facet normal 1 0 0
    outer loop
      vertex 79.3788 384.967 19
      vertex 79.3788 383.231 20
      vertex 79.3788 383.231 19
    endloop
  endfacet
  facet normal 0 1 -0
    outer loop
      vertex 84.8037 383.231 19
      vertex 79.3788 383.231 20
      vertex 84.8037 383.231 20
    endloop
  endfacet
  facet normal 0 1 0
    outer loop
      vertex 79.3788 383.231 20
      vertex 84.8037 383.231 19
      vertex 79.3788 383.231 19
    endloop
  endfacet
  facet normal -1 0 0
    outer loop
      vertex 84.8037 383.231 19
      vertex 84.8037 384.967 20
      vertex 84.8037 384.967 19
    endloop
  endfacet
  facet normal -1 -0 0
    outer loop
      vertex 84.8037 384.967 20
      vertex 84.8037 383.231 19
      vertex 84.8037 383.231 20
    endloop
  endfacet
  facet normal 0 -1 0
    outer loop
      vertex 98.6747 384.967 19
      vertex 104.1 384.967 20
      vertex 98.6747 384.967 20
    endloop
  endfacet
  facet normal 0 -1 -0
    outer loop
      vertex 104.1 384.967 20
      vertex 98.6747 384.967 19
      vertex 104.1 384.967 19
    endloop
  endfacet
  facet normal 1 -0 0
    outer loop
      vertex 98.6747 383.231 20
      vertex 98.6747 384.967 19
      vertex 98.6747 384.967 20
    endloop
  endfacet
  facet normal 1 0 0
    outer loop
      vertex 98.6747 384.967 19
      vertex 98.6747 383.231 20
      vertex 98.6747 383.231 19
    endloop
  endfacet
  facet normal 0 1 -0
    outer loop
      vertex 104.1 383.231 19
      vertex 98.6747 383.231 20
      vertex 104.1 383.231 20
    endloop
  endfacet
  facet normal 0 1 0
    outer loop
      vertex 98.6747 383.231 20
      vertex 104.1 383.231 19
      vertex 98.6747 383.231 19
    endloop
  endfacet
  facet normal -1 0 0
    outer loop
      vertex 104.1 383.231 19
      vertex 104.1 384.967 20
      vertex 104.1 384.967 19
    endloop
  endfacet
  facet normal -1 -0 0
    outer loop
      vertex 104.1 384.967 20
      vertex 104.1 383.231 19
      vertex 104.1 383.231 20
    endloop
  endfacet
  facet normal 0 0 1
    outer loop
      vertex 17.4 462.8 8.6
      vertex 14.3 427.8 8.6
      vertex 17.4 322.883 8.6
    endloop
  endfacet
  facet normal 0 0 1
    outer loop
      vertex 17.4 462.8 8.6
      vertex 14.2632 428.361 8.6
      vertex 14.3 427.8 8.6
    endloop
  endfacet
  facet normal 0 0 1
    outer loop
      vertex 17.4 462.8 8.6
      vertex 14.1535 428.913 8.6
      vertex 14.2632 428.361 8.6
    endloop
  endfacet
  facet normal 0 0 1
    outer loop
      vertex 17.4 462.8 8.6
      vertex 13.9727 429.446 8.6
      vertex 14.1535 428.913 8.6
    endloop
  endfacet
  facet normal 0 0 1
    outer loop
      vertex 17.4 462.8 8.6
      vertex 13.7239 429.95 8.6
      vertex 13.9727 429.446 8.6
    endloop
  endfacet
  facet normal 0 0 1
    outer loop
      vertex 17.4 462.8 8.6
      vertex 13.4114 430.418 8.6
      vertex 13.7239 429.95 8.6
    endloop
  endfacet
  facet normal 0 0 1
    outer loop
      vertex 17.4 462.8 8.6
      vertex 13.0406 430.841 8.6
      vertex 13.4114 430.418 8.6
    endloop
  endfacet
  facet normal 0 0 1
    outer loop
      vertex 17.4 462.8 8.6
      vertex 12.6177 431.211 8.6
      vertex 13.0406 430.841 8.6
    endloop
  endfacet
  facet normal 0 0 1
    outer loop
      vertex 17.4 462.8 8.6
      vertex 12.15 431.524 8.6
      vertex 12.6177 431.211 8.6
    endloop
  endfacet
  facet normal 0 0 1
    outer loop
      vertex 17.4 462.8 8.6
      vertex 11.6455 431.773 8.6
      vertex 12.15 431.524 8.6
    endloop
  endfacet
  facet normal 0 0 1
    outer loop
      vertex 17.4 462.8 8.6
      vertex 11.1129 431.953 8.6
      vertex 11.6455 431.773 8.6
    endloop
  endfacet
  facet normal 0 0 1
    outer loop
      vertex 17.4 462.8 8.6
      vertex 10.5613 432.063 8.6
      vertex 11.1129 431.953 8.6
    endloop
  endfacet
  facet normal 0 0 1
    outer loop
      vertex 17.4 462.8 8.6
      vertex 10 432.1 8.6
      vertex 10.5613 432.063 8.6
    endloop
  endfacet
  facet normal -0 0 1
    outer loop
      vertex 2.6 462.8 8.6
      vertex 10 432.1 8.6
      vertex 17.4 462.8 8.6
    endloop
  endfacet
  facet normal 0 0 1
    outer loop
      vertex 10 432.1 8.6
      vertex 2.6 462.8 8.6
      vertex 9.43874 432.063 8.6
    endloop
  endfacet
  facet normal 0 0 1
    outer loop
      vertex 9.43874 432.063 8.6
      vertex 2.6 462.8 8.6
      vertex 8.88708 431.953 8.6
    endloop
  endfacet
  facet normal 0 0 1
    outer loop
      vertex 8.88708 431.953 8.6
      vertex 2.6 462.8 8.6
      vertex 8.35446 431.773 8.6
    endloop
  endfacet
  facet normal 0 0 1
    outer loop
      vertex 8.35446 431.773 8.6
      vertex 2.6 462.8 8.6
      vertex 7.85 431.524 8.6
    endloop
  endfacet
  facet normal 0 0 1
    outer loop
      vertex 7.85 431.524 8.6
      vertex 2.6 462.8 8.6
      vertex 7.38233 431.211 8.6
    endloop
  endfacet
  facet normal 0 0 1
    outer loop
      vertex 7.38233 431.211 8.6
      vertex 2.6 462.8 8.6
      vertex 6.95944 430.841 8.6
    endloop
  endfacet
  facet normal 0 0 1
    outer loop
      vertex 6.95944 430.841 8.6
      vertex 2.6 462.8 8.6
      vertex 6.58858 430.418 8.6
    endloop
  endfacet
  facet normal 0 0 1
    outer loop
      vertex 6.58858 430.418 8.6
      vertex 2.6 462.8 8.6
      vertex 6.27609 429.95 8.6
    endloop
  endfacet
  facet normal 0 0 1
    outer loop
      vertex 5.73679 428.361 8.6
      vertex 2.6 462.8 8.6
      vertex 5.7 427.8 8.6
    endloop
  endfacet
  facet normal 0 0 1
    outer loop
      vertex 5.84652 428.913 8.6
      vertex 2.6 462.8 8.6
      vertex 5.73679 428.361 8.6
    endloop
  endfacet
  facet normal 0 0 1
    outer loop
      vertex 6.02732 429.446 8.6
      vertex 2.6 462.8 8.6
      vertex 5.84652 428.913 8.6
    endloop
  endfacet
  facet normal 0 0 1
    outer loop
      vertex 6.27609 429.95 8.6
      vertex 2.6 462.8 8.6
      vertex 6.02732 429.446 8.6
    endloop
  endfacet
  facet normal -0 0 1
    outer loop
      vertex 14.2632 427.239 8.6
      vertex 17.4 322.883 8.6
      vertex 14.3 427.8 8.6
    endloop
  endfacet
  facet normal -0 0 1
    outer loop
      vertex 14.1535 426.687 8.6
      vertex 17.4 322.883 8.6
      vertex 14.2632 427.239 8.6
    endloop
  endfacet
  facet normal -0 0 1
    outer loop
      vertex 13.9727 426.154 8.6
      vertex 17.4 322.883 8.6
      vertex 14.1535 426.687 8.6
    endloop
  endfacet
  facet normal -0 0 1
    outer loop
      vertex 13.7239 425.65 8.6
      vertex 17.4 322.883 8.6
      vertex 13.9727 426.154 8.6
    endloop
  endfacet
  facet normal -0 0 1
    outer loop
      vertex 13.4114 425.182 8.6
      vertex 17.4 322.883 8.6
      vertex 13.7239 425.65 8.6
    endloop
  endfacet
  facet normal -0 0 1
    outer loop
      vertex 13.0406 424.759 8.6
      vertex 17.4 322.883 8.6
      vertex 13.4114 425.182 8.6
    endloop
  endfacet
  facet normal -0 0 1
    outer loop
      vertex 12.6177 424.389 8.6
      vertex 17.4 322.883 8.6
      vertex 13.0406 424.759 8.6
    endloop
  endfacet
  facet normal -0 0 1
    outer loop
      vertex 12.15 424.076 8.6
      vertex 17.4 322.883 8.6
      vertex 12.6177 424.389 8.6
    endloop
  endfacet
  facet normal -0 0 1
    outer loop
      vertex 11.6455 423.827 8.6
      vertex 17.4 322.883 8.6
      vertex 12.15 424.076 8.6
    endloop
  endfacet
  facet normal -0 0 1
    outer loop
      vertex 11.1129 423.647 8.6
      vertex 17.4 322.883 8.6
      vertex 11.6455 423.827 8.6
    endloop
  endfacet
  facet normal -0 0 1
    outer loop
      vertex 10.5613 423.537 8.6
      vertex 17.4 322.883 8.6
      vertex 11.1129 423.647 8.6
    endloop
  endfacet
  facet normal -0 0 1
    outer loop
      vertex 10 423.5 8.6
      vertex 17.4 322.883 8.6
      vertex 10.5613 423.537 8.6
    endloop
  endfacet
  facet normal 0 0 1
    outer loop
      vertex 2.6 322.883 8.6
      vertex 10 423.5 8.6
      vertex 9.43874 423.537 8.6
    endloop
  endfacet
  facet normal 0 0 1
    outer loop
      vertex 2.6 322.883 8.6
      vertex 9.43874 423.537 8.6
      vertex 8.88708 423.647 8.6
    endloop
  endfacet
  facet normal 0 0 1
    outer loop
      vertex 2.6 322.883 8.6
      vertex 8.88708 423.647 8.6
      vertex 8.35446 423.827 8.6
    endloop
  endfacet
  facet normal 0 0 1
    outer loop
      vertex 2.6 322.883 8.6
      vertex 8.35446 423.827 8.6
      vertex 7.85 424.076 8.6
    endloop
  endfacet
  facet normal 0 0 1
    outer loop
      vertex 2.6 322.883 8.6
      vertex 7.85 424.076 8.6
      vertex 7.38233 424.389 8.6
    endloop
  endfacet
  facet normal 0 0 1
    outer loop
      vertex 2.6 322.883 8.6
      vertex 7.38233 424.389 8.6
      vertex 6.95944 424.759 8.6
    endloop
  endfacet
  facet normal 0 0 1
    outer loop
      vertex 2.6 322.883 8.6
      vertex 6.95944 424.759 8.6
      vertex 6.58858 425.182 8.6
    endloop
  endfacet
  facet normal 0 0 1
    outer loop
      vertex 2.6 322.883 8.6
      vertex 6.58858 425.182 8.6
      vertex 6.27609 425.65 8.6
    endloop
  endfacet
  facet normal 0 0 1
    outer loop
      vertex 2.6 322.883 8.6
      vertex 6.27609 425.65 8.6
      vertex 6.02732 426.154 8.6
    endloop
  endfacet
  facet normal 0 0 1
    outer loop
      vertex 2.6 322.883 8.6
      vertex 6.02732 426.154 8.6
      vertex 5.84652 426.687 8.6
    endloop
  endfacet
  facet normal 0 0 1
    outer loop
      vertex 2.6 322.883 8.6
      vertex 5.84652 426.687 8.6
      vertex 5.73679 427.239 8.6
    endloop
  endfacet
  facet normal 0 0 1
    outer loop
      vertex 2.6 462.8 8.6
      vertex 5.73679 427.239 8.6
      vertex 5.7 427.8 8.6
    endloop
  endfacet
  facet normal 0 0 1
    outer loop
      vertex 10 423.5 8.6
      vertex 2.6 322.883 8.6
      vertex 17.4 322.883 8.6
    endloop
  endfacet
  facet normal 0 0 1
    outer loop
      vertex 2.6 322.883 8.6
      vertex 5.73679 427.239 8.6
      vertex 2.6 462.8 8.6
    endloop
  endfacet
  facet normal 0.976709 1.17775e-08 -0.214567
    outer loop
      vertex 5.1 462.8 20
      vertex 4.51784 322.883 17.35
      vertex 2.6 462.8 8.62
    endloop
  endfacet
  facet normal 0.976709 0 -0.214566
    outer loop
      vertex 5.1 308.533 20
      vertex 4.51784 322.883 17.35
      vertex 5.1 462.8 20
    endloop
  endfacet
  facet normal 0.976709 0 -0.214566
    outer loop
      vertex 4.51784 322.883 17.35
      vertex 5.1 308.533 20
      vertex 4.51784 322.863 17.35
    endloop
  endfacet
  facet normal 0.976709 -3.01586e-08 -0.214567
    outer loop
      vertex 4.51784 322.863 17.35
      vertex 5.1 308.533 20
      vertex 3.85879 308.533 14.35
    endloop
  endfacet
  facet normal 0.976709 0 -0.214567
    outer loop
      vertex 2.6 462.8 8.62
      vertex 4.51784 322.883 17.35
      vertex 2.6 322.883 8.62
    endloop
  endfacet
  facet normal -1 0 0
    outer loop
      vertex 17.4 322.883 8.6
      vertex 17.4 462.8 8.62
      vertex 17.4 462.8 8.6
    endloop
  endfacet
  facet normal -1 -0 0
    outer loop
      vertex 17.4 462.8 8.62
      vertex 17.4 322.883 8.6
      vertex 17.4 322.883 8.62
    endloop
  endfacet
  facet normal 1 -0 0
    outer loop
      vertex 2.6 322.883 8.62
      vertex 2.6 462.8 8.6
      vertex 2.6 462.8 8.62
    endloop
  endfacet
  facet normal 1 0 0
    outer loop
      vertex 2.6 462.8 8.6
      vertex 2.6 322.883 8.62
      vertex 2.6 322.883 8.6
    endloop
  endfacet
  facet normal -0.97671 0 -0.214563
    outer loop
      vertex 15.4822 322.883 17.35
      vertex 17.4 462.8 8.62
      vertex 17.4 322.883 8.62
    endloop
  endfacet
  facet normal -0.976709 -2.67448e-07 -0.214567
    outer loop
      vertex 17.4 462.8 8.62
      vertex 15.4822 322.883 17.35
      vertex 14.9 462.8 20
    endloop
  endfacet
  facet normal -0.976706 0 -0.214581
    outer loop
      vertex 14.9 308.533 20
      vertex 15.4822 322.883 17.35
      vertex 15.4822 322.863 17.35
    endloop
  endfacet
  facet normal -0.976706 0 -0.214581
    outer loop
      vertex 15.4822 322.883 17.35
      vertex 14.9 308.533 20
      vertex 14.9 462.8 20
    endloop
  endfacet
  facet normal -0.97671 3.01586e-06 -0.214565
    outer loop
      vertex 14.9 308.533 20
      vertex 15.4822 322.863 17.35
      vertex 16.1412 308.533 14.35
    endloop
  endfacet
  facet normal -0.442586 0.896726 0
    outer loop
      vertex 12.15 424.076 0
      vertex 11.6455 423.827 8.6
      vertex 12.15 424.076 8.6
    endloop
  endfacet
  facet normal -0.442586 0.896726 0
    outer loop
      vertex 11.6455 423.827 8.6
      vertex 12.15 424.076 0
      vertex 11.6455 423.827 0
    endloop
  endfacet
  facet normal -0.442586 -0.896726 0
    outer loop
      vertex 11.6455 431.773 0
      vertex 12.15 431.524 8.6
      vertex 11.6455 431.773 8.6
    endloop
  endfacet
  facet normal -0.442586 -0.896726 -0
    outer loop
      vertex 12.15 431.524 8.6
      vertex 11.6455 431.773 0
      vertex 12.15 431.524 0
    endloop
  endfacet
  facet normal -0.320174 0.947359 0
    outer loop
      vertex 11.6455 423.827 0
      vertex 11.1129 423.647 8.6
      vertex 11.6455 423.827 8.6
    endloop
  endfacet
  facet normal -0.320174 0.947359 0
    outer loop
      vertex 11.1129 423.647 8.6
      vertex 11.6455 423.827 0
      vertex 11.1129 423.647 0
    endloop
  endfacet
  facet normal -0.556176 0.831065 0
    outer loop
      vertex 12.6177 424.389 0
      vertex 12.15 424.076 8.6
      vertex 12.6177 424.389 8.6
    endloop
  endfacet
  facet normal -0.556176 0.831065 0
    outer loop
      vertex 12.15 424.076 8.6
      vertex 12.6177 424.389 0
      vertex 12.15 424.076 0
    endloop
  endfacet
  facet normal -0.751982 -0.659184 0
    outer loop
      vertex 13.4114 430.418 0
      vertex 13.0406 430.841 8.6
      vertex 13.0406 430.841 0
    endloop
  endfacet
  facet normal -0.751982 -0.659184 0
    outer loop
      vertex 13.0406 430.841 8.6
      vertex 13.4114 430.418 0
      vertex 13.4114 430.418 8.6
    endloop
  endfacet
  facet normal 0.751929 0.659244 0
    outer loop
      vertex 6.95944 424.759 8.6
      vertex 6.58858 425.182 0
      vertex 6.58858 425.182 8.6
    endloop
  endfacet
  facet normal 0.751929 0.659244 0
    outer loop
      vertex 6.58858 425.182 0
      vertex 6.95944 424.759 8.6
      vertex 6.95944 424.759 0
    endloop
  endfacet
  facet normal -0.195569 -0.98069 0
    outer loop
      vertex 10.5613 432.063 0
      vertex 11.1129 431.953 8.6
      vertex 10.5613 432.063 8.6
    endloop
  endfacet
  facet normal -0.195569 -0.98069 -0
    outer loop
      vertex 11.1129 431.953 8.6
      vertex 10.5613 432.063 0
      vertex 11.1129 431.953 0
    endloop
  endfacet
  facet normal -0.997855 -0.0654565 0
    outer loop
      vertex 14.3 427.8 0
      vertex 14.2632 428.361 8.6
      vertex 14.2632 428.361 0
    endloop
  endfacet
  facet normal -0.997855 -0.0654565 0
    outer loop
      vertex 14.2632 428.361 8.6
      vertex 14.3 427.8 0
      vertex 14.3 427.8 8.6
    endloop
  endfacet
  facet normal 0.442614 -0.896712 0
    outer loop
      vertex 7.85 431.524 0
      vertex 8.35446 431.773 8.6
      vertex 7.85 431.524 8.6
    endloop
  endfacet
  facet normal 0.442614 -0.896712 0
    outer loop
      vertex 8.35446 431.773 8.6
      vertex 7.85 431.524 0
      vertex 8.35446 431.773 0
    endloop
  endfacet
  facet normal -0.751982 0.659184 0
    outer loop
      vertex 13.0406 424.759 0
      vertex 13.4114 425.182 8.6
      vertex 13.4114 425.182 0
    endloop
  endfacet
  facet normal -0.751982 0.659184 0
    outer loop
      vertex 13.4114 425.182 8.6
      vertex 13.0406 424.759 0
      vertex 13.0406 424.759 8.6
    endloop
  endfacet
  facet normal 0.320163 -0.947362 0
    outer loop
      vertex 8.35446 431.773 0
      vertex 8.88708 431.953 8.6
      vertex 8.35446 431.773 8.6
    endloop
  endfacet
  facet normal 0.320163 -0.947362 0
    outer loop
      vertex 8.88708 431.953 8.6
      vertex 8.35446 431.773 0
      vertex 8.88708 431.953 0
    endloop
  endfacet
  facet normal 0.195549 -0.980694 0
    outer loop
      vertex 8.88708 431.953 0
      vertex 9.43874 432.063 8.6
      vertex 8.88708 431.953 8.6
    endloop
  endfacet
  facet normal 0.195549 -0.980694 0
    outer loop
      vertex 9.43874 432.063 8.6
      vertex 8.88708 431.953 0
      vertex 9.43874 432.063 0
    endloop
  endfacet
  facet normal -0.658467 -0.75261 0
    outer loop
      vertex 12.6177 431.211 0
      vertex 13.0406 430.841 8.6
      vertex 12.6177 431.211 8.6
    endloop
  endfacet
  facet normal -0.658467 -0.75261 -0
    outer loop
      vertex 13.0406 430.841 8.6
      vertex 12.6177 431.211 0
      vertex 13.0406 430.841 0
    endloop
  endfacet
  facet normal -0.980819 -0.19492 0
    outer loop
      vertex 14.2632 428.361 0
      vertex 14.1535 428.913 8.6
      vertex 14.1535 428.913 0
    endloop
  endfacet
  facet normal -0.980819 -0.19492 0
    outer loop
      vertex 14.1535 428.913 8.6
      vertex 14.2632 428.361 0
      vertex 14.2632 428.361 8.6
    endloop
  endfacet
  facet normal 0.997857 -0.0654388 0
    outer loop
      vertex 5.7 427.8 8.6
      vertex 5.73679 428.361 0
      vertex 5.73679 428.361 8.6
    endloop
  endfacet
  facet normal 0.997857 -0.0654388 0
    outer loop
      vertex 5.73679 428.361 0
      vertex 5.7 427.8 8.6
      vertex 5.7 427.8 0
    endloop
  endfacet
  facet normal -0.556176 -0.831065 0
    outer loop
      vertex 12.15 431.524 0
      vertex 12.6177 431.211 8.6
      vertex 12.15 431.524 8.6
    endloop
  endfacet
  facet normal -0.556176 -0.831065 -0
    outer loop
      vertex 12.6177 431.211 8.6
      vertex 12.15 431.524 0
      vertex 12.6177 431.211 0
    endloop
  endfacet
  facet normal 0.658476 -0.752602 0
    outer loop
      vertex 6.95944 430.841 0
      vertex 7.38233 431.211 8.6
      vertex 6.95944 430.841 8.6
    endloop
  endfacet
  facet normal 0.658476 -0.752602 0
    outer loop
      vertex 7.38233 431.211 8.6
      vertex 6.95944 430.841 0
      vertex 7.38233 431.211 0
    endloop
  endfacet
  facet normal -0.947 0.321234 0
    outer loop
      vertex 13.9727 426.154 0
      vertex 14.1535 426.687 8.6
      vertex 14.1535 426.687 0
    endloop
  endfacet
  facet normal -0.947 0.321234 0
    outer loop
      vertex 14.1535 426.687 8.6
      vertex 13.9727 426.154 0
      vertex 13.9727 426.154 8.6
    endloop
  endfacet
  facet normal -0.195569 0.98069 0
    outer loop
      vertex 11.1129 423.647 0
      vertex 10.5613 423.537 8.6
      vertex 11.1129 423.647 8.6
    endloop
  endfacet
  facet normal -0.195569 0.98069 0
    outer loop
      vertex 10.5613 423.537 8.6
      vertex 11.1129 423.647 0
      vertex 10.5613 423.537 0
    endloop
  endfacet
  facet normal 0.320163 0.947362 -0
    outer loop
      vertex 8.88708 423.647 0
      vertex 8.35446 423.827 8.6
      vertex 8.88708 423.647 8.6
    endloop
  endfacet
  facet normal 0.320163 0.947362 0
    outer loop
      vertex 8.35446 423.827 8.6
      vertex 8.88708 423.647 0
      vertex 8.35446 423.827 0
    endloop
  endfacet
  facet normal 0.442614 0.896712 -0
    outer loop
      vertex 8.35446 423.827 0
      vertex 7.85 424.076 8.6
      vertex 8.35446 423.827 8.6
    endloop
  endfacet
  facet normal 0.442614 0.896712 0
    outer loop
      vertex 7.85 424.076 8.6
      vertex 8.35446 423.827 0
      vertex 7.85 424.076 0
    endloop
  endfacet
  facet normal -0.83164 -0.555315 0
    outer loop
      vertex 13.7239 429.95 0
      vertex 13.4114 430.418 8.6
      vertex 13.4114 430.418 0
    endloop
  endfacet
  facet normal -0.83164 -0.555315 0
    outer loop
      vertex 13.4114 430.418 8.6
      vertex 13.7239 429.95 0
      vertex 13.7239 429.95 8.6
    endloop
  endfacet
  facet normal 0.896714 -0.44261 0
    outer loop
      vertex 6.02732 429.446 8.6
      vertex 6.27609 429.95 0
      vertex 6.27609 429.95 8.6
    endloop
  endfacet
  facet normal 0.896714 -0.44261 0
    outer loop
      vertex 6.27609 429.95 0
      vertex 6.02732 429.446 8.6
      vertex 6.02732 429.446 0
    endloop
  endfacet
  facet normal 0.997857 0.0654388 0
    outer loop
      vertex 5.73679 427.239 8.6
      vertex 5.7 427.8 0
      vertex 5.7 427.8 8.6
    endloop
  endfacet
  facet normal 0.997857 0.0654388 0
    outer loop
      vertex 5.7 427.8 0
      vertex 5.73679 427.239 8.6
      vertex 5.73679 427.239 0
    endloop
  endfacet
  facet normal -0.947 -0.321234 0
    outer loop
      vertex 14.1535 428.913 0
      vertex 13.9727 429.446 8.6
      vertex 13.9727 429.446 0
    endloop
  endfacet
  facet normal -0.947 -0.321234 0
    outer loop
      vertex 13.9727 429.446 8.6
      vertex 14.1535 428.913 0
      vertex 14.1535 428.913 8.6
    endloop
  endfacet
  facet normal 0.947 -0.321234 0
    outer loop
      vertex 5.84652 428.913 8.6
      vertex 6.02732 429.446 0
      vertex 6.02732 429.446 8.6
    endloop
  endfacet
  facet normal 0.947 -0.321234 0
    outer loop
      vertex 6.02732 429.446 0
      vertex 5.84652 428.913 8.6
      vertex 5.84652 428.913 0
    endloop
  endfacet
  facet normal -0.997855 0.0654565 0
    outer loop
      vertex 14.2632 427.239 0
      vertex 14.3 427.8 8.6
      vertex 14.3 427.8 0
    endloop
  endfacet
  facet normal -0.997855 0.0654565 0
    outer loop
      vertex 14.3 427.8 8.6
      vertex 14.2632 427.239 0
      vertex 14.2632 427.239 8.6
    endloop
  endfacet
  facet normal -0.320174 -0.947359 0
    outer loop
      vertex 11.1129 431.953 0
      vertex 11.6455 431.773 8.6
      vertex 11.1129 431.953 8.6
    endloop
  endfacet
  facet normal -0.320174 -0.947359 -0
    outer loop
      vertex 11.6455 431.773 8.6
      vertex 11.1129 431.953 0
      vertex 11.6455 431.773 0
    endloop
  endfacet
  facet normal 0.5562 -0.831048 0
    outer loop
      vertex 7.38233 431.211 0
      vertex 7.85 431.524 8.6
      vertex 7.38233 431.211 8.6
    endloop
  endfacet
  facet normal 0.5562 -0.831048 0
    outer loop
      vertex 7.85 431.524 8.6
      vertex 7.38233 431.211 0
      vertex 7.85 431.524 0
    endloop
  endfacet
  facet normal 0.980809 -0.194971 0
    outer loop
      vertex 5.73679 428.361 8.6
      vertex 5.84652 428.913 0
      vertex 5.84652 428.913 8.6
    endloop
  endfacet
  facet normal 0.980809 -0.194971 0
    outer loop
      vertex 5.84652 428.913 0
      vertex 5.73679 428.361 8.6
      vertex 5.73679 428.361 0
    endloop
  endfacet
  facet normal -0.83164 0.555315 0
    outer loop
      vertex 13.4114 425.182 0
      vertex 13.7239 425.65 8.6
      vertex 13.7239 425.65 0
    endloop
  endfacet
  facet normal -0.83164 0.555315 0
    outer loop
      vertex 13.7239 425.65 8.6
      vertex 13.4114 425.182 0
      vertex 13.4114 425.182 8.6
    endloop
  endfacet
  facet normal -0.658467 0.75261 0
    outer loop
      vertex 13.0406 424.759 0
      vertex 12.6177 424.389 8.6
      vertex 13.0406 424.759 8.6
    endloop
  endfacet
  facet normal -0.658467 0.75261 0
    outer loop
      vertex 12.6177 424.389 8.6
      vertex 13.0406 424.759 0
      vertex 12.6177 424.389 0
    endloop
  endfacet
  facet normal -0.896693 0.442653 0
    outer loop
      vertex 13.7239 425.65 0
      vertex 13.9727 426.154 8.6
      vertex 13.9727 426.154 0
    endloop
  endfacet
  facet normal -0.896693 0.442653 0
    outer loop
      vertex 13.9727 426.154 8.6
      vertex 13.7239 425.65 0
      vertex 13.7239 425.65 8.6
    endloop
  endfacet
  facet normal 0.896714 0.44261 0
    outer loop
      vertex 6.27609 425.65 8.6
      vertex 6.02732 426.154 0
      vertex 6.02732 426.154 8.6
    endloop
  endfacet
  facet normal 0.896714 0.44261 0
    outer loop
      vertex 6.02732 426.154 0
      vertex 6.27609 425.65 8.6
      vertex 6.27609 425.65 0
    endloop
  endfacet
  facet normal 0.658476 0.752602 -0
    outer loop
      vertex 7.38233 424.389 0
      vertex 6.95944 424.759 8.6
      vertex 7.38233 424.389 8.6
    endloop
  endfacet
  facet normal 0.658476 0.752602 0
    outer loop
      vertex 6.95944 424.759 8.6
      vertex 7.38233 424.389 0
      vertex 6.95944 424.759 0
    endloop
  endfacet
  facet normal -0.980819 0.19492 0
    outer loop
      vertex 14.1535 426.687 0
      vertex 14.2632 427.239 8.6
      vertex 14.2632 427.239 0
    endloop
  endfacet
  facet normal -0.980819 0.19492 0
    outer loop
      vertex 14.2632 427.239 8.6
      vertex 14.1535 426.687 0
      vertex 14.1535 426.687 8.6
    endloop
  endfacet
  facet normal 0.831648 0.555303 0
    outer loop
      vertex 6.58858 425.182 8.6
      vertex 6.27609 425.65 0
      vertex 6.27609 425.65 8.6
    endloop
  endfacet
  facet normal 0.831648 0.555303 0
    outer loop
      vertex 6.27609 425.65 0
      vertex 6.58858 425.182 8.6
      vertex 6.58858 425.182 0
    endloop
  endfacet
  facet normal 0.947 0.321234 0
    outer loop
      vertex 6.02732 426.154 8.6
      vertex 5.84652 426.687 0
      vertex 5.84652 426.687 8.6
    endloop
  endfacet
  facet normal 0.947 0.321234 0
    outer loop
      vertex 5.84652 426.687 0
      vertex 6.02732 426.154 8.6
      vertex 6.02732 426.154 0
    endloop
  endfacet
  facet normal 0.0657803 -0.997834 0
    outer loop
      vertex 9.43874 432.063 0
      vertex 10 432.1 8.6
      vertex 9.43874 432.063 8.6
    endloop
  endfacet
  facet normal 0.0657803 -0.997834 0
    outer loop
      vertex 10 432.1 8.6
      vertex 9.43874 432.063 0
      vertex 10 432.1 0
    endloop
  endfacet
  facet normal 0.751929 -0.659244 0
    outer loop
      vertex 6.58858 430.418 8.6
      vertex 6.95944 430.841 0
      vertex 6.95944 430.841 8.6
    endloop
  endfacet
  facet normal 0.751929 -0.659244 0
    outer loop
      vertex 6.95944 430.841 0
      vertex 6.58858 430.418 8.6
      vertex 6.58858 430.418 0
    endloop
  endfacet
  facet normal -0.896693 -0.442653 0
    outer loop
      vertex 13.9727 429.446 0
      vertex 13.7239 429.95 8.6
      vertex 13.7239 429.95 0
    endloop
  endfacet
  facet normal -0.896693 -0.442653 0
    outer loop
      vertex 13.7239 429.95 8.6
      vertex 13.9727 429.446 0
      vertex 13.9727 429.446 8.6
    endloop
  endfacet
  facet normal 0.0657803 0.997834 -0
    outer loop
      vertex 10 423.5 0
      vertex 9.43874 423.537 8.6
      vertex 10 423.5 8.6
    endloop
  endfacet
  facet normal 0.0657803 0.997834 0
    outer loop
      vertex 9.43874 423.537 8.6
      vertex 10 423.5 0
      vertex 9.43874 423.537 0
    endloop
  endfacet
  facet normal -0.0657757 0.997834 0
    outer loop
      vertex 10.5613 423.537 0
      vertex 10 423.5 8.6
      vertex 10.5613 423.537 8.6
    endloop
  endfacet
  facet normal -0.0657757 0.997834 0
    outer loop
      vertex 10 423.5 8.6
      vertex 10.5613 423.537 0
      vertex 10 423.5 0
    endloop
  endfacet
  facet normal 0.831648 -0.555303 0
    outer loop
      vertex 6.27609 429.95 8.6
      vertex 6.58858 430.418 0
      vertex 6.58858 430.418 8.6
    endloop
  endfacet
  facet normal 0.831648 -0.555303 0
    outer loop
      vertex 6.58858 430.418 0
      vertex 6.27609 429.95 8.6
      vertex 6.27609 429.95 0
    endloop
  endfacet
  facet normal -0.0657757 -0.997834 0
    outer loop
      vertex 10 432.1 0
      vertex 10.5613 432.063 8.6
      vertex 10 432.1 8.6
    endloop
  endfacet
  facet normal -0.0657757 -0.997834 -0
    outer loop
      vertex 10.5613 432.063 8.6
      vertex 10 432.1 0
      vertex 10.5613 432.063 0
    endloop
  endfacet
  facet normal 0.980809 0.194971 0
    outer loop
      vertex 5.84652 426.687 8.6
      vertex 5.73679 427.239 0
      vertex 5.73679 427.239 8.6
    endloop
  endfacet
  facet normal 0.980809 0.194971 0
    outer loop
      vertex 5.73679 427.239 0
      vertex 5.84652 426.687 8.6
      vertex 5.84652 426.687 0
    endloop
  endfacet
  facet normal 0.195549 0.980694 -0
    outer loop
      vertex 9.43874 423.537 0
      vertex 8.88708 423.647 8.6
      vertex 9.43874 423.537 8.6
    endloop
  endfacet
  facet normal 0.195549 0.980694 0
    outer loop
      vertex 8.88708 423.647 8.6
      vertex 9.43874 423.537 0
      vertex 8.88708 423.647 0
    endloop
  endfacet
  facet normal 0.5562 0.831048 -0
    outer loop
      vertex 7.85 424.076 0
      vertex 7.38233 424.389 8.6
      vertex 7.85 424.076 8.6
    endloop
  endfacet
  facet normal 0.5562 0.831048 0
    outer loop
      vertex 7.38233 424.389 8.6
      vertex 7.85 424.076 0
      vertex 7.38233 424.389 0
    endloop
  endfacet
endsolid OpenSCAD_Model
