solid OpenSCAD_Model
  facet normal 0 1 -0
    outer loop
      vertex 17.35 462.8 366.883
      vertex 14.7463 462.8 518.8
      vertex 20 462.8 518.8
    endloop
  endfacet
  facet normal 0 1 0
    outer loop
      vertex 14.7463 462.8 518.8
      vertex 17.35 462.8 366.883
      vertex 5.25369 462.8 518.8
    endloop
  endfacet
  facet normal 0 1 0
    outer loop
      vertex 2.65 462.8 366.883
      vertex 5.25369 462.8 518.8
      vertex 17.35 462.8 366.883
    endloop
  endfacet
  facet normal 0 1 -0
    outer loop
      vertex 20 462.8 352.533
      vertex 17.35 462.8 366.883
      vertex 20 462.8 518.8
    endloop
  endfacet
  facet normal 0 1 0
    outer loop
      vertex 17.35 462.8 366.883
      vertex 20 462.8 352.533
      vertex 17.35 462.8 366.863
    endloop
  endfacet
  facet normal 0 1 0
    outer loop
      vertex 17.35 462.8 366.863
      vertex 20 462.8 352.533
      vertex 14.35 462.8 352.533
    endloop
  endfacet
  facet normal 0 1 -0
    outer loop
      vertex 17 462.8 529.78
      vertex 3 462.8 529.8
      vertex 17 462.8 529.8
    endloop
  endfacet
  facet normal 0 1 0
    outer loop
      vertex 17 462.8 529.78
      vertex 3 462.8 529.78
      vertex 3 462.8 529.8
    endloop
  endfacet
  facet normal 0 1 -0
    outer loop
      vertex 14.7463 462.8 518.8
      vertex 3 462.8 529.78
      vertex 17 462.8 529.78
    endloop
  endfacet
  facet normal 0 1 0
    outer loop
      vertex 3 462.8 529.78
      vertex 14.7463 462.8 518.8
      vertex 5.25369 462.8 518.8
    endloop
  endfacet
  facet normal 0 1 0
    outer loop
      vertex 5.25369 462.8 518.8
      vertex 2.65 462.8 366.883
      vertex 0 462.8 518.8
    endloop
  endfacet
  facet normal 0 1 0
    outer loop
      vertex 0 462.8 352.533
      vertex 2.65 462.8 366.883
      vertex 2.65 462.8 366.863
    endloop
  endfacet
  facet normal 0 1 0
    outer loop
      vertex 2.65 462.8 366.883
      vertex 0 462.8 352.533
      vertex 0 462.8 518.8
    endloop
  endfacet
  facet normal 0 1 0
    outer loop
      vertex 0 462.8 352.533
      vertex 2.65 462.8 366.863
      vertex 5.65 462.8 352.533
    endloop
  endfacet
  facet normal 1 0 0
    outer loop
      vertex 20 462.8 518.8
      vertex 20 376.602 429.747
      vertex 20 462.8 352.533
    endloop
  endfacet
  facet normal 1 0 0
    outer loop
      vertex 20 462.8 518.8
      vertex 20 376.363 439.414
      vertex 20 376.602 429.747
    endloop
  endfacet
  facet normal 1 0 0
    outer loop
      vertex 20 462.8 518.8
      vertex 20 376.338 439.969
      vertex 20 376.363 439.414
    endloop
  endfacet
  facet normal 1 0 0
    outer loop
      vertex 20 462.8 518.8
      vertex 20 376.262 440.486
      vertex 20 376.338 439.969
    endloop
  endfacet
  facet normal 1 0 0
    outer loop
      vertex 20 462.8 518.8
      vertex 20 376.135 440.966
      vertex 20 376.262 440.486
    endloop
  endfacet
  facet normal 1 0 0
    outer loop
      vertex 20 462.8 518.8
      vertex 20 375.958 441.409
      vertex 20 376.135 440.966
    endloop
  endfacet
  facet normal 1 0 0
    outer loop
      vertex 20 462.8 518.8
      vertex 20 375.729 441.814
      vertex 20 375.958 441.409
    endloop
  endfacet
  facet normal 1 0 0
    outer loop
      vertex 20 462.8 518.8
      vertex 20 375.45 442.182
      vertex 20 375.729 441.814
    endloop
  endfacet
  facet normal 1 0 0
    outer loop
      vertex 20 462.8 518.8
      vertex 20 375.121 442.512
      vertex 20 375.45 442.182
    endloop
  endfacet
  facet normal 1 0 0
    outer loop
      vertex 20 462.8 518.8
      vertex 20 374.744 442.801
      vertex 20 375.121 442.512
    endloop
  endfacet
  facet normal 1 0 0
    outer loop
      vertex 20 462.8 518.8
      vertex 20 374.324 443.046
      vertex 20 374.744 442.801
    endloop
  endfacet
  facet normal 1 0 0
    outer loop
      vertex 20 462.8 518.8
      vertex 20 373.86 443.246
      vertex 20 374.324 443.046
    endloop
  endfacet
  facet normal 1 0 0
    outer loop
      vertex 20 462.8 518.8
      vertex 20 373.352 443.402
      vertex 20 373.86 443.246
    endloop
  endfacet
  facet normal 1 0 0
    outer loop
      vertex 20 462.8 518.8
      vertex 20 372.801 443.513
      vertex 20 373.352 443.402
    endloop
  endfacet
  facet normal 1 0 0
    outer loop
      vertex 20 462.8 518.8
      vertex 20 372.206 443.58
      vertex 20 372.801 443.513
    endloop
  endfacet
  facet normal 1 0 0
    outer loop
      vertex 20 462.8 518.8
      vertex 20 371.568 443.602
      vertex 20 372.206 443.58
    endloop
  endfacet
  facet normal 1 0 0
    outer loop
      vertex 20 462.8 518.8
      vertex 20 370.982 443.58
      vertex 20 371.568 443.602
    endloop
  endfacet
  facet normal 1 0 0
    outer loop
      vertex 20 353.617 443.374
      vertex 20 370.982 443.58
      vertex 20 462.8 518.8
    endloop
  endfacet
  facet normal 1 0 0
    outer loop
      vertex 20 370.982 443.58
      vertex 20 353.617 443.374
      vertex 20 370.427 443.514
    endloop
  endfacet
  facet normal 1 0 0
    outer loop
      vertex 20 370.427 443.514
      vertex 20 353.617 443.374
      vertex 20 369.904 443.403
    endloop
  endfacet
  facet normal 1 0 0
    outer loop
      vertex 20 369.904 443.403
      vertex 20 353.617 443.374
      vertex 20 369.412 443.248
    endloop
  endfacet
  facet normal 1 0 0
    outer loop
      vertex 20 369.412 443.248
      vertex 20 353.617 443.374
      vertex 20 368.951 443.049
    endloop
  endfacet
  facet normal 1 0 0
    outer loop
      vertex 20 368.951 443.049
      vertex 20 353.617 443.374
      vertex 20 368.521 442.805
    endloop
  endfacet
  facet normal 1 0 0
    outer loop
      vertex 20 366.642 429.821
      vertex 20 364.547 433.121
      vertex 20 366.479 429.465
    endloop
  endfacet
  facet normal 1 0 0
    outer loop
      vertex 20 366.815 430.166
      vertex 20 364.547 433.121
      vertex 20 366.642 429.821
    endloop
  endfacet
  facet normal 1 0 0
    outer loop
      vertex 20 359.122 434.857
      vertex 20 366.566 439.599
      vertex 20 366.651 440.107
    endloop
  endfacet
  facet normal 1 0 0
    outer loop
      vertex 20 353.617 443.374
      vertex 20 366.651 440.107
      vertex 20 366.781 440.585
    endloop
  endfacet
  facet normal 1 0 0
    outer loop
      vertex 20 366.566 439.599
      vertex 20 359.122 434.857
      vertex 20 364.547 434.857
    endloop
  endfacet
  facet normal 1 0 0
    outer loop
      vertex 20 353.617 443.374
      vertex 20 366.781 440.585
      vertex 20 366.958 441.033
    endloop
  endfacet
  facet normal 1 0 0
    outer loop
      vertex 20 353.617 443.374
      vertex 20 366.958 441.033
      vertex 20 367.18 441.45
    endloop
  endfacet
  facet normal 1 0 0
    outer loop
      vertex 20 353.617 443.374
      vertex 20 367.18 441.45
      vertex 20 367.449 441.836
    endloop
  endfacet
  facet normal 1 0 0
    outer loop
      vertex 20 353.617 443.374
      vertex 20 367.449 441.836
      vertex 20 367.763 442.192
    endloop
  endfacet
  facet normal 1 0 0
    outer loop
      vertex 20 353.617 443.374
      vertex 20 367.763 442.192
      vertex 20 368.123 442.517
    endloop
  endfacet
  facet normal 1 0 0
    outer loop
      vertex 20 353.617 429.747
      vertex 20 359.122 433.121
      vertex 20 359.122 434.857
    endloop
  endfacet
  facet normal 1 0 0
    outer loop
      vertex 20 353.617 429.747
      vertex 20 359.122 434.857
      vertex 20 353.617 443.374
    endloop
  endfacet
  facet normal 1 0 0
    outer loop
      vertex 20 366.651 440.107
      vertex 20 353.617 443.374
      vertex 20 359.122 434.857
    endloop
  endfacet
  facet normal 1 0 0
    outer loop
      vertex 20 368.521 442.805
      vertex 20 353.617 443.374
      vertex 20 368.123 442.517
    endloop
  endfacet
  facet normal 1 0 0
    outer loop
      vertex 20 462.8 518.8
      vertex 20 351.816 443.374
      vertex 20 353.617 443.374
    endloop
  endfacet
  facet normal 1 0 0
    outer loop
      vertex 20 339.826 434.857
      vertex 20 348.203 439.045
      vertex 20 348.203 440.89
    endloop
  endfacet
  facet normal 1 -0 0
    outer loop
      vertex 20 345.251 433.121
      vertex 20 347.758 429.747
      vertex 20 345.251 434.857
    endloop
  endfacet
  facet normal 1 0 0
    outer loop
      vertex 20 348.203 439.045
      vertex 20 345.251 434.857
      vertex 20 347.758 429.747
    endloop
  endfacet
  facet normal 1 0 0
    outer loop
      vertex 20 348.203 439.045
      vertex 20 339.826 434.857
      vertex 20 345.251 434.857
    endloop
  endfacet
  facet normal 1 0 0
    outer loop
      vertex 20 330.665 429.779
      vertex 20 339.826 433.121
      vertex 20 339.826 434.857
    endloop
  endfacet
  facet normal 1 0 0
    outer loop
      vertex 20 330.665 429.779
      vertex 20 339.826 434.857
      vertex 20 330.665 443.374
    endloop
  endfacet
  facet normal 1 0 0
    outer loop
      vertex 20 348.203 440.89
      vertex 20 330.665 443.374
      vertex 20 339.826 434.857
    endloop
  endfacet
  facet normal 1 0 0
    outer loop
      vertex 20 351.816 443.374
      vertex 20 330.665 443.374
      vertex 20 348.203 440.89
    endloop
  endfacet
  facet normal 1 -0 0
    outer loop
      vertex 20 241.4 518.8
      vertex 20 351.816 443.374
      vertex 20 462.8 518.8
    endloop
  endfacet
  facet normal 1 0 0
    outer loop
      vertex 20 351.816 443.374
      vertex 20 241.4 518.8
      vertex 20 330.665 443.374
    endloop
  endfacet
  facet normal 1 0 0
    outer loop
      vertex 20 328.592 443.374
      vertex 20 241.4 518.8
      vertex 20 328.592 428.087
    endloop
  endfacet
  facet normal 1 0 0
    outer loop
      vertex 20 330.665 443.374
      vertex 20 241.4 518.8
      vertex 20 328.592 443.374
    endloop
  endfacet
  facet normal 1 -0 0
    outer loop
      vertex 20 376.602 428.087
      vertex 20 462.8 352.533
      vertex 20 376.602 429.747
    endloop
  endfacet
  facet normal 1 -0 0
    outer loop
      vertex 20 366.479 428.087
      vertex 20 462.8 352.533
      vertex 20 376.602 428.087
    endloop
  endfacet
  facet normal 1 -0 0
    outer loop
      vertex 20 357.339 429.747
      vertex 20 366.479 429.465
      vertex 20 364.547 433.121
    endloop
  endfacet
  facet normal 1 0 0
    outer loop
      vertex 20 357.339 429.747
      vertex 20 364.547 433.121
      vertex 20 359.122 433.121
    endloop
  endfacet
  facet normal 1 0 0
    outer loop
      vertex 20 357.339 428.087
      vertex 20 366.479 429.465
      vertex 20 357.339 429.747
    endloop
  endfacet
  facet normal 1 0 0
    outer loop
      vertex 20 366.479 429.465
      vertex 20 357.339 428.087
      vertex 20 366.479 428.087
    endloop
  endfacet
  facet normal 1 0 0
    outer loop
      vertex 20 366.479 428.087
      vertex 20 357.339 428.087
      vertex 20 462.8 352.533
    endloop
  endfacet
  facet normal 1 -0 0
    outer loop
      vertex 20 347.758 428.087
      vertex 20 462.8 352.533
      vertex 20 357.339 428.087
    endloop
  endfacet
  facet normal 1 0 0
    outer loop
      vertex 20 347.758 429.747
      vertex 20 345.251 433.121
      vertex 20 347.758 428.087
    endloop
  endfacet
  facet normal 1 0 0
    outer loop
      vertex 20 338.39 429.779
      vertex 20 345.251 433.121
      vertex 20 339.826 433.121
    endloop
  endfacet
  facet normal 1 0 0
    outer loop
      vertex 20 345.251 433.121
      vertex 20 338.39 429.779
      vertex 20 347.758 428.087
    endloop
  endfacet
  facet normal 1 0 0
    outer loop
      vertex 20 347.758 428.087
      vertex 20 338.39 429.779
      vertex 20 338.39 428.087
    endloop
  endfacet
  facet normal 1 0 0
    outer loop
      vertex 20 241.4 352.533
      vertex 20 347.758 428.087
      vertex 20 338.39 428.087
    endloop
  endfacet
  facet normal 1 0 0
    outer loop
      vertex 20 241.4 352.533
      vertex 20 338.39 428.087
      vertex 20 328.592 428.087
    endloop
  endfacet
  facet normal 1 0 0
    outer loop
      vertex 20 347.758 428.087
      vertex 20 241.4 352.533
      vertex 20 462.8 352.533
    endloop
  endfacet
  facet normal 1 0 0
    outer loop
      vertex 20 241.4 352.533
      vertex 20 328.592 428.087
      vertex 20 241.4 518.8
    endloop
  endfacet
  facet normal 1 -0 0
    outer loop
      vertex 20 376.355 439.16
      vertex 20 376.602 429.747
      vertex 20 376.363 439.414
    endloop
  endfacet
  facet normal 1 -0 0
    outer loop
      vertex 20 376.33 438.907
      vertex 20 376.602 429.747
      vertex 20 376.355 439.16
    endloop
  endfacet
  facet normal 1 -0 0
    outer loop
      vertex 20 376.289 438.653
      vertex 20 376.602 429.747
      vertex 20 376.33 438.907
    endloop
  endfacet
  facet normal 1 -0 0
    outer loop
      vertex 20 376.23 438.401
      vertex 20 376.602 429.747
      vertex 20 376.289 438.653
    endloop
  endfacet
  facet normal 1 -0 0
    outer loop
      vertex 20 376.156 438.149
      vertex 20 376.602 429.747
      vertex 20 376.23 438.401
    endloop
  endfacet
  facet normal 1 -0 0
    outer loop
      vertex 20 376.064 437.897
      vertex 20 376.602 429.747
      vertex 20 376.156 438.149
    endloop
  endfacet
  facet normal 1 -0 0
    outer loop
      vertex 20 375.956 437.646
      vertex 20 376.602 429.747
      vertex 20 376.064 437.897
    endloop
  endfacet
  facet normal 1 -0 0
    outer loop
      vertex 20 375.832 437.394
      vertex 20 376.602 429.747
      vertex 20 375.956 437.646
    endloop
  endfacet
  facet normal 1 -0 0
    outer loop
      vertex 20 375.692 437.143
      vertex 20 376.602 429.747
      vertex 20 375.832 437.394
    endloop
  endfacet
  facet normal 1 -0 0
    outer loop
      vertex 20 375.535 436.892
      vertex 20 376.602 429.747
      vertex 20 375.692 437.143
    endloop
  endfacet
  facet normal 1 -0 0
    outer loop
      vertex 20 375.362 436.641
      vertex 20 376.602 429.747
      vertex 20 375.535 436.892
    endloop
  endfacet
  facet normal 1 -0 0
    outer loop
      vertex 20 375.173 436.39
      vertex 20 376.602 429.747
      vertex 20 375.362 436.641
    endloop
  endfacet
  facet normal 1 -0 0
    outer loop
      vertex 20 374.968 436.139
      vertex 20 376.602 429.747
      vertex 20 375.173 436.39
    endloop
  endfacet
  facet normal 1 -0 0
    outer loop
      vertex 20 374.747 435.888
      vertex 20 376.602 429.747
      vertex 20 374.968 436.139
    endloop
  endfacet
  facet normal 1 -0 0
    outer loop
      vertex 20 374.487 435.617
      vertex 20 376.602 429.747
      vertex 20 374.747 435.888
    endloop
  endfacet
  facet normal 1 -0 0
    outer loop
      vertex 20 374.168 435.307
      vertex 20 376.602 429.747
      vertex 20 374.487 435.617
    endloop
  endfacet
  facet normal 1 -0 0
    outer loop
      vertex 20 373.789 434.957
      vertex 20 376.602 429.747
      vertex 20 374.168 435.307
    endloop
  endfacet
  facet normal 1 -0 0
    outer loop
      vertex 20 373.351 434.568
      vertex 20 376.602 429.747
      vertex 20 373.789 434.957
    endloop
  endfacet
  facet normal 1 -0 0
    outer loop
      vertex 20 372.852 434.14
      vertex 20 376.602 429.747
      vertex 20 373.351 434.568
    endloop
  endfacet
  facet normal 1 -0 0
    outer loop
      vertex 20 372.294 433.672
      vertex 20 376.602 429.747
      vertex 20 372.852 434.14
    endloop
  endfacet
  facet normal 1 -0 0
    outer loop
      vertex 20 371.676 433.164
      vertex 20 376.602 429.747
      vertex 20 372.294 433.672
    endloop
  endfacet
  facet normal 1 -0 0
    outer loop
      vertex 20 371.33 432.877
      vertex 20 376.602 429.747
      vertex 20 371.676 433.164
    endloop
  endfacet
  facet normal 1 -0 0
    outer loop
      vertex 20 371.005 432.598
      vertex 20 376.602 429.747
      vertex 20 371.33 432.877
    endloop
  endfacet
  facet normal 1 -0 0
    outer loop
      vertex 20 370.7 432.327
      vertex 20 376.602 429.747
      vertex 20 371.005 432.598
    endloop
  endfacet
  facet normal 1 -0 0
    outer loop
      vertex 20 370.417 432.064
      vertex 20 376.602 429.747
      vertex 20 370.7 432.327
    endloop
  endfacet
  facet normal 1 -0 0
    outer loop
      vertex 20 370.154 431.81
      vertex 20 376.602 429.747
      vertex 20 370.417 432.064
    endloop
  endfacet
  facet normal 1 -0 0
    outer loop
      vertex 20 369.912 431.564
      vertex 20 376.602 429.747
      vertex 20 370.154 431.81
    endloop
  endfacet
  facet normal 1 -0 0
    outer loop
      vertex 20 369.69 431.325
      vertex 20 376.602 429.747
      vertex 20 369.912 431.564
    endloop
  endfacet
  facet normal 1 -0 0
    outer loop
      vertex 20 369.488 431.093
      vertex 20 376.602 429.747
      vertex 20 369.69 431.325
    endloop
  endfacet
  facet normal 1 -0 0
    outer loop
      vertex 20 369.303 430.862
      vertex 20 376.602 429.747
      vertex 20 369.488 431.093
    endloop
  endfacet
  facet normal 1 -0 0
    outer loop
      vertex 20 369.134 430.634
      vertex 20 376.602 429.747
      vertex 20 369.303 430.862
    endloop
  endfacet
  facet normal 1 -0 0
    outer loop
      vertex 20 368.982 430.409
      vertex 20 376.602 429.747
      vertex 20 369.134 430.634
    endloop
  endfacet
  facet normal 1 -0 0
    outer loop
      vertex 20 368.847 430.186
      vertex 20 376.602 429.747
      vertex 20 368.982 430.409
    endloop
  endfacet
  facet normal 1 -0 0
    outer loop
      vertex 20 368.729 429.965
      vertex 20 376.602 429.747
      vertex 20 368.847 430.186
    endloop
  endfacet
  facet normal 1 0 0
    outer loop
      vertex 20 376.602 429.747
      vertex 20 368.729 429.965
      vertex 20 368.627 429.747
    endloop
  endfacet
  facet normal 1 0 0
    outer loop
      vertex 20 371.931 441.982
      vertex 20 374.356 439.349
      vertex 20 374.341 439.697
    endloop
  endfacet
  facet normal 1 0 0
    outer loop
      vertex 20 374.356 439.349
      vertex 20 371.931 441.982
      vertex 20 374.347 439.086
    endloop
  endfacet
  facet normal 1 0 0
    outer loop
      vertex 20 372.271 441.94
      vertex 20 374.341 439.697
      vertex 20 374.296 440.022
    endloop
  endfacet
  facet normal 1 0 0
    outer loop
      vertex 20 371.568 441.996
      vertex 20 374.347 439.086
      vertex 20 371.931 441.982
    endloop
  endfacet
  facet normal 1 0 0
    outer loop
      vertex 20 372.587 441.869
      vertex 20 374.296 440.022
      vertex 20 374.22 440.324
    endloop
  endfacet
  facet normal 1 0 0
    outer loop
      vertex 20 374.347 439.086
      vertex 20 371.568 441.996
      vertex 20 374.321 438.832
    endloop
  endfacet
  facet normal 1 0 0
    outer loop
      vertex 20 374.321 438.832
      vertex 20 371.568 441.996
      vertex 20 374.277 438.585
    endloop
  endfacet
  facet normal 1 0 0
    outer loop
      vertex 20 372.587 441.869
      vertex 20 374.22 440.324
      vertex 20 374.115 440.603
    endloop
  endfacet
  facet normal 1 0 0
    outer loop
      vertex 20 374.341 439.697
      vertex 20 372.271 441.94
      vertex 20 371.931 441.982
    endloop
  endfacet
  facet normal 1 0 0
    outer loop
      vertex 20 372.587 441.869
      vertex 20 374.115 440.603
      vertex 20 373.98 440.859
    endloop
  endfacet
  facet normal 1 0 0
    outer loop
      vertex 20 374.277 438.585
      vertex 20 371.568 441.996
      vertex 20 374.216 438.346
    endloop
  endfacet
  facet normal 1 0 0
    outer loop
      vertex 20 372.587 441.869
      vertex 20 373.98 440.859
      vertex 20 373.814 441.092
    endloop
  endfacet
  facet normal 1 0 0
    outer loop
      vertex 20 374.216 438.346
      vertex 20 371.568 441.996
      vertex 20 374.137 438.116
    endloop
  endfacet
  facet normal 1 -0 0
    outer loop
      vertex 20 371.22 441.983
      vertex 20 374.137 438.116
      vertex 20 371.568 441.996
    endloop
  endfacet
  facet normal 1 0 0
    outer loop
      vertex 20 372.587 441.869
      vertex 20 373.814 441.092
      vertex 20 373.618 441.302
    endloop
  endfacet
  facet normal 1 0 0
    outer loop
      vertex 20 374.296 440.022
      vertex 20 372.587 441.869
      vertex 20 372.271 441.94
    endloop
  endfacet
  facet normal 1 0 0
    outer loop
      vertex 20 372.587 441.869
      vertex 20 373.618 441.302
      vertex 20 373.396 441.486
    endloop
  endfacet
  facet normal 1 0 0
    outer loop
      vertex 20 374.137 438.116
      vertex 20 371.22 441.983
      vertex 20 374.041 437.893
    endloop
  endfacet
  facet normal 1 0 0
    outer loop
      vertex 20 374.041 437.893
      vertex 20 371.22 441.983
      vertex 20 373.927 437.678
    endloop
  endfacet
  facet normal 1 0 0
    outer loop
      vertex 20 372.587 441.869
      vertex 20 373.396 441.486
      vertex 20 373.15 441.642
    endloop
  endfacet
  facet normal 1 -0 0
    outer loop
      vertex 20 368.562 439.414
      vertex 20 373.927 437.678
      vertex 20 371.22 441.983
    endloop
  endfacet
  facet normal 1 0 0
    outer loop
      vertex 20 372.587 441.869
      vertex 20 373.15 441.642
      vertex 20 372.88 441.77
    endloop
  endfacet
  facet normal 1 0 0
    outer loop
      vertex 20 373.927 437.678
      vertex 20 368.562 439.414
      vertex 20 373.799 437.469
    endloop
  endfacet
  facet normal 1 0 0
    outer loop
      vertex 20 373.799 437.469
      vertex 20 368.562 439.414
      vertex 20 373.661 437.262
    endloop
  endfacet
  facet normal 1 0 0
    outer loop
      vertex 20 373.661 437.262
      vertex 20 368.562 439.414
      vertex 20 373.511 437.058
    endloop
  endfacet
  facet normal 1 0 0
    outer loop
      vertex 20 373.511 437.058
      vertex 20 368.562 439.414
      vertex 20 373.351 436.856
    endloop
  endfacet
  facet normal 1 0 0
    outer loop
      vertex 20 373.179 436.657
      vertex 20 368.562 439.414
      vertex 20 372.997 436.461
    endloop
  endfacet
  facet normal 1 0 0
    outer loop
      vertex 20 372.997 436.461
      vertex 20 368.562 439.414
      vertex 20 372.804 436.267
    endloop
  endfacet
  facet normal 1 0 0
    outer loop
      vertex 20 372.394 435.883
      vertex 20 368.562 439.414
      vertex 20 372.178 435.691
    endloop
  endfacet
  facet normal 1 0 0
    outer loop
      vertex 20 372.603 436.075
      vertex 20 368.562 439.414
      vertex 20 372.394 435.883
    endloop
  endfacet
  facet normal 1 0 0
    outer loop
      vertex 20 372.178 435.691
      vertex 20 368.562 439.414
      vertex 20 371.956 435.499
    endloop
  endfacet
  facet normal 1 0 0
    outer loop
      vertex 20 372.804 436.267
      vertex 20 368.562 439.414
      vertex 20 372.603 436.075
    endloop
  endfacet
  facet normal 1 0 0
    outer loop
      vertex 20 371.956 435.499
      vertex 20 368.562 439.414
      vertex 20 371.727 435.307
    endloop
  endfacet
  facet normal 1 0 0
    outer loop
      vertex 20 371.727 435.307
      vertex 20 368.562 439.414
      vertex 20 371.49 435.114
    endloop
  endfacet
  facet normal 1 0 0
    outer loop
      vertex 20 373.351 436.856
      vertex 20 368.562 439.414
      vertex 20 373.179 436.657
    endloop
  endfacet
  facet normal 1 0 0
    outer loop
      vertex 20 371.49 435.114
      vertex 20 368.562 439.414
      vertex 20 371.247 434.922
    endloop
  endfacet
  facet normal 1 0 0
    outer loop
      vertex 20 368.562 439.414
      vertex 20 371.22 441.983
      vertex 20 370.89 441.941
    endloop
  endfacet
  facet normal 1 0 0
    outer loop
      vertex 20 371.247 434.922
      vertex 20 368.562 439.414
      vertex 20 371.001 434.728
    endloop
  endfacet
  facet normal 1 0 0
    outer loop
      vertex 20 368.616 439.753
      vertex 20 370.89 441.941
      vertex 20 370.579 441.872
    endloop
  endfacet
  facet normal 1 0 0
    outer loop
      vertex 20 371.001 434.728
      vertex 20 368.562 439.414
      vertex 20 370.753 434.529
    endloop
  endfacet
  facet normal 1 0 0
    outer loop
      vertex 20 368.616 439.753
      vertex 20 370.579 441.872
      vertex 20 370.285 441.775
    endloop
  endfacet
  facet normal 1 0 0
    outer loop
      vertex 20 370.753 434.529
      vertex 20 368.562 439.414
      vertex 20 370.505 434.325
    endloop
  endfacet
  facet normal 1 0 0
    outer loop
      vertex 20 368.697 440.07
      vertex 20 370.285 441.775
      vertex 20 370.009 441.65
    endloop
  endfacet
  facet normal 1 0 0
    outer loop
      vertex 20 370.505 434.325
      vertex 20 368.562 439.414
      vertex 20 370.256 434.116
    endloop
  endfacet
  facet normal 1 0 0
    outer loop
      vertex 20 370.256 434.116
      vertex 20 368.562 439.414
      vertex 20 370.007 433.903
    endloop
  endfacet
  facet normal 1 0 0
    outer loop
      vertex 20 368.697 440.07
      vertex 20 370.009 441.65
      vertex 20 369.751 441.498
    endloop
  endfacet
  facet normal 1 0 0
    outer loop
      vertex 20 368.697 440.07
      vertex 20 369.751 441.498
      vertex 20 369.511 441.318
    endloop
  endfacet
  facet normal 1 0 0
    outer loop
      vertex 20 370.007 433.903
      vertex 20 368.562 439.414
      vertex 20 369.757 433.685
    endloop
  endfacet
  facet normal 1 0 0
    outer loop
      vertex 20 368.697 440.07
      vertex 20 369.511 441.318
      vertex 20 369.294 441.113
    endloop
  endfacet
  facet normal 1 -0 0
    outer loop
      vertex 20 364.547 434.857
      vertex 20 369.757 433.685
      vertex 20 368.562 439.414
    endloop
  endfacet
  facet normal 1 0 0
    outer loop
      vertex 20 368.697 440.07
      vertex 20 369.294 441.113
      vertex 20 369.104 440.886
    endloop
  endfacet
  facet normal 1 0 0
    outer loop
      vertex 20 364.547 434.857
      vertex 20 368.562 439.414
      vertex 20 366.566 439.599
    endloop
  endfacet
  facet normal 1 0 0
    outer loop
      vertex 20 368.697 440.07
      vertex 20 369.104 440.886
      vertex 20 368.941 440.636
    endloop
  endfacet
  facet normal 1 0 0
    outer loop
      vertex 20 368.697 440.07
      vertex 20 368.941 440.636
      vertex 20 368.806 440.364
    endloop
  endfacet
  facet normal 1 0 0
    outer loop
      vertex 20 369.757 433.685
      vertex 20 364.547 434.857
      vertex 20 369.506 433.463
    endloop
  endfacet
  facet normal 1 0 0
    outer loop
      vertex 20 370.285 441.775
      vertex 20 368.697 440.07
      vertex 20 368.616 439.753
    endloop
  endfacet
  facet normal 1 0 0
    outer loop
      vertex 20 370.89 441.941
      vertex 20 368.616 439.753
      vertex 20 368.562 439.414
    endloop
  endfacet
  facet normal 1 0 0
    outer loop
      vertex 20 369.506 433.463
      vertex 20 364.547 434.857
      vertex 20 369.257 433.234
    endloop
  endfacet
  facet normal 1 0 0
    outer loop
      vertex 20 369.257 433.234
      vertex 20 364.547 434.857
      vertex 20 369.01 432.998
    endloop
  endfacet
  facet normal 1 0 0
    outer loop
      vertex 20 369.01 432.998
      vertex 20 364.547 434.857
      vertex 20 368.768 432.755
    endloop
  endfacet
  facet normal 1 0 0
    outer loop
      vertex 20 368.768 432.755
      vertex 20 364.547 434.857
      vertex 20 368.528 432.504
    endloop
  endfacet
  facet normal 1 -0 0
    outer loop
      vertex 20 364.547 433.121
      vertex 20 368.528 432.504
      vertex 20 364.547 434.857
    endloop
  endfacet
  facet normal 1 0 0
    outer loop
      vertex 20 368.528 432.504
      vertex 20 364.547 433.121
      vertex 20 368.292 432.245
    endloop
  endfacet
  facet normal 1 0 0
    outer loop
      vertex 20 368.292 432.245
      vertex 20 364.547 433.121
      vertex 20 368.059 431.979
    endloop
  endfacet
  facet normal 1 0 0
    outer loop
      vertex 20 368.059 431.979
      vertex 20 364.547 433.121
      vertex 20 367.83 431.705
    endloop
  endfacet
  facet normal 1 0 0
    outer loop
      vertex 20 367.83 431.705
      vertex 20 364.547 433.121
      vertex 20 367.607 431.422
    endloop
  endfacet
  facet normal 1 0 0
    outer loop
      vertex 20 367.607 431.422
      vertex 20 364.547 433.121
      vertex 20 367.394 431.126
    endloop
  endfacet
  facet normal 1 0 0
    outer loop
      vertex 20 367.394 431.126
      vertex 20 364.547 433.121
      vertex 20 367.191 430.818
    endloop
  endfacet
  facet normal 1 0 0
    outer loop
      vertex 20 367.191 430.818
      vertex 20 364.547 433.121
      vertex 20 366.998 430.498
    endloop
  endfacet
  facet normal 1 0 0
    outer loop
      vertex 20 366.998 430.498
      vertex 20 364.547 433.121
      vertex 20 366.815 430.166
    endloop
  endfacet
  facet normal 1 0 0
    outer loop
      vertex 20 359.122 433.121
      vertex 20 353.617 429.747
      vertex 20 357.339 429.747
    endloop
  endfacet
  facet normal 1 -0 0
    outer loop
      vertex 20 348.203 439.045
      vertex 20 351.653 429.747
      vertex 20 351.653 441.508
    endloop
  endfacet
  facet normal 1 0 0
    outer loop
      vertex 20 351.653 429.747
      vertex 20 348.203 439.045
      vertex 20 347.758 429.747
    endloop
  endfacet
  facet normal 1 0 0
    outer loop
      vertex 20 339.826 433.121
      vertex 20 330.665 429.779
      vertex 20 338.39 429.779
    endloop
  endfacet
  facet normal -1 0 0
    outer loop
      vertex 0 241.4 352.533
      vertex 0 462.8 518.8
      vertex 0 462.8 352.533
    endloop
  endfacet
  facet normal -1 -0 0
    outer loop
      vertex 0 462.8 518.8
      vertex 0 241.4 352.533
      vertex 0 241.4 518.8
    endloop
  endfacet
  facet normal 0 -1 0
    outer loop
      vertex 5.65 241.4 517.6
      vertex 5.25369 241.4 518.8
      vertex 0 241.4 518.8
    endloop
  endfacet
  facet normal 0 -1 0
    outer loop
      vertex 5.25369 241.4 518.8
      vertex 5.65 241.4 517.6
      vertex 14.7463 241.4 518.8
    endloop
  endfacet
  facet normal 0 -1 0
    outer loop
      vertex 14.35 241.4 517.6
      vertex 14.7463 241.4 518.8
      vertex 5.65 241.4 517.6
    endloop
  endfacet
  facet normal 0 -1 0
    outer loop
      vertex 0 241.4 518.8
      vertex 2.65 241.4 366.883
      vertex 5.65 241.4 517.6
    endloop
  endfacet
  facet normal 0 -1 0
    outer loop
      vertex 0 241.4 352.533
      vertex 2.65 241.4 366.883
      vertex 0 241.4 518.8
    endloop
  endfacet
  facet normal 0 -1 -0
    outer loop
      vertex 2.65 241.4 366.883
      vertex 0 241.4 352.533
      vertex 2.65 241.4 366.863
    endloop
  endfacet
  facet normal 0 -1 -0
    outer loop
      vertex 2.65 241.4 366.863
      vertex 0 241.4 352.533
      vertex 5.65 241.4 352.533
    endloop
  endfacet
  facet normal 0 -1 0
    outer loop
      vertex 3 241.4 529.78
      vertex 17 241.4 529.8
      vertex 3 241.4 529.8
    endloop
  endfacet
  facet normal 0 -1 0
    outer loop
      vertex 3 241.4 529.78
      vertex 17 241.4 529.78
      vertex 17 241.4 529.8
    endloop
  endfacet
  facet normal 0 -1 0
    outer loop
      vertex 5.25369 241.4 518.8
      vertex 17 241.4 529.78
      vertex 3 241.4 529.78
    endloop
  endfacet
  facet normal 0 -1 0
    outer loop
      vertex 17 241.4 529.78
      vertex 5.25369 241.4 518.8
      vertex 14.7463 241.4 518.8
    endloop
  endfacet
  facet normal 0 -1 -0
    outer loop
      vertex 14.7463 241.4 518.8
      vertex 14.35 241.4 517.6
      vertex 20 241.4 518.8
    endloop
  endfacet
  facet normal 0 -1 0
    outer loop
      vertex 17.35 241.4 366.883
      vertex 14.35 241.4 517.6
      vertex 14.35 241.4 366.883
    endloop
  endfacet
  facet normal 0 -1 0
    outer loop
      vertex 14.35 241.4 517.6
      vertex 17.35 241.4 366.883
      vertex 20 241.4 518.8
    endloop
  endfacet
  facet normal 0 -1 0
    outer loop
      vertex 20 241.4 352.533
      vertex 17.35 241.4 366.883
      vertex 17.35 241.4 366.863
    endloop
  endfacet
  facet normal 0 -1 0
    outer loop
      vertex 17.35 241.4 366.883
      vertex 20 241.4 352.533
      vertex 20 241.4 518.8
    endloop
  endfacet
  facet normal 0 -1 0
    outer loop
      vertex 20 241.4 352.533
      vertex 17.35 241.4 366.863
      vertex 14.35 241.4 352.533
    endloop
  endfacet
  facet normal 0 -1 -0
    outer loop
      vertex 5.65 241.4 517.6
      vertex 2.65 241.4 366.883
      vertex 5.65 241.4 366.883
    endloop
  endfacet
  facet normal 0 0 1
    outer loop
      vertex 20 462.8 518.8
      vertex 17.35 255.75 518.8
      vertex 20 241.4 518.8
    endloop
  endfacet
  facet normal -0 0 1
    outer loop
      vertex 14.7463 462.8 518.8
      vertex 17.35 255.75 518.8
      vertex 20 462.8 518.8
    endloop
  endfacet
  facet normal 0 0 1
    outer loop
      vertex 17.35 255.75 518.8
      vertex 14.7463 462.8 518.8
      vertex 14.7463 255.75 518.8
    endloop
  endfacet
  facet normal -0 0 1
    outer loop
      vertex 17.35 255.73 518.8
      vertex 20 241.4 518.8
      vertex 17.35 255.75 518.8
    endloop
  endfacet
  facet normal -0 0 1
    outer loop
      vertex 14.7463 243.293 518.8
      vertex 20 241.4 518.8
      vertex 17.35 255.73 518.8
    endloop
  endfacet
  facet normal 0 0 1
    outer loop
      vertex 20 241.4 518.8
      vertex 14.7463 243.293 518.8
      vertex 14.7463 241.4 518.8
    endloop
  endfacet
  facet normal 0 0 1
    outer loop
      vertex 5.25369 462.8 518.8
      vertex 2.65 255.75 518.8
      vertex 5.25369 255.75 518.8
    endloop
  endfacet
  facet normal 0 0 1
    outer loop
      vertex 0 241.4 518.8
      vertex 2.65 255.75 518.8
      vertex 0 462.8 518.8
    endloop
  endfacet
  facet normal -0 0 1
    outer loop
      vertex 0 462.8 518.8
      vertex 2.65 255.75 518.8
      vertex 5.25369 462.8 518.8
    endloop
  endfacet
  facet normal 0 0 1
    outer loop
      vertex 0 241.4 518.8
      vertex 5.25369 243.293 518.8
      vertex 2.65 255.73 518.8
    endloop
  endfacet
  facet normal 0 0 1
    outer loop
      vertex 5.25369 243.293 518.8
      vertex 0 241.4 518.8
      vertex 5.25369 241.4 518.8
    endloop
  endfacet
  facet normal 0 0 1
    outer loop
      vertex 2.65 255.75 518.8
      vertex 0 241.4 518.8
      vertex 2.65 255.73 518.8
    endloop
  endfacet
  facet normal 0 0 -1
    outer loop
      vertex 17.35 255.75 352.533
      vertex 20 241.4 352.533
      vertex 17.35 255.73 352.533
    endloop
  endfacet
  facet normal 0 -0 -1
    outer loop
      vertex 17.35 255.73 352.533
      vertex 20 241.4 352.533
      vertex 14.35 241.4 352.533
    endloop
  endfacet
  facet normal 0 0 -1
    outer loop
      vertex 20 241.4 352.533
      vertex 17.35 255.75 352.533
      vertex 20 462.8 352.533
    endloop
  endfacet
  facet normal 0 0 -1
    outer loop
      vertex 14.35 462.8 352.533
      vertex 17.35 255.75 352.533
      vertex 14.35 255.75 352.533
    endloop
  endfacet
  facet normal 0 0 -1
    outer loop
      vertex 17.35 255.75 352.533
      vertex 14.35 462.8 352.533
      vertex 20 462.8 352.533
    endloop
  endfacet
  facet normal -0 0 -1
    outer loop
      vertex 2.65 255.73 352.533
      vertex 0 241.4 352.533
      vertex 2.65 255.75 352.533
    endloop
  endfacet
  facet normal 0 0 -1
    outer loop
      vertex 0 241.4 352.533
      vertex 2.65 255.73 352.533
      vertex 5.65 241.4 352.533
    endloop
  endfacet
  facet normal 0 0 -1
    outer loop
      vertex 2.65 255.75 352.533
      vertex 5.65 462.8 352.533
      vertex 5.65 255.75 352.533
    endloop
  endfacet
  facet normal 0 0 -1
    outer loop
      vertex 0 462.8 352.533
      vertex 2.65 255.75 352.533
      vertex 0 241.4 352.533
    endloop
  endfacet
  facet normal 0 0 -1
    outer loop
      vertex 2.65 255.75 352.533
      vertex 0 462.8 352.533
      vertex 5.65 462.8 352.533
    endloop
  endfacet
  facet normal 0 -1 0
    outer loop
      vertex 2.65 255.75 518.8
      vertex 5.5 255.75 517.6
      vertex 5.25369 255.75 518.8
    endloop
  endfacet
  facet normal 0 -1 -0
    outer loop
      vertex 5.5 255.75 517.6
      vertex 2.65 255.75 366.883
      vertex 14.5 255.75 517.6
    endloop
  endfacet
  facet normal 0 -1 0
    outer loop
      vertex 2.65 255.75 366.883
      vertex 5.5 255.75 517.6
      vertex 2.65 255.75 518.8
    endloop
  endfacet
  facet normal 0 -1 0
    outer loop
      vertex 14.5 255.75 517.6
      vertex 17.35 255.75 518.8
      vertex 14.7463 255.75 518.8
    endloop
  endfacet
  facet normal 0 -1 0
    outer loop
      vertex 17.35 255.75 366.883
      vertex 14.5 255.75 517.6
      vertex 2.65 255.75 366.883
    endloop
  endfacet
  facet normal 0 -1 0
    outer loop
      vertex 14.5 255.75 517.6
      vertex 17.35 255.75 366.883
      vertex 17.35 255.75 518.8
    endloop
  endfacet
  facet normal 0 -1 0
    outer loop
      vertex 17.35 255.75 352.533
      vertex 17.35 255.75 366.863
      vertex 14.35 255.75 352.533
    endloop
  endfacet
  facet normal 0 -1 0
    outer loop
      vertex 5.65 255.75 352.533
      vertex 2.65 255.75 366.863
      vertex 2.65 255.75 352.533
    endloop
  endfacet
  facet normal 0.978781 0.204908 9.29981e-05
    outer loop
      vertex 5.5 242.117 517.6
      vertex 2.65 255.73 518.8
      vertex 5.25369 243.293 518.8
    endloop
  endfacet
  facet normal 0.97878 0.204916 0
    outer loop
      vertex 2.65 255.73 518.8
      vertex 5.5 242.117 517.6
      vertex 2.65 255.73 366.883
    endloop
  endfacet
  facet normal 0.97881 0.204772 -0
    outer loop
      vertex 5.65 241.4 366.883
      vertex 5.5 242.117 517.6
      vertex 5.65 241.4 517.6
    endloop
  endfacet
  facet normal 0.978781 0.204909 -6.7978e-07
    outer loop
      vertex 5.5 242.117 517.6
      vertex 5.65 241.4 366.883
      vertex 2.65 255.73 366.883
    endloop
  endfacet
  facet normal 0.978781 0.204909 0
    outer loop
      vertex 2.65 255.73 366.863
      vertex 5.65 241.4 352.533
      vertex 2.65 255.73 352.533
    endloop
  endfacet
  facet normal 1 -0 0
    outer loop
      vertex 2.65 241.4 366.883
      vertex 2.65 255.73 366.863
      vertex 2.65 255.73 366.883
    endloop
  endfacet
  facet normal 1 0 0
    outer loop
      vertex 2.65 255.73 366.863
      vertex 2.65 241.4 366.883
      vertex 2.65 241.4 366.863
    endloop
  endfacet
  facet normal 1 0 0
    outer loop
      vertex 2.65 255.73 366.883
      vertex 2.65 255.75 366.883
      vertex 2.65 255.75 518.8
    endloop
  endfacet
  facet normal 1 0 0
    outer loop
      vertex 2.65 255.75 366.883
      vertex 2.65 255.73 366.883
      vertex 2.65 255.75 366.863
    endloop
  endfacet
  facet normal 1 0 0
    outer loop
      vertex 2.65 255.73 366.883
      vertex 2.65 255.75 518.8
      vertex 2.65 255.73 518.8
    endloop
  endfacet
  facet normal 1 0 0
    outer loop
      vertex 2.65 255.73 366.863
      vertex 2.65 255.75 366.863
      vertex 2.65 255.73 366.883
    endloop
  endfacet
  facet normal 1 0 0
    outer loop
      vertex 2.65 255.75 366.863
      vertex 2.65 255.73 366.863
      vertex 2.65 255.75 352.533
    endloop
  endfacet
  facet normal 1 0 0
    outer loop
      vertex 2.65 255.75 352.533
      vertex 2.65 255.73 366.863
      vertex 2.65 255.73 352.533
    endloop
  endfacet
  facet normal 1 -0 0
    outer loop
      vertex 2.65 255.75 366.883
      vertex 2.65 462.8 366.863
      vertex 2.65 462.8 366.883
    endloop
  endfacet
  facet normal 1 0 0
    outer loop
      vertex 2.65 462.8 366.863
      vertex 2.65 255.75 366.883
      vertex 2.65 255.75 366.863
    endloop
  endfacet
  facet normal -0.97878 0.204916 0
    outer loop
      vertex 14.5 242.117 517.6
      vertex 17.35 255.73 518.8
      vertex 17.35 255.73 366.883
    endloop
  endfacet
  facet normal -0.978781 0.204909 8.40703e-05
    outer loop
      vertex 17.35 255.73 518.8
      vertex 14.5 242.117 517.6
      vertex 14.7463 243.293 518.8
    endloop
  endfacet
  facet normal -0.978781 0.204909 -6.7978e-07
    outer loop
      vertex 14.35 241.4 366.883
      vertex 14.5 242.117 517.6
      vertex 17.35 255.73 366.883
    endloop
  endfacet
  facet normal -0.97881 0.204772 0
    outer loop
      vertex 14.5 242.117 517.6
      vertex 14.35 241.4 366.883
      vertex 14.35 241.4 517.6
    endloop
  endfacet
  facet normal -0.978781 0.204909 0
    outer loop
      vertex 17.35 255.73 366.863
      vertex 17.35 255.73 352.533
      vertex 14.35 241.4 352.533
    endloop
  endfacet
  facet normal -1 0 0
    outer loop
      vertex 17.35 241.4 366.863
      vertex 17.35 255.73 366.883
      vertex 17.35 255.73 366.863
    endloop
  endfacet
  facet normal -1 -0 0
    outer loop
      vertex 17.35 255.73 366.883
      vertex 17.35 241.4 366.863
      vertex 17.35 241.4 366.883
    endloop
  endfacet
  facet normal -1 0 0
    outer loop
      vertex 17.35 255.73 366.863
      vertex 17.35 255.75 366.863
      vertex 17.35 255.75 352.533
    endloop
  endfacet
  facet normal -1 0 0
    outer loop
      vertex 17.35 255.75 366.863
      vertex 17.35 255.73 366.863
      vertex 17.35 255.75 366.883
    endloop
  endfacet
  facet normal -1 0 0
    outer loop
      vertex 17.35 255.73 366.863
      vertex 17.35 255.75 352.533
      vertex 17.35 255.73 352.533
    endloop
  endfacet
  facet normal -1 0 0
    outer loop
      vertex 17.35 255.73 366.883
      vertex 17.35 255.75 366.883
      vertex 17.35 255.73 366.863
    endloop
  endfacet
  facet normal -1 0 0
    outer loop
      vertex 17.35 255.75 366.883
      vertex 17.35 255.73 366.883
      vertex 17.35 255.75 518.8
    endloop
  endfacet
  facet normal -1 -0 0
    outer loop
      vertex 17.35 255.75 518.8
      vertex 17.35 255.73 366.883
      vertex 17.35 255.73 518.8
    endloop
  endfacet
  facet normal -1 0 0
    outer loop
      vertex 17.35 255.75 366.863
      vertex 17.35 462.8 366.883
      vertex 17.35 462.8 366.863
    endloop
  endfacet
  facet normal -1 -0 0
    outer loop
      vertex 17.35 462.8 366.883
      vertex 17.35 255.75 366.863
      vertex 17.35 255.75 366.883
    endloop
  endfacet
  facet normal 0 0 -1
    outer loop
      vertex 2.65 255.73 366.883
      vertex 5.65 241.4 366.883
      vertex 2.65 241.4 366.883
    endloop
  endfacet
  facet normal 0 0 -1
    outer loop
      vertex 2.65 255.75 366.883
      vertex 17.35 462.8 366.883
      vertex 17.35 255.75 366.883
    endloop
  endfacet
  facet normal -0 0 -1
    outer loop
      vertex 17.35 462.8 366.883
      vertex 2.65 255.75 366.883
      vertex 2.65 462.8 366.883
    endloop
  endfacet
  facet normal 0 -0 -1
    outer loop
      vertex 17.35 255.73 366.883
      vertex 17.35 241.4 366.883
      vertex 14.35 241.4 366.883
    endloop
  endfacet
  facet normal 0.978781 0 0.204909
    outer loop
      vertex 5.65 241.4 352.533
      vertex 2.65 255.73 366.863
      vertex 2.65 241.4 366.863
    endloop
  endfacet
  facet normal 0.978781 -0 0.204909
    outer loop
      vertex 2.65 255.75 366.863
      vertex 5.65 462.8 352.533
      vertex 2.65 462.8 366.863
    endloop
  endfacet
  facet normal 0.978781 0 0.204909
    outer loop
      vertex 5.65 462.8 352.533
      vertex 2.65 255.75 366.863
      vertex 5.65 255.75 352.533
    endloop
  endfacet
  facet normal -0.978781 0 0.204909
    outer loop
      vertex 17.35 241.4 366.863
      vertex 17.35 255.73 366.863
      vertex 14.35 241.4 352.533
    endloop
  endfacet
  facet normal -0.978781 0 0.204909
    outer loop
      vertex 14.35 255.75 352.533
      vertex 17.35 462.8 366.863
      vertex 14.35 462.8 352.533
    endloop
  endfacet
  facet normal -0.978781 0 0.204909
    outer loop
      vertex 17.35 462.8 366.863
      vertex 14.35 255.75 352.533
      vertex 17.35 255.75 366.863
    endloop
  endfacet
  facet normal 1 -0 0
    outer loop
      vertex 19 374.341 439.697
      vertex 19 376.363 439.414
      vertex 19 376.338 439.969
    endloop
  endfacet
  facet normal 1 0 0
    outer loop
      vertex 19 376.363 439.414
      vertex 19 374.356 439.349
      vertex 19 376.355 439.16
    endloop
  endfacet
  facet normal 1 0 0
    outer loop
      vertex 19 374.347 439.086
      vertex 19 376.355 439.16
      vertex 19 374.356 439.349
    endloop
  endfacet
  facet normal 1 -0 0
    outer loop
      vertex 19 374.296 440.022
      vertex 19 376.338 439.969
      vertex 19 376.262 440.486
    endloop
  endfacet
  facet normal 1 0 0
    outer loop
      vertex 19 376.355 439.16
      vertex 19 374.347 439.086
      vertex 19 376.33 438.907
    endloop
  endfacet
  facet normal 1 0 0
    outer loop
      vertex 19 376.33 438.907
      vertex 19 374.347 439.086
      vertex 19 376.289 438.653
    endloop
  endfacet
  facet normal 1 0 0
    outer loop
      vertex 19 374.22 440.324
      vertex 19 376.262 440.486
      vertex 19 376.135 440.966
    endloop
  endfacet
  facet normal 1 -0 0
    outer loop
      vertex 19 374.321 438.832
      vertex 19 376.289 438.653
      vertex 19 374.347 439.086
    endloop
  endfacet
  facet normal 1 0 0
    outer loop
      vertex 19 374.22 440.324
      vertex 19 376.135 440.966
      vertex 19 375.958 441.409
    endloop
  endfacet
  facet normal 1 0 0
    outer loop
      vertex 19 376.363 439.414
      vertex 19 374.341 439.697
      vertex 19 374.356 439.349
    endloop
  endfacet
  facet normal 1 0 0
    outer loop
      vertex 19 376.23 438.401
      vertex 19 374.321 438.832
      vertex 19 376.156 438.149
    endloop
  endfacet
  facet normal 1 0 0
    outer loop
      vertex 19 374.115 440.603
      vertex 19 375.958 441.409
      vertex 19 375.729 441.814
    endloop
  endfacet
  facet normal 1 -0 0
    outer loop
      vertex 19 374.277 438.585
      vertex 19 376.156 438.149
      vertex 19 374.321 438.832
    endloop
  endfacet
  facet normal 1 0 0
    outer loop
      vertex 19 376.156 438.149
      vertex 19 374.277 438.585
      vertex 19 376.064 437.897
    endloop
  endfacet
  facet normal 1 0 0
    outer loop
      vertex 19 373.98 440.859
      vertex 19 375.729 441.814
      vertex 19 375.45 442.182
    endloop
  endfacet
  facet normal 1 -0 0
    outer loop
      vertex 19 374.216 438.346
      vertex 19 376.064 437.897
      vertex 19 374.277 438.585
    endloop
  endfacet
  facet normal 1 0 0
    outer loop
      vertex 19 376.064 437.897
      vertex 19 374.216 438.346
      vertex 19 375.956 437.646
    endloop
  endfacet
  facet normal 1 0 0
    outer loop
      vertex 19 373.814 441.092
      vertex 19 375.45 442.182
      vertex 19 375.121 442.512
    endloop
  endfacet
  facet normal 1 0 0
    outer loop
      vertex 19 375.956 437.646
      vertex 19 374.216 438.346
      vertex 19 375.832 437.394
    endloop
  endfacet
  facet normal 1 -0 0
    outer loop
      vertex 19 374.137 438.116
      vertex 19 375.832 437.394
      vertex 19 374.216 438.346
    endloop
  endfacet
  facet normal 1 0 0
    outer loop
      vertex 19 373.618 441.302
      vertex 19 375.121 442.512
      vertex 19 374.744 442.801
    endloop
  endfacet
  facet normal 1 0 0
    outer loop
      vertex 19 375.832 437.394
      vertex 19 374.137 438.116
      vertex 19 375.692 437.143
    endloop
  endfacet
  facet normal 1 -0 0
    outer loop
      vertex 19 374.041 437.893
      vertex 19 375.692 437.143
      vertex 19 374.137 438.116
    endloop
  endfacet
  facet normal 1 0 0
    outer loop
      vertex 19 376.289 438.653
      vertex 19 374.321 438.832
      vertex 19 376.23 438.401
    endloop
  endfacet
  facet normal 1 0 0
    outer loop
      vertex 19 373.396 441.486
      vertex 19 374.744 442.801
      vertex 19 374.324 443.046
    endloop
  endfacet
  facet normal 1 0 0
    outer loop
      vertex 19 376.338 439.969
      vertex 19 374.296 440.022
      vertex 19 374.341 439.697
    endloop
  endfacet
  facet normal 1 0 0
    outer loop
      vertex 19 376.262 440.486
      vertex 19 374.22 440.324
      vertex 19 374.296 440.022
    endloop
  endfacet
  facet normal 1 0 0
    outer loop
      vertex 19 375.958 441.409
      vertex 19 374.115 440.603
      vertex 19 374.22 440.324
    endloop
  endfacet
  facet normal 1 0 0
    outer loop
      vertex 19 375.729 441.814
      vertex 19 373.98 440.859
      vertex 19 374.115 440.603
    endloop
  endfacet
  facet normal 1 0 0
    outer loop
      vertex 19 373.15 441.642
      vertex 19 374.324 443.046
      vertex 19 373.86 443.246
    endloop
  endfacet
  facet normal 1 0 0
    outer loop
      vertex 19 375.45 442.182
      vertex 19 373.814 441.092
      vertex 19 373.98 440.859
    endloop
  endfacet
  facet normal 1 0 0
    outer loop
      vertex 19 375.121 442.512
      vertex 19 373.618 441.302
      vertex 19 373.814 441.092
    endloop
  endfacet
  facet normal 1 0 0
    outer loop
      vertex 19 374.744 442.801
      vertex 19 373.396 441.486
      vertex 19 373.618 441.302
    endloop
  endfacet
  facet normal 1 0 0
    outer loop
      vertex 19 372.88 441.77
      vertex 19 373.86 443.246
      vertex 19 373.352 443.402
    endloop
  endfacet
  facet normal 1 0 0
    outer loop
      vertex 19 374.324 443.046
      vertex 19 373.15 441.642
      vertex 19 373.396 441.486
    endloop
  endfacet
  facet normal 1 0 0
    outer loop
      vertex 19 373.86 443.246
      vertex 19 372.88 441.77
      vertex 19 373.15 441.642
    endloop
  endfacet
  facet normal 1 0 0
    outer loop
      vertex 19 372.587 441.869
      vertex 19 373.352 443.402
      vertex 19 372.801 443.513
    endloop
  endfacet
  facet normal 1 0 0
    outer loop
      vertex 19 373.352 443.402
      vertex 19 372.587 441.869
      vertex 19 372.88 441.77
    endloop
  endfacet
  facet normal 1 0 0
    outer loop
      vertex 19 372.801 443.513
      vertex 19 372.271 441.94
      vertex 19 372.587 441.869
    endloop
  endfacet
  facet normal 1 0 0
    outer loop
      vertex 19 372.206 443.58
      vertex 19 372.271 441.94
      vertex 19 372.801 443.513
    endloop
  endfacet
  facet normal 1 0 0
    outer loop
      vertex 19 372.206 443.58
      vertex 19 371.931 441.982
      vertex 19 372.271 441.94
    endloop
  endfacet
  facet normal 1 0 0
    outer loop
      vertex 19 371.568 443.602
      vertex 19 371.931 441.982
      vertex 19 372.206 443.58
    endloop
  endfacet
  facet normal 1 0 0
    outer loop
      vertex 19 371.568 443.602
      vertex 19 371.568 441.996
      vertex 19 371.931 441.982
    endloop
  endfacet
  facet normal 1 0 0
    outer loop
      vertex 19 371.568 443.602
      vertex 19 371.22 441.983
      vertex 19 371.568 441.996
    endloop
  endfacet
  facet normal 1 -0 0
    outer loop
      vertex 19 370.982 443.58
      vertex 19 371.22 441.983
      vertex 19 371.568 443.602
    endloop
  endfacet
  facet normal 1 0 0
    outer loop
      vertex 19 370.982 443.58
      vertex 19 370.89 441.941
      vertex 19 371.22 441.983
    endloop
  endfacet
  facet normal 1 -0 0
    outer loop
      vertex 19 370.427 443.514
      vertex 19 370.89 441.941
      vertex 19 370.982 443.58
    endloop
  endfacet
  facet normal 1 0 0
    outer loop
      vertex 19 370.89 441.941
      vertex 19 370.427 443.514
      vertex 19 370.579 441.872
    endloop
  endfacet
  facet normal 1 -0 0
    outer loop
      vertex 19 369.904 443.403
      vertex 19 370.579 441.872
      vertex 19 370.427 443.514
    endloop
  endfacet
  facet normal 1 0 0
    outer loop
      vertex 19 370.579 441.872
      vertex 19 369.904 443.403
      vertex 19 370.285 441.775
    endloop
  endfacet
  facet normal 1 -0 0
    outer loop
      vertex 19 369.412 443.248
      vertex 19 370.285 441.775
      vertex 19 369.904 443.403
    endloop
  endfacet
  facet normal 1 0 0
    outer loop
      vertex 19 370.285 441.775
      vertex 19 369.412 443.248
      vertex 19 370.009 441.65
    endloop
  endfacet
  facet normal 1 -0 0
    outer loop
      vertex 19 368.951 443.049
      vertex 19 370.009 441.65
      vertex 19 369.412 443.248
    endloop
  endfacet
  facet normal 1 0 0
    outer loop
      vertex 19 370.009 441.65
      vertex 19 368.951 443.049
      vertex 19 369.751 441.498
    endloop
  endfacet
  facet normal 1 -0 0
    outer loop
      vertex 19 368.521 442.805
      vertex 19 369.751 441.498
      vertex 19 368.951 443.049
    endloop
  endfacet
  facet normal 1 0 0
    outer loop
      vertex 19 369.751 441.498
      vertex 19 368.521 442.805
      vertex 19 369.511 441.318
    endloop
  endfacet
  facet normal 1 -0 0
    outer loop
      vertex 19 368.123 442.517
      vertex 19 369.511 441.318
      vertex 19 368.521 442.805
    endloop
  endfacet
  facet normal 1 0 0
    outer loop
      vertex 19 369.511 441.318
      vertex 19 368.123 442.517
      vertex 19 369.294 441.113
    endloop
  endfacet
  facet normal 1 -0 0
    outer loop
      vertex 19 367.763 442.192
      vertex 19 369.294 441.113
      vertex 19 368.123 442.517
    endloop
  endfacet
  facet normal 1 0 0
    outer loop
      vertex 19 369.294 441.113
      vertex 19 367.763 442.192
      vertex 19 369.104 440.886
    endloop
  endfacet
  facet normal 1 -0 0
    outer loop
      vertex 19 367.449 441.836
      vertex 19 369.104 440.886
      vertex 19 367.763 442.192
    endloop
  endfacet
  facet normal 1 0 0
    outer loop
      vertex 19 369.104 440.886
      vertex 19 367.449 441.836
      vertex 19 368.941 440.636
    endloop
  endfacet
  facet normal 1 -0 0
    outer loop
      vertex 19 367.18 441.45
      vertex 19 368.941 440.636
      vertex 19 367.449 441.836
    endloop
  endfacet
  facet normal 1 0 0
    outer loop
      vertex 19 368.941 440.636
      vertex 19 367.18 441.45
      vertex 19 368.806 440.364
    endloop
  endfacet
  facet normal 1 -0 0
    outer loop
      vertex 19 366.958 441.033
      vertex 19 368.806 440.364
      vertex 19 367.18 441.45
    endloop
  endfacet
  facet normal 1 0 0
    outer loop
      vertex 19 368.806 440.364
      vertex 19 366.958 441.033
      vertex 19 368.697 440.07
    endloop
  endfacet
  facet normal 1 -0 0
    outer loop
      vertex 19 366.781 440.585
      vertex 19 368.697 440.07
      vertex 19 366.958 441.033
    endloop
  endfacet
  facet normal 1 0 0
    outer loop
      vertex 19 368.697 440.07
      vertex 19 366.781 440.585
      vertex 19 368.616 439.753
    endloop
  endfacet
  facet normal 1 -0 0
    outer loop
      vertex 19 366.651 440.107
      vertex 19 368.616 439.753
      vertex 19 366.781 440.585
    endloop
  endfacet
  facet normal 1 0 0
    outer loop
      vertex 19 368.616 439.753
      vertex 19 366.651 440.107
      vertex 19 368.562 439.414
    endloop
  endfacet
  facet normal 1 0 0
    outer loop
      vertex 19 368.562 439.414
      vertex 19 366.651 440.107
      vertex 19 366.566 439.599
    endloop
  endfacet
  facet normal 1 0 0
    outer loop
      vertex 19 375.692 437.143
      vertex 19 374.041 437.893
      vertex 19 375.535 436.892
    endloop
  endfacet
  facet normal 1 -0 0
    outer loop
      vertex 19 373.927 437.678
      vertex 19 375.535 436.892
      vertex 19 374.041 437.893
    endloop
  endfacet
  facet normal 1 0 0
    outer loop
      vertex 19 375.535 436.892
      vertex 19 373.927 437.678
      vertex 19 375.362 436.641
    endloop
  endfacet
  facet normal 1 -0 0
    outer loop
      vertex 19 373.799 437.469
      vertex 19 375.362 436.641
      vertex 19 373.927 437.678
    endloop
  endfacet
  facet normal 1 0 0
    outer loop
      vertex 19 375.362 436.641
      vertex 19 373.799 437.469
      vertex 19 375.173 436.39
    endloop
  endfacet
  facet normal 1 -0 0
    outer loop
      vertex 19 373.661 437.262
      vertex 19 375.173 436.39
      vertex 19 373.799 437.469
    endloop
  endfacet
  facet normal 1 0 0
    outer loop
      vertex 19 375.173 436.39
      vertex 19 373.661 437.262
      vertex 19 374.968 436.139
    endloop
  endfacet
  facet normal 1 -0 0
    outer loop
      vertex 19 373.511 437.058
      vertex 19 374.968 436.139
      vertex 19 373.661 437.262
    endloop
  endfacet
  facet normal 1 0 0
    outer loop
      vertex 19 374.968 436.139
      vertex 19 373.511 437.058
      vertex 19 374.747 435.888
    endloop
  endfacet
  facet normal 1 -0 0
    outer loop
      vertex 19 373.351 436.856
      vertex 19 374.747 435.888
      vertex 19 373.511 437.058
    endloop
  endfacet
  facet normal 1 0 0
    outer loop
      vertex 19 374.747 435.888
      vertex 19 373.351 436.856
      vertex 19 374.487 435.617
    endloop
  endfacet
  facet normal 1 -0 0
    outer loop
      vertex 19 373.179 436.657
      vertex 19 374.487 435.617
      vertex 19 373.351 436.856
    endloop
  endfacet
  facet normal 1 0 0
    outer loop
      vertex 19 374.487 435.617
      vertex 19 373.179 436.657
      vertex 19 374.168 435.307
    endloop
  endfacet
  facet normal 1 -0 0
    outer loop
      vertex 19 372.997 436.461
      vertex 19 374.168 435.307
      vertex 19 373.179 436.657
    endloop
  endfacet
  facet normal 1 -0 0
    outer loop
      vertex 19 372.804 436.267
      vertex 19 374.168 435.307
      vertex 19 372.997 436.461
    endloop
  endfacet
  facet normal 1 0 0
    outer loop
      vertex 19 374.168 435.307
      vertex 19 372.804 436.267
      vertex 19 373.789 434.957
    endloop
  endfacet
  facet normal 1 -0 0
    outer loop
      vertex 19 372.603 436.075
      vertex 19 373.789 434.957
      vertex 19 372.804 436.267
    endloop
  endfacet
  facet normal 1 -0 0
    outer loop
      vertex 19 372.394 435.883
      vertex 19 373.789 434.957
      vertex 19 372.603 436.075
    endloop
  endfacet
  facet normal 1 0 0
    outer loop
      vertex 19 373.789 434.957
      vertex 19 372.394 435.883
      vertex 19 373.351 434.568
    endloop
  endfacet
  facet normal 1 -0 0
    outer loop
      vertex 19 372.178 435.691
      vertex 19 373.351 434.568
      vertex 19 372.394 435.883
    endloop
  endfacet
  facet normal 1 -0 0
    outer loop
      vertex 19 371.956 435.499
      vertex 19 373.351 434.568
      vertex 19 372.178 435.691
    endloop
  endfacet
  facet normal 1 0 0
    outer loop
      vertex 19 373.351 434.568
      vertex 19 371.956 435.499
      vertex 19 372.852 434.14
    endloop
  endfacet
  facet normal 1 -0 0
    outer loop
      vertex 19 371.727 435.307
      vertex 19 372.852 434.14
      vertex 19 371.956 435.499
    endloop
  endfacet
  facet normal 1 -0 0
    outer loop
      vertex 19 371.49 435.114
      vertex 19 372.852 434.14
      vertex 19 371.727 435.307
    endloop
  endfacet
  facet normal 1 0 0
    outer loop
      vertex 19 372.852 434.14
      vertex 19 371.49 435.114
      vertex 19 372.294 433.672
    endloop
  endfacet
  facet normal 1 -0 0
    outer loop
      vertex 19 371.247 434.922
      vertex 19 372.294 433.672
      vertex 19 371.49 435.114
    endloop
  endfacet
  facet normal 1 -0 0
    outer loop
      vertex 19 371.001 434.728
      vertex 19 372.294 433.672
      vertex 19 371.247 434.922
    endloop
  endfacet
  facet normal 1 0 0
    outer loop
      vertex 19 372.294 433.672
      vertex 19 371.001 434.728
      vertex 19 371.676 433.164
    endloop
  endfacet
  facet normal 1 -0 0
    outer loop
      vertex 19 370.753 434.529
      vertex 19 371.676 433.164
      vertex 19 371.001 434.728
    endloop
  endfacet
  facet normal 1 -0 0
    outer loop
      vertex 19 370.505 434.325
      vertex 19 371.676 433.164
      vertex 19 370.753 434.529
    endloop
  endfacet
  facet normal 1 0 0
    outer loop
      vertex 19 371.676 433.164
      vertex 19 370.505 434.325
      vertex 19 371.33 432.877
    endloop
  endfacet
  facet normal 1 -0 0
    outer loop
      vertex 19 370.256 434.116
      vertex 19 371.33 432.877
      vertex 19 370.505 434.325
    endloop
  endfacet
  facet normal 1 -0 0
    outer loop
      vertex 19 370.007 433.903
      vertex 19 371.33 432.877
      vertex 19 370.256 434.116
    endloop
  endfacet
  facet normal 1 0 0
    outer loop
      vertex 19 371.33 432.877
      vertex 19 370.007 433.903
      vertex 19 371.005 432.598
    endloop
  endfacet
  facet normal 1 -0 0
    outer loop
      vertex 19 369.757 433.685
      vertex 19 371.005 432.598
      vertex 19 370.007 433.903
    endloop
  endfacet
  facet normal 1 0 0
    outer loop
      vertex 19 371.005 432.598
      vertex 19 369.757 433.685
      vertex 19 370.7 432.327
    endloop
  endfacet
  facet normal 1 -0 0
    outer loop
      vertex 19 369.506 433.463
      vertex 19 370.7 432.327
      vertex 19 369.757 433.685
    endloop
  endfacet
  facet normal 1 0 0
    outer loop
      vertex 19 370.7 432.327
      vertex 19 369.506 433.463
      vertex 19 370.417 432.064
    endloop
  endfacet
  facet normal 1 -0 0
    outer loop
      vertex 19 369.257 433.234
      vertex 19 370.417 432.064
      vertex 19 369.506 433.463
    endloop
  endfacet
  facet normal 1 0 0
    outer loop
      vertex 19 370.417 432.064
      vertex 19 369.257 433.234
      vertex 19 370.154 431.81
    endloop
  endfacet
  facet normal 1 -0 0
    outer loop
      vertex 19 369.01 432.998
      vertex 19 370.154 431.81
      vertex 19 369.257 433.234
    endloop
  endfacet
  facet normal 1 -0 0
    outer loop
      vertex 19 368.768 432.755
      vertex 19 370.154 431.81
      vertex 19 369.01 432.998
    endloop
  endfacet
  facet normal 1 0 0
    outer loop
      vertex 19 370.154 431.81
      vertex 19 368.768 432.755
      vertex 19 369.912 431.564
    endloop
  endfacet
  facet normal 1 -0 0
    outer loop
      vertex 19 368.528 432.504
      vertex 19 369.912 431.564
      vertex 19 368.768 432.755
    endloop
  endfacet
  facet normal 1 0 0
    outer loop
      vertex 19 369.912 431.564
      vertex 19 368.528 432.504
      vertex 19 369.69 431.325
    endloop
  endfacet
  facet normal 1 -0 0
    outer loop
      vertex 19 368.292 432.245
      vertex 19 369.69 431.325
      vertex 19 368.528 432.504
    endloop
  endfacet
  facet normal 1 0 0
    outer loop
      vertex 19 369.69 431.325
      vertex 19 368.292 432.245
      vertex 19 369.488 431.093
    endloop
  endfacet
  facet normal 1 -0 0
    outer loop
      vertex 19 368.059 431.979
      vertex 19 369.488 431.093
      vertex 19 368.292 432.245
    endloop
  endfacet
  facet normal 1 0 0
    outer loop
      vertex 19 369.488 431.093
      vertex 19 368.059 431.979
      vertex 19 369.303 430.862
    endloop
  endfacet
  facet normal 1 -0 0
    outer loop
      vertex 19 367.83 431.705
      vertex 19 369.303 430.862
      vertex 19 368.059 431.979
    endloop
  endfacet
  facet normal 1 0 0
    outer loop
      vertex 19 369.303 430.862
      vertex 19 367.83 431.705
      vertex 19 369.134 430.634
    endloop
  endfacet
  facet normal 1 -0 0
    outer loop
      vertex 19 367.607 431.422
      vertex 19 369.134 430.634
      vertex 19 367.83 431.705
    endloop
  endfacet
  facet normal 1 -0 0
    outer loop
      vertex 19 368.627 429.747
      vertex 19 376.602 428.087
      vertex 19 376.602 429.747
    endloop
  endfacet
  facet normal 1 0 0
    outer loop
      vertex 19 369.134 430.634
      vertex 19 367.607 431.422
      vertex 19 368.982 430.409
    endloop
  endfacet
  facet normal 1 -0 0
    outer loop
      vertex 19 367.394 431.126
      vertex 19 368.982 430.409
      vertex 19 367.607 431.422
    endloop
  endfacet
  facet normal 1 0 0
    outer loop
      vertex 19 368.982 430.409
      vertex 19 367.394 431.126
      vertex 19 368.847 430.186
    endloop
  endfacet
  facet normal 1 0 0
    outer loop
      vertex 19 368.847 430.186
      vertex 19 367.394 431.126
      vertex 19 368.729 429.965
    endloop
  endfacet
  facet normal 1 -0 0
    outer loop
      vertex 19 367.191 430.818
      vertex 19 368.729 429.965
      vertex 19 367.394 431.126
    endloop
  endfacet
  facet normal 1 0 0
    outer loop
      vertex 19 368.729 429.965
      vertex 19 367.191 430.818
      vertex 19 368.627 429.747
    endloop
  endfacet
  facet normal 1 -0 0
    outer loop
      vertex 19 366.998 430.498
      vertex 19 368.627 429.747
      vertex 19 367.191 430.818
    endloop
  endfacet
  facet normal 1 -0 0
    outer loop
      vertex 19 366.815 430.166
      vertex 19 368.627 429.747
      vertex 19 366.998 430.498
    endloop
  endfacet
  facet normal 1 -0 0
    outer loop
      vertex 19 366.642 429.821
      vertex 19 368.627 429.747
      vertex 19 366.815 430.166
    endloop
  endfacet
  facet normal 1 0 0
    outer loop
      vertex 19 366.479 429.465
      vertex 19 368.627 429.747
      vertex 19 366.642 429.821
    endloop
  endfacet
  facet normal 1 0 0
    outer loop
      vertex 19 368.627 429.747
      vertex 19 366.479 429.465
      vertex 19 366.479 428.087
    endloop
  endfacet
  facet normal 1 0 0
    outer loop
      vertex 19 368.627 429.747
      vertex 19 366.479 428.087
      vertex 19 376.602 428.087
    endloop
  endfacet
  facet normal 1 0 0
    outer loop
      vertex 19 330.665 443.374
      vertex 19 328.592 443.374
      vertex 19 330.665 429.779
    endloop
  endfacet
  facet normal 1 -0 0
    outer loop
      vertex 19 330.665 429.779
      vertex 19 338.39 428.087
      vertex 19 338.39 429.779
    endloop
  endfacet
  facet normal 1 0 0
    outer loop
      vertex 19 330.665 429.779
      vertex 19 328.592 428.087
      vertex 19 338.39 428.087
    endloop
  endfacet
  facet normal 1 0 0
    outer loop
      vertex 19 328.592 428.087
      vertex 19 330.665 429.779
      vertex 19 328.592 443.374
    endloop
  endfacet
  facet normal 1 0 0
    outer loop
      vertex 19 351.653 441.508
      vertex 19 353.617 443.374
      vertex 19 351.816 443.374
    endloop
  endfacet
  facet normal 1 -0 0
    outer loop
      vertex 19 353.617 429.747
      vertex 19 357.339 428.087
      vertex 19 357.339 429.747
    endloop
  endfacet
  facet normal 1 0 0
    outer loop
      vertex 19 353.617 443.374
      vertex 19 351.653 441.508
      vertex 19 353.617 429.747
    endloop
  endfacet
  facet normal 1 0 0
    outer loop
      vertex 19 351.653 429.747
      vertex 19 353.617 429.747
      vertex 19 351.653 441.508
    endloop
  endfacet
  facet normal 1 -0 0
    outer loop
      vertex 19 351.653 429.747
      vertex 19 357.339 428.087
      vertex 19 353.617 429.747
    endloop
  endfacet
  facet normal 1 0 0
    outer loop
      vertex 19 347.758 428.087
      vertex 19 351.653 429.747
      vertex 19 347.758 429.747
    endloop
  endfacet
  facet normal 1 0 0
    outer loop
      vertex 19 351.653 429.747
      vertex 19 347.758 428.087
      vertex 19 357.339 428.087
    endloop
  endfacet
  facet normal 1 0 0
    outer loop
      vertex 19 348.203 440.89
      vertex 19 351.653 441.508
      vertex 19 351.816 443.374
    endloop
  endfacet
  facet normal 1 0 0
    outer loop
      vertex 19 351.653 441.508
      vertex 19 348.203 440.89
      vertex 19 348.203 439.045
    endloop
  endfacet
  facet normal 1 -0 0
    outer loop
      vertex 19 339.826 434.857
      vertex 19 345.251 433.121
      vertex 19 345.251 434.857
    endloop
  endfacet
  facet normal 1 0 0
    outer loop
      vertex 19 345.251 433.121
      vertex 19 339.826 434.857
      vertex 19 339.826 433.121
    endloop
  endfacet
  facet normal 1 -0 0
    outer loop
      vertex 19 359.122 434.857
      vertex 19 364.547 433.121
      vertex 19 364.547 434.857
    endloop
  endfacet
  facet normal 1 0 0
    outer loop
      vertex 19 364.547 433.121
      vertex 19 359.122 434.857
      vertex 19 359.122 433.121
    endloop
  endfacet
  facet normal 0 0 -1
    outer loop
      vertex 19 368.627 429.747
      vertex 20 376.602 429.747
      vertex 20 368.627 429.747
    endloop
  endfacet
  facet normal -0 0 -1
    outer loop
      vertex 20 376.602 429.747
      vertex 19 368.627 429.747
      vertex 19 376.602 429.747
    endloop
  endfacet
  facet normal 0 -0.905758 0.423795
    outer loop
      vertex 19 368.627 429.747
      vertex 20 368.729 429.965
      vertex 19 368.729 429.965
    endloop
  endfacet
  facet normal 0 -0.905758 0.423795
    outer loop
      vertex 20 368.729 429.965
      vertex 19 368.627 429.747
      vertex 20 368.627 429.747
    endloop
  endfacet
  facet normal 0 -0.882132 0.471003
    outer loop
      vertex 19 368.729 429.965
      vertex 20 368.847 430.186
      vertex 19 368.847 430.186
    endloop
  endfacet
  facet normal 0 -0.882132 0.471003
    outer loop
      vertex 20 368.847 430.186
      vertex 19 368.729 429.965
      vertex 20 368.729 429.965
    endloop
  endfacet
  facet normal 0 -0.855455 0.517877
    outer loop
      vertex 19 368.847 430.186
      vertex 20 368.982 430.409
      vertex 19 368.982 430.409
    endloop
  endfacet
  facet normal 0 -0.855455 0.517877
    outer loop
      vertex 20 368.982 430.409
      vertex 19 368.847 430.186
      vertex 20 368.847 430.186
    endloop
  endfacet
  facet normal 0 -0.828635 0.559789
    outer loop
      vertex 19 368.982 430.409
      vertex 20 369.134 430.634
      vertex 19 369.134 430.634
    endloop
  endfacet
  facet normal 0 -0.828635 0.559789
    outer loop
      vertex 20 369.134 430.634
      vertex 19 368.982 430.409
      vertex 20 368.982 430.409
    endloop
  endfacet
  facet normal 0 -0.80337 0.59548
    outer loop
      vertex 19 369.134 430.634
      vertex 20 369.303 430.862
      vertex 19 369.303 430.862
    endloop
  endfacet
  facet normal 0 -0.80337 0.59548
    outer loop
      vertex 20 369.303 430.862
      vertex 19 369.134 430.634
      vertex 20 369.134 430.634
    endloop
  endfacet
  facet normal 0 -0.780539 0.625107
    outer loop
      vertex 19 369.303 430.862
      vertex 20 369.488 431.093
      vertex 19 369.488 431.093
    endloop
  endfacet
  facet normal 0 -0.780539 0.625107
    outer loop
      vertex 20 369.488 431.093
      vertex 19 369.303 430.862
      vertex 20 369.303 430.862
    endloop
  endfacet
  facet normal 0 -0.754185 0.656661
    outer loop
      vertex 19 369.488 431.093
      vertex 20 369.69 431.325
      vertex 19 369.69 431.325
    endloop
  endfacet
  facet normal 0 -0.754185 0.656661
    outer loop
      vertex 20 369.69 431.325
      vertex 19 369.488 431.093
      vertex 20 369.488 431.093
    endloop
  endfacet
  facet normal 0 -0.732684 0.680569
    outer loop
      vertex 19 369.69 431.325
      vertex 20 369.912 431.564
      vertex 19 369.912 431.564
    endloop
  endfacet
  facet normal 0 -0.732684 0.680569
    outer loop
      vertex 20 369.912 431.564
      vertex 19 369.69 431.325
      vertex 20 369.69 431.325
    endloop
  endfacet
  facet normal 0 -0.712879 0.701287
    outer loop
      vertex 19 369.912 431.564
      vertex 20 370.154 431.81
      vertex 19 370.154 431.81
    endloop
  endfacet
  facet normal 0 -0.712879 0.701287
    outer loop
      vertex 20 370.154 431.81
      vertex 19 369.912 431.564
      vertex 20 369.912 431.564
    endloop
  endfacet
  facet normal 0 -0.694692 0.719307
    outer loop
      vertex 19 370.417 432.064
      vertex 20 370.154 431.81
      vertex 20 370.417 432.064
    endloop
  endfacet
  facet normal 0 -0.694692 0.719307
    outer loop
      vertex 20 370.154 431.81
      vertex 19 370.417 432.064
      vertex 19 370.154 431.81
    endloop
  endfacet
  facet normal 0 -0.680749 0.732517
    outer loop
      vertex 19 370.7 432.327
      vertex 20 370.417 432.064
      vertex 20 370.7 432.327
    endloop
  endfacet
  facet normal 0 -0.680749 0.732517
    outer loop
      vertex 20 370.417 432.064
      vertex 19 370.7 432.327
      vertex 19 370.417 432.064
    endloop
  endfacet
  facet normal 0 -0.664212 0.747545
    outer loop
      vertex 19 371.005 432.598
      vertex 20 370.7 432.327
      vertex 20 371.005 432.598
    endloop
  endfacet
  facet normal 0 -0.664212 0.747545
    outer loop
      vertex 20 370.7 432.327
      vertex 19 371.005 432.598
      vertex 19 370.7 432.327
    endloop
  endfacet
  facet normal 0 -0.651368 0.758762
    outer loop
      vertex 19 371.33 432.877
      vertex 20 371.005 432.598
      vertex 20 371.33 432.877
    endloop
  endfacet
  facet normal 0 -0.651368 0.758762
    outer loop
      vertex 20 371.005 432.598
      vertex 19 371.33 432.877
      vertex 19 371.005 432.598
    endloop
  endfacet
  facet normal 0 -0.638432 0.769678
    outer loop
      vertex 19 371.676 433.164
      vertex 20 371.33 432.877
      vertex 20 371.676 433.164
    endloop
  endfacet
  facet normal 0 -0.638432 0.769678
    outer loop
      vertex 20 371.33 432.877
      vertex 19 371.676 433.164
      vertex 19 371.33 432.877
    endloop
  endfacet
  facet normal 0 -0.635006 0.772507
    outer loop
      vertex 19 372.294 433.672
      vertex 20 371.676 433.164
      vertex 20 372.294 433.672
    endloop
  endfacet
  facet normal 0 -0.635006 0.772507
    outer loop
      vertex 20 371.676 433.164
      vertex 19 372.294 433.672
      vertex 19 371.676 433.164
    endloop
  endfacet
  facet normal 0 -0.642612 0.766192
    outer loop
      vertex 19 372.852 434.14
      vertex 20 372.294 433.672
      vertex 20 372.852 434.14
    endloop
  endfacet
  facet normal 0 -0.642612 0.766192
    outer loop
      vertex 20 372.294 433.672
      vertex 19 372.852 434.14
      vertex 19 372.294 433.672
    endloop
  endfacet
  facet normal 0 -0.651042 0.759042
    outer loop
      vertex 19 373.351 434.568
      vertex 20 372.852 434.14
      vertex 20 373.351 434.568
    endloop
  endfacet
  facet normal 0 -0.651042 0.759042
    outer loop
      vertex 20 372.852 434.14
      vertex 19 373.351 434.568
      vertex 19 372.852 434.14
    endloop
  endfacet
  facet normal 0 -0.664046 0.747692
    outer loop
      vertex 19 373.789 434.957
      vertex 20 373.351 434.568
      vertex 20 373.789 434.957
    endloop
  endfacet
  facet normal 0 -0.664046 0.747692
    outer loop
      vertex 20 373.351 434.568
      vertex 19 373.789 434.957
      vertex 19 373.351 434.568
    endloop
  endfacet
  facet normal 0 -0.678441 0.734655
    outer loop
      vertex 19 374.168 435.307
      vertex 20 373.789 434.957
      vertex 20 374.168 435.307
    endloop
  endfacet
  facet normal 0 -0.678441 0.734655
    outer loop
      vertex 20 373.789 434.957
      vertex 19 374.168 435.307
      vertex 19 373.789 434.957
    endloop
  endfacet
  facet normal 0 -0.696918 0.717151
    outer loop
      vertex 19 374.487 435.617
      vertex 20 374.168 435.307
      vertex 20 374.487 435.617
    endloop
  endfacet
  facet normal 0 -0.696918 0.717151
    outer loop
      vertex 20 374.168 435.307
      vertex 19 374.487 435.617
      vertex 19 374.168 435.307
    endloop
  endfacet
  facet normal 0 -0.7216 0.69231
    outer loop
      vertex 19 374.487 435.617
      vertex 20 374.747 435.888
      vertex 19 374.747 435.888
    endloop
  endfacet
  facet normal 0 -0.7216 0.69231
    outer loop
      vertex 20 374.747 435.888
      vertex 19 374.487 435.617
      vertex 20 374.487 435.617
    endloop
  endfacet
  facet normal 0 -0.750536 0.66083
    outer loop
      vertex 19 374.747 435.888
      vertex 20 374.968 436.139
      vertex 19 374.968 436.139
    endloop
  endfacet
  facet normal 0 -0.750536 0.66083
    outer loop
      vertex 20 374.968 436.139
      vertex 19 374.747 435.888
      vertex 20 374.747 435.888
    endloop
  endfacet
  facet normal 0 -0.774507 0.632565
    outer loop
      vertex 19 374.968 436.139
      vertex 20 375.173 436.39
      vertex 19 375.173 436.39
    endloop
  endfacet
  facet normal 0 -0.774507 0.632565
    outer loop
      vertex 20 375.173 436.39
      vertex 19 374.968 436.139
      vertex 20 374.968 436.139
    endloop
  endfacet
  facet normal 0 -0.798853 0.601527
    outer loop
      vertex 19 375.173 436.39
      vertex 20 375.362 436.641
      vertex 19 375.362 436.641
    endloop
  endfacet
  facet normal 0 -0.798853 0.601527
    outer loop
      vertex 20 375.362 436.641
      vertex 19 375.173 436.39
      vertex 20 375.173 436.39
    endloop
  endfacet
  facet normal 0 -0.823371 0.567503
    outer loop
      vertex 19 375.362 436.641
      vertex 20 375.535 436.892
      vertex 19 375.535 436.892
    endloop
  endfacet
  facet normal 0 -0.823371 0.567503
    outer loop
      vertex 20 375.535 436.892
      vertex 19 375.362 436.641
      vertex 20 375.362 436.641
    endloop
  endfacet
  facet normal 0 -0.847808 0.530303
    outer loop
      vertex 19 375.535 436.892
      vertex 20 375.692 437.143
      vertex 19 375.692 437.143
    endloop
  endfacet
  facet normal 0 -0.847808 0.530303
    outer loop
      vertex 20 375.692 437.143
      vertex 19 375.535 436.892
      vertex 20 375.535 436.892
    endloop
  endfacet
  facet normal 0 -0.873335 0.487119
    outer loop
      vertex 19 375.692 437.143
      vertex 20 375.832 437.394
      vertex 19 375.832 437.394
    endloop
  endfacet
  facet normal 0 -0.873335 0.487119
    outer loop
      vertex 20 375.832 437.394
      vertex 19 375.692 437.143
      vertex 20 375.692 437.143
    endloop
  endfacet
  facet normal 0 -0.897257 0.441508
    outer loop
      vertex 19 375.832 437.394
      vertex 20 375.956 437.646
      vertex 19 375.956 437.646
    endloop
  endfacet
  facet normal 0 -0.897257 0.441508
    outer loop
      vertex 20 375.956 437.646
      vertex 19 375.832 437.394
      vertex 20 375.832 437.394
    endloop
  endfacet
  facet normal 0 -0.918576 0.395244
    outer loop
      vertex 19 375.956 437.646
      vertex 20 376.064 437.897
      vertex 19 376.064 437.897
    endloop
  endfacet
  facet normal 0 -0.918576 0.395244
    outer loop
      vertex 20 376.064 437.897
      vertex 19 375.956 437.646
      vertex 20 375.956 437.646
    endloop
  endfacet
  facet normal 0 -0.939357 0.34294
    outer loop
      vertex 19 376.064 437.897
      vertex 20 376.156 438.149
      vertex 19 376.156 438.149
    endloop
  endfacet
  facet normal 0 -0.939357 0.34294
    outer loop
      vertex 20 376.156 438.149
      vertex 19 376.064 437.897
      vertex 20 376.064 437.897
    endloop
  endfacet
  facet normal 0 -0.959487 0.281754
    outer loop
      vertex 19 376.156 438.149
      vertex 20 376.23 438.401
      vertex 19 376.23 438.401
    endloop
  endfacet
  facet normal 0 -0.959487 0.281754
    outer loop
      vertex 20 376.23 438.401
      vertex 19 376.156 438.149
      vertex 20 376.156 438.149
    endloop
  endfacet
  facet normal 0 -0.97367 0.227962
    outer loop
      vertex 19 376.23 438.401
      vertex 20 376.289 438.653
      vertex 19 376.289 438.653
    endloop
  endfacet
  facet normal 0 -0.97367 0.227962
    outer loop
      vertex 20 376.289 438.653
      vertex 19 376.23 438.401
      vertex 20 376.23 438.401
    endloop
  endfacet
  facet normal 0 -0.987221 0.159355
    outer loop
      vertex 19 376.289 438.653
      vertex 20 376.33 438.907
      vertex 19 376.33 438.907
    endloop
  endfacet
  facet normal 0 -0.987221 0.159355
    outer loop
      vertex 20 376.33 438.907
      vertex 19 376.289 438.653
      vertex 20 376.289 438.653
    endloop
  endfacet
  facet normal 0 -0.995153 0.0983353
    outer loop
      vertex 19 376.33 438.907
      vertex 20 376.355 439.16
      vertex 19 376.355 439.16
    endloop
  endfacet
  facet normal 0 -0.995153 0.0983353
    outer loop
      vertex 20 376.355 439.16
      vertex 19 376.33 438.907
      vertex 20 376.33 438.907
    endloop
  endfacet
  facet normal 0 -0.999504 0.0314805
    outer loop
      vertex 19 376.355 439.16
      vertex 20 376.363 439.414
      vertex 19 376.363 439.414
    endloop
  endfacet
  facet normal 0 -0.999504 0.0314805
    outer loop
      vertex 20 376.363 439.414
      vertex 19 376.355 439.16
      vertex 20 376.355 439.16
    endloop
  endfacet
  facet normal 0 -0.998987 -0.0449994
    outer loop
      vertex 19 376.363 439.414
      vertex 20 376.338 439.969
      vertex 19 376.338 439.969
    endloop
  endfacet
  facet normal 0 -0.998987 -0.0449994
    outer loop
      vertex 20 376.338 439.969
      vertex 19 376.363 439.414
      vertex 20 376.363 439.414
    endloop
  endfacet
  facet normal 0 -0.989367 -0.145439
    outer loop
      vertex 19 376.338 439.969
      vertex 20 376.262 440.486
      vertex 19 376.262 440.486
    endloop
  endfacet
  facet normal 0 -0.989367 -0.145439
    outer loop
      vertex 20 376.262 440.486
      vertex 19 376.338 439.969
      vertex 20 376.338 439.969
    endloop
  endfacet
  facet normal 0 -0.966735 -0.255782
    outer loop
      vertex 19 376.262 440.486
      vertex 20 376.135 440.966
      vertex 19 376.135 440.966
    endloop
  endfacet
  facet normal 0 -0.966735 -0.255782
    outer loop
      vertex 20 376.135 440.966
      vertex 19 376.262 440.486
      vertex 20 376.262 440.486
    endloop
  endfacet
  facet normal 0 -0.928621 -0.371029
    outer loop
      vertex 19 376.135 440.966
      vertex 20 375.958 441.409
      vertex 19 375.958 441.409
    endloop
  endfacet
  facet normal 0 -0.928621 -0.371029
    outer loop
      vertex 20 375.958 441.409
      vertex 19 376.135 440.966
      vertex 20 376.135 440.966
    endloop
  endfacet
  facet normal 0 -0.870483 -0.492199
    outer loop
      vertex 19 375.958 441.409
      vertex 20 375.729 441.814
      vertex 19 375.729 441.814
    endloop
  endfacet
  facet normal 0 -0.870483 -0.492199
    outer loop
      vertex 20 375.729 441.814
      vertex 19 375.958 441.409
      vertex 20 375.958 441.409
    endloop
  endfacet
  facet normal 0 -0.796871 -0.604149
    outer loop
      vertex 19 375.729 441.814
      vertex 20 375.45 442.182
      vertex 19 375.45 442.182
    endloop
  endfacet
  facet normal 0 -0.796871 -0.604149
    outer loop
      vertex 20 375.45 442.182
      vertex 19 375.729 441.814
      vertex 20 375.729 441.814
    endloop
  endfacet
  facet normal 0 -0.708179 -0.706033
    outer loop
      vertex 19 375.45 442.182
      vertex 20 375.121 442.512
      vertex 19 375.121 442.512
    endloop
  endfacet
  facet normal 0 -0.708179 -0.706033
    outer loop
      vertex 20 375.121 442.512
      vertex 19 375.45 442.182
      vertex 20 375.45 442.182
    endloop
  endfacet
  facet normal 0 -0.608387 -0.79364
    outer loop
      vertex 19 374.744 442.801
      vertex 20 375.121 442.512
      vertex 20 374.744 442.801
    endloop
  endfacet
  facet normal -0 -0.608387 -0.79364
    outer loop
      vertex 20 375.121 442.512
      vertex 19 374.744 442.801
      vertex 19 375.121 442.512
    endloop
  endfacet
  facet normal 0 -0.503871 -0.863779
    outer loop
      vertex 19 374.324 443.046
      vertex 20 374.744 442.801
      vertex 20 374.324 443.046
    endloop
  endfacet
  facet normal -0 -0.503871 -0.863779
    outer loop
      vertex 20 374.744 442.801
      vertex 19 374.324 443.046
      vertex 19 374.744 442.801
    endloop
  endfacet
  facet normal 0 -0.395829 -0.918324
    outer loop
      vertex 19 373.86 443.246
      vertex 20 374.324 443.046
      vertex 20 373.86 443.246
    endloop
  endfacet
  facet normal -0 -0.395829 -0.918324
    outer loop
      vertex 20 374.324 443.046
      vertex 19 373.86 443.246
      vertex 19 374.324 443.046
    endloop
  endfacet
  facet normal 0 -0.293557 -0.955942
    outer loop
      vertex 19 373.352 443.402
      vertex 20 373.86 443.246
      vertex 20 373.352 443.402
    endloop
  endfacet
  facet normal -0 -0.293557 -0.955942
    outer loop
      vertex 20 373.86 443.246
      vertex 19 373.352 443.402
      vertex 19 373.86 443.246
    endloop
  endfacet
  facet normal 0 -0.197485 -0.980306
    outer loop
      vertex 19 372.801 443.513
      vertex 20 373.352 443.402
      vertex 20 372.801 443.513
    endloop
  endfacet
  facet normal -0 -0.197485 -0.980306
    outer loop
      vertex 20 373.352 443.402
      vertex 19 372.801 443.513
      vertex 19 373.352 443.402
    endloop
  endfacet
  facet normal 0 -0.111898 -0.99372
    outer loop
      vertex 19 372.206 443.58
      vertex 20 372.801 443.513
      vertex 20 372.206 443.58
    endloop
  endfacet
  facet normal -0 -0.111898 -0.99372
    outer loop
      vertex 20 372.801 443.513
      vertex 19 372.206 443.58
      vertex 19 372.801 443.513
    endloop
  endfacet
  facet normal 0 -0.0344623 -0.999406
    outer loop
      vertex 19 371.568 443.602
      vertex 20 372.206 443.58
      vertex 20 371.568 443.602
    endloop
  endfacet
  facet normal -0 -0.0344623 -0.999406
    outer loop
      vertex 20 372.206 443.58
      vertex 19 371.568 443.602
      vertex 19 372.206 443.58
    endloop
  endfacet
  facet normal 0 0.0375162 -0.999296
    outer loop
      vertex 19 370.982 443.58
      vertex 20 371.568 443.602
      vertex 20 370.982 443.58
    endloop
  endfacet
  facet normal 0 0.0375162 -0.999296
    outer loop
      vertex 20 371.568 443.602
      vertex 19 370.982 443.58
      vertex 19 371.568 443.602
    endloop
  endfacet
  facet normal 0 0.118087 -0.993003
    outer loop
      vertex 19 370.427 443.514
      vertex 20 370.982 443.58
      vertex 20 370.427 443.514
    endloop
  endfacet
  facet normal 0 0.118087 -0.993003
    outer loop
      vertex 20 370.982 443.58
      vertex 19 370.427 443.514
      vertex 19 370.982 443.58
    endloop
  endfacet
  facet normal 0 0.207613 -0.978211
    outer loop
      vertex 19 369.904 443.403
      vertex 20 370.427 443.514
      vertex 20 369.904 443.403
    endloop
  endfacet
  facet normal 0 0.207613 -0.978211
    outer loop
      vertex 20 370.427 443.514
      vertex 19 369.904 443.403
      vertex 19 370.427 443.514
    endloop
  endfacet
  facet normal 0 0.300482 -0.953788
    outer loop
      vertex 19 369.412 443.248
      vertex 20 369.904 443.403
      vertex 20 369.412 443.248
    endloop
  endfacet
  facet normal 0 0.300482 -0.953788
    outer loop
      vertex 20 369.904 443.403
      vertex 19 369.412 443.248
      vertex 19 369.904 443.403
    endloop
  endfacet
  facet normal 0 0.396322 -0.918112
    outer loop
      vertex 19 368.951 443.049
      vertex 20 369.412 443.248
      vertex 20 368.951 443.049
    endloop
  endfacet
  facet normal 0 0.396322 -0.918112
    outer loop
      vertex 20 369.412 443.248
      vertex 19 368.951 443.049
      vertex 19 369.412 443.248
    endloop
  endfacet
  facet normal 0 0.493523 -0.869733
    outer loop
      vertex 19 368.521 442.805
      vertex 20 368.951 443.049
      vertex 20 368.521 442.805
    endloop
  endfacet
  facet normal 0 0.493523 -0.869733
    outer loop
      vertex 20 368.951 443.049
      vertex 19 368.521 442.805
      vertex 19 368.951 443.049
    endloop
  endfacet
  facet normal 0 0.586234 -0.810142
    outer loop
      vertex 19 368.123 442.517
      vertex 20 368.521 442.805
      vertex 20 368.123 442.517
    endloop
  endfacet
  facet normal 0 0.586234 -0.810142
    outer loop
      vertex 20 368.521 442.805
      vertex 19 368.123 442.517
      vertex 19 368.521 442.805
    endloop
  endfacet
  facet normal 0 0.670103 -0.742268
    outer loop
      vertex 19 367.763 442.192
      vertex 20 368.123 442.517
      vertex 20 367.763 442.192
    endloop
  endfacet
  facet normal 0 0.670103 -0.742268
    outer loop
      vertex 20 368.123 442.517
      vertex 19 367.763 442.192
      vertex 19 368.123 442.517
    endloop
  endfacet
  facet normal 0 0.749961 -0.661482
    outer loop
      vertex 20 367.449 441.836
      vertex 19 367.763 442.192
      vertex 20 367.763 442.192
    endloop
  endfacet
  facet normal 0 0.749961 -0.661482
    outer loop
      vertex 19 367.763 442.192
      vertex 20 367.449 441.836
      vertex 19 367.449 441.836
    endloop
  endfacet
  facet normal 0 0.820428 -0.571749
    outer loop
      vertex 20 367.18 441.45
      vertex 19 367.449 441.836
      vertex 20 367.449 441.836
    endloop
  endfacet
  facet normal 0 0.820428 -0.571749
    outer loop
      vertex 19 367.449 441.836
      vertex 20 367.18 441.45
      vertex 19 367.18 441.45
    endloop
  endfacet
  facet normal 0 0.882704 -0.469929
    outer loop
      vertex 20 366.958 441.033
      vertex 19 367.18 441.45
      vertex 20 367.18 441.45
    endloop
  endfacet
  facet normal 0 0.882704 -0.469929
    outer loop
      vertex 19 367.18 441.45
      vertex 20 366.958 441.033
      vertex 19 366.958 441.033
    endloop
  endfacet
  facet normal 0 0.930043 -0.36745
    outer loop
      vertex 20 366.781 440.585
      vertex 19 366.958 441.033
      vertex 20 366.958 441.033
    endloop
  endfacet
  facet normal 0 0.930043 -0.36745
    outer loop
      vertex 19 366.958 441.033
      vertex 20 366.781 440.585
      vertex 19 366.781 440.585
    endloop
  endfacet
  facet normal 0 0.96495 -0.262434
    outer loop
      vertex 20 366.651 440.107
      vertex 19 366.781 440.585
      vertex 20 366.781 440.585
    endloop
  endfacet
  facet normal 0 0.96495 -0.262434
    outer loop
      vertex 19 366.781 440.585
      vertex 20 366.651 440.107
      vertex 19 366.651 440.107
    endloop
  endfacet
  facet normal 0 0.986289 -0.165029
    outer loop
      vertex 20 366.566 439.599
      vertex 19 366.651 440.107
      vertex 20 366.651 440.107
    endloop
  endfacet
  facet normal 0 0.986289 -0.165029
    outer loop
      vertex 19 366.651 440.107
      vertex 20 366.566 439.599
      vertex 19 366.566 439.599
    endloop
  endfacet
  facet normal -0 0.0922898 0.995732
    outer loop
      vertex 19 368.562 439.414
      vertex 20 366.566 439.599
      vertex 20 368.562 439.414
    endloop
  endfacet
  facet normal 0 0.0922898 0.995732
    outer loop
      vertex 20 366.566 439.599
      vertex 19 368.562 439.414
      vertex 19 366.566 439.599
    endloop
  endfacet
  facet normal 0 -0.987549 0.157309
    outer loop
      vertex 19 368.562 439.414
      vertex 20 368.616 439.753
      vertex 19 368.616 439.753
    endloop
  endfacet
  facet normal 0 -0.987549 0.157309
    outer loop
      vertex 20 368.616 439.753
      vertex 19 368.562 439.414
      vertex 20 368.562 439.414
    endloop
  endfacet
  facet normal 0 -0.968871 0.247566
    outer loop
      vertex 19 368.616 439.753
      vertex 20 368.697 440.07
      vertex 19 368.697 440.07
    endloop
  endfacet
  facet normal 0 -0.968871 0.247566
    outer loop
      vertex 20 368.697 440.07
      vertex 19 368.616 439.753
      vertex 20 368.616 439.753
    endloop
  endfacet
  facet normal 0 -0.937633 0.347626
    outer loop
      vertex 19 368.697 440.07
      vertex 20 368.806 440.364
      vertex 19 368.806 440.364
    endloop
  endfacet
  facet normal 0 -0.937633 0.347626
    outer loop
      vertex 20 368.806 440.364
      vertex 19 368.697 440.07
      vertex 20 368.697 440.07
    endloop
  endfacet
  facet normal 0 -0.895741 0.444577
    outer loop
      vertex 19 368.806 440.364
      vertex 20 368.941 440.636
      vertex 19 368.941 440.636
    endloop
  endfacet
  facet normal 0 -0.895741 0.444577
    outer loop
      vertex 20 368.941 440.636
      vertex 19 368.806 440.364
      vertex 20 368.806 440.364
    endloop
  endfacet
  facet normal 0 -0.837677 0.546166
    outer loop
      vertex 19 368.941 440.636
      vertex 20 369.104 440.886
      vertex 19 369.104 440.886
    endloop
  endfacet
  facet normal 0 -0.837677 0.546166
    outer loop
      vertex 20 369.104 440.886
      vertex 19 368.941 440.636
      vertex 20 368.941 440.636
    endloop
  endfacet
  facet normal 0 -0.766835 0.641844
    outer loop
      vertex 19 369.104 440.886
      vertex 20 369.294 441.113
      vertex 19 369.294 441.113
    endloop
  endfacet
  facet normal 0 -0.766835 0.641844
    outer loop
      vertex 20 369.294 441.113
      vertex 19 369.104 440.886
      vertex 20 369.104 440.886
    endloop
  endfacet
  facet normal 0 -0.686722 0.72692
    outer loop
      vertex 19 369.511 441.318
      vertex 20 369.294 441.113
      vertex 20 369.511 441.318
    endloop
  endfacet
  facet normal 0 -0.686722 0.72692
    outer loop
      vertex 20 369.294 441.113
      vertex 19 369.511 441.318
      vertex 19 369.294 441.113
    endloop
  endfacet
  facet normal 0 -0.6 0.8
    outer loop
      vertex 19 369.751 441.498
      vertex 20 369.511 441.318
      vertex 20 369.751 441.498
    endloop
  endfacet
  facet normal 0 -0.6 0.8
    outer loop
      vertex 20 369.511 441.318
      vertex 19 369.751 441.498
      vertex 19 369.511 441.318
    endloop
  endfacet
  facet normal 0 -0.507604 0.861591
    outer loop
      vertex 19 370.009 441.65
      vertex 20 369.751 441.498
      vertex 20 370.009 441.65
    endloop
  endfacet
  facet normal 0 -0.507604 0.861591
    outer loop
      vertex 20 369.751 441.498
      vertex 19 370.009 441.65
      vertex 19 369.751 441.498
    endloop
  endfacet
  facet normal 0 -0.412559 0.910931
    outer loop
      vertex 19 370.285 441.775
      vertex 20 370.009 441.65
      vertex 20 370.285 441.775
    endloop
  endfacet
  facet normal 0 -0.412559 0.910931
    outer loop
      vertex 20 370.009 441.65
      vertex 19 370.285 441.775
      vertex 19 370.009 441.65
    endloop
  endfacet
  facet normal 0 -0.313319 0.949648
    outer loop
      vertex 19 370.579 441.872
      vertex 20 370.285 441.775
      vertex 20 370.579 441.872
    endloop
  endfacet
  facet normal 0 -0.313319 0.949648
    outer loop
      vertex 20 370.285 441.775
      vertex 19 370.579 441.872
      vertex 19 370.285 441.775
    endloop
  endfacet
  facet normal 0 -0.216598 0.976261
    outer loop
      vertex 19 370.89 441.941
      vertex 20 370.579 441.872
      vertex 20 370.89 441.941
    endloop
  endfacet
  facet normal 0 -0.216598 0.976261
    outer loop
      vertex 20 370.579 441.872
      vertex 19 370.89 441.941
      vertex 19 370.579 441.872
    endloop
  endfacet
  facet normal 0 -0.126254 0.991998
    outer loop
      vertex 19 371.22 441.983
      vertex 20 370.89 441.941
      vertex 20 371.22 441.983
    endloop
  endfacet
  facet normal 0 -0.126254 0.991998
    outer loop
      vertex 20 370.89 441.941
      vertex 19 371.22 441.983
      vertex 19 370.89 441.941
    endloop
  endfacet
  facet normal 0 -0.0373303 0.999303
    outer loop
      vertex 19 371.568 441.996
      vertex 20 371.22 441.983
      vertex 20 371.568 441.996
    endloop
  endfacet
  facet normal 0 -0.0373303 0.999303
    outer loop
      vertex 20 371.22 441.983
      vertex 19 371.568 441.996
      vertex 19 371.22 441.983
    endloop
  endfacet
  facet normal -0 0.0385388 0.999257
    outer loop
      vertex 19 371.931 441.982
      vertex 20 371.568 441.996
      vertex 20 371.931 441.982
    endloop
  endfacet
  facet normal 0 0.0385388 0.999257
    outer loop
      vertex 20 371.568 441.996
      vertex 19 371.931 441.982
      vertex 19 371.568 441.996
    endloop
  endfacet
  facet normal -0 0.122598 0.992456
    outer loop
      vertex 19 372.271 441.94
      vertex 20 371.931 441.982
      vertex 20 372.271 441.94
    endloop
  endfacet
  facet normal 0 0.122598 0.992456
    outer loop
      vertex 20 371.931 441.982
      vertex 19 372.271 441.94
      vertex 19 371.931 441.982
    endloop
  endfacet
  facet normal -0 0.219218 0.975676
    outer loop
      vertex 19 372.587 441.869
      vertex 20 372.271 441.94
      vertex 20 372.587 441.869
    endloop
  endfacet
  facet normal 0 0.219218 0.975676
    outer loop
      vertex 20 372.271 441.94
      vertex 19 372.587 441.869
      vertex 19 372.271 441.94
    endloop
  endfacet
  facet normal -0 0.320105 0.947382
    outer loop
      vertex 19 372.88 441.77
      vertex 20 372.587 441.869
      vertex 20 372.88 441.77
    endloop
  endfacet
  facet normal 0 0.320105 0.947382
    outer loop
      vertex 20 372.587 441.869
      vertex 19 372.88 441.77
      vertex 19 372.587 441.869
    endloop
  endfacet
  facet normal -0 0.428374 0.903602
    outer loop
      vertex 19 373.15 441.642
      vertex 20 372.88 441.77
      vertex 20 373.15 441.642
    endloop
  endfacet
  facet normal 0 0.428374 0.903602
    outer loop
      vertex 20 372.88 441.77
      vertex 19 373.15 441.642
      vertex 19 372.88 441.77
    endloop
  endfacet
  facet normal -0 0.535542 0.844509
    outer loop
      vertex 19 373.396 441.486
      vertex 20 373.15 441.642
      vertex 20 373.396 441.486
    endloop
  endfacet
  facet normal 0 0.535542 0.844509
    outer loop
      vertex 20 373.15 441.642
      vertex 19 373.396 441.486
      vertex 19 373.15 441.642
    endloop
  endfacet
  facet normal -0 0.638135 0.769924
    outer loop
      vertex 19 373.618 441.302
      vertex 20 373.396 441.486
      vertex 20 373.618 441.302
    endloop
  endfacet
  facet normal 0 0.638135 0.769924
    outer loop
      vertex 20 373.396 441.486
      vertex 19 373.618 441.302
      vertex 19 373.396 441.486
    endloop
  endfacet
  facet normal 0 0.731055 0.682318
    outer loop
      vertex 20 373.814 441.092
      vertex 19 373.618 441.302
      vertex 20 373.618 441.302
    endloop
  endfacet
  facet normal 0 0.731055 0.682318
    outer loop
      vertex 19 373.618 441.302
      vertex 20 373.814 441.092
      vertex 19 373.814 441.092
    endloop
  endfacet
  facet normal 0 0.814441 0.580246
    outer loop
      vertex 20 373.98 440.859
      vertex 19 373.814 441.092
      vertex 20 373.814 441.092
    endloop
  endfacet
  facet normal 0 0.814441 0.580246
    outer loop
      vertex 19 373.814 441.092
      vertex 20 373.98 440.859
      vertex 19 373.98 440.859
    endloop
  endfacet
  facet normal 0 0.884543 0.466458
    outer loop
      vertex 20 374.115 440.603
      vertex 19 373.98 440.859
      vertex 20 373.98 440.859
    endloop
  endfacet
  facet normal 0 0.884543 0.466458
    outer loop
      vertex 19 373.98 440.859
      vertex 20 374.115 440.603
      vertex 19 374.115 440.603
    endloop
  endfacet
  facet normal 0 0.935915 0.352226
    outer loop
      vertex 20 374.22 440.324
      vertex 19 374.115 440.603
      vertex 20 374.115 440.603
    endloop
  endfacet
  facet normal 0 0.935915 0.352226
    outer loop
      vertex 19 374.115 440.603
      vertex 20 374.22 440.324
      vertex 19 374.22 440.324
    endloop
  endfacet
  facet normal 0 0.969764 0.244046
    outer loop
      vertex 20 374.296 440.022
      vertex 19 374.22 440.324
      vertex 20 374.22 440.324
    endloop
  endfacet
  facet normal 0 0.969764 0.244046
    outer loop
      vertex 19 374.22 440.324
      vertex 20 374.296 440.022
      vertex 19 374.296 440.022
    endloop
  endfacet
  facet normal 0 0.99055 0.137153
    outer loop
      vertex 20 374.341 439.697
      vertex 19 374.296 440.022
      vertex 20 374.296 440.022
    endloop
  endfacet
  facet normal 0 0.99055 0.137153
    outer loop
      vertex 19 374.296 440.022
      vertex 20 374.341 439.697
      vertex 19 374.341 439.697
    endloop
  endfacet
  facet normal 0 0.999072 0.0430635
    outer loop
      vertex 20 374.356 439.349
      vertex 19 374.341 439.697
      vertex 20 374.341 439.697
    endloop
  endfacet
  facet normal 0 0.999072 0.0430635
    outer loop
      vertex 19 374.341 439.697
      vertex 20 374.356 439.349
      vertex 19 374.356 439.349
    endloop
  endfacet
  facet normal 0 0.999415 -0.0342005
    outer loop
      vertex 20 374.347 439.086
      vertex 19 374.356 439.349
      vertex 20 374.356 439.349
    endloop
  endfacet
  facet normal 0 0.999415 -0.0342005
    outer loop
      vertex 19 374.356 439.349
      vertex 20 374.347 439.086
      vertex 19 374.347 439.086
    endloop
  endfacet
  facet normal 0 0.994802 -0.10183
    outer loop
      vertex 20 374.321 438.832
      vertex 19 374.347 439.086
      vertex 20 374.347 439.086
    endloop
  endfacet
  facet normal 0 0.994802 -0.10183
    outer loop
      vertex 19 374.347 439.086
      vertex 20 374.321 438.832
      vertex 19 374.321 438.832
    endloop
  endfacet
  facet normal 0 0.984501 -0.175377
    outer loop
      vertex 20 374.277 438.585
      vertex 19 374.321 438.832
      vertex 20 374.321 438.832
    endloop
  endfacet
  facet normal 0 0.984501 -0.175377
    outer loop
      vertex 19 374.321 438.832
      vertex 20 374.277 438.585
      vertex 19 374.277 438.585
    endloop
  endfacet
  facet normal 0 0.968938 -0.247302
    outer loop
      vertex 20 374.216 438.346
      vertex 19 374.277 438.585
      vertex 20 374.277 438.585
    endloop
  endfacet
  facet normal 0 0.968938 -0.247302
    outer loop
      vertex 19 374.277 438.585
      vertex 20 374.216 438.346
      vertex 19 374.216 438.346
    endloop
  endfacet
  facet normal 0 0.945766 -0.32485
    outer loop
      vertex 20 374.137 438.116
      vertex 19 374.216 438.346
      vertex 20 374.216 438.346
    endloop
  endfacet
  facet normal 0 0.945766 -0.32485
    outer loop
      vertex 19 374.216 438.346
      vertex 20 374.137 438.116
      vertex 19 374.137 438.116
    endloop
  endfacet
  facet normal 0 0.918505 -0.39541
    outer loop
      vertex 20 374.041 437.893
      vertex 19 374.137 438.116
      vertex 20 374.137 438.116
    endloop
  endfacet
  facet normal 0 0.918505 -0.39541
    outer loop
      vertex 19 374.137 438.116
      vertex 20 374.041 437.893
      vertex 19 374.041 437.893
    endloop
  endfacet
  facet normal 0 0.883488 -0.468454
    outer loop
      vertex 20 373.927 437.678
      vertex 19 374.041 437.893
      vertex 20 374.041 437.893
    endloop
  endfacet
  facet normal 0 0.883488 -0.468454
    outer loop
      vertex 19 374.041 437.893
      vertex 20 373.927 437.678
      vertex 19 373.927 437.678
    endloop
  endfacet
  facet normal 0 0.852777 -0.522275
    outer loop
      vertex 20 373.799 437.469
      vertex 19 373.927 437.678
      vertex 20 373.927 437.678
    endloop
  endfacet
  facet normal 0 0.852777 -0.522275
    outer loop
      vertex 19 373.927 437.678
      vertex 20 373.799 437.469
      vertex 19 373.799 437.469
    endloop
  endfacet
  facet normal 0 0.83205 -0.5547
    outer loop
      vertex 20 373.661 437.262
      vertex 19 373.799 437.469
      vertex 20 373.799 437.469
    endloop
  endfacet
  facet normal 0 0.83205 -0.5547
    outer loop
      vertex 19 373.799 437.469
      vertex 20 373.661 437.262
      vertex 19 373.661 437.262
    endloop
  endfacet
  facet normal 0 0.805651 -0.59239
    outer loop
      vertex 20 373.511 437.058
      vertex 19 373.661 437.262
      vertex 20 373.661 437.262
    endloop
  endfacet
  facet normal 0 0.805651 -0.59239
    outer loop
      vertex 19 373.661 437.262
      vertex 20 373.511 437.058
      vertex 19 373.511 437.058
    endloop
  endfacet
  facet normal 0 0.783888 -0.620902
    outer loop
      vertex 20 373.351 436.856
      vertex 19 373.511 437.058
      vertex 20 373.511 437.058
    endloop
  endfacet
  facet normal 0 0.783888 -0.620902
    outer loop
      vertex 19 373.511 437.058
      vertex 20 373.351 436.856
      vertex 19 373.351 436.856
    endloop
  endfacet
  facet normal 0 0.756566 -0.653917
    outer loop
      vertex 20 373.179 436.657
      vertex 19 373.351 436.856
      vertex 20 373.351 436.856
    endloop
  endfacet
  facet normal 0 0.756566 -0.653917
    outer loop
      vertex 19 373.351 436.856
      vertex 20 373.179 436.657
      vertex 19 373.179 436.657
    endloop
  endfacet
  facet normal 0 0.732793 -0.680451
    outer loop
      vertex 20 372.997 436.461
      vertex 19 373.179 436.657
      vertex 20 373.179 436.657
    endloop
  endfacet
  facet normal 0 0.732793 -0.680451
    outer loop
      vertex 19 373.179 436.657
      vertex 20 372.997 436.461
      vertex 19 372.997 436.461
    endloop
  endfacet
  facet normal 0 0.708932 -0.705277
    outer loop
      vertex 20 372.804 436.267
      vertex 19 372.997 436.461
      vertex 20 372.997 436.461
    endloop
  endfacet
  facet normal 0 0.708932 -0.705277
    outer loop
      vertex 19 372.997 436.461
      vertex 20 372.804 436.267
      vertex 19 372.804 436.267
    endloop
  endfacet
  facet normal 0 0.690732 -0.72311
    outer loop
      vertex 19 372.603 436.075
      vertex 20 372.804 436.267
      vertex 20 372.603 436.075
    endloop
  endfacet
  facet normal 0 0.690732 -0.72311
    outer loop
      vertex 20 372.804 436.267
      vertex 19 372.603 436.075
      vertex 19 372.804 436.267
    endloop
  endfacet
  facet normal 0 0.676522 -0.736422
    outer loop
      vertex 19 372.394 435.883
      vertex 20 372.603 436.075
      vertex 20 372.394 435.883
    endloop
  endfacet
  facet normal 0 0.676522 -0.736422
    outer loop
      vertex 20 372.603 436.075
      vertex 19 372.394 435.883
      vertex 19 372.603 436.075
    endloop
  endfacet
  facet normal 0 0.664364 -0.747409
    outer loop
      vertex 19 372.178 435.691
      vertex 20 372.394 435.883
      vertex 20 372.178 435.691
    endloop
  endfacet
  facet normal 0 0.664364 -0.747409
    outer loop
      vertex 20 372.394 435.883
      vertex 19 372.178 435.691
      vertex 19 372.394 435.883
    endloop
  endfacet
  facet normal 0 0.654152 -0.756363
    outer loop
      vertex 19 371.956 435.499
      vertex 20 372.178 435.691
      vertex 20 371.956 435.499
    endloop
  endfacet
  facet normal 0 0.654152 -0.756363
    outer loop
      vertex 20 372.178 435.691
      vertex 19 371.956 435.499
      vertex 19 372.178 435.691
    endloop
  endfacet
  facet normal 0 0.642486 -0.766298
    outer loop
      vertex 19 371.727 435.307
      vertex 20 371.956 435.499
      vertex 20 371.727 435.307
    endloop
  endfacet
  facet normal 0 0.642486 -0.766298
    outer loop
      vertex 20 371.956 435.499
      vertex 19 371.727 435.307
      vertex 19 371.956 435.499
    endloop
  endfacet
  facet normal 0 0.631454 -0.775413
    outer loop
      vertex 19 371.49 435.114
      vertex 20 371.727 435.307
      vertex 20 371.49 435.114
    endloop
  endfacet
  facet normal 0 0.631454 -0.775413
    outer loop
      vertex 20 371.727 435.307
      vertex 19 371.49 435.114
      vertex 19 371.727 435.307
    endloop
  endfacet
  facet normal 0 0.619958 -0.784635
    outer loop
      vertex 19 371.247 434.922
      vertex 20 371.49 435.114
      vertex 20 371.247 434.922
    endloop
  endfacet
  facet normal 0 0.619958 -0.784635
    outer loop
      vertex 20 371.49 435.114
      vertex 19 371.247 434.922
      vertex 19 371.49 435.114
    endloop
  endfacet
  facet normal 0 0.61923 -0.785209
    outer loop
      vertex 19 371.001 434.728
      vertex 20 371.247 434.922
      vertex 20 371.001 434.728
    endloop
  endfacet
  facet normal 0 0.61923 -0.785209
    outer loop
      vertex 20 371.247 434.922
      vertex 19 371.001 434.728
      vertex 19 371.247 434.922
    endloop
  endfacet
  facet normal 0 0.625845 -0.779947
    outer loop
      vertex 19 370.753 434.529
      vertex 20 371.001 434.728
      vertex 20 370.753 434.529
    endloop
  endfacet
  facet normal 0 0.625845 -0.779947
    outer loop
      vertex 20 371.001 434.728
      vertex 19 370.753 434.529
      vertex 19 371.001 434.728
    endloop
  endfacet
  facet normal 0 0.635271 -0.77229
    outer loop
      vertex 19 370.505 434.325
      vertex 20 370.753 434.529
      vertex 20 370.505 434.325
    endloop
  endfacet
  facet normal 0 0.635271 -0.77229
    outer loop
      vertex 20 370.753 434.529
      vertex 19 370.505 434.325
      vertex 19 370.753 434.529
    endloop
  endfacet
  facet normal 0 0.642903 -0.765947
    outer loop
      vertex 19 370.256 434.116
      vertex 20 370.505 434.325
      vertex 20 370.256 434.116
    endloop
  endfacet
  facet normal 0 0.642903 -0.765947
    outer loop
      vertex 20 370.505 434.325
      vertex 19 370.256 434.116
      vertex 19 370.505 434.325
    endloop
  endfacet
  facet normal 0 0.650037 -0.759902
    outer loop
      vertex 19 370.007 433.903
      vertex 20 370.256 434.116
      vertex 20 370.007 433.903
    endloop
  endfacet
  facet normal 0 0.650037 -0.759902
    outer loop
      vertex 20 370.256 434.116
      vertex 19 370.007 433.903
      vertex 19 370.256 434.116
    endloop
  endfacet
  facet normal 0 0.657223 -0.753696
    outer loop
      vertex 19 369.757 433.685
      vertex 20 370.007 433.903
      vertex 20 369.757 433.685
    endloop
  endfacet
  facet normal 0 0.657223 -0.753696
    outer loop
      vertex 20 370.007 433.903
      vertex 19 369.757 433.685
      vertex 19 370.007 433.903
    endloop
  endfacet
  facet normal 0 0.662509 -0.749054
    outer loop
      vertex 19 369.506 433.463
      vertex 20 369.757 433.685
      vertex 20 369.506 433.463
    endloop
  endfacet
  facet normal 0 0.662509 -0.749054
    outer loop
      vertex 20 369.757 433.685
      vertex 19 369.506 433.463
      vertex 19 369.757 433.685
    endloop
  endfacet
  facet normal 0 0.676928 -0.736049
    outer loop
      vertex 19 369.257 433.234
      vertex 20 369.506 433.463
      vertex 20 369.257 433.234
    endloop
  endfacet
  facet normal 0 0.676928 -0.736049
    outer loop
      vertex 20 369.506 433.463
      vertex 19 369.257 433.234
      vertex 19 369.506 433.463
    endloop
  endfacet
  facet normal 0 0.690824 -0.723023
    outer loop
      vertex 19 369.01 432.998
      vertex 20 369.257 433.234
      vertex 20 369.01 432.998
    endloop
  endfacet
  facet normal 0 0.690824 -0.723023
    outer loop
      vertex 20 369.257 433.234
      vertex 19 369.01 432.998
      vertex 19 369.257 433.234
    endloop
  endfacet
  facet normal 0 0.708563 -0.705647
    outer loop
      vertex 20 368.768 432.755
      vertex 19 369.01 432.998
      vertex 20 369.01 432.998
    endloop
  endfacet
  facet normal 0 0.708563 -0.705647
    outer loop
      vertex 19 369.01 432.998
      vertex 20 368.768 432.755
      vertex 19 368.768 432.755
    endloop
  endfacet
  facet normal 0 0.722767 -0.691092
    outer loop
      vertex 20 368.528 432.504
      vertex 19 368.768 432.755
      vertex 20 368.768 432.755
    endloop
  endfacet
  facet normal 0 0.722767 -0.691092
    outer loop
      vertex 19 368.768 432.755
      vertex 20 368.528 432.504
      vertex 19 368.528 432.504
    endloop
  endfacet
  facet normal 0 0.739165 -0.673525
    outer loop
      vertex 20 368.292 432.245
      vertex 19 368.528 432.504
      vertex 20 368.528 432.504
    endloop
  endfacet
  facet normal 0 0.739165 -0.673525
    outer loop
      vertex 19 368.528 432.504
      vertex 20 368.292 432.245
      vertex 19 368.292 432.245
    endloop
  endfacet
  facet normal 0 0.752226 -0.658905
    outer loop
      vertex 20 368.059 431.979
      vertex 19 368.292 432.245
      vertex 20 368.292 432.245
    endloop
  endfacet
  facet normal 0 0.752226 -0.658905
    outer loop
      vertex 19 368.292 432.245
      vertex 20 368.059 431.979
      vertex 19 368.059 431.979
    endloop
  endfacet
  facet normal 0 0.767302 -0.641286
    outer loop
      vertex 20 367.83 431.705
      vertex 19 368.059 431.979
      vertex 20 368.059 431.979
    endloop
  endfacet
  facet normal 0 0.767302 -0.641286
    outer loop
      vertex 19 368.059 431.979
      vertex 20 367.83 431.705
      vertex 19 367.83 431.705
    endloop
  endfacet
  facet normal 0 0.785451 -0.618924
    outer loop
      vertex 20 367.607 431.422
      vertex 19 367.83 431.705
      vertex 20 367.83 431.705
    endloop
  endfacet
  facet normal 0 0.785451 -0.618924
    outer loop
      vertex 19 367.83 431.705
      vertex 20 367.607 431.422
      vertex 19 367.607 431.422
    endloop
  endfacet
  facet normal 0 0.81169 -0.584088
    outer loop
      vertex 20 367.394 431.126
      vertex 19 367.607 431.422
      vertex 20 367.607 431.422
    endloop
  endfacet
  facet normal 0 0.81169 -0.584088
    outer loop
      vertex 19 367.607 431.422
      vertex 20 367.394 431.126
      vertex 19 367.394 431.126
    endloop
  endfacet
  facet normal 0 0.834958 -0.550313
    outer loop
      vertex 20 367.191 430.818
      vertex 19 367.394 431.126
      vertex 20 367.394 431.126
    endloop
  endfacet
  facet normal 0 0.834958 -0.550313
    outer loop
      vertex 19 367.394 431.126
      vertex 20 367.191 430.818
      vertex 19 367.191 430.818
    endloop
  endfacet
  facet normal 0 0.85631 -0.516462
    outer loop
      vertex 20 366.998 430.498
      vertex 19 367.191 430.818
      vertex 20 367.191 430.818
    endloop
  endfacet
  facet normal 0 0.85631 -0.516462
    outer loop
      vertex 19 367.191 430.818
      vertex 20 366.998 430.498
      vertex 19 366.998 430.498
    endloop
  endfacet
  facet normal 0 0.87577 -0.482729
    outer loop
      vertex 20 366.815 430.166
      vertex 19 366.998 430.498
      vertex 20 366.998 430.498
    endloop
  endfacet
  facet normal 0 0.87577 -0.482729
    outer loop
      vertex 19 366.998 430.498
      vertex 20 366.815 430.166
      vertex 19 366.815 430.166
    endloop
  endfacet
  facet normal 0 0.893908 -0.44825
    outer loop
      vertex 20 366.642 429.821
      vertex 19 366.815 430.166
      vertex 20 366.815 430.166
    endloop
  endfacet
  facet normal 0 0.893908 -0.44825
    outer loop
      vertex 19 366.815 430.166
      vertex 20 366.642 429.821
      vertex 19 366.642 429.821
    endloop
  endfacet
  facet normal 0 0.909226 -0.416303
    outer loop
      vertex 20 366.479 429.465
      vertex 19 366.642 429.821
      vertex 20 366.642 429.821
    endloop
  endfacet
  facet normal 0 0.909226 -0.416303
    outer loop
      vertex 19 366.642 429.821
      vertex 20 366.479 429.465
      vertex 19 366.479 429.465
    endloop
  endfacet
  facet normal 0 1 -0
    outer loop
      vertex 20 366.479 428.087
      vertex 19 366.479 429.465
      vertex 20 366.479 429.465
    endloop
  endfacet
  facet normal 0 1 0
    outer loop
      vertex 19 366.479 429.465
      vertex 20 366.479 428.087
      vertex 19 366.479 428.087
    endloop
  endfacet
  facet normal -0 0 1
    outer loop
      vertex 19 376.602 428.087
      vertex 20 366.479 428.087
      vertex 20 376.602 428.087
    endloop
  endfacet
  facet normal 0 0 1
    outer loop
      vertex 20 366.479 428.087
      vertex 19 376.602 428.087
      vertex 19 366.479 428.087
    endloop
  endfacet
  facet normal 0 -1 0
    outer loop
      vertex 19 376.602 428.087
      vertex 20 376.602 429.747
      vertex 19 376.602 429.747
    endloop
  endfacet
  facet normal 0 -1 -0
    outer loop
      vertex 20 376.602 429.747
      vertex 19 376.602 428.087
      vertex 20 376.602 428.087
    endloop
  endfacet
  facet normal 0 0 -1
    outer loop
      vertex 19 330.665 429.779
      vertex 20 338.39 429.779
      vertex 20 330.665 429.779
    endloop
  endfacet
  facet normal -0 0 -1
    outer loop
      vertex 20 338.39 429.779
      vertex 19 330.665 429.779
      vertex 19 338.39 429.779
    endloop
  endfacet
  facet normal 0 -1 0
    outer loop
      vertex 19 330.665 429.779
      vertex 20 330.665 443.374
      vertex 19 330.665 443.374
    endloop
  endfacet
  facet normal 0 -1 -0
    outer loop
      vertex 20 330.665 443.374
      vertex 19 330.665 429.779
      vertex 20 330.665 429.779
    endloop
  endfacet
  facet normal 0 0 -1
    outer loop
      vertex 19 328.592 443.374
      vertex 20 330.665 443.374
      vertex 20 328.592 443.374
    endloop
  endfacet
  facet normal -0 0 -1
    outer loop
      vertex 20 330.665 443.374
      vertex 19 328.592 443.374
      vertex 19 330.665 443.374
    endloop
  endfacet
  facet normal 0 1 -0
    outer loop
      vertex 20 328.592 428.087
      vertex 19 328.592 443.374
      vertex 20 328.592 443.374
    endloop
  endfacet
  facet normal 0 1 0
    outer loop
      vertex 19 328.592 443.374
      vertex 20 328.592 428.087
      vertex 19 328.592 428.087
    endloop
  endfacet
  facet normal -0 0 1
    outer loop
      vertex 19 338.39 428.087
      vertex 20 328.592 428.087
      vertex 20 338.39 428.087
    endloop
  endfacet
  facet normal 0 0 1
    outer loop
      vertex 20 328.592 428.087
      vertex 19 338.39 428.087
      vertex 19 328.592 428.087
    endloop
  endfacet
  facet normal 0 -1 0
    outer loop
      vertex 19 338.39 428.087
      vertex 20 338.39 429.779
      vertex 19 338.39 429.779
    endloop
  endfacet
  facet normal 0 -1 -0
    outer loop
      vertex 20 338.39 429.779
      vertex 19 338.39 428.087
      vertex 20 338.39 428.087
    endloop
  endfacet
  facet normal 0 0 -1
    outer loop
      vertex 19 353.617 429.747
      vertex 20 357.339 429.747
      vertex 20 353.617 429.747
    endloop
  endfacet
  facet normal -0 0 -1
    outer loop
      vertex 20 357.339 429.747
      vertex 19 353.617 429.747
      vertex 19 357.339 429.747
    endloop
  endfacet
  facet normal 0 -1 0
    outer loop
      vertex 19 353.617 429.747
      vertex 20 353.617 443.374
      vertex 19 353.617 443.374
    endloop
  endfacet
  facet normal 0 -1 -0
    outer loop
      vertex 20 353.617 443.374
      vertex 19 353.617 429.747
      vertex 20 353.617 429.747
    endloop
  endfacet
  facet normal 0 0 -1
    outer loop
      vertex 19 351.816 443.374
      vertex 20 353.617 443.374
      vertex 20 351.816 443.374
    endloop
  endfacet
  facet normal -0 0 -1
    outer loop
      vertex 20 353.617 443.374
      vertex 19 351.816 443.374
      vertex 19 353.617 443.374
    endloop
  endfacet
  facet normal 0 0.566539 -0.824035
    outer loop
      vertex 19 348.203 440.89
      vertex 20 351.816 443.374
      vertex 20 348.203 440.89
    endloop
  endfacet
  facet normal 0 0.566539 -0.824035
    outer loop
      vertex 20 351.816 443.374
      vertex 19 348.203 440.89
      vertex 19 351.816 443.374
    endloop
  endfacet
  facet normal 0 1 -0
    outer loop
      vertex 20 348.203 439.045
      vertex 19 348.203 440.89
      vertex 20 348.203 440.89
    endloop
  endfacet
  facet normal 0 1 0
    outer loop
      vertex 19 348.203 440.89
      vertex 20 348.203 439.045
      vertex 19 348.203 439.045
    endloop
  endfacet
  facet normal 0 -0.581037 0.813877
    outer loop
      vertex 19 351.653 441.508
      vertex 20 348.203 439.045
      vertex 20 351.653 441.508
    endloop
  endfacet
  facet normal 0 -0.581037 0.813877
    outer loop
      vertex 20 348.203 439.045
      vertex 19 351.653 441.508
      vertex 19 348.203 439.045
    endloop
  endfacet
  facet normal 0 1 -0
    outer loop
      vertex 20 351.653 429.747
      vertex 19 351.653 441.508
      vertex 20 351.653 441.508
    endloop
  endfacet
  facet normal 0 1 0
    outer loop
      vertex 19 351.653 441.508
      vertex 20 351.653 429.747
      vertex 19 351.653 429.747
    endloop
  endfacet
  facet normal 0 0 -1
    outer loop
      vertex 19 347.758 429.747
      vertex 20 351.653 429.747
      vertex 20 347.758 429.747
    endloop
  endfacet
  facet normal -0 0 -1
    outer loop
      vertex 20 351.653 429.747
      vertex 19 347.758 429.747
      vertex 19 351.653 429.747
    endloop
  endfacet
  facet normal 0 1 -0
    outer loop
      vertex 20 347.758 428.087
      vertex 19 347.758 429.747
      vertex 20 347.758 429.747
    endloop
  endfacet
  facet normal 0 1 0
    outer loop
      vertex 19 347.758 429.747
      vertex 20 347.758 428.087
      vertex 19 347.758 428.087
    endloop
  endfacet
  facet normal -0 0 1
    outer loop
      vertex 19 357.339 428.087
      vertex 20 347.758 428.087
      vertex 20 357.339 428.087
    endloop
  endfacet
  facet normal 0 0 1
    outer loop
      vertex 20 347.758 428.087
      vertex 19 357.339 428.087
      vertex 19 347.758 428.087
    endloop
  endfacet
  facet normal 0 -1 0
    outer loop
      vertex 19 357.339 428.087
      vertex 20 357.339 429.747
      vertex 19 357.339 429.747
    endloop
  endfacet
  facet normal 0 -1 -0
    outer loop
      vertex 20 357.339 429.747
      vertex 19 357.339 428.087
      vertex 20 357.339 428.087
    endloop
  endfacet
  facet normal 0 0 -1
    outer loop
      vertex 19 339.826 434.857
      vertex 20 345.251 434.857
      vertex 20 339.826 434.857
    endloop
  endfacet
  facet normal -0 0 -1
    outer loop
      vertex 20 345.251 434.857
      vertex 19 339.826 434.857
      vertex 19 345.251 434.857
    endloop
  endfacet
  facet normal 0 1 -0
    outer loop
      vertex 20 339.826 433.121
      vertex 19 339.826 434.857
      vertex 20 339.826 434.857
    endloop
  endfacet
  facet normal 0 1 0
    outer loop
      vertex 19 339.826 434.857
      vertex 20 339.826 433.121
      vertex 19 339.826 433.121
    endloop
  endfacet
  facet normal -0 0 1
    outer loop
      vertex 19 345.251 433.121
      vertex 20 339.826 433.121
      vertex 20 345.251 433.121
    endloop
  endfacet
  facet normal 0 0 1
    outer loop
      vertex 20 339.826 433.121
      vertex 19 345.251 433.121
      vertex 19 339.826 433.121
    endloop
  endfacet
  facet normal 0 -1 0
    outer loop
      vertex 19 345.251 433.121
      vertex 20 345.251 434.857
      vertex 19 345.251 434.857
    endloop
  endfacet
  facet normal 0 -1 -0
    outer loop
      vertex 20 345.251 434.857
      vertex 19 345.251 433.121
      vertex 20 345.251 433.121
    endloop
  endfacet
  facet normal 0 0 -1
    outer loop
      vertex 19 359.122 434.857
      vertex 20 364.547 434.857
      vertex 20 359.122 434.857
    endloop
  endfacet
  facet normal -0 0 -1
    outer loop
      vertex 20 364.547 434.857
      vertex 19 359.122 434.857
      vertex 19 364.547 434.857
    endloop
  endfacet
  facet normal 0 1 -0
    outer loop
      vertex 20 359.122 433.121
      vertex 19 359.122 434.857
      vertex 20 359.122 434.857
    endloop
  endfacet
  facet normal 0 1 0
    outer loop
      vertex 19 359.122 434.857
      vertex 20 359.122 433.121
      vertex 19 359.122 433.121
    endloop
  endfacet
  facet normal -0 0 1
    outer loop
      vertex 19 364.547 433.121
      vertex 20 359.122 433.121
      vertex 20 364.547 433.121
    endloop
  endfacet
  facet normal 0 0 1
    outer loop
      vertex 20 359.122 433.121
      vertex 19 364.547 433.121
      vertex 19 359.122 433.121
    endloop
  endfacet
  facet normal 0 -1 0
    outer loop
      vertex 19 364.547 433.121
      vertex 20 364.547 434.857
      vertex 19 364.547 434.857
    endloop
  endfacet
  facet normal 0 -1 -0
    outer loop
      vertex 20 364.547 434.857
      vertex 19 364.547 433.121
      vertex 20 364.547 433.121
    endloop
  endfacet
  facet normal 0 0 -1
    outer loop
      vertex 5.5 242.117 517.6
      vertex 14.5 242.117 517.6
      vertex 14.35 241.4 517.6
    endloop
  endfacet
  facet normal 0 0 -1
    outer loop
      vertex 5.5 242.117 517.6
      vertex 14.35 241.4 517.6
      vertex 5.65 241.4 517.6
    endloop
  endfacet
  facet normal 0 0 -1
    outer loop
      vertex 14.5 242.117 517.6
      vertex 5.5 242.117 517.6
      vertex 14.5 255.75 517.6
    endloop
  endfacet
  facet normal -0 0 -1
    outer loop
      vertex 14.5 255.75 517.6
      vertex 5.5 242.117 517.6
      vertex 5.5 255.75 517.6
    endloop
  endfacet
  facet normal 0.979578 0 -0.201063
    outer loop
      vertex 17 462.8 529.78
      vertex 14.7463 255.75 518.8
      vertex 14.7463 462.8 518.8
    endloop
  endfacet
  facet normal 0.979579 0 -0.201059
    outer loop
      vertex 14.7463 255.75 518.8
      vertex 14.7463 243.293 518.8
      vertex 14.5 255.75 517.6
    endloop
  endfacet
  facet normal 0.979578 0 -0.201063
    outer loop
      vertex 17 241.4 529.78
      vertex 14.7463 255.75 518.8
      vertex 17 462.8 529.78
    endloop
  endfacet
  facet normal 0.979578 0 -0.201063
    outer loop
      vertex 14.7463 255.75 518.8
      vertex 17 241.4 529.78
      vertex 14.7463 243.293 518.8
    endloop
  endfacet
  facet normal 0.979578 0 -0.201063
    outer loop
      vertex 14.7463 243.293 518.8
      vertex 17 241.4 529.78
      vertex 14.7463 241.4 518.8
    endloop
  endfacet
  facet normal 0.979579 0 -0.201059
    outer loop
      vertex 14.5 255.75 517.6
      vertex 14.7463 243.293 518.8
      vertex 14.5 242.117 517.6
    endloop
  endfacet
  facet normal 0 0 1
    outer loop
      vertex 17 462.8 529.8
      vertex 14.3 427.8 529.8
      vertex 17 241.4 529.8
    endloop
  endfacet
  facet normal 0 0 1
    outer loop
      vertex 17 462.8 529.8
      vertex 14.2632 428.361 529.8
      vertex 14.3 427.8 529.8
    endloop
  endfacet
  facet normal 0 0 1
    outer loop
      vertex 17 462.8 529.8
      vertex 14.1535 428.913 529.8
      vertex 14.2632 428.361 529.8
    endloop
  endfacet
  facet normal 0 0 1
    outer loop
      vertex 17 462.8 529.8
      vertex 13.9727 429.446 529.8
      vertex 14.1535 428.913 529.8
    endloop
  endfacet
  facet normal 0 0 1
    outer loop
      vertex 17 462.8 529.8
      vertex 13.7239 429.95 529.8
      vertex 13.9727 429.446 529.8
    endloop
  endfacet
  facet normal 0 0 1
    outer loop
      vertex 17 462.8 529.8
      vertex 13.4114 430.418 529.8
      vertex 13.7239 429.95 529.8
    endloop
  endfacet
  facet normal 0 0 1
    outer loop
      vertex 17 462.8 529.8
      vertex 13.0406 430.841 529.8
      vertex 13.4114 430.418 529.8
    endloop
  endfacet
  facet normal 0 0 1
    outer loop
      vertex 17 462.8 529.8
      vertex 12.6177 431.211 529.8
      vertex 13.0406 430.841 529.8
    endloop
  endfacet
  facet normal 0 0 1
    outer loop
      vertex 17 462.8 529.8
      vertex 12.15 431.524 529.8
      vertex 12.6177 431.211 529.8
    endloop
  endfacet
  facet normal 0 0 1
    outer loop
      vertex 17 462.8 529.8
      vertex 11.6455 431.773 529.8
      vertex 12.15 431.524 529.8
    endloop
  endfacet
  facet normal 0 0 1
    outer loop
      vertex 17 462.8 529.8
      vertex 11.1129 431.953 529.8
      vertex 11.6455 431.773 529.8
    endloop
  endfacet
  facet normal 0 0 1
    outer loop
      vertex 17 462.8 529.8
      vertex 10.5613 432.063 529.8
      vertex 11.1129 431.953 529.8
    endloop
  endfacet
  facet normal 0 0 1
    outer loop
      vertex 17 462.8 529.8
      vertex 10 432.1 529.8
      vertex 10.5613 432.063 529.8
    endloop
  endfacet
  facet normal -0 0 1
    outer loop
      vertex 3 462.8 529.8
      vertex 10 432.1 529.8
      vertex 17 462.8 529.8
    endloop
  endfacet
  facet normal 0 0 1
    outer loop
      vertex 10 432.1 529.8
      vertex 3 462.8 529.8
      vertex 9.43874 432.063 529.8
    endloop
  endfacet
  facet normal 0 0 1
    outer loop
      vertex 9.43874 432.063 529.8
      vertex 3 462.8 529.8
      vertex 8.88708 431.953 529.8
    endloop
  endfacet
  facet normal 0 0 1
    outer loop
      vertex 8.88708 431.953 529.8
      vertex 3 462.8 529.8
      vertex 8.35446 431.773 529.8
    endloop
  endfacet
  facet normal 0 0 1
    outer loop
      vertex 8.35446 431.773 529.8
      vertex 3 462.8 529.8
      vertex 7.85 431.524 529.8
    endloop
  endfacet
  facet normal 0 0 1
    outer loop
      vertex 7.85 431.524 529.8
      vertex 3 462.8 529.8
      vertex 7.38233 431.211 529.8
    endloop
  endfacet
  facet normal 0 0 1
    outer loop
      vertex 7.38233 431.211 529.8
      vertex 3 462.8 529.8
      vertex 6.95944 430.841 529.8
    endloop
  endfacet
  facet normal 0 0 1
    outer loop
      vertex 6.95944 430.841 529.8
      vertex 3 462.8 529.8
      vertex 6.58858 430.418 529.8
    endloop
  endfacet
  facet normal 0 0 1
    outer loop
      vertex 6.58858 430.418 529.8
      vertex 3 462.8 529.8
      vertex 6.27609 429.95 529.8
    endloop
  endfacet
  facet normal 0 0 1
    outer loop
      vertex 6.27609 429.95 529.8
      vertex 3 462.8 529.8
      vertex 6.02732 429.446 529.8
    endloop
  endfacet
  facet normal 0 0 1
    outer loop
      vertex 5.73679 428.361 529.8
      vertex 3 462.8 529.8
      vertex 5.7 427.8 529.8
    endloop
  endfacet
  facet normal 0 0 1
    outer loop
      vertex 5.84652 428.913 529.8
      vertex 3 462.8 529.8
      vertex 5.73679 428.361 529.8
    endloop
  endfacet
  facet normal 0 0 1
    outer loop
      vertex 6.02732 429.446 529.8
      vertex 3 462.8 529.8
      vertex 5.84652 428.913 529.8
    endloop
  endfacet
  facet normal -0 0 1
    outer loop
      vertex 14.2632 427.239 529.8
      vertex 17 241.4 529.8
      vertex 14.3 427.8 529.8
    endloop
  endfacet
  facet normal -0 0 1
    outer loop
      vertex 14.1535 426.687 529.8
      vertex 17 241.4 529.8
      vertex 14.2632 427.239 529.8
    endloop
  endfacet
  facet normal -0 0 1
    outer loop
      vertex 13.9727 426.154 529.8
      vertex 17 241.4 529.8
      vertex 14.1535 426.687 529.8
    endloop
  endfacet
  facet normal -0 0 1
    outer loop
      vertex 13.7239 425.65 529.8
      vertex 17 241.4 529.8
      vertex 13.9727 426.154 529.8
    endloop
  endfacet
  facet normal -0 0 1
    outer loop
      vertex 13.4114 425.182 529.8
      vertex 17 241.4 529.8
      vertex 13.7239 425.65 529.8
    endloop
  endfacet
  facet normal -0 0 1
    outer loop
      vertex 13.0406 424.759 529.8
      vertex 17 241.4 529.8
      vertex 13.4114 425.182 529.8
    endloop
  endfacet
  facet normal -0 0 1
    outer loop
      vertex 12.6177 424.389 529.8
      vertex 17 241.4 529.8
      vertex 13.0406 424.759 529.8
    endloop
  endfacet
  facet normal -0 0 1
    outer loop
      vertex 12.15 424.076 529.8
      vertex 17 241.4 529.8
      vertex 12.6177 424.389 529.8
    endloop
  endfacet
  facet normal -0 0 1
    outer loop
      vertex 11.6455 423.827 529.8
      vertex 17 241.4 529.8
      vertex 12.15 424.076 529.8
    endloop
  endfacet
  facet normal -0 0 1
    outer loop
      vertex 11.1129 423.647 529.8
      vertex 17 241.4 529.8
      vertex 11.6455 423.827 529.8
    endloop
  endfacet
  facet normal -0 0 1
    outer loop
      vertex 10.5613 423.537 529.8
      vertex 17 241.4 529.8
      vertex 11.1129 423.647 529.8
    endloop
  endfacet
  facet normal -0 0 1
    outer loop
      vertex 10 423.5 529.8
      vertex 17 241.4 529.8
      vertex 10.5613 423.537 529.8
    endloop
  endfacet
  facet normal 0 0 1
    outer loop
      vertex 3 241.4 529.8
      vertex 10 423.5 529.8
      vertex 9.43874 423.537 529.8
    endloop
  endfacet
  facet normal 0 0 1
    outer loop
      vertex 3 241.4 529.8
      vertex 9.43874 423.537 529.8
      vertex 8.88708 423.647 529.8
    endloop
  endfacet
  facet normal 0 0 1
    outer loop
      vertex 3 241.4 529.8
      vertex 8.88708 423.647 529.8
      vertex 8.35446 423.827 529.8
    endloop
  endfacet
  facet normal 0 0 1
    outer loop
      vertex 3 241.4 529.8
      vertex 8.35446 423.827 529.8
      vertex 7.85 424.076 529.8
    endloop
  endfacet
  facet normal 0 0 1
    outer loop
      vertex 3 241.4 529.8
      vertex 7.85 424.076 529.8
      vertex 7.38233 424.389 529.8
    endloop
  endfacet
  facet normal 0 0 1
    outer loop
      vertex 3 241.4 529.8
      vertex 7.38233 424.389 529.8
      vertex 6.95944 424.759 529.8
    endloop
  endfacet
  facet normal 0 0 1
    outer loop
      vertex 3 241.4 529.8
      vertex 6.95944 424.759 529.8
      vertex 6.58858 425.182 529.8
    endloop
  endfacet
  facet normal 0 0 1
    outer loop
      vertex 3 241.4 529.8
      vertex 6.58858 425.182 529.8
      vertex 6.27609 425.65 529.8
    endloop
  endfacet
  facet normal 0 0 1
    outer loop
      vertex 3 241.4 529.8
      vertex 6.27609 425.65 529.8
      vertex 6.02732 426.154 529.8
    endloop
  endfacet
  facet normal 0 0 1
    outer loop
      vertex 3 241.4 529.8
      vertex 6.02732 426.154 529.8
      vertex 5.84652 426.687 529.8
    endloop
  endfacet
  facet normal 0 0 1
    outer loop
      vertex 3 241.4 529.8
      vertex 5.84652 426.687 529.8
      vertex 5.73679 427.239 529.8
    endloop
  endfacet
  facet normal 0 0 1
    outer loop
      vertex 3 241.4 529.8
      vertex 5.73679 427.239 529.8
      vertex 5.7 427.8 529.8
    endloop
  endfacet
  facet normal 0 0 1
    outer loop
      vertex 3 241.4 529.8
      vertex 5.7 427.8 529.8
      vertex 3 462.8 529.8
    endloop
  endfacet
  facet normal 0 0 1
    outer loop
      vertex 10 423.5 529.8
      vertex 3 241.4 529.8
      vertex 17 241.4 529.8
    endloop
  endfacet
  facet normal 1 -0 0
    outer loop
      vertex 17 241.4 529.8
      vertex 17 462.8 529.78
      vertex 17 462.8 529.8
    endloop
  endfacet
  facet normal 1 0 0
    outer loop
      vertex 17 462.8 529.78
      vertex 17 241.4 529.8
      vertex 17 241.4 529.78
    endloop
  endfacet
  facet normal -0.979578 0 -0.201066
    outer loop
      vertex 5.5 255.75 517.6
      vertex 5.25369 243.293 518.8
      vertex 5.25369 255.75 518.8
    endloop
  endfacet
  facet normal -0.979578 0 -0.201066
    outer loop
      vertex 5.25369 243.293 518.8
      vertex 5.5 255.75 517.6
      vertex 5.5 242.117 517.6
    endloop
  endfacet
  facet normal -0.979578 0 -0.201062
    outer loop
      vertex 5.25369 255.75 518.8
      vertex 3 462.8 529.78
      vertex 5.25369 462.8 518.8
    endloop
  endfacet
  facet normal -0.979578 0 -0.201062
    outer loop
      vertex 3 241.4 529.78
      vertex 5.25369 255.75 518.8
      vertex 5.25369 243.293 518.8
    endloop
  endfacet
  facet normal -0.979578 0 -0.201062
    outer loop
      vertex 3 241.4 529.78
      vertex 5.25369 243.293 518.8
      vertex 5.25369 241.4 518.8
    endloop
  endfacet
  facet normal -0.979578 0 -0.201062
    outer loop
      vertex 5.25369 255.75 518.8
      vertex 3 241.4 529.78
      vertex 3 462.8 529.78
    endloop
  endfacet
  facet normal -1 0 0
    outer loop
      vertex 3 241.4 529.78
      vertex 3 462.8 529.8
      vertex 3 462.8 529.78
    endloop
  endfacet
  facet normal -1 -0 0
    outer loop
      vertex 3 462.8 529.8
      vertex 3 241.4 529.78
      vertex 3 241.4 529.8
    endloop
  endfacet
  facet normal -0.980819 -0.19492 0
    outer loop
      vertex 14.2632 428.361 517.8
      vertex 14.1535 428.913 529.8
      vertex 14.1535 428.913 517.8
    endloop
  endfacet
  facet normal -0.980819 -0.19492 0
    outer loop
      vertex 14.1535 428.913 529.8
      vertex 14.2632 428.361 517.8
      vertex 14.2632 428.361 529.8
    endloop
  endfacet
  facet normal -0.997855 -0.0654565 0
    outer loop
      vertex 14.3 427.8 517.8
      vertex 14.2632 428.361 529.8
      vertex 14.2632 428.361 517.8
    endloop
  endfacet
  facet normal -0.997855 -0.0654565 0
    outer loop
      vertex 14.2632 428.361 529.8
      vertex 14.3 427.8 517.8
      vertex 14.3 427.8 529.8
    endloop
  endfacet
  facet normal 0.320163 -0.947362 0
    outer loop
      vertex 8.35446 431.773 517.8
      vertex 8.88708 431.953 529.8
      vertex 8.35446 431.773 529.8
    endloop
  endfacet
  facet normal 0.320163 -0.947362 0
    outer loop
      vertex 8.88708 431.953 529.8
      vertex 8.35446 431.773 517.8
      vertex 8.88708 431.953 517.8
    endloop
  endfacet
  facet normal -0.980819 0.19492 0
    outer loop
      vertex 14.1535 426.687 517.8
      vertex 14.2632 427.239 529.8
      vertex 14.2632 427.239 517.8
    endloop
  endfacet
  facet normal -0.980819 0.19492 0
    outer loop
      vertex 14.2632 427.239 529.8
      vertex 14.1535 426.687 517.8
      vertex 14.1535 426.687 529.8
    endloop
  endfacet
  facet normal 0.997857 0.0654388 0
    outer loop
      vertex 5.73679 427.239 529.8
      vertex 5.7 427.8 517.8
      vertex 5.7 427.8 529.8
    endloop
  endfacet
  facet normal 0.997857 0.0654388 0
    outer loop
      vertex 5.7 427.8 517.8
      vertex 5.73679 427.239 529.8
      vertex 5.73679 427.239 517.8
    endloop
  endfacet
  facet normal -0.947 0.321234 0
    outer loop
      vertex 13.9727 426.154 517.8
      vertex 14.1535 426.687 529.8
      vertex 14.1535 426.687 517.8
    endloop
  endfacet
  facet normal -0.947 0.321234 0
    outer loop
      vertex 14.1535 426.687 529.8
      vertex 13.9727 426.154 517.8
      vertex 13.9727 426.154 529.8
    endloop
  endfacet
  facet normal 0.751929 0.659244 0
    outer loop
      vertex 6.95944 424.759 529.8
      vertex 6.58858 425.182 517.8
      vertex 6.58858 425.182 529.8
    endloop
  endfacet
  facet normal 0.751929 0.659244 0
    outer loop
      vertex 6.58858 425.182 517.8
      vertex 6.95944 424.759 529.8
      vertex 6.95944 424.759 517.8
    endloop
  endfacet
  facet normal 0.751929 -0.659244 0
    outer loop
      vertex 6.58858 430.418 529.8
      vertex 6.95944 430.841 517.8
      vertex 6.95944 430.841 529.8
    endloop
  endfacet
  facet normal 0.751929 -0.659244 0
    outer loop
      vertex 6.95944 430.841 517.8
      vertex 6.58858 430.418 529.8
      vertex 6.58858 430.418 517.8
    endloop
  endfacet
  facet normal 0.658476 -0.752602 0
    outer loop
      vertex 6.95944 430.841 517.8
      vertex 7.38233 431.211 529.8
      vertex 6.95944 430.841 529.8
    endloop
  endfacet
  facet normal 0.658476 -0.752602 0
    outer loop
      vertex 7.38233 431.211 529.8
      vertex 6.95944 430.841 517.8
      vertex 7.38233 431.211 517.8
    endloop
  endfacet
  facet normal 0.195549 0.980694 -0
    outer loop
      vertex 9.43874 423.537 517.8
      vertex 8.88708 423.647 529.8
      vertex 9.43874 423.537 529.8
    endloop
  endfacet
  facet normal 0.195549 0.980694 0
    outer loop
      vertex 8.88708 423.647 529.8
      vertex 9.43874 423.537 517.8
      vertex 8.88708 423.647 517.8
    endloop
  endfacet
  facet normal 0.658476 0.752602 -0
    outer loop
      vertex 7.38233 424.389 517.8
      vertex 6.95944 424.759 529.8
      vertex 7.38233 424.389 529.8
    endloop
  endfacet
  facet normal 0.658476 0.752602 0
    outer loop
      vertex 6.95944 424.759 529.8
      vertex 7.38233 424.389 517.8
      vertex 6.95944 424.759 517.8
    endloop
  endfacet
  facet normal -0.658467 -0.75261 0
    outer loop
      vertex 12.6177 431.211 517.8
      vertex 13.0406 430.841 529.8
      vertex 12.6177 431.211 529.8
    endloop
  endfacet
  facet normal -0.658467 -0.75261 -0
    outer loop
      vertex 13.0406 430.841 529.8
      vertex 12.6177 431.211 517.8
      vertex 13.0406 430.841 517.8
    endloop
  endfacet
  facet normal -0.658467 0.75261 0
    outer loop
      vertex 13.0406 424.759 517.8
      vertex 12.6177 424.389 529.8
      vertex 13.0406 424.759 529.8
    endloop
  endfacet
  facet normal -0.658467 0.75261 0
    outer loop
      vertex 12.6177 424.389 529.8
      vertex 13.0406 424.759 517.8
      vertex 12.6177 424.389 517.8
    endloop
  endfacet
  facet normal 0.5562 -0.831048 0
    outer loop
      vertex 7.38233 431.211 517.8
      vertex 7.85 431.524 529.8
      vertex 7.38233 431.211 529.8
    endloop
  endfacet
  facet normal 0.5562 -0.831048 0
    outer loop
      vertex 7.85 431.524 529.8
      vertex 7.38233 431.211 517.8
      vertex 7.85 431.524 517.8
    endloop
  endfacet
  facet normal 0.980809 -0.194971 0
    outer loop
      vertex 5.73679 428.361 529.8
      vertex 5.84652 428.913 517.8
      vertex 5.84652 428.913 529.8
    endloop
  endfacet
  facet normal 0.980809 -0.194971 0
    outer loop
      vertex 5.84652 428.913 517.8
      vertex 5.73679 428.361 529.8
      vertex 5.73679 428.361 517.8
    endloop
  endfacet
  facet normal -0.195569 0.98069 0
    outer loop
      vertex 11.1129 423.647 517.8
      vertex 10.5613 423.537 529.8
      vertex 11.1129 423.647 529.8
    endloop
  endfacet
  facet normal -0.195569 0.98069 0
    outer loop
      vertex 10.5613 423.537 529.8
      vertex 11.1129 423.647 517.8
      vertex 10.5613 423.537 517.8
    endloop
  endfacet
  facet normal -0.320174 0.947359 0
    outer loop
      vertex 11.6455 423.827 517.8
      vertex 11.1129 423.647 529.8
      vertex 11.6455 423.827 529.8
    endloop
  endfacet
  facet normal -0.320174 0.947359 0
    outer loop
      vertex 11.1129 423.647 529.8
      vertex 11.6455 423.827 517.8
      vertex 11.1129 423.647 517.8
    endloop
  endfacet
  facet normal 0.947 0.321234 0
    outer loop
      vertex 6.02732 426.154 529.8
      vertex 5.84652 426.687 517.8
      vertex 5.84652 426.687 529.8
    endloop
  endfacet
  facet normal 0.947 0.321234 0
    outer loop
      vertex 5.84652 426.687 517.8
      vertex 6.02732 426.154 529.8
      vertex 6.02732 426.154 517.8
    endloop
  endfacet
  facet normal -0.751982 -0.659184 0
    outer loop
      vertex 13.4114 430.418 517.8
      vertex 13.0406 430.841 529.8
      vertex 13.0406 430.841 517.8
    endloop
  endfacet
  facet normal -0.751982 -0.659184 0
    outer loop
      vertex 13.0406 430.841 529.8
      vertex 13.4114 430.418 517.8
      vertex 13.4114 430.418 529.8
    endloop
  endfacet
  facet normal 0.980809 0.194971 0
    outer loop
      vertex 5.84652 426.687 529.8
      vertex 5.73679 427.239 517.8
      vertex 5.73679 427.239 529.8
    endloop
  endfacet
  facet normal 0.980809 0.194971 0
    outer loop
      vertex 5.73679 427.239 517.8
      vertex 5.84652 426.687 529.8
      vertex 5.84652 426.687 517.8
    endloop
  endfacet
  facet normal -0.83164 -0.555315 0
    outer loop
      vertex 13.7239 429.95 517.8
      vertex 13.4114 430.418 529.8
      vertex 13.4114 430.418 517.8
    endloop
  endfacet
  facet normal -0.83164 -0.555315 0
    outer loop
      vertex 13.4114 430.418 529.8
      vertex 13.7239 429.95 517.8
      vertex 13.7239 429.95 529.8
    endloop
  endfacet
  facet normal -0.442586 0.896726 0
    outer loop
      vertex 12.15 424.076 517.8
      vertex 11.6455 423.827 529.8
      vertex 12.15 424.076 529.8
    endloop
  endfacet
  facet normal -0.442586 0.896726 0
    outer loop
      vertex 11.6455 423.827 529.8
      vertex 12.15 424.076 517.8
      vertex 11.6455 423.827 517.8
    endloop
  endfacet
  facet normal -0.0657757 -0.997834 0
    outer loop
      vertex 10 432.1 517.8
      vertex 10.5613 432.063 529.8
      vertex 10 432.1 529.8
    endloop
  endfacet
  facet normal -0.0657757 -0.997834 -0
    outer loop
      vertex 10.5613 432.063 529.8
      vertex 10 432.1 517.8
      vertex 10.5613 432.063 517.8
    endloop
  endfacet
  facet normal -0.896693 -0.442653 0
    outer loop
      vertex 13.9727 429.446 517.8
      vertex 13.7239 429.95 529.8
      vertex 13.7239 429.95 517.8
    endloop
  endfacet
  facet normal -0.896693 -0.442653 0
    outer loop
      vertex 13.7239 429.95 529.8
      vertex 13.9727 429.446 517.8
      vertex 13.9727 429.446 529.8
    endloop
  endfacet
  facet normal -0.997855 0.0654565 0
    outer loop
      vertex 14.2632 427.239 517.8
      vertex 14.3 427.8 529.8
      vertex 14.3 427.8 517.8
    endloop
  endfacet
  facet normal -0.997855 0.0654565 0
    outer loop
      vertex 14.3 427.8 529.8
      vertex 14.2632 427.239 517.8
      vertex 14.2632 427.239 529.8
    endloop
  endfacet
  facet normal -0.442586 -0.896726 0
    outer loop
      vertex 11.6455 431.773 517.8
      vertex 12.15 431.524 529.8
      vertex 11.6455 431.773 529.8
    endloop
  endfacet
  facet normal -0.442586 -0.896726 -0
    outer loop
      vertex 12.15 431.524 529.8
      vertex 11.6455 431.773 517.8
      vertex 12.15 431.524 517.8
    endloop
  endfacet
  facet normal 0.442614 -0.896712 0
    outer loop
      vertex 7.85 431.524 517.8
      vertex 8.35446 431.773 529.8
      vertex 7.85 431.524 529.8
    endloop
  endfacet
  facet normal 0.442614 -0.896712 0
    outer loop
      vertex 8.35446 431.773 529.8
      vertex 7.85 431.524 517.8
      vertex 8.35446 431.773 517.8
    endloop
  endfacet
  facet normal -0.556176 -0.831065 0
    outer loop
      vertex 12.15 431.524 517.8
      vertex 12.6177 431.211 529.8
      vertex 12.15 431.524 529.8
    endloop
  endfacet
  facet normal -0.556176 -0.831065 -0
    outer loop
      vertex 12.6177 431.211 529.8
      vertex 12.15 431.524 517.8
      vertex 12.6177 431.211 517.8
    endloop
  endfacet
  facet normal -0.896693 0.442653 0
    outer loop
      vertex 13.7239 425.65 517.8
      vertex 13.9727 426.154 529.8
      vertex 13.9727 426.154 517.8
    endloop
  endfacet
  facet normal -0.896693 0.442653 0
    outer loop
      vertex 13.9727 426.154 529.8
      vertex 13.7239 425.65 517.8
      vertex 13.7239 425.65 529.8
    endloop
  endfacet
  facet normal -0.83164 0.555315 0
    outer loop
      vertex 13.4114 425.182 517.8
      vertex 13.7239 425.65 529.8
      vertex 13.7239 425.65 517.8
    endloop
  endfacet
  facet normal -0.83164 0.555315 0
    outer loop
      vertex 13.7239 425.65 529.8
      vertex 13.4114 425.182 517.8
      vertex 13.4114 425.182 529.8
    endloop
  endfacet
  facet normal 0 0 1
    outer loop
      vertex 14.2632 428.361 517.8
      vertex 14.2632 427.239 517.8
      vertex 14.3 427.8 517.8
    endloop
  endfacet
  facet normal 0 0 1
    outer loop
      vertex 14.1535 428.913 517.8
      vertex 14.2632 427.239 517.8
      vertex 14.2632 428.361 517.8
    endloop
  endfacet
  facet normal 0 0 1
    outer loop
      vertex 14.1535 428.913 517.8
      vertex 14.1535 426.687 517.8
      vertex 14.2632 427.239 517.8
    endloop
  endfacet
  facet normal 0 0 1
    outer loop
      vertex 13.9727 429.446 517.8
      vertex 14.1535 426.687 517.8
      vertex 14.1535 428.913 517.8
    endloop
  endfacet
  facet normal 0 0 1
    outer loop
      vertex 13.9727 429.446 517.8
      vertex 13.9727 426.154 517.8
      vertex 14.1535 426.687 517.8
    endloop
  endfacet
  facet normal 0 0 1
    outer loop
      vertex 13.7239 429.95 517.8
      vertex 13.9727 426.154 517.8
      vertex 13.9727 429.446 517.8
    endloop
  endfacet
  facet normal 0 0 1
    outer loop
      vertex 13.7239 429.95 517.8
      vertex 13.7239 425.65 517.8
      vertex 13.9727 426.154 517.8
    endloop
  endfacet
  facet normal 0 0 1
    outer loop
      vertex 13.4114 430.418 517.8
      vertex 13.7239 425.65 517.8
      vertex 13.7239 429.95 517.8
    endloop
  endfacet
  facet normal 0 0 1
    outer loop
      vertex 13.4114 430.418 517.8
      vertex 13.4114 425.182 517.8
      vertex 13.7239 425.65 517.8
    endloop
  endfacet
  facet normal 0 0 1
    outer loop
      vertex 13.0406 430.841 517.8
      vertex 13.4114 425.182 517.8
      vertex 13.4114 430.418 517.8
    endloop
  endfacet
  facet normal 0 0 1
    outer loop
      vertex 13.0406 430.841 517.8
      vertex 13.0406 424.759 517.8
      vertex 13.4114 425.182 517.8
    endloop
  endfacet
  facet normal 0 0 1
    outer loop
      vertex 12.6177 431.211 517.8
      vertex 13.0406 424.759 517.8
      vertex 13.0406 430.841 517.8
    endloop
  endfacet
  facet normal 0 0 1
    outer loop
      vertex 12.6177 431.211 517.8
      vertex 12.6177 424.389 517.8
      vertex 13.0406 424.759 517.8
    endloop
  endfacet
  facet normal 0 0 1
    outer loop
      vertex 12.15 431.524 517.8
      vertex 12.6177 424.389 517.8
      vertex 12.6177 431.211 517.8
    endloop
  endfacet
  facet normal 0 0 1
    outer loop
      vertex 12.15 431.524 517.8
      vertex 12.15 424.076 517.8
      vertex 12.6177 424.389 517.8
    endloop
  endfacet
  facet normal 0 0 1
    outer loop
      vertex 11.6455 431.773 517.8
      vertex 12.15 424.076 517.8
      vertex 12.15 431.524 517.8
    endloop
  endfacet
  facet normal 0 0 1
    outer loop
      vertex 11.6455 431.773 517.8
      vertex 11.6455 423.827 517.8
      vertex 12.15 424.076 517.8
    endloop
  endfacet
  facet normal 0 0 1
    outer loop
      vertex 11.1129 431.953 517.8
      vertex 11.6455 423.827 517.8
      vertex 11.6455 431.773 517.8
    endloop
  endfacet
  facet normal 0 0 1
    outer loop
      vertex 11.1129 431.953 517.8
      vertex 11.1129 423.647 517.8
      vertex 11.6455 423.827 517.8
    endloop
  endfacet
  facet normal 0 0 1
    outer loop
      vertex 10.5613 432.063 517.8
      vertex 11.1129 423.647 517.8
      vertex 11.1129 431.953 517.8
    endloop
  endfacet
  facet normal 0 0 1
    outer loop
      vertex 10.5613 432.063 517.8
      vertex 10.5613 423.537 517.8
      vertex 11.1129 423.647 517.8
    endloop
  endfacet
  facet normal 0 0 1
    outer loop
      vertex 10 432.1 517.8
      vertex 10.5613 423.537 517.8
      vertex 10.5613 432.063 517.8
    endloop
  endfacet
  facet normal 0 0 1
    outer loop
      vertex 10 432.1 517.8
      vertex 10 423.5 517.8
      vertex 10.5613 423.537 517.8
    endloop
  endfacet
  facet normal -0 0 1
    outer loop
      vertex 9.43874 432.063 517.8
      vertex 10 423.5 517.8
      vertex 10 432.1 517.8
    endloop
  endfacet
  facet normal 0 0 1
    outer loop
      vertex 9.43874 432.063 517.8
      vertex 9.43874 423.537 517.8
      vertex 10 423.5 517.8
    endloop
  endfacet
  facet normal -0 0 1
    outer loop
      vertex 8.88708 431.953 517.8
      vertex 9.43874 423.537 517.8
      vertex 9.43874 432.063 517.8
    endloop
  endfacet
  facet normal 0 0 1
    outer loop
      vertex 8.88708 431.953 517.8
      vertex 8.88708 423.647 517.8
      vertex 9.43874 423.537 517.8
    endloop
  endfacet
  facet normal -0 0 1
    outer loop
      vertex 8.35446 431.773 517.8
      vertex 8.88708 423.647 517.8
      vertex 8.88708 431.953 517.8
    endloop
  endfacet
  facet normal 0 0 1
    outer loop
      vertex 8.35446 431.773 517.8
      vertex 8.35446 423.827 517.8
      vertex 8.88708 423.647 517.8
    endloop
  endfacet
  facet normal -0 0 1
    outer loop
      vertex 7.85 431.524 517.8
      vertex 8.35446 423.827 517.8
      vertex 8.35446 431.773 517.8
    endloop
  endfacet
  facet normal 0 0 1
    outer loop
      vertex 7.85 431.524 517.8
      vertex 7.85 424.076 517.8
      vertex 8.35446 423.827 517.8
    endloop
  endfacet
  facet normal -0 0 1
    outer loop
      vertex 7.38233 431.211 517.8
      vertex 7.85 424.076 517.8
      vertex 7.85 431.524 517.8
    endloop
  endfacet
  facet normal 0 0 1
    outer loop
      vertex 7.38233 431.211 517.8
      vertex 7.38233 424.389 517.8
      vertex 7.85 424.076 517.8
    endloop
  endfacet
  facet normal -0 0 1
    outer loop
      vertex 6.95944 430.841 517.8
      vertex 7.38233 424.389 517.8
      vertex 7.38233 431.211 517.8
    endloop
  endfacet
  facet normal 0 0 1
    outer loop
      vertex 6.95944 430.841 517.8
      vertex 6.95944 424.759 517.8
      vertex 7.38233 424.389 517.8
    endloop
  endfacet
  facet normal -0 0 1
    outer loop
      vertex 6.58858 430.418 517.8
      vertex 6.95944 424.759 517.8
      vertex 6.95944 430.841 517.8
    endloop
  endfacet
  facet normal 0 0 1
    outer loop
      vertex 6.58858 430.418 517.8
      vertex 6.58858 425.182 517.8
      vertex 6.95944 424.759 517.8
    endloop
  endfacet
  facet normal -0 0 1
    outer loop
      vertex 6.27609 429.95 517.8
      vertex 6.58858 425.182 517.8
      vertex 6.58858 430.418 517.8
    endloop
  endfacet
  facet normal 0 0 1
    outer loop
      vertex 6.27609 429.95 517.8
      vertex 6.27609 425.65 517.8
      vertex 6.58858 425.182 517.8
    endloop
  endfacet
  facet normal -0 0 1
    outer loop
      vertex 6.02732 429.446 517.8
      vertex 6.27609 425.65 517.8
      vertex 6.27609 429.95 517.8
    endloop
  endfacet
  facet normal 0 0 1
    outer loop
      vertex 6.02732 429.446 517.8
      vertex 6.02732 426.154 517.8
      vertex 6.27609 425.65 517.8
    endloop
  endfacet
  facet normal -0 0 1
    outer loop
      vertex 5.84652 428.913 517.8
      vertex 6.02732 426.154 517.8
      vertex 6.02732 429.446 517.8
    endloop
  endfacet
  facet normal 0 0 1
    outer loop
      vertex 5.84652 428.913 517.8
      vertex 5.84652 426.687 517.8
      vertex 6.02732 426.154 517.8
    endloop
  endfacet
  facet normal -0 0 1
    outer loop
      vertex 5.73679 428.361 517.8
      vertex 5.84652 426.687 517.8
      vertex 5.84652 428.913 517.8
    endloop
  endfacet
  facet normal 0 0 1
    outer loop
      vertex 5.73679 428.361 517.8
      vertex 5.73679 427.239 517.8
      vertex 5.84652 426.687 517.8
    endloop
  endfacet
  facet normal 0 -0 1
    outer loop
      vertex 5.73679 427.239 517.8
      vertex 5.73679 428.361 517.8
      vertex 5.7 427.8 517.8
    endloop
  endfacet
  facet normal 0.320163 0.947362 -0
    outer loop
      vertex 8.88708 423.647 517.8
      vertex 8.35446 423.827 529.8
      vertex 8.88708 423.647 529.8
    endloop
  endfacet
  facet normal 0.320163 0.947362 0
    outer loop
      vertex 8.35446 423.827 529.8
      vertex 8.88708 423.647 517.8
      vertex 8.35446 423.827 517.8
    endloop
  endfacet
  facet normal 0.195549 -0.980694 0
    outer loop
      vertex 8.88708 431.953 517.8
      vertex 9.43874 432.063 529.8
      vertex 8.88708 431.953 529.8
    endloop
  endfacet
  facet normal 0.195549 -0.980694 0
    outer loop
      vertex 9.43874 432.063 529.8
      vertex 8.88708 431.953 517.8
      vertex 9.43874 432.063 517.8
    endloop
  endfacet
  facet normal -0.195569 -0.98069 0
    outer loop
      vertex 10.5613 432.063 517.8
      vertex 11.1129 431.953 529.8
      vertex 10.5613 432.063 529.8
    endloop
  endfacet
  facet normal -0.195569 -0.98069 -0
    outer loop
      vertex 11.1129 431.953 529.8
      vertex 10.5613 432.063 517.8
      vertex 11.1129 431.953 517.8
    endloop
  endfacet
  facet normal 0.896714 0.44261 0
    outer loop
      vertex 6.27609 425.65 529.8
      vertex 6.02732 426.154 517.8
      vertex 6.02732 426.154 529.8
    endloop
  endfacet
  facet normal 0.896714 0.44261 0
    outer loop
      vertex 6.02732 426.154 517.8
      vertex 6.27609 425.65 529.8
      vertex 6.27609 425.65 517.8
    endloop
  endfacet
  facet normal -0.556176 0.831065 0
    outer loop
      vertex 12.6177 424.389 517.8
      vertex 12.15 424.076 529.8
      vertex 12.6177 424.389 529.8
    endloop
  endfacet
  facet normal -0.556176 0.831065 0
    outer loop
      vertex 12.15 424.076 529.8
      vertex 12.6177 424.389 517.8
      vertex 12.15 424.076 517.8
    endloop
  endfacet
  facet normal 0.442614 0.896712 -0
    outer loop
      vertex 8.35446 423.827 517.8
      vertex 7.85 424.076 529.8
      vertex 8.35446 423.827 529.8
    endloop
  endfacet
  facet normal 0.442614 0.896712 0
    outer loop
      vertex 7.85 424.076 529.8
      vertex 8.35446 423.827 517.8
      vertex 7.85 424.076 517.8
    endloop
  endfacet
  facet normal 0.0657803 -0.997834 0
    outer loop
      vertex 9.43874 432.063 517.8
      vertex 10 432.1 529.8
      vertex 9.43874 432.063 529.8
    endloop
  endfacet
  facet normal 0.0657803 -0.997834 0
    outer loop
      vertex 10 432.1 529.8
      vertex 9.43874 432.063 517.8
      vertex 10 432.1 517.8
    endloop
  endfacet
  facet normal 0.947 -0.321234 0
    outer loop
      vertex 5.84652 428.913 529.8
      vertex 6.02732 429.446 517.8
      vertex 6.02732 429.446 529.8
    endloop
  endfacet
  facet normal 0.947 -0.321234 0
    outer loop
      vertex 6.02732 429.446 517.8
      vertex 5.84652 428.913 529.8
      vertex 5.84652 428.913 517.8
    endloop
  endfacet
  facet normal -0.751982 0.659184 0
    outer loop
      vertex 13.0406 424.759 517.8
      vertex 13.4114 425.182 529.8
      vertex 13.4114 425.182 517.8
    endloop
  endfacet
  facet normal -0.751982 0.659184 0
    outer loop
      vertex 13.4114 425.182 529.8
      vertex 13.0406 424.759 517.8
      vertex 13.0406 424.759 529.8
    endloop
  endfacet
  facet normal -0.320174 -0.947359 0
    outer loop
      vertex 11.1129 431.953 517.8
      vertex 11.6455 431.773 529.8
      vertex 11.1129 431.953 529.8
    endloop
  endfacet
  facet normal -0.320174 -0.947359 -0
    outer loop
      vertex 11.6455 431.773 529.8
      vertex 11.1129 431.953 517.8
      vertex 11.6455 431.773 517.8
    endloop
  endfacet
  facet normal -0.947 -0.321234 0
    outer loop
      vertex 14.1535 428.913 517.8
      vertex 13.9727 429.446 529.8
      vertex 13.9727 429.446 517.8
    endloop
  endfacet
  facet normal -0.947 -0.321234 0
    outer loop
      vertex 13.9727 429.446 529.8
      vertex 14.1535 428.913 517.8
      vertex 14.1535 428.913 529.8
    endloop
  endfacet
  facet normal 0.5562 0.831048 -0
    outer loop
      vertex 7.85 424.076 517.8
      vertex 7.38233 424.389 529.8
      vertex 7.85 424.076 529.8
    endloop
  endfacet
  facet normal 0.5562 0.831048 0
    outer loop
      vertex 7.38233 424.389 529.8
      vertex 7.85 424.076 517.8
      vertex 7.38233 424.389 517.8
    endloop
  endfacet
  facet normal 0.997857 -0.0654388 0
    outer loop
      vertex 5.7 427.8 529.8
      vertex 5.73679 428.361 517.8
      vertex 5.73679 428.361 529.8
    endloop
  endfacet
  facet normal 0.997857 -0.0654388 0
    outer loop
      vertex 5.73679 428.361 517.8
      vertex 5.7 427.8 529.8
      vertex 5.7 427.8 517.8
    endloop
  endfacet
  facet normal 0.0657803 0.997834 -0
    outer loop
      vertex 10 423.5 517.8
      vertex 9.43874 423.537 529.8
      vertex 10 423.5 529.8
    endloop
  endfacet
  facet normal 0.0657803 0.997834 0
    outer loop
      vertex 9.43874 423.537 529.8
      vertex 10 423.5 517.8
      vertex 9.43874 423.537 517.8
    endloop
  endfacet
  facet normal 0.831648 0.555303 0
    outer loop
      vertex 6.58858 425.182 529.8
      vertex 6.27609 425.65 517.8
      vertex 6.27609 425.65 529.8
    endloop
  endfacet
  facet normal 0.831648 0.555303 0
    outer loop
      vertex 6.27609 425.65 517.8
      vertex 6.58858 425.182 529.8
      vertex 6.58858 425.182 517.8
    endloop
  endfacet
  facet normal -0.0657757 0.997834 0
    outer loop
      vertex 10.5613 423.537 517.8
      vertex 10 423.5 529.8
      vertex 10.5613 423.537 529.8
    endloop
  endfacet
  facet normal -0.0657757 0.997834 0
    outer loop
      vertex 10 423.5 529.8
      vertex 10.5613 423.537 517.8
      vertex 10 423.5 517.8
    endloop
  endfacet
  facet normal 0.831648 -0.555303 0
    outer loop
      vertex 6.27609 429.95 529.8
      vertex 6.58858 430.418 517.8
      vertex 6.58858 430.418 529.8
    endloop
  endfacet
  facet normal 0.831648 -0.555303 0
    outer loop
      vertex 6.58858 430.418 517.8
      vertex 6.27609 429.95 529.8
      vertex 6.27609 429.95 517.8
    endloop
  endfacet
  facet normal 0.896714 -0.44261 0
    outer loop
      vertex 6.02732 429.446 529.8
      vertex 6.27609 429.95 517.8
      vertex 6.27609 429.95 529.8
    endloop
  endfacet
  facet normal 0.896714 -0.44261 0
    outer loop
      vertex 6.27609 429.95 517.8
      vertex 6.02732 429.446 529.8
      vertex 6.02732 429.446 517.8
    endloop
  endfacet
endsolid OpenSCAD_Model
