solid OpenSCAD_Model
  facet normal 0 1 -0
    outer loop
      vertex 17 241.4 529.78
      vertex 3 241.4 529.8
      vertex 17 241.4 529.8
    endloop
  endfacet
  facet normal 0 1 0
    outer loop
      vertex 17 241.4 529.78
      vertex 3 241.4 529.78
      vertex 3 241.4 529.8
    endloop
  endfacet
  facet normal 0 1 0
    outer loop
      vertex 14 241.4 518.8
      vertex 17 241.4 529.78
      vertex 14.7463 241.4 518.8
    endloop
  endfacet
  facet normal 0 1 0
    outer loop
      vertex 17 241.4 529.78
      vertex 14 241.4 518.8
      vertex 3 241.4 529.78
    endloop
  endfacet
  facet normal 0 1 -0
    outer loop
      vertex 6 241.4 518.8
      vertex 3 241.4 529.78
      vertex 14 241.4 518.8
    endloop
  endfacet
  facet normal 0 1 0
    outer loop
      vertex 6 241.4 518.8
      vertex 5.25369 241.4 518.8
      vertex 3 241.4 529.78
    endloop
  endfacet
  facet normal 0 1 -0
    outer loop
      vertex 6 241.4 366.883
      vertex 5.25369 241.4 518.8
      vertex 6 241.4 518.8
    endloop
  endfacet
  facet normal 0 1 0
    outer loop
      vertex 5.25369 241.4 518.8
      vertex 6 241.4 366.883
      vertex 2.65 241.4 366.883
    endloop
  endfacet
  facet normal 0 1 0
    outer loop
      vertex 5.25369 241.4 518.8
      vertex 2.65 241.4 366.883
      vertex 0 241.4 518.8
    endloop
  endfacet
  facet normal 0 1 0
    outer loop
      vertex 0 241.4 352.533
      vertex 2.65 241.4 366.883
      vertex 2.65 241.4 366.863
    endloop
  endfacet
  facet normal 0 1 0
    outer loop
      vertex 2.65 241.4 366.883
      vertex 0 241.4 352.533
      vertex 0 241.4 518.8
    endloop
  endfacet
  facet normal 0 1 0
    outer loop
      vertex 0 241.4 352.533
      vertex 2.65 241.4 366.863
      vertex 5.65 241.4 352.533
    endloop
  endfacet
  facet normal 0 1 -0
    outer loop
      vertex 17.35 241.4 366.883
      vertex 14.7463 241.4 518.8
      vertex 20 241.4 518.8
    endloop
  endfacet
  facet normal 0 1 0
    outer loop
      vertex 14 241.4 366.883
      vertex 14.7463 241.4 518.8
      vertex 17.35 241.4 366.883
    endloop
  endfacet
  facet normal 0 1 -0
    outer loop
      vertex 20 241.4 352.533
      vertex 17.35 241.4 366.883
      vertex 20 241.4 518.8
    endloop
  endfacet
  facet normal 0 1 0
    outer loop
      vertex 17.35 241.4 366.883
      vertex 20 241.4 352.533
      vertex 17.35 241.4 366.863
    endloop
  endfacet
  facet normal 0 1 0
    outer loop
      vertex 17.35 241.4 366.863
      vertex 20 241.4 352.533
      vertex 14.35 241.4 352.533
    endloop
  endfacet
  facet normal 0 1 0
    outer loop
      vertex 14.7463 241.4 518.8
      vertex 14 241.4 366.883
      vertex 14 241.4 518.8
    endloop
  endfacet
  facet normal 1 0 0
    outer loop
      vertex 20 241.4 518.8
      vertex 20 155.202 429.857
      vertex 20 241.4 352.533
    endloop
  endfacet
  facet normal 1 0 0
    outer loop
      vertex 20 241.4 518.8
      vertex 20 154.963 439.524
      vertex 20 155.202 429.857
    endloop
  endfacet
  facet normal 1 0 0
    outer loop
      vertex 20 241.4 518.8
      vertex 20 154.938 440.079
      vertex 20 154.963 439.524
    endloop
  endfacet
  facet normal 1 0 0
    outer loop
      vertex 20 241.4 518.8
      vertex 20 154.862 440.596
      vertex 20 154.938 440.079
    endloop
  endfacet
  facet normal 1 0 0
    outer loop
      vertex 20 241.4 518.8
      vertex 20 154.735 441.076
      vertex 20 154.862 440.596
    endloop
  endfacet
  facet normal 1 0 0
    outer loop
      vertex 20 241.4 518.8
      vertex 20 154.558 441.519
      vertex 20 154.735 441.076
    endloop
  endfacet
  facet normal 1 0 0
    outer loop
      vertex 20 241.4 518.8
      vertex 20 154.329 441.924
      vertex 20 154.558 441.519
    endloop
  endfacet
  facet normal 1 0 0
    outer loop
      vertex 20 241.4 518.8
      vertex 20 154.05 442.292
      vertex 20 154.329 441.924
    endloop
  endfacet
  facet normal 1 0 0
    outer loop
      vertex 20 241.4 518.8
      vertex 20 153.721 442.622
      vertex 20 154.05 442.292
    endloop
  endfacet
  facet normal 1 0 0
    outer loop
      vertex 20 241.4 518.8
      vertex 20 153.344 442.911
      vertex 20 153.721 442.622
    endloop
  endfacet
  facet normal 1 0 0
    outer loop
      vertex 20 241.4 518.8
      vertex 20 152.924 443.156
      vertex 20 153.344 442.911
    endloop
  endfacet
  facet normal 1 0 0
    outer loop
      vertex 20 241.4 518.8
      vertex 20 152.46 443.356
      vertex 20 152.924 443.156
    endloop
  endfacet
  facet normal 1 0 0
    outer loop
      vertex 20 241.4 518.8
      vertex 20 151.952 443.512
      vertex 20 152.46 443.356
    endloop
  endfacet
  facet normal 1 0 0
    outer loop
      vertex 20 241.4 518.8
      vertex 20 151.401 443.623
      vertex 20 151.952 443.512
    endloop
  endfacet
  facet normal 1 0 0
    outer loop
      vertex 20 241.4 518.8
      vertex 20 150.806 443.69
      vertex 20 151.401 443.623
    endloop
  endfacet
  facet normal 1 0 0
    outer loop
      vertex 20 241.4 518.8
      vertex 20 150.168 443.712
      vertex 20 150.806 443.69
    endloop
  endfacet
  facet normal 1 0 0
    outer loop
      vertex 20 241.4 518.8
      vertex 20 149.582 443.69
      vertex 20 150.168 443.712
    endloop
  endfacet
  facet normal 1 0 0
    outer loop
      vertex 20 131.625 443.672
      vertex 20 149.582 443.69
      vertex 20 241.4 518.8
    endloop
  endfacet
  facet normal 1 0 0
    outer loop
      vertex 20 149.582 443.69
      vertex 20 131.625 443.672
      vertex 20 149.027 443.624
    endloop
  endfacet
  facet normal 1 0 -0
    outer loop
      vertex 20 132.311 443.55
      vertex 20 149.027 443.624
      vertex 20 131.625 443.672
    endloop
  endfacet
  facet normal 1 0 0
    outer loop
      vertex 20 149.027 443.624
      vertex 20 132.311 443.55
      vertex 20 148.504 443.513
    endloop
  endfacet
  facet normal 1 0 0
    outer loop
      vertex 20 148.504 443.513
      vertex 20 132.311 443.55
      vertex 20 148.012 443.358
    endloop
  endfacet
  facet normal 1 0 -0
    outer loop
      vertex 20 132.938 443.347
      vertex 20 148.012 443.358
      vertex 20 132.311 443.55
    endloop
  endfacet
  facet normal 1 0 0
    outer loop
      vertex 20 145.242 429.931
      vertex 20 143.147 433.231
      vertex 20 145.079 429.575
    endloop
  endfacet
  facet normal 1 0 0
    outer loop
      vertex 20 145.415 430.276
      vertex 20 143.147 433.231
      vertex 20 145.242 429.931
    endloop
  endfacet
  facet normal 1 0 0
    outer loop
      vertex 20 135.736 439.674
      vertex 20 145.166 439.708
      vertex 20 145.251 440.217
    endloop
  endfacet
  facet normal 1 -0 0
    outer loop
      vertex 20 135.499 440.436
      vertex 20 145.251 440.217
      vertex 20 145.381 440.695
    endloop
  endfacet
  facet normal 1 0 -0
    outer loop
      vertex 20 136.051 437.916
      vertex 20 145.166 439.708
      vertex 20 135.919 438.834
    endloop
  endfacet
  facet normal 1 0 0
    outer loop
      vertex 20 135.499 440.436
      vertex 20 145.381 440.695
      vertex 20 145.558 441.143
    endloop
  endfacet
  facet normal 1 0 0
    outer loop
      vertex 20 135.211 441.12
      vertex 20 145.558 441.143
      vertex 20 145.78 441.56
    endloop
  endfacet
  facet normal 1 -0 0
    outer loop
      vertex 20 134.87 441.727
      vertex 20 145.78 441.56
      vertex 20 146.049 441.946
    endloop
  endfacet
  facet normal 1 -0 0
    outer loop
      vertex 20 134.473 442.253
      vertex 20 146.049 441.946
      vertex 20 146.363 442.302
    endloop
  endfacet
  facet normal 1 0 0
    outer loop
      vertex 20 134.019 442.699
      vertex 20 146.363 442.302
      vertex 20 146.723 442.627
    endloop
  endfacet
  facet normal 1 0 0
    outer loop
      vertex 20 136.128 434.789
      vertex 20 137.722 434.967
      vertex 20 136.155 435.846
    endloop
  endfacet
  facet normal 1 0 0
    outer loop
      vertex 20 143.147 434.967
      vertex 20 136.051 437.916
      vertex 20 137.722 434.967
    endloop
  endfacet
  facet normal 1 0 0
    outer loop
      vertex 20 148.012 443.358
      vertex 20 132.938 443.347
      vertex 20 147.551 443.159
    endloop
  endfacet
  facet normal 1 0 0
    outer loop
      vertex 20 137.722 434.967
      vertex 20 136.129 436.92
      vertex 20 136.155 435.846
    endloop
  endfacet
  facet normal 1 0 0
    outer loop
      vertex 20 137.722 434.967
      vertex 20 136.051 437.916
      vertex 20 136.129 436.92
    endloop
  endfacet
  facet normal 1 0 0
    outer loop
      vertex 20 145.166 439.708
      vertex 20 136.051 437.916
      vertex 20 143.147 434.967
    endloop
  endfacet
  facet normal 1 0 0
    outer loop
      vertex 20 145.166 439.708
      vertex 20 135.736 439.674
      vertex 20 135.919 438.834
    endloop
  endfacet
  facet normal 1 0 0
    outer loop
      vertex 20 145.251 440.217
      vertex 20 135.499 440.436
      vertex 20 135.736 439.674
    endloop
  endfacet
  facet normal 1 0 0
    outer loop
      vertex 20 145.558 441.143
      vertex 20 135.211 441.12
      vertex 20 135.499 440.436
    endloop
  endfacet
  facet normal 1 0 0
    outer loop
      vertex 20 145.78 441.56
      vertex 20 134.87 441.727
      vertex 20 135.211 441.12
    endloop
  endfacet
  facet normal 1 0 0
    outer loop
      vertex 20 146.049 441.946
      vertex 20 134.473 442.253
      vertex 20 134.87 441.727
    endloop
  endfacet
  facet normal 1 0 0
    outer loop
      vertex 20 146.363 442.302
      vertex 20 134.019 442.699
      vertex 20 134.473 442.253
    endloop
  endfacet
  facet normal 1 0 0
    outer loop
      vertex 20 147.121 442.915
      vertex 20 134.019 442.699
      vertex 20 146.723 442.627
    endloop
  endfacet
  facet normal 1 0 -0
    outer loop
      vertex 20 134.019 442.699
      vertex 20 147.121 442.915
      vertex 20 133.508 443.064
    endloop
  endfacet
  facet normal 1 0 0
    outer loop
      vertex 20 147.551 443.159
      vertex 20 133.508 443.064
      vertex 20 147.121 442.915
    endloop
  endfacet
  facet normal 1 0 -0
    outer loop
      vertex 20 133.508 443.064
      vertex 20 147.551 443.159
      vertex 20 132.938 443.347
    endloop
  endfacet
  facet normal 1 0 0
    outer loop
      vertex 20 241.4 518.8
      vertex 20 130.883 443.712
      vertex 20 131.625 443.672
    endloop
  endfacet
  facet normal 1 -0 0
    outer loop
      vertex 20 20 518.8
      vertex 20 130.883 443.712
      vertex 20 241.4 518.8
    endloop
  endfacet
  facet normal 1 0 0
    outer loop
      vertex 20 130.883 443.712
      vertex 20 20 518.8
      vertex 20 130.119 443.672
    endloop
  endfacet
  facet normal 1 0 -0
    outer loop
      vertex 20 109.265 443.484
      vertex 20 130.119 443.672
      vertex 20 20 518.8
    endloop
  endfacet
  facet normal 1 0 0
    outer loop
      vertex 20 130.119 443.672
      vertex 20 109.265 443.484
      vertex 20 129.417 443.552
    endloop
  endfacet
  facet normal 1 0 0
    outer loop
      vertex 20 125.56 436.931
      vertex 20 123.851 434.967
      vertex 20 125.533 435.846
    endloop
  endfacet
  facet normal 1 0 0
    outer loop
      vertex 20 125.638 437.935
      vertex 20 123.851 434.967
      vertex 20 125.56 436.931
    endloop
  endfacet
  facet normal 1 0 0
    outer loop
      vertex 20 118.426 434.967
      vertex 20 125.638 437.935
      vertex 20 125.77 438.859
    endloop
  endfacet
  facet normal 1 0 0
    outer loop
      vertex 20 118.426 434.967
      vertex 20 125.77 438.859
      vertex 20 125.953 439.702
    endloop
  endfacet
  facet normal 1 0 0
    outer loop
      vertex 20 118.426 434.967
      vertex 20 125.953 439.702
      vertex 20 126.189 440.465
    endloop
  endfacet
  facet normal 1 0 0
    outer loop
      vertex 20 109.265 443.484
      vertex 20 126.189 440.465
      vertex 20 126.478 441.147
    endloop
  endfacet
  facet normal 1 0 0
    outer loop
      vertex 20 125.638 437.935
      vertex 20 118.426 434.967
      vertex 20 123.851 434.967
    endloop
  endfacet
  facet normal 1 0 0
    outer loop
      vertex 20 109.265 443.484
      vertex 20 126.478 441.147
      vertex 20 126.819 441.748
    endloop
  endfacet
  facet normal 1 0 0
    outer loop
      vertex 20 109.265 443.484
      vertex 20 126.819 441.748
      vertex 20 127.217 442.269
    endloop
  endfacet
  facet normal 1 0 0
    outer loop
      vertex 20 109.265 443.484
      vertex 20 127.217 442.269
      vertex 20 127.676 442.71
    endloop
  endfacet
  facet normal 1 0 0
    outer loop
      vertex 20 109.265 429.889
      vertex 20 118.426 433.231
      vertex 20 118.426 434.967
    endloop
  endfacet
  facet normal 1 0 0
    outer loop
      vertex 20 109.265 429.889
      vertex 20 118.426 434.967
      vertex 20 109.265 443.484
    endloop
  endfacet
  facet normal 1 0 0
    outer loop
      vertex 20 126.189 440.465
      vertex 20 109.265 443.484
      vertex 20 118.426 434.967
    endloop
  endfacet
  facet normal 1 0 0
    outer loop
      vertex 20 128.195 443.071
      vertex 20 109.265 443.484
      vertex 20 127.676 442.71
    endloop
  endfacet
  facet normal 1 0 0
    outer loop
      vertex 20 129.417 443.552
      vertex 20 109.265 443.484
      vertex 20 128.776 443.351
    endloop
  endfacet
  facet normal 1 0 0
    outer loop
      vertex 20 128.776 443.351
      vertex 20 109.265 443.484
      vertex 20 128.195 443.071
    endloop
  endfacet
  facet normal 1 0 0
    outer loop
      vertex 20 107.192 443.484
      vertex 20 20 518.8
      vertex 20 107.192 428.197
    endloop
  endfacet
  facet normal 1 0 0
    outer loop
      vertex 20 109.265 443.484
      vertex 20 20 518.8
      vertex 20 107.192 443.484
    endloop
  endfacet
  facet normal 1 -0 0
    outer loop
      vertex 20 155.202 428.197
      vertex 20 241.4 352.533
      vertex 20 155.202 429.857
    endloop
  endfacet
  facet normal 1 -0 0
    outer loop
      vertex 20 145.079 428.197
      vertex 20 241.4 352.533
      vertex 20 155.202 428.197
    endloop
  endfacet
  facet normal 1 -0 0
    outer loop
      vertex 20 137.722 433.231
      vertex 20 145.079 429.575
      vertex 20 143.147 433.231
    endloop
  endfacet
  facet normal 1 0 0
    outer loop
      vertex 20 145.079 429.575
      vertex 20 137.722 433.231
      vertex 20 145.079 428.197
    endloop
  endfacet
  facet normal 1 -0 0
    outer loop
      vertex 20 135.163 430.611
      vertex 20 145.079 428.197
      vertex 20 137.722 433.231
    endloop
  endfacet
  facet normal 1 0 0
    outer loop
      vertex 20 136.045 433.805
      vertex 20 137.722 434.967
      vertex 20 136.128 434.789
    endloop
  endfacet
  facet normal 1 0 0
    outer loop
      vertex 20 137.722 434.967
      vertex 20 136.045 433.805
      vertex 20 137.722 433.231
    endloop
  endfacet
  facet normal 1 0 0
    outer loop
      vertex 20 135.907 432.896
      vertex 20 137.722 433.231
      vertex 20 136.045 433.805
    endloop
  endfacet
  facet normal 1 0 0
    outer loop
      vertex 20 135.714 432.06
      vertex 20 137.722 433.231
      vertex 20 135.907 432.896
    endloop
  endfacet
  facet normal 1 0 0
    outer loop
      vertex 20 135.466 431.299
      vertex 20 137.722 433.231
      vertex 20 135.714 432.06
    endloop
  endfacet
  facet normal 1 0 0
    outer loop
      vertex 20 135.163 430.611
      vertex 20 137.722 433.231
      vertex 20 135.466 431.299
    endloop
  endfacet
  facet normal 1 0 0
    outer loop
      vertex 20 145.079 428.197
      vertex 20 135.163 430.611
      vertex 20 134.805 429.998
    endloop
  endfacet
  facet normal 1 0 0
    outer loop
      vertex 20 145.079 428.197
      vertex 20 134.805 429.998
      vertex 20 134.392 429.462
    endloop
  endfacet
  facet normal 1 -0 0
    outer loop
      vertex 20 133.928 429.009
      vertex 20 145.079 428.197
      vertex 20 134.392 429.462
    endloop
  endfacet
  facet normal 1 -0 0
    outer loop
      vertex 20 133.411 428.639
      vertex 20 145.079 428.197
      vertex 20 133.928 429.009
    endloop
  endfacet
  facet normal 1 -0 0
    outer loop
      vertex 20 132.841 428.35
      vertex 20 145.079 428.197
      vertex 20 133.411 428.639
    endloop
  endfacet
  facet normal 1 0 0
    outer loop
      vertex 20 132.219 428.144
      vertex 20 145.079 428.197
      vertex 20 132.841 428.35
    endloop
  endfacet
  facet normal 1 0 0
    outer loop
      vertex 20 131.544 428.021
      vertex 20 145.079 428.197
      vertex 20 132.219 428.144
    endloop
  endfacet
  facet normal 1 0 0
    outer loop
      vertex 20 145.079 428.197
      vertex 20 131.544 428.021
      vertex 20 241.4 352.533
    endloop
  endfacet
  facet normal 1 -0 0
    outer loop
      vertex 20 130.817 427.98
      vertex 20 241.4 352.533
      vertex 20 131.544 428.021
    endloop
  endfacet
  facet normal 1 0 0
    outer loop
      vertex 20 20 352.533
      vertex 20 130.817 427.98
      vertex 20 130.091 428.021
    endloop
  endfacet
  facet normal 1 0 0
    outer loop
      vertex 20 116.99 428.197
      vertex 20 130.091 428.021
      vertex 20 129.418 428.144
    endloop
  endfacet
  facet normal 1 -0 0
    outer loop
      vertex 20 116.99 428.197
      vertex 20 129.418 428.144
      vertex 20 128.799 428.348
    endloop
  endfacet
  facet normal 1 0 0
    outer loop
      vertex 20 116.99 428.197
      vertex 20 128.799 428.348
      vertex 20 128.233 428.635
    endloop
  endfacet
  facet normal 1 -0 0
    outer loop
      vertex 20 123.851 434.967
      vertex 20 125.56 434.783
      vertex 20 125.533 435.846
    endloop
  endfacet
  facet normal 1 0 0
    outer loop
      vertex 20 123.851 434.967
      vertex 20 125.641 433.795
      vertex 20 125.56 434.783
    endloop
  endfacet
  facet normal 1 0 0
    outer loop
      vertex 20 123.851 433.231
      vertex 20 125.641 433.795
      vertex 20 123.851 434.967
    endloop
  endfacet
  facet normal 1 0 0
    outer loop
      vertex 20 125.641 433.795
      vertex 20 123.851 433.231
      vertex 20 125.777 432.883
    endloop
  endfacet
  facet normal 1 0 0
    outer loop
      vertex 20 125.777 432.883
      vertex 20 123.851 433.231
      vertex 20 125.966 432.046
    endloop
  endfacet
  facet normal 1 0 0
    outer loop
      vertex 20 125.966 432.046
      vertex 20 123.851 433.231
      vertex 20 126.209 431.284
    endloop
  endfacet
  facet normal 1 0 0
    outer loop
      vertex 20 126.209 431.284
      vertex 20 123.851 433.231
      vertex 20 126.506 430.598
    endloop
  endfacet
  facet normal 1 0 0
    outer loop
      vertex 20 116.99 428.197
      vertex 20 126.506 430.598
      vertex 20 123.851 433.231
    endloop
  endfacet
  facet normal 1 0 0
    outer loop
      vertex 20 126.506 430.598
      vertex 20 116.99 428.197
      vertex 20 126.857 429.987
    endloop
  endfacet
  facet normal 1 0 0
    outer loop
      vertex 20 116.99 429.889
      vertex 20 123.851 433.231
      vertex 20 118.426 433.231
    endloop
  endfacet
  facet normal 1 0 0
    outer loop
      vertex 20 116.99 428.197
      vertex 20 123.851 433.231
      vertex 20 116.99 429.889
    endloop
  endfacet
  facet normal 1 0 0
    outer loop
      vertex 20 126.857 429.987
      vertex 20 116.99 428.197
      vertex 20 127.262 429.454
    endloop
  endfacet
  facet normal 1 0 0
    outer loop
      vertex 20 127.262 429.454
      vertex 20 116.99 428.197
      vertex 20 127.721 429.004
    endloop
  endfacet
  facet normal 1 0 0
    outer loop
      vertex 20 127.721 429.004
      vertex 20 116.99 428.197
      vertex 20 128.233 428.635
    endloop
  endfacet
  facet normal 1 0 0
    outer loop
      vertex 20 130.091 428.021
      vertex 20 116.99 428.197
      vertex 20 20 352.533
    endloop
  endfacet
  facet normal 1 0 0
    outer loop
      vertex 20 20 352.533
      vertex 20 116.99 428.197
      vertex 20 107.192 428.197
    endloop
  endfacet
  facet normal 1 0 0
    outer loop
      vertex 20 130.817 427.98
      vertex 20 20 352.533
      vertex 20 241.4 352.533
    endloop
  endfacet
  facet normal 1 0 0
    outer loop
      vertex 20 20 352.533
      vertex 20 107.192 428.197
      vertex 20 20 518.8
    endloop
  endfacet
  facet normal 1 -0 0
    outer loop
      vertex 20 154.955 439.27
      vertex 20 155.202 429.857
      vertex 20 154.963 439.524
    endloop
  endfacet
  facet normal 1 -0 0
    outer loop
      vertex 20 154.93 439.017
      vertex 20 155.202 429.857
      vertex 20 154.955 439.27
    endloop
  endfacet
  facet normal 1 -0 0
    outer loop
      vertex 20 154.889 438.763
      vertex 20 155.202 429.857
      vertex 20 154.93 439.017
    endloop
  endfacet
  facet normal 1 -0 0
    outer loop
      vertex 20 154.83 438.511
      vertex 20 155.202 429.857
      vertex 20 154.889 438.763
    endloop
  endfacet
  facet normal 1 -0 0
    outer loop
      vertex 20 154.756 438.259
      vertex 20 155.202 429.857
      vertex 20 154.83 438.511
    endloop
  endfacet
  facet normal 1 -0 0
    outer loop
      vertex 20 154.664 438.007
      vertex 20 155.202 429.857
      vertex 20 154.756 438.259
    endloop
  endfacet
  facet normal 1 -0 0
    outer loop
      vertex 20 154.556 437.756
      vertex 20 155.202 429.857
      vertex 20 154.664 438.007
    endloop
  endfacet
  facet normal 1 -0 0
    outer loop
      vertex 20 154.432 437.504
      vertex 20 155.202 429.857
      vertex 20 154.556 437.756
    endloop
  endfacet
  facet normal 1 -0 0
    outer loop
      vertex 20 154.292 437.253
      vertex 20 155.202 429.857
      vertex 20 154.432 437.504
    endloop
  endfacet
  facet normal 1 -0 0
    outer loop
      vertex 20 154.135 437.002
      vertex 20 155.202 429.857
      vertex 20 154.292 437.253
    endloop
  endfacet
  facet normal 1 -0 0
    outer loop
      vertex 20 153.962 436.751
      vertex 20 155.202 429.857
      vertex 20 154.135 437.002
    endloop
  endfacet
  facet normal 1 -0 0
    outer loop
      vertex 20 153.773 436.5
      vertex 20 155.202 429.857
      vertex 20 153.962 436.751
    endloop
  endfacet
  facet normal 1 -0 0
    outer loop
      vertex 20 153.568 436.249
      vertex 20 155.202 429.857
      vertex 20 153.773 436.5
    endloop
  endfacet
  facet normal 1 -0 0
    outer loop
      vertex 20 153.347 435.998
      vertex 20 155.202 429.857
      vertex 20 153.568 436.249
    endloop
  endfacet
  facet normal 1 -0 0
    outer loop
      vertex 20 153.087 435.727
      vertex 20 155.202 429.857
      vertex 20 153.347 435.998
    endloop
  endfacet
  facet normal 1 -0 0
    outer loop
      vertex 20 152.768 435.417
      vertex 20 155.202 429.857
      vertex 20 153.087 435.727
    endloop
  endfacet
  facet normal 1 -0 0
    outer loop
      vertex 20 152.389 435.067
      vertex 20 155.202 429.857
      vertex 20 152.768 435.417
    endloop
  endfacet
  facet normal 1 -0 0
    outer loop
      vertex 20 151.951 434.678
      vertex 20 155.202 429.857
      vertex 20 152.389 435.067
    endloop
  endfacet
  facet normal 1 -0 0
    outer loop
      vertex 20 151.452 434.25
      vertex 20 155.202 429.857
      vertex 20 151.951 434.678
    endloop
  endfacet
  facet normal 1 -0 0
    outer loop
      vertex 20 150.894 433.782
      vertex 20 155.202 429.857
      vertex 20 151.452 434.25
    endloop
  endfacet
  facet normal 1 -0 0
    outer loop
      vertex 20 150.276 433.274
      vertex 20 155.202 429.857
      vertex 20 150.894 433.782
    endloop
  endfacet
  facet normal 1 -0 0
    outer loop
      vertex 20 149.93 432.987
      vertex 20 155.202 429.857
      vertex 20 150.276 433.274
    endloop
  endfacet
  facet normal 1 -0 0
    outer loop
      vertex 20 149.605 432.708
      vertex 20 155.202 429.857
      vertex 20 149.93 432.987
    endloop
  endfacet
  facet normal 1 -0 0
    outer loop
      vertex 20 149.3 432.437
      vertex 20 155.202 429.857
      vertex 20 149.605 432.708
    endloop
  endfacet
  facet normal 1 -0 0
    outer loop
      vertex 20 149.016 432.174
      vertex 20 155.202 429.857
      vertex 20 149.3 432.437
    endloop
  endfacet
  facet normal 1 -0 0
    outer loop
      vertex 20 148.754 431.92
      vertex 20 155.202 429.857
      vertex 20 149.016 432.174
    endloop
  endfacet
  facet normal 1 -0 0
    outer loop
      vertex 20 148.512 431.674
      vertex 20 155.202 429.857
      vertex 20 148.754 431.92
    endloop
  endfacet
  facet normal 1 -0 0
    outer loop
      vertex 20 148.29 431.435
      vertex 20 155.202 429.857
      vertex 20 148.512 431.674
    endloop
  endfacet
  facet normal 1 -0 0
    outer loop
      vertex 20 148.088 431.203
      vertex 20 155.202 429.857
      vertex 20 148.29 431.435
    endloop
  endfacet
  facet normal 1 -0 0
    outer loop
      vertex 20 147.903 430.972
      vertex 20 155.202 429.857
      vertex 20 148.088 431.203
    endloop
  endfacet
  facet normal 1 -0 0
    outer loop
      vertex 20 147.734 430.744
      vertex 20 155.202 429.857
      vertex 20 147.903 430.972
    endloop
  endfacet
  facet normal 1 -0 0
    outer loop
      vertex 20 147.582 430.519
      vertex 20 155.202 429.857
      vertex 20 147.734 430.744
    endloop
  endfacet
  facet normal 1 -0 0
    outer loop
      vertex 20 147.447 430.296
      vertex 20 155.202 429.857
      vertex 20 147.582 430.519
    endloop
  endfacet
  facet normal 1 -0 0
    outer loop
      vertex 20 147.329 430.075
      vertex 20 155.202 429.857
      vertex 20 147.447 430.296
    endloop
  endfacet
  facet normal 1 0 0
    outer loop
      vertex 20 155.202 429.857
      vertex 20 147.329 430.075
      vertex 20 147.227 429.857
    endloop
  endfacet
  facet normal 1 0 0
    outer loop
      vertex 20 150.531 442.092
      vertex 20 152.956 439.459
      vertex 20 152.941 439.807
    endloop
  endfacet
  facet normal 1 0 0
    outer loop
      vertex 20 152.956 439.459
      vertex 20 150.531 442.092
      vertex 20 152.947 439.196
    endloop
  endfacet
  facet normal 1 0 0
    outer loop
      vertex 20 150.871 442.05
      vertex 20 152.941 439.807
      vertex 20 152.896 440.132
    endloop
  endfacet
  facet normal 1 0 0
    outer loop
      vertex 20 150.168 442.106
      vertex 20 152.947 439.196
      vertex 20 150.531 442.092
    endloop
  endfacet
  facet normal 1 0 0
    outer loop
      vertex 20 151.187 441.979
      vertex 20 152.896 440.132
      vertex 20 152.82 440.434
    endloop
  endfacet
  facet normal 1 0 0
    outer loop
      vertex 20 152.947 439.196
      vertex 20 150.168 442.106
      vertex 20 152.921 438.942
    endloop
  endfacet
  facet normal 1 0 0
    outer loop
      vertex 20 152.921 438.942
      vertex 20 150.168 442.106
      vertex 20 152.877 438.695
    endloop
  endfacet
  facet normal 1 0 0
    outer loop
      vertex 20 151.187 441.979
      vertex 20 152.82 440.434
      vertex 20 152.715 440.713
    endloop
  endfacet
  facet normal 1 0 0
    outer loop
      vertex 20 152.941 439.807
      vertex 20 150.871 442.05
      vertex 20 150.531 442.092
    endloop
  endfacet
  facet normal 1 0 0
    outer loop
      vertex 20 151.187 441.979
      vertex 20 152.715 440.713
      vertex 20 152.58 440.969
    endloop
  endfacet
  facet normal 1 0 0
    outer loop
      vertex 20 152.877 438.695
      vertex 20 150.168 442.106
      vertex 20 152.816 438.456
    endloop
  endfacet
  facet normal 1 0 0
    outer loop
      vertex 20 151.187 441.979
      vertex 20 152.58 440.969
      vertex 20 152.414 441.202
    endloop
  endfacet
  facet normal 1 0 0
    outer loop
      vertex 20 152.816 438.456
      vertex 20 150.168 442.106
      vertex 20 152.737 438.226
    endloop
  endfacet
  facet normal 1 -0 0
    outer loop
      vertex 20 149.82 442.093
      vertex 20 152.737 438.226
      vertex 20 150.168 442.106
    endloop
  endfacet
  facet normal 1 0 0
    outer loop
      vertex 20 151.187 441.979
      vertex 20 152.414 441.202
      vertex 20 152.218 441.412
    endloop
  endfacet
  facet normal 1 0 0
    outer loop
      vertex 20 152.896 440.132
      vertex 20 151.187 441.979
      vertex 20 150.871 442.05
    endloop
  endfacet
  facet normal 1 0 0
    outer loop
      vertex 20 151.187 441.979
      vertex 20 152.218 441.412
      vertex 20 151.996 441.596
    endloop
  endfacet
  facet normal 1 0 0
    outer loop
      vertex 20 152.737 438.226
      vertex 20 149.82 442.093
      vertex 20 152.641 438.003
    endloop
  endfacet
  facet normal 1 0 0
    outer loop
      vertex 20 152.641 438.003
      vertex 20 149.82 442.093
      vertex 20 152.527 437.788
    endloop
  endfacet
  facet normal 1 0 0
    outer loop
      vertex 20 151.187 441.979
      vertex 20 151.996 441.596
      vertex 20 151.75 441.752
    endloop
  endfacet
  facet normal 1 -0 0
    outer loop
      vertex 20 147.162 439.524
      vertex 20 152.527 437.788
      vertex 20 149.82 442.093
    endloop
  endfacet
  facet normal 1 0 0
    outer loop
      vertex 20 151.187 441.979
      vertex 20 151.75 441.752
      vertex 20 151.48 441.88
    endloop
  endfacet
  facet normal 1 0 0
    outer loop
      vertex 20 152.527 437.788
      vertex 20 147.162 439.524
      vertex 20 152.4 437.579
    endloop
  endfacet
  facet normal 1 0 0
    outer loop
      vertex 20 152.4 437.579
      vertex 20 147.162 439.524
      vertex 20 152.261 437.372
    endloop
  endfacet
  facet normal 1 0 0
    outer loop
      vertex 20 152.261 437.372
      vertex 20 147.162 439.524
      vertex 20 152.111 437.168
    endloop
  endfacet
  facet normal 1 0 0
    outer loop
      vertex 20 152.111 437.168
      vertex 20 147.162 439.524
      vertex 20 151.951 436.966
    endloop
  endfacet
  facet normal 1 0 0
    outer loop
      vertex 20 151.779 436.767
      vertex 20 147.162 439.524
      vertex 20 151.597 436.571
    endloop
  endfacet
  facet normal 1 0 0
    outer loop
      vertex 20 151.597 436.571
      vertex 20 147.162 439.524
      vertex 20 151.404 436.377
    endloop
  endfacet
  facet normal 1 0 0
    outer loop
      vertex 20 150.994 435.993
      vertex 20 147.162 439.524
      vertex 20 150.778 435.801
    endloop
  endfacet
  facet normal 1 0 0
    outer loop
      vertex 20 151.203 436.185
      vertex 20 147.162 439.524
      vertex 20 150.994 435.993
    endloop
  endfacet
  facet normal 1 0 0
    outer loop
      vertex 20 150.778 435.801
      vertex 20 147.162 439.524
      vertex 20 150.556 435.609
    endloop
  endfacet
  facet normal 1 0 0
    outer loop
      vertex 20 151.404 436.377
      vertex 20 147.162 439.524
      vertex 20 151.203 436.185
    endloop
  endfacet
  facet normal 1 0 0
    outer loop
      vertex 20 150.556 435.609
      vertex 20 147.162 439.524
      vertex 20 150.327 435.417
    endloop
  endfacet
  facet normal 1 0 0
    outer loop
      vertex 20 150.327 435.417
      vertex 20 147.162 439.524
      vertex 20 150.09 435.224
    endloop
  endfacet
  facet normal 1 0 0
    outer loop
      vertex 20 151.951 436.966
      vertex 20 147.162 439.524
      vertex 20 151.779 436.767
    endloop
  endfacet
  facet normal 1 0 0
    outer loop
      vertex 20 150.09 435.224
      vertex 20 147.162 439.524
      vertex 20 149.847 435.032
    endloop
  endfacet
  facet normal 1 0 0
    outer loop
      vertex 20 147.162 439.524
      vertex 20 149.82 442.093
      vertex 20 149.49 442.051
    endloop
  endfacet
  facet normal 1 0 0
    outer loop
      vertex 20 149.847 435.032
      vertex 20 147.162 439.524
      vertex 20 149.601 434.838
    endloop
  endfacet
  facet normal 1 0 0
    outer loop
      vertex 20 147.216 439.863
      vertex 20 149.49 442.051
      vertex 20 149.179 441.982
    endloop
  endfacet
  facet normal 1 0 0
    outer loop
      vertex 20 149.601 434.838
      vertex 20 147.162 439.524
      vertex 20 149.353 434.639
    endloop
  endfacet
  facet normal 1 0 0
    outer loop
      vertex 20 147.216 439.863
      vertex 20 149.179 441.982
      vertex 20 148.885 441.885
    endloop
  endfacet
  facet normal 1 0 0
    outer loop
      vertex 20 149.353 434.639
      vertex 20 147.162 439.524
      vertex 20 149.105 434.435
    endloop
  endfacet
  facet normal 1 0 0
    outer loop
      vertex 20 147.297 440.18
      vertex 20 148.885 441.885
      vertex 20 148.609 441.76
    endloop
  endfacet
  facet normal 1 0 0
    outer loop
      vertex 20 149.105 434.435
      vertex 20 147.162 439.524
      vertex 20 148.856 434.226
    endloop
  endfacet
  facet normal 1 0 0
    outer loop
      vertex 20 148.856 434.226
      vertex 20 147.162 439.524
      vertex 20 148.607 434.013
    endloop
  endfacet
  facet normal 1 0 0
    outer loop
      vertex 20 147.297 440.18
      vertex 20 148.609 441.76
      vertex 20 148.351 441.608
    endloop
  endfacet
  facet normal 1 0 0
    outer loop
      vertex 20 147.297 440.18
      vertex 20 148.351 441.608
      vertex 20 148.111 441.428
    endloop
  endfacet
  facet normal 1 0 0
    outer loop
      vertex 20 148.607 434.013
      vertex 20 147.162 439.524
      vertex 20 148.357 433.795
    endloop
  endfacet
  facet normal 1 0 0
    outer loop
      vertex 20 147.297 440.18
      vertex 20 148.111 441.428
      vertex 20 147.894 441.223
    endloop
  endfacet
  facet normal 1 -0 0
    outer loop
      vertex 20 143.147 434.967
      vertex 20 148.357 433.795
      vertex 20 147.162 439.524
    endloop
  endfacet
  facet normal 1 0 0
    outer loop
      vertex 20 147.297 440.18
      vertex 20 147.894 441.223
      vertex 20 147.704 440.996
    endloop
  endfacet
  facet normal 1 0 0
    outer loop
      vertex 20 143.147 434.967
      vertex 20 147.162 439.524
      vertex 20 145.166 439.708
    endloop
  endfacet
  facet normal 1 0 0
    outer loop
      vertex 20 147.297 440.18
      vertex 20 147.704 440.996
      vertex 20 147.541 440.746
    endloop
  endfacet
  facet normal 1 0 0
    outer loop
      vertex 20 147.297 440.18
      vertex 20 147.541 440.746
      vertex 20 147.406 440.474
    endloop
  endfacet
  facet normal 1 0 0
    outer loop
      vertex 20 148.357 433.795
      vertex 20 143.147 434.967
      vertex 20 148.106 433.573
    endloop
  endfacet
  facet normal 1 0 0
    outer loop
      vertex 20 148.885 441.885
      vertex 20 147.297 440.18
      vertex 20 147.216 439.863
    endloop
  endfacet
  facet normal 1 0 0
    outer loop
      vertex 20 149.49 442.051
      vertex 20 147.216 439.863
      vertex 20 147.162 439.524
    endloop
  endfacet
  facet normal 1 0 0
    outer loop
      vertex 20 148.106 433.573
      vertex 20 143.147 434.967
      vertex 20 147.857 433.344
    endloop
  endfacet
  facet normal 1 0 0
    outer loop
      vertex 20 147.857 433.344
      vertex 20 143.147 434.967
      vertex 20 147.61 433.108
    endloop
  endfacet
  facet normal 1 0 0
    outer loop
      vertex 20 147.61 433.108
      vertex 20 143.147 434.967
      vertex 20 147.368 432.865
    endloop
  endfacet
  facet normal 1 0 0
    outer loop
      vertex 20 147.368 432.865
      vertex 20 143.147 434.967
      vertex 20 147.128 432.614
    endloop
  endfacet
  facet normal 1 -0 0
    outer loop
      vertex 20 143.147 433.231
      vertex 20 147.128 432.614
      vertex 20 143.147 434.967
    endloop
  endfacet
  facet normal 1 0 0
    outer loop
      vertex 20 147.128 432.614
      vertex 20 143.147 433.231
      vertex 20 146.892 432.355
    endloop
  endfacet
  facet normal 1 0 0
    outer loop
      vertex 20 146.892 432.355
      vertex 20 143.147 433.231
      vertex 20 146.659 432.089
    endloop
  endfacet
  facet normal 1 0 0
    outer loop
      vertex 20 146.659 432.089
      vertex 20 143.147 433.231
      vertex 20 146.43 431.815
    endloop
  endfacet
  facet normal 1 0 0
    outer loop
      vertex 20 146.43 431.815
      vertex 20 143.147 433.231
      vertex 20 146.207 431.532
    endloop
  endfacet
  facet normal 1 0 0
    outer loop
      vertex 20 146.207 431.532
      vertex 20 143.147 433.231
      vertex 20 145.994 431.236
    endloop
  endfacet
  facet normal 1 0 0
    outer loop
      vertex 20 145.994 431.236
      vertex 20 143.147 433.231
      vertex 20 145.791 430.928
    endloop
  endfacet
  facet normal 1 0 0
    outer loop
      vertex 20 145.791 430.928
      vertex 20 143.147 433.231
      vertex 20 145.598 430.608
    endloop
  endfacet
  facet normal 1 0 0
    outer loop
      vertex 20 145.598 430.608
      vertex 20 143.147 433.231
      vertex 20 145.415 430.276
    endloop
  endfacet
  facet normal 1 0 0
    outer loop
      vertex 20 118.426 433.231
      vertex 20 109.265 429.889
      vertex 20 116.99 429.889
    endloop
  endfacet
  facet normal 1 0 0
    outer loop
      vertex 20 127.508 435.846
      vertex 20 134.17 435.846
      vertex 20 134.154 436.754
    endloop
  endfacet
  facet normal 1 -0 0
    outer loop
      vertex 20 127.524 436.765
      vertex 20 134.154 436.754
      vertex 20 134.108 437.588
    endloop
  endfacet
  facet normal 1 0 0
    outer loop
      vertex 20 134.17 435.846
      vertex 20 127.508 435.846
      vertex 20 134.154 434.968
    endloop
  endfacet
  facet normal 1 -0 0
    outer loop
      vertex 20 127.572 437.608
      vertex 20 134.108 437.588
      vertex 20 134.03 438.348
    endloop
  endfacet
  facet normal 1 0 -0
    outer loop
      vertex 20 127.524 434.952
      vertex 20 134.154 434.968
      vertex 20 127.508 435.846
    endloop
  endfacet
  facet normal 1 -0 0
    outer loop
      vertex 20 127.653 438.373
      vertex 20 134.03 438.348
      vertex 20 133.92 439.033
    endloop
  endfacet
  facet normal 1 0 0
    outer loop
      vertex 20 134.154 434.968
      vertex 20 127.524 434.952
      vertex 20 134.104 434.158
    endloop
  endfacet
  facet normal 1 -0 0
    outer loop
      vertex 20 127.765 439.061
      vertex 20 133.92 439.033
      vertex 20 133.78 439.643
    endloop
  endfacet
  facet normal 1 0 -0
    outer loop
      vertex 20 127.573 434.129
      vertex 20 134.104 434.158
      vertex 20 127.524 434.952
    endloop
  endfacet
  facet normal 1 -0 0
    outer loop
      vertex 20 127.909 439.672
      vertex 20 133.78 439.643
      vertex 20 133.608 440.18
    endloop
  endfacet
  facet normal 1 0 0
    outer loop
      vertex 20 134.104 434.158
      vertex 20 127.573 434.129
      vertex 20 134.023 433.415
    endloop
  endfacet
  facet normal 1 0 0
    outer loop
      vertex 20 130.883 442.128
      vertex 20 133.608 440.18
      vertex 20 133.405 440.642
    endloop
  endfacet
  facet normal 1 0 -0
    outer loop
      vertex 20 127.655 433.377
      vertex 20 134.023 433.415
      vertex 20 127.573 434.129
    endloop
  endfacet
  facet normal 1 0 0
    outer loop
      vertex 20 131.364 442.098
      vertex 20 133.405 440.642
      vertex 20 133.166 441.036
    endloop
  endfacet
  facet normal 1 0 0
    outer loop
      vertex 20 134.023 433.415
      vertex 20 127.655 433.377
      vertex 20 133.908 432.739
    endloop
  endfacet
  facet normal 1 0 0
    outer loop
      vertex 20 131.806 442.007
      vertex 20 133.166 441.036
      vertex 20 132.887 441.37
    endloop
  endfacet
  facet normal 1 0 -0
    outer loop
      vertex 20 127.769 432.696
      vertex 20 133.908 432.739
      vertex 20 127.655 433.377
    endloop
  endfacet
  facet normal 1 0 0
    outer loop
      vertex 20 131.806 442.007
      vertex 20 132.887 441.37
      vertex 20 132.567 441.643
    endloop
  endfacet
  facet normal 1 0 0
    outer loop
      vertex 20 133.908 432.739
      vertex 20 127.769 432.696
      vertex 20 133.76 432.13
    endloop
  endfacet
  facet normal 1 0 0
    outer loop
      vertex 20 131.806 442.007
      vertex 20 132.567 441.643
      vertex 20 132.207 441.855
    endloop
  endfacet
  facet normal 1 0 -0
    outer loop
      vertex 20 127.915 432.087
      vertex 20 133.76 432.13
      vertex 20 127.769 432.696
    endloop
  endfacet
  facet normal 1 0 0
    outer loop
      vertex 20 133.166 441.036
      vertex 20 131.806 442.007
      vertex 20 131.364 442.098
    endloop
  endfacet
  facet normal 1 0 0
    outer loop
      vertex 20 133.76 432.13
      vertex 20 127.915 432.087
      vertex 20 133.58 431.589
    endloop
  endfacet
  facet normal 1 0 0
    outer loop
      vertex 20 133.405 440.642
      vertex 20 131.364 442.098
      vertex 20 130.883 442.128
    endloop
  endfacet
  facet normal 1 0 -0
    outer loop
      vertex 20 128.094 431.549
      vertex 20 133.58 431.589
      vertex 20 127.915 432.087
    endloop
  endfacet
  facet normal 1 0 0
    outer loop
      vertex 20 133.608 440.18
      vertex 20 130.883 442.128
      vertex 20 128.086 440.206
    endloop
  endfacet
  facet normal 1 0 0
    outer loop
      vertex 20 133.58 431.589
      vertex 20 128.094 431.549
      vertex 20 133.367 431.115
    endloop
  endfacet
  facet normal 1 0 0
    outer loop
      vertex 20 128.086 440.206
      vertex 20 130.883 442.128
      vertex 20 130.389 442.098
    endloop
  endfacet
  facet normal 1 0 -0
    outer loop
      vertex 20 128.306 431.083
      vertex 20 133.367 431.115
      vertex 20 128.094 431.549
    endloop
  endfacet
  facet normal 1 0 0
    outer loop
      vertex 20 128.295 440.663
      vertex 20 130.389 442.098
      vertex 20 129.936 442.008
    endloop
  endfacet
  facet normal 1 0 -0
    outer loop
      vertex 20 130.839 429.575
      vertex 20 133.367 431.115
      vertex 20 128.306 431.083
    endloop
  endfacet
  facet normal 1 0 0
    outer loop
      vertex 20 128.54 441.052
      vertex 20 129.936 442.008
      vertex 20 129.525 441.859
    endloop
  endfacet
  facet normal 1 0 0
    outer loop
      vertex 20 133.367 431.115
      vertex 20 130.839 429.575
      vertex 20 133.119 430.706
    endloop
  endfacet
  facet normal 1 0 0
    outer loop
      vertex 20 132.833 430.361
      vertex 20 131.313 429.606
      vertex 20 132.51 430.078
    endloop
  endfacet
  facet normal 1 0 0
    outer loop
      vertex 20 128.54 441.052
      vertex 20 129.525 441.859
      vertex 20 129.155 441.65
    endloop
  endfacet
  facet normal 1 0 0
    outer loop
      vertex 20 132.51 430.078
      vertex 20 131.313 429.606
      vertex 20 132.148 429.858
    endloop
  endfacet
  facet normal 1 0 0
    outer loop
      vertex 20 128.54 441.052
      vertex 20 129.155 441.65
      vertex 20 128.827 441.381
    endloop
  endfacet
  facet normal 1 0 0
    outer loop
      vertex 20 132.148 429.858
      vertex 20 131.313 429.606
      vertex 20 131.75 429.7
    endloop
  endfacet
  facet normal 1 0 0
    outer loop
      vertex 20 129.936 442.008
      vertex 20 128.54 441.052
      vertex 20 128.295 440.663
    endloop
  endfacet
  facet normal 1 0 0
    outer loop
      vertex 20 133.119 430.706
      vertex 20 131.313 429.606
      vertex 20 132.833 430.361
    endloop
  endfacet
  facet normal 1 0 0
    outer loop
      vertex 20 130.389 442.098
      vertex 20 128.295 440.663
      vertex 20 128.086 440.206
    endloop
  endfacet
  facet normal 1 0 -0
    outer loop
      vertex 20 131.313 429.606
      vertex 20 133.119 430.706
      vertex 20 130.839 429.575
    endloop
  endfacet
  facet normal 1 0 0
    outer loop
      vertex 20 133.608 440.18
      vertex 20 128.086 440.206
      vertex 20 127.909 439.672
    endloop
  endfacet
  facet normal 1 0 0
    outer loop
      vertex 20 130.839 429.575
      vertex 20 128.306 431.083
      vertex 20 130.362 429.605
    endloop
  endfacet
  facet normal 1 0 0
    outer loop
      vertex 20 133.78 439.643
      vertex 20 127.909 439.672
      vertex 20 127.765 439.061
    endloop
  endfacet
  facet normal 1 -0 -0
    outer loop
      vertex 20 128.553 430.683
      vertex 20 130.362 429.605
      vertex 20 128.306 431.083
    endloop
  endfacet
  facet normal 1 0 0
    outer loop
      vertex 20 133.92 439.033
      vertex 20 127.765 439.061
      vertex 20 127.653 438.373
    endloop
  endfacet
  facet normal 1 0 0
    outer loop
      vertex 20 129.924 429.698
      vertex 20 128.553 430.683
      vertex 20 129.523 429.852
    endloop
  endfacet
  facet normal 1 0 0
    outer loop
      vertex 20 134.03 438.348
      vertex 20 127.653 438.373
      vertex 20 127.572 437.608
    endloop
  endfacet
  facet normal 1 0 0
    outer loop
      vertex 20 129.161 430.067
      vertex 20 128.553 430.683
      vertex 20 128.838 430.344
    endloop
  endfacet
  facet normal 1 0 0
    outer loop
      vertex 20 134.108 437.588
      vertex 20 127.572 437.608
      vertex 20 127.524 436.765
    endloop
  endfacet
  facet normal 1 0 0
    outer loop
      vertex 20 129.523 429.852
      vertex 20 128.553 430.683
      vertex 20 129.161 430.067
    endloop
  endfacet
  facet normal 1 0 0
    outer loop
      vertex 20 134.154 436.754
      vertex 20 127.524 436.765
      vertex 20 127.508 435.846
    endloop
  endfacet
  facet normal 1 0 0
    outer loop
      vertex 20 130.362 429.605
      vertex 20 128.553 430.683
      vertex 20 129.924 429.698
    endloop
  endfacet
  facet normal -1 0 0
    outer loop
      vertex 0 20 352.533
      vertex 0 241.4 518.8
      vertex 0 241.4 352.533
    endloop
  endfacet
  facet normal -1 -0 0
    outer loop
      vertex 0 241.4 518.8
      vertex 0 20 352.533
      vertex 0 20 518.8
    endloop
  endfacet
  facet normal 0 -1 0
    outer loop
      vertex 0 20 518.8
      vertex 2.65 20 366.883
      vertex 5.25369 20 518.8
    endloop
  endfacet
  facet normal 0 -1 0
    outer loop
      vertex 0 20 352.533
      vertex 2.65 20 366.883
      vertex 0 20 518.8
    endloop
  endfacet
  facet normal 0 -1 -0
    outer loop
      vertex 2.65 20 366.883
      vertex 0 20 352.533
      vertex 2.65 20 366.863
    endloop
  endfacet
  facet normal 0 -1 0
    outer loop
      vertex 0 20 352.533
      vertex 5.25369 20 354.426
      vertex 2.65 20 366.863
    endloop
  endfacet
  facet normal 0 -1 -0
    outer loop
      vertex 5.25369 20 354.426
      vertex 0 20 352.533
      vertex 5.25369 20 352.533
    endloop
  endfacet
  facet normal 0 -1 -0
    outer loop
      vertex 5.25369 20 518.8
      vertex 2.65 20 366.883
      vertex 5.25369 20 366.883
    endloop
  endfacet
  facet normal 0 -1 0
    outer loop
      vertex 17.35 20 366.883
      vertex 14.7463 20 518.8
      vertex 14.7463 20 366.883
    endloop
  endfacet
  facet normal 0 -1 0
    outer loop
      vertex 14.7463 20 518.8
      vertex 17.35 20 366.883
      vertex 20 20 518.8
    endloop
  endfacet
  facet normal 0 -1 0
    outer loop
      vertex 20 20 352.533
      vertex 17.35 20 366.883
      vertex 17.35 20 366.863
    endloop
  endfacet
  facet normal 0 -1 0
    outer loop
      vertex 20 20 352.533
      vertex 14.7463 20 354.426
      vertex 14.7463 20 352.533
    endloop
  endfacet
  facet normal 0 -1 0
    outer loop
      vertex 17.35 20 366.883
      vertex 20 20 352.533
      vertex 20 20 518.8
    endloop
  endfacet
  facet normal 0 -1 0
    outer loop
      vertex 14.7463 20 354.426
      vertex 20 20 352.533
      vertex 17.35 20 366.863
    endloop
  endfacet
  facet normal -0 0 1
    outer loop
      vertex 0 241.4 518.8
      vertex 5.25369 20 518.8
      vertex 5.25369 241.4 518.8
    endloop
  endfacet
  facet normal 0 0 1
    outer loop
      vertex 5.25369 20 518.8
      vertex 0 241.4 518.8
      vertex 0 20 518.8
    endloop
  endfacet
  facet normal -0 0 1
    outer loop
      vertex 14.7463 241.4 518.8
      vertex 20 20 518.8
      vertex 20 241.4 518.8
    endloop
  endfacet
  facet normal 0 0 1
    outer loop
      vertex 20 20 518.8
      vertex 14.7463 241.4 518.8
      vertex 14.7463 20 518.8
    endloop
  endfacet
  facet normal 0 0 1
    outer loop
      vertex 3 255.38 518.8
      vertex 17 255.38 518.8
      vertex 17 255.4 518.8
    endloop
  endfacet
  facet normal 0 0 1
    outer loop
      vertex 17 255.38 518.8
      vertex 6 241.4 518.8
      vertex 14 241.4 518.8
    endloop
  endfacet
  facet normal 0 0 1
    outer loop
      vertex 3 255.38 518.8
      vertex 17 255.4 518.8
      vertex 3 255.4 518.8
    endloop
  endfacet
  facet normal 0 0 1
    outer loop
      vertex 17 255.38 518.8
      vertex 3 255.38 518.8
      vertex 6 241.4 518.8
    endloop
  endfacet
  facet normal 0 0 -1
    outer loop
      vertex 3 9.02 352.533
      vertex 17 9.02 352.533
      vertex 17 9 352.533
    endloop
  endfacet
  facet normal 0 0 -1
    outer loop
      vertex 17 9.02 352.533
      vertex 5.25369 20 352.533
      vertex 14.7463 20 352.533
    endloop
  endfacet
  facet normal 0 0 -1
    outer loop
      vertex 14.7463 20 352.533
      vertex 5.25369 20 352.533
      vertex 14.35 21.2 352.533
    endloop
  endfacet
  facet normal 0 0 -1
    outer loop
      vertex 0 20 352.533
      vertex 5.65 21.2 352.533
      vertex 5.25369 20 352.533
    endloop
  endfacet
  facet normal -0 0 -1
    outer loop
      vertex 14.35 21.2 352.533
      vertex 5.25369 20 352.533
      vertex 5.65 21.2 352.533
    endloop
  endfacet
  facet normal 0 0 -1
    outer loop
      vertex 3 9.02 352.533
      vertex 17 9 352.533
      vertex 3 9 352.533
    endloop
  endfacet
  facet normal 0 0 -1
    outer loop
      vertex 17 9.02 352.533
      vertex 3 9.02 352.533
      vertex 5.25369 20 352.533
    endloop
  endfacet
  facet normal 0 0 -1
    outer loop
      vertex 14.35 21.2 352.533
      vertex 20 20 352.533
      vertex 14.7463 20 352.533
    endloop
  endfacet
  facet normal 0 0 -1
    outer loop
      vertex 20 20 352.533
      vertex 14.35 21.2 352.533
      vertex 20 241.4 352.533
    endloop
  endfacet
  facet normal -0 0 -1
    outer loop
      vertex 20 241.4 352.533
      vertex 14.35 21.2 352.533
      vertex 14.35 241.4 352.533
    endloop
  endfacet
  facet normal 0 0 -1
    outer loop
      vertex 0 241.4 352.533
      vertex 5.65 21.2 352.533
      vertex 0 20 352.533
    endloop
  endfacet
  facet normal 0 0 -1
    outer loop
      vertex 5.65 21.2 352.533
      vertex 0 241.4 352.533
      vertex 5.65 241.4 352.533
    endloop
  endfacet
  facet normal 0 0 -1
    outer loop
      vertex 5.92489 241.75 352.533
      vertex 17 255.38 352.533
      vertex 14.0751 241.75 352.533
    endloop
  endfacet
  facet normal 0 0 -1
    outer loop
      vertex 3 255.38 352.533
      vertex 17 255.38 352.533
      vertex 5.92489 241.75 352.533
    endloop
  endfacet
  facet normal 0 0 -1
    outer loop
      vertex 17 255.38 352.533
      vertex 3 255.38 352.533
      vertex 17 255.4 352.533
    endloop
  endfacet
  facet normal -0 0 -1
    outer loop
      vertex 17 255.4 352.533
      vertex 3 255.38 352.533
      vertex 3 255.4 352.533
    endloop
  endfacet
  facet normal 0 1 -0
    outer loop
      vertex 17 255.4 352.533
      vertex 3 255.4 518.8
      vertex 17 255.4 518.8
    endloop
  endfacet
  facet normal 0 1 0
    outer loop
      vertex 3 255.4 518.8
      vertex 17 255.4 352.533
      vertex 3 255.4 352.533
    endloop
  endfacet
  facet normal -0.977741 -0.209815 -0
    outer loop
      vertex 5.92489 241.75 366.883
      vertex 3 255.38 352.533
      vertex 5.92489 241.75 352.533
    endloop
  endfacet
  facet normal -0.977741 -0.209815 0
    outer loop
      vertex 3 255.38 352.533
      vertex 5.92489 241.75 366.883
      vertex 3 255.38 518.8
    endloop
  endfacet
  facet normal -0.977739 -0.209823 -0
    outer loop
      vertex 6 241.4 518.8
      vertex 5.92489 241.75 366.883
      vertex 6 241.4 366.883
    endloop
  endfacet
  facet normal -0.977741 -0.209816 1.74021e-08
    outer loop
      vertex 5.92489 241.75 366.883
      vertex 6 241.4 518.8
      vertex 3 255.38 518.8
    endloop
  endfacet
  facet normal -1 0 0
    outer loop
      vertex 3 255.38 352.533
      vertex 3 255.4 518.8
      vertex 3 255.4 352.533
    endloop
  endfacet
  facet normal -1 -0 0
    outer loop
      vertex 3 255.4 518.8
      vertex 3 255.38 352.533
      vertex 3 255.38 518.8
    endloop
  endfacet
  facet normal 0.977741 -0.209816 0
    outer loop
      vertex 17 255.38 518.8
      vertex 14.0751 241.75 366.883
      vertex 17 255.38 352.533
    endloop
  endfacet
  facet normal 0.977741 -0.209816 -4.69581e-08
    outer loop
      vertex 14 241.4 518.8
      vertex 14.0751 241.75 366.883
      vertex 17 255.38 518.8
    endloop
  endfacet
  facet normal 0.977745 -0.209796 0
    outer loop
      vertex 14.0751 241.75 366.883
      vertex 14 241.4 518.8
      vertex 14 241.4 366.883
    endloop
  endfacet
  facet normal 0.977741 -0.209816 0
    outer loop
      vertex 17 255.38 352.533
      vertex 14.0751 241.75 366.883
      vertex 14.0751 241.75 352.533
    endloop
  endfacet
  facet normal 1 -0 0
    outer loop
      vertex 17 255.38 518.8
      vertex 17 255.4 352.533
      vertex 17 255.4 518.8
    endloop
  endfacet
  facet normal 1 0 0
    outer loop
      vertex 17 255.4 352.533
      vertex 17 255.38 518.8
      vertex 17 255.38 352.533
    endloop
  endfacet
  facet normal 0 -1 0
    outer loop
      vertex 5.92489 241.75 352.533
      vertex 14.0751 241.75 366.883
      vertex 5.92489 241.75 366.883
    endloop
  endfacet
  facet normal 0 -1 -0
    outer loop
      vertex 14.0751 241.75 366.883
      vertex 5.92489 241.75 352.533
      vertex 14.0751 241.75 352.533
    endloop
  endfacet
  facet normal -0.97881 0 0.204772
    outer loop
      vertex 14.5 21.2 353.25
      vertex 14.35 241.4 352.533
      vertex 14.35 21.2 352.533
    endloop
  endfacet
  facet normal -0.978781 4.65279e-07 0.204909
    outer loop
      vertex 14.35 241.4 352.533
      vertex 14.5 21.2 353.25
      vertex 17.35 241.4 366.863
    endloop
  endfacet
  facet normal -0.978781 -8.40703e-05 0.204909
    outer loop
      vertex 17.35 20 366.863
      vertex 14.5 21.2 353.25
      vertex 14.7463 20 354.426
    endloop
  endfacet
  facet normal -0.97878 0 0.204916
    outer loop
      vertex 14.5 21.2 353.25
      vertex 17.35 20 366.863
      vertex 17.35 241.4 366.863
    endloop
  endfacet
  facet normal 0 0 -1
    outer loop
      vertex 14.5 21.2 366.883
      vertex 17.35 20 366.883
      vertex 14.7463 20 366.883
    endloop
  endfacet
  facet normal 0 0 -1
    outer loop
      vertex 17.35 20 366.883
      vertex 14.5 21.2 366.883
      vertex 17.35 241.4 366.883
    endloop
  endfacet
  facet normal 0 0 -1
    outer loop
      vertex 14.5 21.2 366.883
      vertex 14 241.4 366.883
      vertex 17.35 241.4 366.883
    endloop
  endfacet
  facet normal 0 0 -1
    outer loop
      vertex 14.5 21.2 366.883
      vertex 6 241.4 366.883
      vertex 14 241.4 366.883
    endloop
  endfacet
  facet normal 0 0 -1
    outer loop
      vertex 5.5 21.2 366.883
      vertex 6 241.4 366.883
      vertex 14.5 21.2 366.883
    endloop
  endfacet
  facet normal 0 0 -1
    outer loop
      vertex 2.65 20 366.883
      vertex 5.5 21.2 366.883
      vertex 5.25369 20 366.883
    endloop
  endfacet
  facet normal 0 0 -1
    outer loop
      vertex 2.65 241.4 366.883
      vertex 5.5 21.2 366.883
      vertex 2.65 20 366.883
    endloop
  endfacet
  facet normal 0 0 -1
    outer loop
      vertex 5.5 21.2 366.883
      vertex 2.65 241.4 366.883
      vertex 6 241.4 366.883
    endloop
  endfacet
  facet normal 0 0 -1
    outer loop
      vertex 6 241.4 366.883
      vertex 14.0751 241.75 366.883
      vertex 14 241.4 366.883
    endloop
  endfacet
  facet normal -0 0 -1
    outer loop
      vertex 14.0751 241.75 366.883
      vertex 6 241.4 366.883
      vertex 5.92489 241.75 366.883
    endloop
  endfacet
  facet normal -1 0 0
    outer loop
      vertex 17.35 20 366.863
      vertex 17.35 241.4 366.883
      vertex 17.35 241.4 366.863
    endloop
  endfacet
  facet normal -1 -0 0
    outer loop
      vertex 17.35 241.4 366.883
      vertex 17.35 20 366.863
      vertex 17.35 20 366.883
    endloop
  endfacet
  facet normal 0.978781 4.65279e-07 0.204909
    outer loop
      vertex 2.65 241.4 366.863
      vertex 5.5 21.2 353.25
      vertex 5.65 241.4 352.533
    endloop
  endfacet
  facet normal 0.97878 -0 0.204916
    outer loop
      vertex 2.65 20 366.863
      vertex 5.5 21.2 353.25
      vertex 2.65 241.4 366.863
    endloop
  endfacet
  facet normal 0.978781 -9.29981e-05 0.204908
    outer loop
      vertex 5.5 21.2 353.25
      vertex 2.65 20 366.863
      vertex 5.25369 20 354.426
    endloop
  endfacet
  facet normal 0.97881 0 0.204772
    outer loop
      vertex 5.65 241.4 352.533
      vertex 5.5 21.2 353.25
      vertex 5.65 21.2 352.533
    endloop
  endfacet
  facet normal 1 -0 0
    outer loop
      vertex 2.65 20 366.883
      vertex 2.65 241.4 366.863
      vertex 2.65 241.4 366.883
    endloop
  endfacet
  facet normal 1 0 0
    outer loop
      vertex 2.65 241.4 366.863
      vertex 2.65 20 366.883
      vertex 2.65 20 366.863
    endloop
  endfacet
  facet normal 1 -0 0
    outer loop
      vertex 19 134.154 436.754
      vertex 19 136.155 435.846
      vertex 19 136.129 436.92
    endloop
  endfacet
  facet normal 1 -0 0
    outer loop
      vertex 19 134.108 437.588
      vertex 19 136.129 436.92
      vertex 19 136.051 437.916
    endloop
  endfacet
  facet normal 1 0 0
    outer loop
      vertex 19 136.155 435.846
      vertex 19 134.154 436.754
      vertex 19 134.17 435.846
    endloop
  endfacet
  facet normal 1 -0 0
    outer loop
      vertex 19 134.03 438.348
      vertex 19 136.051 437.916
      vertex 19 135.919 438.834
    endloop
  endfacet
  facet normal 1 0 0
    outer loop
      vertex 19 136.155 435.846
      vertex 19 134.154 434.968
      vertex 19 136.128 434.789
    endloop
  endfacet
  facet normal 1 -0 0
    outer loop
      vertex 19 133.92 439.033
      vertex 19 135.919 438.834
      vertex 19 135.736 439.674
    endloop
  endfacet
  facet normal 1 0 0
    outer loop
      vertex 19 134.104 434.158
      vertex 19 136.128 434.789
      vertex 19 134.154 434.968
    endloop
  endfacet
  facet normal 1 0 0
    outer loop
      vertex 19 133.78 439.643
      vertex 19 135.736 439.674
      vertex 19 135.499 440.436
    endloop
  endfacet
  facet normal 1 0 0
    outer loop
      vertex 19 136.128 434.789
      vertex 19 134.104 434.158
      vertex 19 136.045 433.805
    endloop
  endfacet
  facet normal 1 0 0
    outer loop
      vertex 19 133.608 440.18
      vertex 19 135.499 440.436
      vertex 19 135.211 441.12
    endloop
  endfacet
  facet normal 1 0 0
    outer loop
      vertex 19 134.023 433.415
      vertex 19 136.045 433.805
      vertex 19 134.104 434.158
    endloop
  endfacet
  facet normal 1 0 0
    outer loop
      vertex 19 133.405 440.642
      vertex 19 135.211 441.12
      vertex 19 134.87 441.727
    endloop
  endfacet
  facet normal 1 0 0
    outer loop
      vertex 19 136.045 433.805
      vertex 19 134.023 433.415
      vertex 19 135.907 432.896
    endloop
  endfacet
  facet normal 1 0 0
    outer loop
      vertex 19 133.166 441.036
      vertex 19 134.87 441.727
      vertex 19 134.473 442.253
    endloop
  endfacet
  facet normal 1 0 0
    outer loop
      vertex 19 133.908 432.739
      vertex 19 135.907 432.896
      vertex 19 134.023 433.415
    endloop
  endfacet
  facet normal 1 0 0
    outer loop
      vertex 19 135.907 432.896
      vertex 19 133.908 432.739
      vertex 19 135.714 432.06
    endloop
  endfacet
  facet normal 1 0 0
    outer loop
      vertex 19 134.154 434.968
      vertex 19 136.155 435.846
      vertex 19 134.17 435.846
    endloop
  endfacet
  facet normal 1 0 0
    outer loop
      vertex 19 136.129 436.92
      vertex 19 134.108 437.588
      vertex 19 134.154 436.754
    endloop
  endfacet
  facet normal 1 0 0
    outer loop
      vertex 19 136.051 437.916
      vertex 19 134.03 438.348
      vertex 19 134.108 437.588
    endloop
  endfacet
  facet normal 1 0 0
    outer loop
      vertex 19 132.887 441.37
      vertex 19 134.473 442.253
      vertex 19 134.019 442.699
    endloop
  endfacet
  facet normal 1 0 0
    outer loop
      vertex 19 135.919 438.834
      vertex 19 133.92 439.033
      vertex 19 134.03 438.348
    endloop
  endfacet
  facet normal 1 0 0
    outer loop
      vertex 19 135.736 439.674
      vertex 19 133.78 439.643
      vertex 19 133.92 439.033
    endloop
  endfacet
  facet normal 1 0 0
    outer loop
      vertex 19 135.499 440.436
      vertex 19 133.608 440.18
      vertex 19 133.78 439.643
    endloop
  endfacet
  facet normal 1 0 0
    outer loop
      vertex 19 132.567 441.643
      vertex 19 134.019 442.699
      vertex 19 133.508 443.064
    endloop
  endfacet
  facet normal 1 0 0
    outer loop
      vertex 19 135.211 441.12
      vertex 19 133.405 440.642
      vertex 19 133.608 440.18
    endloop
  endfacet
  facet normal 1 0 0
    outer loop
      vertex 19 134.87 441.727
      vertex 19 133.166 441.036
      vertex 19 133.405 440.642
    endloop
  endfacet
  facet normal 1 0 0
    outer loop
      vertex 19 132.567 441.643
      vertex 19 133.508 443.064
      vertex 19 132.938 443.347
    endloop
  endfacet
  facet normal 1 0 0
    outer loop
      vertex 19 134.473 442.253
      vertex 19 132.887 441.37
      vertex 19 133.166 441.036
    endloop
  endfacet
  facet normal 1 0 0
    outer loop
      vertex 19 134.019 442.699
      vertex 19 132.567 441.643
      vertex 19 132.887 441.37
    endloop
  endfacet
  facet normal 1 0 0
    outer loop
      vertex 19 132.207 441.855
      vertex 19 132.938 443.347
      vertex 19 132.311 443.55
    endloop
  endfacet
  facet normal 1 0 0
    outer loop
      vertex 19 132.938 443.347
      vertex 19 132.207 441.855
      vertex 19 132.567 441.643
    endloop
  endfacet
  facet normal 1 0 0
    outer loop
      vertex 19 132.311 443.55
      vertex 19 131.806 442.007
      vertex 19 132.207 441.855
    endloop
  endfacet
  facet normal 1 0 0
    outer loop
      vertex 19 131.625 443.672
      vertex 19 131.806 442.007
      vertex 19 132.311 443.55
    endloop
  endfacet
  facet normal 1 0 0
    outer loop
      vertex 19 131.625 443.672
      vertex 19 131.364 442.098
      vertex 19 131.806 442.007
    endloop
  endfacet
  facet normal 1 0 0
    outer loop
      vertex 19 130.883 443.712
      vertex 19 131.364 442.098
      vertex 19 131.625 443.672
    endloop
  endfacet
  facet normal 1 0 0
    outer loop
      vertex 19 130.883 443.712
      vertex 19 130.883 442.128
      vertex 19 131.364 442.098
    endloop
  endfacet
  facet normal 1 0 0
    outer loop
      vertex 19 130.883 443.712
      vertex 19 130.389 442.098
      vertex 19 130.883 442.128
    endloop
  endfacet
  facet normal 1 -0 0
    outer loop
      vertex 19 130.119 443.672
      vertex 19 130.389 442.098
      vertex 19 130.883 443.712
    endloop
  endfacet
  facet normal 1 0 0
    outer loop
      vertex 19 130.119 443.672
      vertex 19 129.936 442.008
      vertex 19 130.389 442.098
    endloop
  endfacet
  facet normal 1 -0 0
    outer loop
      vertex 19 129.417 443.552
      vertex 19 129.936 442.008
      vertex 19 130.119 443.672
    endloop
  endfacet
  facet normal 1 0 0
    outer loop
      vertex 19 129.936 442.008
      vertex 19 129.417 443.552
      vertex 19 129.525 441.859
    endloop
  endfacet
  facet normal 1 -0 0
    outer loop
      vertex 19 128.776 443.351
      vertex 19 129.525 441.859
      vertex 19 129.417 443.552
    endloop
  endfacet
  facet normal 1 0 0
    outer loop
      vertex 19 129.525 441.859
      vertex 19 128.776 443.351
      vertex 19 129.155 441.65
    endloop
  endfacet
  facet normal 1 -0 0
    outer loop
      vertex 19 128.195 443.071
      vertex 19 129.155 441.65
      vertex 19 128.776 443.351
    endloop
  endfacet
  facet normal 1 0 0
    outer loop
      vertex 19 129.155 441.65
      vertex 19 128.195 443.071
      vertex 19 128.827 441.381
    endloop
  endfacet
  facet normal 1 -0 0
    outer loop
      vertex 19 127.676 442.71
      vertex 19 128.827 441.381
      vertex 19 128.195 443.071
    endloop
  endfacet
  facet normal 1 -0 0
    outer loop
      vertex 19 127.217 442.269
      vertex 19 128.827 441.381
      vertex 19 127.676 442.71
    endloop
  endfacet
  facet normal 1 0 0
    outer loop
      vertex 19 128.827 441.381
      vertex 19 127.217 442.269
      vertex 19 128.54 441.052
    endloop
  endfacet
  facet normal 1 -0 0
    outer loop
      vertex 19 126.819 441.748
      vertex 19 128.54 441.052
      vertex 19 127.217 442.269
    endloop
  endfacet
  facet normal 1 0 0
    outer loop
      vertex 19 128.54 441.052
      vertex 19 126.819 441.748
      vertex 19 128.295 440.663
    endloop
  endfacet
  facet normal 1 -0 0
    outer loop
      vertex 19 126.478 441.147
      vertex 19 128.295 440.663
      vertex 19 126.819 441.748
    endloop
  endfacet
  facet normal 1 0 0
    outer loop
      vertex 19 128.295 440.663
      vertex 19 126.478 441.147
      vertex 19 128.086 440.206
    endloop
  endfacet
  facet normal 1 -0 0
    outer loop
      vertex 19 126.189 440.465
      vertex 19 128.086 440.206
      vertex 19 126.478 441.147
    endloop
  endfacet
  facet normal 1 0 0
    outer loop
      vertex 19 128.086 440.206
      vertex 19 126.189 440.465
      vertex 19 127.909 439.672
    endloop
  endfacet
  facet normal 1 0 0
    outer loop
      vertex 19 125.533 435.846
      vertex 19 127.508 435.846
      vertex 19 127.524 436.765
    endloop
  endfacet
  facet normal 1 -0 0
    outer loop
      vertex 19 125.953 439.702
      vertex 19 127.909 439.672
      vertex 19 126.189 440.465
    endloop
  endfacet
  facet normal 1 0 0
    outer loop
      vertex 19 127.909 439.672
      vertex 19 125.953 439.702
      vertex 19 127.765 439.061
    endloop
  endfacet
  facet normal 1 0 0
    outer loop
      vertex 19 127.508 435.846
      vertex 19 125.533 435.846
      vertex 19 125.56 434.783
    endloop
  endfacet
  facet normal 1 0 0
    outer loop
      vertex 19 125.77 438.859
      vertex 19 127.765 439.061
      vertex 19 125.953 439.702
    endloop
  endfacet
  facet normal 1 0 0
    outer loop
      vertex 19 127.508 435.846
      vertex 19 125.56 434.783
      vertex 19 125.641 433.795
    endloop
  endfacet
  facet normal 1 0 0
    outer loop
      vertex 19 127.765 439.061
      vertex 19 125.77 438.859
      vertex 19 127.653 438.373
    endloop
  endfacet
  facet normal 1 0 0
    outer loop
      vertex 19 127.508 435.846
      vertex 19 125.641 433.795
      vertex 19 125.777 432.883
    endloop
  endfacet
  facet normal 1 0 0
    outer loop
      vertex 19 125.638 437.935
      vertex 19 127.653 438.373
      vertex 19 125.77 438.859
    endloop
  endfacet
  facet normal 1 0 0
    outer loop
      vertex 19 127.508 435.846
      vertex 19 125.777 432.883
      vertex 19 125.966 432.046
    endloop
  endfacet
  facet normal 1 0 0
    outer loop
      vertex 19 127.653 438.373
      vertex 19 125.638 437.935
      vertex 19 127.572 437.608
    endloop
  endfacet
  facet normal 1 0 0
    outer loop
      vertex 19 127.508 435.846
      vertex 19 125.966 432.046
      vertex 19 126.209 431.284
    endloop
  endfacet
  facet normal 1 0 0
    outer loop
      vertex 19 125.56 436.931
      vertex 19 127.572 437.608
      vertex 19 125.638 437.935
    endloop
  endfacet
  facet normal 1 0 0
    outer loop
      vertex 19 127.508 435.846
      vertex 19 126.857 429.987
      vertex 19 127.262 429.454
    endloop
  endfacet
  facet normal 1 0 0
    outer loop
      vertex 19 127.572 437.608
      vertex 19 125.56 436.931
      vertex 19 127.524 436.765
    endloop
  endfacet
  facet normal 1 0 -0
    outer loop
      vertex 19 126.857 429.987
      vertex 19 127.508 435.846
      vertex 19 126.506 430.598
    endloop
  endfacet
  facet normal 1 0 0
    outer loop
      vertex 19 127.524 436.765
      vertex 19 125.56 436.931
      vertex 19 125.533 435.846
    endloop
  endfacet
  facet normal 1 0 0
    outer loop
      vertex 19 127.508 435.846
      vertex 19 126.209 431.284
      vertex 19 126.506 430.598
    endloop
  endfacet
  facet normal 1 -0 0
    outer loop
      vertex 19 133.76 432.13
      vertex 19 135.714 432.06
      vertex 19 133.908 432.739
    endloop
  endfacet
  facet normal 1 0 0
    outer loop
      vertex 19 135.714 432.06
      vertex 19 133.76 432.13
      vertex 19 135.466 431.299
    endloop
  endfacet
  facet normal 1 -0 0
    outer loop
      vertex 19 133.58 431.589
      vertex 19 135.466 431.299
      vertex 19 133.76 432.13
    endloop
  endfacet
  facet normal 1 0 0
    outer loop
      vertex 19 135.466 431.299
      vertex 19 133.58 431.589
      vertex 19 135.163 430.611
    endloop
  endfacet
  facet normal 1 -0 0
    outer loop
      vertex 19 133.367 431.115
      vertex 19 135.163 430.611
      vertex 19 133.58 431.589
    endloop
  endfacet
  facet normal 1 0 0
    outer loop
      vertex 19 135.163 430.611
      vertex 19 133.367 431.115
      vertex 19 134.805 429.998
    endloop
  endfacet
  facet normal 1 -0 0
    outer loop
      vertex 19 133.119 430.706
      vertex 19 134.805 429.998
      vertex 19 133.367 431.115
    endloop
  endfacet
  facet normal 1 0 0
    outer loop
      vertex 19 134.805 429.998
      vertex 19 133.119 430.706
      vertex 19 134.392 429.462
    endloop
  endfacet
  facet normal 1 -0 0
    outer loop
      vertex 19 132.833 430.361
      vertex 19 134.392 429.462
      vertex 19 133.119 430.706
    endloop
  endfacet
  facet normal 1 0 0
    outer loop
      vertex 19 134.392 429.462
      vertex 19 132.833 430.361
      vertex 19 133.928 429.009
    endloop
  endfacet
  facet normal 1 -0 0
    outer loop
      vertex 19 132.51 430.078
      vertex 19 133.928 429.009
      vertex 19 132.833 430.361
    endloop
  endfacet
  facet normal 1 0 0
    outer loop
      vertex 19 133.928 429.009
      vertex 19 132.51 430.078
      vertex 19 133.411 428.639
    endloop
  endfacet
  facet normal 1 -0 0
    outer loop
      vertex 19 132.148 429.858
      vertex 19 133.411 428.639
      vertex 19 132.51 430.078
    endloop
  endfacet
  facet normal 1 0 0
    outer loop
      vertex 19 133.411 428.639
      vertex 19 132.148 429.858
      vertex 19 132.841 428.35
    endloop
  endfacet
  facet normal 1 0 0
    outer loop
      vertex 19 132.841 428.35
      vertex 19 132.148 429.858
      vertex 19 132.219 428.144
    endloop
  endfacet
  facet normal 1 -0 0
    outer loop
      vertex 19 131.75 429.7
      vertex 19 132.219 428.144
      vertex 19 132.148 429.858
    endloop
  endfacet
  facet normal 1 0 0
    outer loop
      vertex 19 131.75 429.7
      vertex 19 131.544 428.021
      vertex 19 132.219 428.144
    endloop
  endfacet
  facet normal 1 -0 0
    outer loop
      vertex 19 131.313 429.606
      vertex 19 131.544 428.021
      vertex 19 131.75 429.7
    endloop
  endfacet
  facet normal 1 -0 0
    outer loop
      vertex 19 130.839 429.575
      vertex 19 131.544 428.021
      vertex 19 131.313 429.606
    endloop
  endfacet
  facet normal 1 0 0
    outer loop
      vertex 19 130.839 429.575
      vertex 19 130.817 427.98
      vertex 19 131.544 428.021
    endloop
  endfacet
  facet normal 1 0 0
    outer loop
      vertex 19 130.362 429.605
      vertex 19 130.817 427.98
      vertex 19 130.839 429.575
    endloop
  endfacet
  facet normal 1 0 0
    outer loop
      vertex 19 130.362 429.605
      vertex 19 130.091 428.021
      vertex 19 130.817 427.98
    endloop
  endfacet
  facet normal 1 0 0
    outer loop
      vertex 19 129.924 429.698
      vertex 19 130.091 428.021
      vertex 19 130.362 429.605
    endloop
  endfacet
  facet normal 1 0 0
    outer loop
      vertex 19 129.418 428.144
      vertex 19 129.924 429.698
      vertex 19 129.523 429.852
    endloop
  endfacet
  facet normal 1 0 0
    outer loop
      vertex 19 129.924 429.698
      vertex 19 129.418 428.144
      vertex 19 130.091 428.021
    endloop
  endfacet
  facet normal 1 0 0
    outer loop
      vertex 19 128.799 428.348
      vertex 19 129.523 429.852
      vertex 19 129.161 430.067
    endloop
  endfacet
  facet normal 1 0 0
    outer loop
      vertex 19 127.721 429.004
      vertex 19 129.161 430.067
      vertex 19 128.838 430.344
    endloop
  endfacet
  facet normal 1 0 0
    outer loop
      vertex 19 129.523 429.852
      vertex 19 128.799 428.348
      vertex 19 129.418 428.144
    endloop
  endfacet
  facet normal 1 0 0
    outer loop
      vertex 19 127.262 429.454
      vertex 19 128.838 430.344
      vertex 19 128.553 430.683
    endloop
  endfacet
  facet normal 1 0 0
    outer loop
      vertex 19 127.262 429.454
      vertex 19 128.553 430.683
      vertex 19 128.306 431.083
    endloop
  endfacet
  facet normal 1 0 0
    outer loop
      vertex 19 129.161 430.067
      vertex 19 128.233 428.635
      vertex 19 128.799 428.348
    endloop
  endfacet
  facet normal 1 0 0
    outer loop
      vertex 19 127.262 429.454
      vertex 19 128.306 431.083
      vertex 19 128.094 431.549
    endloop
  endfacet
  facet normal 1 0 0
    outer loop
      vertex 19 127.262 429.454
      vertex 19 128.094 431.549
      vertex 19 127.915 432.087
    endloop
  endfacet
  facet normal 1 0 0
    outer loop
      vertex 19 127.262 429.454
      vertex 19 127.915 432.087
      vertex 19 127.769 432.696
    endloop
  endfacet
  facet normal 1 0 0
    outer loop
      vertex 19 129.161 430.067
      vertex 19 127.721 429.004
      vertex 19 128.233 428.635
    endloop
  endfacet
  facet normal 1 0 0
    outer loop
      vertex 19 127.262 429.454
      vertex 19 127.769 432.696
      vertex 19 127.655 433.377
    endloop
  endfacet
  facet normal 1 0 0
    outer loop
      vertex 19 127.262 429.454
      vertex 19 127.655 433.377
      vertex 19 127.573 434.129
    endloop
  endfacet
  facet normal 1 0 0
    outer loop
      vertex 19 127.262 429.454
      vertex 19 127.573 434.129
      vertex 19 127.524 434.952
    endloop
  endfacet
  facet normal 1 0 0
    outer loop
      vertex 19 128.838 430.344
      vertex 19 127.262 429.454
      vertex 19 127.721 429.004
    endloop
  endfacet
  facet normal 1 0 0
    outer loop
      vertex 19 127.262 429.454
      vertex 19 127.524 434.952
      vertex 19 127.508 435.846
    endloop
  endfacet
  facet normal 1 -0 0
    outer loop
      vertex 19 152.941 439.807
      vertex 19 154.963 439.524
      vertex 19 154.938 440.079
    endloop
  endfacet
  facet normal 1 0 0
    outer loop
      vertex 19 154.963 439.524
      vertex 19 152.956 439.459
      vertex 19 154.955 439.27
    endloop
  endfacet
  facet normal 1 0 0
    outer loop
      vertex 19 152.947 439.196
      vertex 19 154.955 439.27
      vertex 19 152.956 439.459
    endloop
  endfacet
  facet normal 1 -0 0
    outer loop
      vertex 19 152.896 440.132
      vertex 19 154.938 440.079
      vertex 19 154.862 440.596
    endloop
  endfacet
  facet normal 1 0 0
    outer loop
      vertex 19 154.955 439.27
      vertex 19 152.947 439.196
      vertex 19 154.93 439.017
    endloop
  endfacet
  facet normal 1 0 0
    outer loop
      vertex 19 154.93 439.017
      vertex 19 152.947 439.196
      vertex 19 154.889 438.763
    endloop
  endfacet
  facet normal 1 0 0
    outer loop
      vertex 19 152.82 440.434
      vertex 19 154.862 440.596
      vertex 19 154.735 441.076
    endloop
  endfacet
  facet normal 1 -0 0
    outer loop
      vertex 19 152.921 438.942
      vertex 19 154.889 438.763
      vertex 19 152.947 439.196
    endloop
  endfacet
  facet normal 1 0 0
    outer loop
      vertex 19 152.82 440.434
      vertex 19 154.735 441.076
      vertex 19 154.558 441.519
    endloop
  endfacet
  facet normal 1 0 0
    outer loop
      vertex 19 154.963 439.524
      vertex 19 152.941 439.807
      vertex 19 152.956 439.459
    endloop
  endfacet
  facet normal 1 0 0
    outer loop
      vertex 19 154.83 438.511
      vertex 19 152.921 438.942
      vertex 19 154.756 438.259
    endloop
  endfacet
  facet normal 1 0 0
    outer loop
      vertex 19 152.715 440.713
      vertex 19 154.558 441.519
      vertex 19 154.329 441.924
    endloop
  endfacet
  facet normal 1 -0 0
    outer loop
      vertex 19 152.877 438.695
      vertex 19 154.756 438.259
      vertex 19 152.921 438.942
    endloop
  endfacet
  facet normal 1 0 0
    outer loop
      vertex 19 154.756 438.259
      vertex 19 152.877 438.695
      vertex 19 154.664 438.007
    endloop
  endfacet
  facet normal 1 0 0
    outer loop
      vertex 19 152.58 440.969
      vertex 19 154.329 441.924
      vertex 19 154.05 442.292
    endloop
  endfacet
  facet normal 1 -0 0
    outer loop
      vertex 19 152.816 438.456
      vertex 19 154.664 438.007
      vertex 19 152.877 438.695
    endloop
  endfacet
  facet normal 1 0 0
    outer loop
      vertex 19 154.664 438.007
      vertex 19 152.816 438.456
      vertex 19 154.556 437.756
    endloop
  endfacet
  facet normal 1 0 0
    outer loop
      vertex 19 152.414 441.202
      vertex 19 154.05 442.292
      vertex 19 153.721 442.622
    endloop
  endfacet
  facet normal 1 0 0
    outer loop
      vertex 19 154.556 437.756
      vertex 19 152.816 438.456
      vertex 19 154.432 437.504
    endloop
  endfacet
  facet normal 1 -0 0
    outer loop
      vertex 19 152.737 438.226
      vertex 19 154.432 437.504
      vertex 19 152.816 438.456
    endloop
  endfacet
  facet normal 1 0 0
    outer loop
      vertex 19 152.218 441.412
      vertex 19 153.721 442.622
      vertex 19 153.344 442.911
    endloop
  endfacet
  facet normal 1 0 0
    outer loop
      vertex 19 154.432 437.504
      vertex 19 152.737 438.226
      vertex 19 154.292 437.253
    endloop
  endfacet
  facet normal 1 -0 0
    outer loop
      vertex 19 152.641 438.003
      vertex 19 154.292 437.253
      vertex 19 152.737 438.226
    endloop
  endfacet
  facet normal 1 0 0
    outer loop
      vertex 19 154.889 438.763
      vertex 19 152.921 438.942
      vertex 19 154.83 438.511
    endloop
  endfacet
  facet normal 1 0 0
    outer loop
      vertex 19 151.996 441.596
      vertex 19 153.344 442.911
      vertex 19 152.924 443.156
    endloop
  endfacet
  facet normal 1 0 0
    outer loop
      vertex 19 154.938 440.079
      vertex 19 152.896 440.132
      vertex 19 152.941 439.807
    endloop
  endfacet
  facet normal 1 0 0
    outer loop
      vertex 19 154.862 440.596
      vertex 19 152.82 440.434
      vertex 19 152.896 440.132
    endloop
  endfacet
  facet normal 1 0 0
    outer loop
      vertex 19 154.558 441.519
      vertex 19 152.715 440.713
      vertex 19 152.82 440.434
    endloop
  endfacet
  facet normal 1 0 0
    outer loop
      vertex 19 154.329 441.924
      vertex 19 152.58 440.969
      vertex 19 152.715 440.713
    endloop
  endfacet
  facet normal 1 0 0
    outer loop
      vertex 19 151.75 441.752
      vertex 19 152.924 443.156
      vertex 19 152.46 443.356
    endloop
  endfacet
  facet normal 1 0 0
    outer loop
      vertex 19 154.05 442.292
      vertex 19 152.414 441.202
      vertex 19 152.58 440.969
    endloop
  endfacet
  facet normal 1 0 0
    outer loop
      vertex 19 153.721 442.622
      vertex 19 152.218 441.412
      vertex 19 152.414 441.202
    endloop
  endfacet
  facet normal 1 0 0
    outer loop
      vertex 19 153.344 442.911
      vertex 19 151.996 441.596
      vertex 19 152.218 441.412
    endloop
  endfacet
  facet normal 1 0 0
    outer loop
      vertex 19 151.48 441.88
      vertex 19 152.46 443.356
      vertex 19 151.952 443.512
    endloop
  endfacet
  facet normal 1 0 0
    outer loop
      vertex 19 152.924 443.156
      vertex 19 151.75 441.752
      vertex 19 151.996 441.596
    endloop
  endfacet
  facet normal 1 0 0
    outer loop
      vertex 19 152.46 443.356
      vertex 19 151.48 441.88
      vertex 19 151.75 441.752
    endloop
  endfacet
  facet normal 1 0 0
    outer loop
      vertex 19 151.187 441.979
      vertex 19 151.952 443.512
      vertex 19 151.401 443.623
    endloop
  endfacet
  facet normal 1 0 0
    outer loop
      vertex 19 151.952 443.512
      vertex 19 151.187 441.979
      vertex 19 151.48 441.88
    endloop
  endfacet
  facet normal 1 0 0
    outer loop
      vertex 19 151.401 443.623
      vertex 19 150.871 442.05
      vertex 19 151.187 441.979
    endloop
  endfacet
  facet normal 1 0 0
    outer loop
      vertex 19 150.806 443.69
      vertex 19 150.871 442.05
      vertex 19 151.401 443.623
    endloop
  endfacet
  facet normal 1 0 0
    outer loop
      vertex 19 150.806 443.69
      vertex 19 150.531 442.092
      vertex 19 150.871 442.05
    endloop
  endfacet
  facet normal 1 0 0
    outer loop
      vertex 19 150.168 443.712
      vertex 19 150.531 442.092
      vertex 19 150.806 443.69
    endloop
  endfacet
  facet normal 1 0 0
    outer loop
      vertex 19 150.168 443.712
      vertex 19 150.168 442.106
      vertex 19 150.531 442.092
    endloop
  endfacet
  facet normal 1 0 0
    outer loop
      vertex 19 150.168 443.712
      vertex 19 149.82 442.093
      vertex 19 150.168 442.106
    endloop
  endfacet
  facet normal 1 -0 0
    outer loop
      vertex 19 149.582 443.69
      vertex 19 149.82 442.093
      vertex 19 150.168 443.712
    endloop
  endfacet
  facet normal 1 0 0
    outer loop
      vertex 19 149.582 443.69
      vertex 19 149.49 442.051
      vertex 19 149.82 442.093
    endloop
  endfacet
  facet normal 1 -0 0
    outer loop
      vertex 19 149.027 443.624
      vertex 19 149.49 442.051
      vertex 19 149.582 443.69
    endloop
  endfacet
  facet normal 1 0 0
    outer loop
      vertex 19 149.49 442.051
      vertex 19 149.027 443.624
      vertex 19 149.179 441.982
    endloop
  endfacet
  facet normal 1 -0 0
    outer loop
      vertex 19 148.504 443.513
      vertex 19 149.179 441.982
      vertex 19 149.027 443.624
    endloop
  endfacet
  facet normal 1 0 0
    outer loop
      vertex 19 149.179 441.982
      vertex 19 148.504 443.513
      vertex 19 148.885 441.885
    endloop
  endfacet
  facet normal 1 -0 0
    outer loop
      vertex 19 148.012 443.358
      vertex 19 148.885 441.885
      vertex 19 148.504 443.513
    endloop
  endfacet
  facet normal 1 0 0
    outer loop
      vertex 19 148.885 441.885
      vertex 19 148.012 443.358
      vertex 19 148.609 441.76
    endloop
  endfacet
  facet normal 1 -0 0
    outer loop
      vertex 19 147.551 443.159
      vertex 19 148.609 441.76
      vertex 19 148.012 443.358
    endloop
  endfacet
  facet normal 1 0 0
    outer loop
      vertex 19 148.609 441.76
      vertex 19 147.551 443.159
      vertex 19 148.351 441.608
    endloop
  endfacet
  facet normal 1 -0 0
    outer loop
      vertex 19 147.121 442.915
      vertex 19 148.351 441.608
      vertex 19 147.551 443.159
    endloop
  endfacet
  facet normal 1 0 0
    outer loop
      vertex 19 148.351 441.608
      vertex 19 147.121 442.915
      vertex 19 148.111 441.428
    endloop
  endfacet
  facet normal 1 -0 0
    outer loop
      vertex 19 146.723 442.627
      vertex 19 148.111 441.428
      vertex 19 147.121 442.915
    endloop
  endfacet
  facet normal 1 0 0
    outer loop
      vertex 19 148.111 441.428
      vertex 19 146.723 442.627
      vertex 19 147.894 441.223
    endloop
  endfacet
  facet normal 1 -0 0
    outer loop
      vertex 19 146.363 442.302
      vertex 19 147.894 441.223
      vertex 19 146.723 442.627
    endloop
  endfacet
  facet normal 1 0 0
    outer loop
      vertex 19 147.894 441.223
      vertex 19 146.363 442.302
      vertex 19 147.704 440.996
    endloop
  endfacet
  facet normal 1 -0 0
    outer loop
      vertex 19 146.049 441.946
      vertex 19 147.704 440.996
      vertex 19 146.363 442.302
    endloop
  endfacet
  facet normal 1 0 0
    outer loop
      vertex 19 147.704 440.996
      vertex 19 146.049 441.946
      vertex 19 147.541 440.746
    endloop
  endfacet
  facet normal 1 -0 0
    outer loop
      vertex 19 145.78 441.56
      vertex 19 147.541 440.746
      vertex 19 146.049 441.946
    endloop
  endfacet
  facet normal 1 0 0
    outer loop
      vertex 19 147.541 440.746
      vertex 19 145.78 441.56
      vertex 19 147.406 440.474
    endloop
  endfacet
  facet normal 1 -0 0
    outer loop
      vertex 19 145.558 441.143
      vertex 19 147.406 440.474
      vertex 19 145.78 441.56
    endloop
  endfacet
  facet normal 1 0 0
    outer loop
      vertex 19 147.406 440.474
      vertex 19 145.558 441.143
      vertex 19 147.297 440.18
    endloop
  endfacet
  facet normal 1 -0 0
    outer loop
      vertex 19 145.381 440.695
      vertex 19 147.297 440.18
      vertex 19 145.558 441.143
    endloop
  endfacet
  facet normal 1 0 0
    outer loop
      vertex 19 147.297 440.18
      vertex 19 145.381 440.695
      vertex 19 147.216 439.863
    endloop
  endfacet
  facet normal 1 -0 0
    outer loop
      vertex 19 145.251 440.217
      vertex 19 147.216 439.863
      vertex 19 145.381 440.695
    endloop
  endfacet
  facet normal 1 0 0
    outer loop
      vertex 19 147.216 439.863
      vertex 19 145.251 440.217
      vertex 19 147.162 439.524
    endloop
  endfacet
  facet normal 1 0 0
    outer loop
      vertex 19 147.162 439.524
      vertex 19 145.251 440.217
      vertex 19 145.166 439.708
    endloop
  endfacet
  facet normal 1 0 0
    outer loop
      vertex 19 154.292 437.253
      vertex 19 152.641 438.003
      vertex 19 154.135 437.002
    endloop
  endfacet
  facet normal 1 -0 0
    outer loop
      vertex 19 152.527 437.788
      vertex 19 154.135 437.002
      vertex 19 152.641 438.003
    endloop
  endfacet
  facet normal 1 0 0
    outer loop
      vertex 19 154.135 437.002
      vertex 19 152.527 437.788
      vertex 19 153.962 436.751
    endloop
  endfacet
  facet normal 1 -0 0
    outer loop
      vertex 19 152.4 437.579
      vertex 19 153.962 436.751
      vertex 19 152.527 437.788
    endloop
  endfacet
  facet normal 1 0 0
    outer loop
      vertex 19 153.962 436.751
      vertex 19 152.4 437.579
      vertex 19 153.773 436.5
    endloop
  endfacet
  facet normal 1 -0 0
    outer loop
      vertex 19 152.261 437.372
      vertex 19 153.773 436.5
      vertex 19 152.4 437.579
    endloop
  endfacet
  facet normal 1 0 0
    outer loop
      vertex 19 153.773 436.5
      vertex 19 152.261 437.372
      vertex 19 153.568 436.249
    endloop
  endfacet
  facet normal 1 -0 0
    outer loop
      vertex 19 152.111 437.168
      vertex 19 153.568 436.249
      vertex 19 152.261 437.372
    endloop
  endfacet
  facet normal 1 0 0
    outer loop
      vertex 19 153.568 436.249
      vertex 19 152.111 437.168
      vertex 19 153.347 435.998
    endloop
  endfacet
  facet normal 1 -0 0
    outer loop
      vertex 19 151.951 436.966
      vertex 19 153.347 435.998
      vertex 19 152.111 437.168
    endloop
  endfacet
  facet normal 1 0 0
    outer loop
      vertex 19 153.347 435.998
      vertex 19 151.951 436.966
      vertex 19 153.087 435.727
    endloop
  endfacet
  facet normal 1 -0 0
    outer loop
      vertex 19 151.779 436.767
      vertex 19 153.087 435.727
      vertex 19 151.951 436.966
    endloop
  endfacet
  facet normal 1 0 0
    outer loop
      vertex 19 153.087 435.727
      vertex 19 151.779 436.767
      vertex 19 152.768 435.417
    endloop
  endfacet
  facet normal 1 -0 0
    outer loop
      vertex 19 151.597 436.571
      vertex 19 152.768 435.417
      vertex 19 151.779 436.767
    endloop
  endfacet
  facet normal 1 -0 0
    outer loop
      vertex 19 151.404 436.377
      vertex 19 152.768 435.417
      vertex 19 151.597 436.571
    endloop
  endfacet
  facet normal 1 0 0
    outer loop
      vertex 19 152.768 435.417
      vertex 19 151.404 436.377
      vertex 19 152.389 435.067
    endloop
  endfacet
  facet normal 1 -0 0
    outer loop
      vertex 19 151.203 436.185
      vertex 19 152.389 435.067
      vertex 19 151.404 436.377
    endloop
  endfacet
  facet normal 1 -0 0
    outer loop
      vertex 19 150.994 435.993
      vertex 19 152.389 435.067
      vertex 19 151.203 436.185
    endloop
  endfacet
  facet normal 1 0 0
    outer loop
      vertex 19 152.389 435.067
      vertex 19 150.994 435.993
      vertex 19 151.951 434.678
    endloop
  endfacet
  facet normal 1 -0 0
    outer loop
      vertex 19 150.778 435.801
      vertex 19 151.951 434.678
      vertex 19 150.994 435.993
    endloop
  endfacet
  facet normal 1 -0 0
    outer loop
      vertex 19 150.556 435.609
      vertex 19 151.951 434.678
      vertex 19 150.778 435.801
    endloop
  endfacet
  facet normal 1 0 0
    outer loop
      vertex 19 151.951 434.678
      vertex 19 150.556 435.609
      vertex 19 151.452 434.25
    endloop
  endfacet
  facet normal 1 -0 0
    outer loop
      vertex 19 150.327 435.417
      vertex 19 151.452 434.25
      vertex 19 150.556 435.609
    endloop
  endfacet
  facet normal 1 -0 0
    outer loop
      vertex 19 150.09 435.224
      vertex 19 151.452 434.25
      vertex 19 150.327 435.417
    endloop
  endfacet
  facet normal 1 0 0
    outer loop
      vertex 19 151.452 434.25
      vertex 19 150.09 435.224
      vertex 19 150.894 433.782
    endloop
  endfacet
  facet normal 1 -0 0
    outer loop
      vertex 19 149.847 435.032
      vertex 19 150.894 433.782
      vertex 19 150.09 435.224
    endloop
  endfacet
  facet normal 1 -0 0
    outer loop
      vertex 19 149.601 434.838
      vertex 19 150.894 433.782
      vertex 19 149.847 435.032
    endloop
  endfacet
  facet normal 1 0 0
    outer loop
      vertex 19 150.894 433.782
      vertex 19 149.601 434.838
      vertex 19 150.276 433.274
    endloop
  endfacet
  facet normal 1 -0 0
    outer loop
      vertex 19 149.353 434.639
      vertex 19 150.276 433.274
      vertex 19 149.601 434.838
    endloop
  endfacet
  facet normal 1 -0 0
    outer loop
      vertex 19 149.105 434.435
      vertex 19 150.276 433.274
      vertex 19 149.353 434.639
    endloop
  endfacet
  facet normal 1 0 0
    outer loop
      vertex 19 150.276 433.274
      vertex 19 149.105 434.435
      vertex 19 149.93 432.987
    endloop
  endfacet
  facet normal 1 -0 0
    outer loop
      vertex 19 148.856 434.226
      vertex 19 149.93 432.987
      vertex 19 149.105 434.435
    endloop
  endfacet
  facet normal 1 -0 0
    outer loop
      vertex 19 148.607 434.013
      vertex 19 149.93 432.987
      vertex 19 148.856 434.226
    endloop
  endfacet
  facet normal 1 0 0
    outer loop
      vertex 19 149.93 432.987
      vertex 19 148.607 434.013
      vertex 19 149.605 432.708
    endloop
  endfacet
  facet normal 1 -0 0
    outer loop
      vertex 19 148.357 433.795
      vertex 19 149.605 432.708
      vertex 19 148.607 434.013
    endloop
  endfacet
  facet normal 1 0 0
    outer loop
      vertex 19 149.605 432.708
      vertex 19 148.357 433.795
      vertex 19 149.3 432.437
    endloop
  endfacet
  facet normal 1 -0 0
    outer loop
      vertex 19 148.106 433.573
      vertex 19 149.3 432.437
      vertex 19 148.357 433.795
    endloop
  endfacet
  facet normal 1 0 0
    outer loop
      vertex 19 149.3 432.437
      vertex 19 148.106 433.573
      vertex 19 149.016 432.174
    endloop
  endfacet
  facet normal 1 -0 0
    outer loop
      vertex 19 147.857 433.344
      vertex 19 149.016 432.174
      vertex 19 148.106 433.573
    endloop
  endfacet
  facet normal 1 0 0
    outer loop
      vertex 19 149.016 432.174
      vertex 19 147.857 433.344
      vertex 19 148.754 431.92
    endloop
  endfacet
  facet normal 1 -0 0
    outer loop
      vertex 19 147.61 433.108
      vertex 19 148.754 431.92
      vertex 19 147.857 433.344
    endloop
  endfacet
  facet normal 1 -0 0
    outer loop
      vertex 19 147.368 432.865
      vertex 19 148.754 431.92
      vertex 19 147.61 433.108
    endloop
  endfacet
  facet normal 1 0 0
    outer loop
      vertex 19 148.754 431.92
      vertex 19 147.368 432.865
      vertex 19 148.512 431.674
    endloop
  endfacet
  facet normal 1 -0 0
    outer loop
      vertex 19 147.128 432.614
      vertex 19 148.512 431.674
      vertex 19 147.368 432.865
    endloop
  endfacet
  facet normal 1 0 0
    outer loop
      vertex 19 148.512 431.674
      vertex 19 147.128 432.614
      vertex 19 148.29 431.435
    endloop
  endfacet
  facet normal 1 -0 0
    outer loop
      vertex 19 146.892 432.355
      vertex 19 148.29 431.435
      vertex 19 147.128 432.614
    endloop
  endfacet
  facet normal 1 0 0
    outer loop
      vertex 19 148.29 431.435
      vertex 19 146.892 432.355
      vertex 19 148.088 431.203
    endloop
  endfacet
  facet normal 1 -0 0
    outer loop
      vertex 19 146.659 432.089
      vertex 19 148.088 431.203
      vertex 19 146.892 432.355
    endloop
  endfacet
  facet normal 1 0 0
    outer loop
      vertex 19 148.088 431.203
      vertex 19 146.659 432.089
      vertex 19 147.903 430.972
    endloop
  endfacet
  facet normal 1 -0 0
    outer loop
      vertex 19 146.43 431.815
      vertex 19 147.903 430.972
      vertex 19 146.659 432.089
    endloop
  endfacet
  facet normal 1 0 0
    outer loop
      vertex 19 147.903 430.972
      vertex 19 146.43 431.815
      vertex 19 147.734 430.744
    endloop
  endfacet
  facet normal 1 -0 0
    outer loop
      vertex 19 146.207 431.532
      vertex 19 147.734 430.744
      vertex 19 146.43 431.815
    endloop
  endfacet
  facet normal 1 -0 0
    outer loop
      vertex 19 147.227 429.857
      vertex 19 155.202 428.197
      vertex 19 155.202 429.857
    endloop
  endfacet
  facet normal 1 0 0
    outer loop
      vertex 19 147.734 430.744
      vertex 19 146.207 431.532
      vertex 19 147.582 430.519
    endloop
  endfacet
  facet normal 1 -0 0
    outer loop
      vertex 19 145.994 431.236
      vertex 19 147.582 430.519
      vertex 19 146.207 431.532
    endloop
  endfacet
  facet normal 1 0 0
    outer loop
      vertex 19 147.582 430.519
      vertex 19 145.994 431.236
      vertex 19 147.447 430.296
    endloop
  endfacet
  facet normal 1 0 0
    outer loop
      vertex 19 147.447 430.296
      vertex 19 145.994 431.236
      vertex 19 147.329 430.075
    endloop
  endfacet
  facet normal 1 -0 0
    outer loop
      vertex 19 145.791 430.928
      vertex 19 147.329 430.075
      vertex 19 145.994 431.236
    endloop
  endfacet
  facet normal 1 0 0
    outer loop
      vertex 19 147.329 430.075
      vertex 19 145.791 430.928
      vertex 19 147.227 429.857
    endloop
  endfacet
  facet normal 1 -0 0
    outer loop
      vertex 19 145.598 430.608
      vertex 19 147.227 429.857
      vertex 19 145.791 430.928
    endloop
  endfacet
  facet normal 1 -0 0
    outer loop
      vertex 19 145.415 430.276
      vertex 19 147.227 429.857
      vertex 19 145.598 430.608
    endloop
  endfacet
  facet normal 1 -0 0
    outer loop
      vertex 19 145.242 429.931
      vertex 19 147.227 429.857
      vertex 19 145.415 430.276
    endloop
  endfacet
  facet normal 1 0 0
    outer loop
      vertex 19 145.079 429.575
      vertex 19 147.227 429.857
      vertex 19 145.242 429.931
    endloop
  endfacet
  facet normal 1 0 0
    outer loop
      vertex 19 147.227 429.857
      vertex 19 145.079 429.575
      vertex 19 145.079 428.197
    endloop
  endfacet
  facet normal 1 0 0
    outer loop
      vertex 19 147.227 429.857
      vertex 19 145.079 428.197
      vertex 19 155.202 428.197
    endloop
  endfacet
  facet normal 1 0 0
    outer loop
      vertex 19 109.265 443.484
      vertex 19 107.192 443.484
      vertex 19 109.265 429.889
    endloop
  endfacet
  facet normal 1 -0 0
    outer loop
      vertex 19 109.265 429.889
      vertex 19 116.99 428.197
      vertex 19 116.99 429.889
    endloop
  endfacet
  facet normal 1 0 0
    outer loop
      vertex 19 109.265 429.889
      vertex 19 107.192 428.197
      vertex 19 116.99 428.197
    endloop
  endfacet
  facet normal 1 0 0
    outer loop
      vertex 19 107.192 428.197
      vertex 19 109.265 429.889
      vertex 19 107.192 443.484
    endloop
  endfacet
  facet normal 1 -0 0
    outer loop
      vertex 19 118.426 434.967
      vertex 19 123.851 433.231
      vertex 19 123.851 434.967
    endloop
  endfacet
  facet normal 1 0 0
    outer loop
      vertex 19 123.851 433.231
      vertex 19 118.426 434.967
      vertex 19 118.426 433.231
    endloop
  endfacet
  facet normal 1 -0 0
    outer loop
      vertex 19 137.722 434.967
      vertex 19 143.147 433.231
      vertex 19 143.147 434.967
    endloop
  endfacet
  facet normal 1 0 0
    outer loop
      vertex 19 143.147 433.231
      vertex 19 137.722 434.967
      vertex 19 137.722 433.231
    endloop
  endfacet
  facet normal 0 -0.17927 0.9838
    outer loop
      vertex 19 132.219 428.144
      vertex 20 131.544 428.021
      vertex 20 132.219 428.144
    endloop
  endfacet
  facet normal 0 -0.17927 0.9838
    outer loop
      vertex 20 131.544 428.021
      vertex 19 132.219 428.144
      vertex 19 131.544 428.021
    endloop
  endfacet
  facet normal 0 -0.314396 0.949292
    outer loop
      vertex 19 132.841 428.35
      vertex 20 132.219 428.144
      vertex 20 132.841 428.35
    endloop
  endfacet
  facet normal 0 -0.314396 0.949292
    outer loop
      vertex 20 132.219 428.144
      vertex 19 132.841 428.35
      vertex 19 132.219 428.144
    endloop
  endfacet
  facet normal 0 -0.452214 0.89191
    outer loop
      vertex 19 133.411 428.639
      vertex 20 132.841 428.35
      vertex 20 133.411 428.639
    endloop
  endfacet
  facet normal 0 -0.452214 0.89191
    outer loop
      vertex 20 132.841 428.35
      vertex 19 133.411 428.639
      vertex 19 132.841 428.35
    endloop
  endfacet
  facet normal 0 -0.581982 0.813202
    outer loop
      vertex 19 133.928 429.009
      vertex 20 133.411 428.639
      vertex 20 133.928 429.009
    endloop
  endfacet
  facet normal 0 -0.581982 0.813202
    outer loop
      vertex 20 133.411 428.639
      vertex 19 133.928 429.009
      vertex 19 133.411 428.639
    endloop
  endfacet
  facet normal 0 -0.698574 0.715537
    outer loop
      vertex 19 134.392 429.462
      vertex 20 133.928 429.009
      vertex 20 134.392 429.462
    endloop
  endfacet
  facet normal 0 -0.698574 0.715537
    outer loop
      vertex 20 133.928 429.009
      vertex 19 134.392 429.462
      vertex 19 133.928 429.009
    endloop
  endfacet
  facet normal 0 -0.792129 0.610353
    outer loop
      vertex 19 134.392 429.462
      vertex 20 134.805 429.998
      vertex 19 134.805 429.998
    endloop
  endfacet
  facet normal 0 -0.792129 0.610353
    outer loop
      vertex 20 134.805 429.998
      vertex 19 134.392 429.462
      vertex 20 134.392 429.462
    endloop
  endfacet
  facet normal 0 -0.863523 0.504309
    outer loop
      vertex 19 134.805 429.998
      vertex 20 135.163 430.611
      vertex 19 135.163 430.611
    endloop
  endfacet
  facet normal 0 -0.863523 0.504309
    outer loop
      vertex 20 135.163 430.611
      vertex 19 134.805 429.998
      vertex 20 134.805 429.998
    endloop
  endfacet
  facet normal 0 -0.915178 0.403051
    outer loop
      vertex 19 135.163 430.611
      vertex 20 135.466 431.299
      vertex 19 135.466 431.299
    endloop
  endfacet
  facet normal 0 -0.915178 0.403051
    outer loop
      vertex 20 135.466 431.299
      vertex 19 135.163 430.611
      vertex 20 135.163 430.611
    endloop
  endfacet
  facet normal 0 -0.950786 0.309849
    outer loop
      vertex 19 135.466 431.299
      vertex 20 135.714 432.06
      vertex 19 135.714 432.06
    endloop
  endfacet
  facet normal 0 -0.950786 0.309849
    outer loop
      vertex 20 135.714 432.06
      vertex 19 135.466 431.299
      vertex 20 135.466 431.299
    endloop
  endfacet
  facet normal 0 -0.974372 0.224945
    outer loop
      vertex 19 135.714 432.06
      vertex 20 135.907 432.896
      vertex 19 135.907 432.896
    endloop
  endfacet
  facet normal 0 -0.974372 0.224945
    outer loop
      vertex 20 135.907 432.896
      vertex 19 135.714 432.06
      vertex 20 135.714 432.06
    endloop
  endfacet
  facet normal 0 -0.988672 0.150095
    outer loop
      vertex 19 135.907 432.896
      vertex 20 136.045 433.805
      vertex 19 136.045 433.805
    endloop
  endfacet
  facet normal 0 -0.988672 0.150095
    outer loop
      vertex 20 136.045 433.805
      vertex 19 135.907 432.896
      vertex 20 135.907 432.896
    endloop
  endfacet
  facet normal 0 -0.996461 0.0840511
    outer loop
      vertex 19 136.045 433.805
      vertex 20 136.128 434.789
      vertex 19 136.128 434.789
    endloop
  endfacet
  facet normal 0 -0.996461 0.0840511
    outer loop
      vertex 20 136.128 434.789
      vertex 19 136.045 433.805
      vertex 20 136.045 433.805
    endloop
  endfacet
  facet normal 0 -0.999674 0.0255357
    outer loop
      vertex 19 136.128 434.789
      vertex 20 136.155 435.846
      vertex 19 136.155 435.846
    endloop
  endfacet
  facet normal 0 -0.999674 0.0255357
    outer loop
      vertex 20 136.155 435.846
      vertex 19 136.128 434.789
      vertex 20 136.128 434.789
    endloop
  endfacet
  facet normal 0 -0.999707 -0.0242015
    outer loop
      vertex 19 136.155 435.846
      vertex 20 136.129 436.92
      vertex 19 136.129 436.92
    endloop
  endfacet
  facet normal 0 -0.999707 -0.0242015
    outer loop
      vertex 20 136.129 436.92
      vertex 19 136.155 435.846
      vertex 20 136.155 435.846
    endloop
  endfacet
  facet normal 0 -0.996948 -0.0780742
    outer loop
      vertex 19 136.129 436.92
      vertex 20 136.051 437.916
      vertex 19 136.051 437.916
    endloop
  endfacet
  facet normal 0 -0.996948 -0.0780742
    outer loop
      vertex 20 136.051 437.916
      vertex 19 136.129 436.92
      vertex 20 136.129 436.92
    endloop
  endfacet
  facet normal 0 -0.98982 -0.142327
    outer loop
      vertex 19 136.051 437.916
      vertex 20 135.919 438.834
      vertex 19 135.919 438.834
    endloop
  endfacet
  facet normal 0 -0.98982 -0.142327
    outer loop
      vertex 20 135.919 438.834
      vertex 19 136.051 437.916
      vertex 20 136.051 437.916
    endloop
  endfacet
  facet normal 0 -0.977082 -0.212864
    outer loop
      vertex 19 135.919 438.834
      vertex 20 135.736 439.674
      vertex 19 135.736 439.674
    endloop
  endfacet
  facet normal 0 -0.977082 -0.212864
    outer loop
      vertex 20 135.736 439.674
      vertex 19 135.919 438.834
      vertex 20 135.919 438.834
    endloop
  endfacet
  facet normal 0 -0.95488 -0.29699
    outer loop
      vertex 19 135.736 439.674
      vertex 20 135.499 440.436
      vertex 19 135.499 440.436
    endloop
  endfacet
  facet normal 0 -0.95488 -0.29699
    outer loop
      vertex 20 135.499 440.436
      vertex 19 135.736 439.674
      vertex 20 135.736 439.674
    endloop
  endfacet
  facet normal 0 -0.921635 -0.388057
    outer loop
      vertex 19 135.499 440.436
      vertex 20 135.211 441.12
      vertex 19 135.211 441.12
    endloop
  endfacet
  facet normal 0 -0.921635 -0.388057
    outer loop
      vertex 20 135.211 441.12
      vertex 19 135.499 440.436
      vertex 20 135.499 440.436
    endloop
  endfacet
  facet normal 0 -0.871844 -0.489784
    outer loop
      vertex 19 135.211 441.12
      vertex 20 134.87 441.727
      vertex 19 134.87 441.727
    endloop
  endfacet
  facet normal 0 -0.871844 -0.489784
    outer loop
      vertex 20 134.87 441.727
      vertex 19 135.211 441.12
      vertex 20 135.211 441.12
    endloop
  endfacet
  facet normal 0 -0.798175 -0.602425
    outer loop
      vertex 19 134.87 441.727
      vertex 20 134.473 442.253
      vertex 19 134.473 442.253
    endloop
  endfacet
  facet normal 0 -0.798175 -0.602425
    outer loop
      vertex 20 134.473 442.253
      vertex 19 134.87 441.727
      vertex 20 134.87 441.727
    endloop
  endfacet
  facet normal 0 -0.700794 -0.713364
    outer loop
      vertex 19 134.019 442.699
      vertex 20 134.473 442.253
      vertex 20 134.019 442.699
    endloop
  endfacet
  facet normal -0 -0.700794 -0.713364
    outer loop
      vertex 20 134.473 442.253
      vertex 19 134.019 442.699
      vertex 19 134.473 442.253
    endloop
  endfacet
  facet normal 0 -0.581238 -0.813733
    outer loop
      vertex 19 133.508 443.064
      vertex 20 134.019 442.699
      vertex 20 133.508 443.064
    endloop
  endfacet
  facet normal -0 -0.581238 -0.813733
    outer loop
      vertex 20 134.019 442.699
      vertex 19 133.508 443.064
      vertex 19 134.019 442.699
    endloop
  endfacet
  facet normal 0 -0.444698 -0.895681
    outer loop
      vertex 19 132.938 443.347
      vertex 20 133.508 443.064
      vertex 20 132.938 443.347
    endloop
  endfacet
  facet normal -0 -0.444698 -0.895681
    outer loop
      vertex 20 133.508 443.064
      vertex 19 132.938 443.347
      vertex 19 133.508 443.064
    endloop
  endfacet
  facet normal 0 -0.308022 -0.951379
    outer loop
      vertex 19 132.311 443.55
      vertex 20 132.938 443.347
      vertex 20 132.311 443.55
    endloop
  endfacet
  facet normal -0 -0.308022 -0.951379
    outer loop
      vertex 20 132.938 443.347
      vertex 19 132.311 443.55
      vertex 19 132.938 443.347
    endloop
  endfacet
  facet normal 0 -0.175095 -0.984552
    outer loop
      vertex 19 131.625 443.672
      vertex 20 132.311 443.55
      vertex 20 131.625 443.672
    endloop
  endfacet
  facet normal -0 -0.175095 -0.984552
    outer loop
      vertex 20 132.311 443.55
      vertex 19 131.625 443.672
      vertex 19 132.311 443.55
    endloop
  endfacet
  facet normal 0 -0.0538302 -0.99855
    outer loop
      vertex 19 130.883 443.712
      vertex 20 131.625 443.672
      vertex 20 130.883 443.712
    endloop
  endfacet
  facet normal -0 -0.0538302 -0.99855
    outer loop
      vertex 20 131.625 443.672
      vertex 19 130.883 443.712
      vertex 19 131.625 443.672
    endloop
  endfacet
  facet normal 0 0.0522844 -0.998632
    outer loop
      vertex 19 130.119 443.672
      vertex 20 130.883 443.712
      vertex 20 130.119 443.672
    endloop
  endfacet
  facet normal 0 0.0522844 -0.998632
    outer loop
      vertex 20 130.883 443.712
      vertex 19 130.119 443.672
      vertex 19 130.883 443.712
    endloop
  endfacet
  facet normal 0 0.168496 -0.985702
    outer loop
      vertex 19 129.417 443.552
      vertex 20 130.119 443.672
      vertex 20 129.417 443.552
    endloop
  endfacet
  facet normal 0 0.168496 -0.985702
    outer loop
      vertex 20 130.119 443.672
      vertex 19 129.417 443.552
      vertex 19 130.119 443.672
    endloop
  endfacet
  facet normal 0 0.299207 -0.954188
    outer loop
      vertex 19 128.776 443.351
      vertex 20 129.417 443.552
      vertex 20 128.776 443.351
    endloop
  endfacet
  facet normal 0 0.299207 -0.954188
    outer loop
      vertex 20 129.417 443.552
      vertex 19 128.776 443.351
      vertex 19 129.417 443.552
    endloop
  endfacet
  facet normal 0 0.434142 -0.900844
    outer loop
      vertex 19 128.195 443.071
      vertex 20 128.776 443.351
      vertex 20 128.195 443.071
    endloop
  endfacet
  facet normal 0 0.434142 -0.900844
    outer loop
      vertex 20 128.776 443.351
      vertex 19 128.195 443.071
      vertex 19 128.776 443.351
    endloop
  endfacet
  facet normal 0 0.571018 -0.820937
    outer loop
      vertex 19 127.676 442.71
      vertex 20 128.195 443.071
      vertex 20 127.676 442.71
    endloop
  endfacet
  facet normal 0 0.571018 -0.820937
    outer loop
      vertex 20 128.195 443.071
      vertex 19 127.676 442.71
      vertex 19 128.195 443.071
    endloop
  endfacet
  facet normal 0 0.692826 -0.721105
    outer loop
      vertex 19 127.217 442.269
      vertex 20 127.676 442.71
      vertex 20 127.217 442.269
    endloop
  endfacet
  facet normal 0 0.692826 -0.721105
    outer loop
      vertex 20 127.676 442.71
      vertex 19 127.217 442.269
      vertex 19 127.676 442.71
    endloop
  endfacet
  facet normal 0 0.794661 -0.607054
    outer loop
      vertex 20 126.819 441.748
      vertex 19 127.217 442.269
      vertex 20 127.217 442.269
    endloop
  endfacet
  facet normal 0 0.794661 -0.607054
    outer loop
      vertex 19 127.217 442.269
      vertex 20 126.819 441.748
      vertex 19 126.819 441.748
    endloop
  endfacet
  facet normal 0 0.869753 -0.493487
    outer loop
      vertex 20 126.478 441.147
      vertex 19 126.819 441.748
      vertex 20 126.819 441.748
    endloop
  endfacet
  facet normal 0 0.869753 -0.493487
    outer loop
      vertex 19 126.819 441.748
      vertex 20 126.478 441.147
      vertex 19 126.478 441.147
    endloop
  endfacet
  facet normal 0 0.920744 -0.390168
    outer loop
      vertex 20 126.189 440.465
      vertex 19 126.478 441.147
      vertex 20 126.478 441.147
    endloop
  endfacet
  facet normal 0 0.920744 -0.390168
    outer loop
      vertex 19 126.478 441.147
      vertex 20 126.189 440.465
      vertex 19 126.189 440.465
    endloop
  endfacet
  facet normal 0 0.955345 -0.295493
    outer loop
      vertex 20 125.953 439.702
      vertex 19 126.189 440.465
      vertex 20 126.189 440.465
    endloop
  endfacet
  facet normal 0 0.955345 -0.295493
    outer loop
      vertex 19 126.189 440.465
      vertex 20 125.953 439.702
      vertex 19 125.953 439.702
    endloop
  endfacet
  facet normal 0 0.977239 -0.212141
    outer loop
      vertex 20 125.77 438.859
      vertex 19 125.953 439.702
      vertex 20 125.953 439.702
    endloop
  endfacet
  facet normal 0 0.977239 -0.212141
    outer loop
      vertex 19 125.953 439.702
      vertex 20 125.77 438.859
      vertex 19 125.77 438.859
    endloop
  endfacet
  facet normal 0 0.989949 -0.141421
    outer loop
      vertex 20 125.638 437.935
      vertex 19 125.77 438.859
      vertex 20 125.77 438.859
    endloop
  endfacet
  facet normal 0 0.989949 -0.141421
    outer loop
      vertex 19 125.77 438.859
      vertex 20 125.638 437.935
      vertex 19 125.638 437.935
    endloop
  endfacet
  facet normal 0 0.996996 -0.0774558
    outer loop
      vertex 20 125.56 436.931
      vertex 19 125.638 437.935
      vertex 20 125.638 437.935
    endloop
  endfacet
  facet normal 0 0.996996 -0.0774558
    outer loop
      vertex 19 125.638 437.935
      vertex 20 125.56 436.931
      vertex 19 125.56 436.931
    endloop
  endfacet
  facet normal 0 0.999691 -0.0248771
    outer loop
      vertex 20 125.533 435.846
      vertex 19 125.56 436.931
      vertex 20 125.56 436.931
    endloop
  endfacet
  facet normal 0 0.999691 -0.0248771
    outer loop
      vertex 19 125.56 436.931
      vertex 20 125.533 435.846
      vertex 19 125.533 435.846
    endloop
  endfacet
  facet normal 0 0.999678 0.0253916
    outer loop
      vertex 20 125.56 434.783
      vertex 19 125.533 435.846
      vertex 20 125.533 435.846
    endloop
  endfacet
  facet normal 0 0.999678 0.0253916
    outer loop
      vertex 19 125.533 435.846
      vertex 20 125.56 434.783
      vertex 19 125.56 434.783
    endloop
  endfacet
  facet normal 0 0.996656 0.0817097
    outer loop
      vertex 20 125.641 433.795
      vertex 19 125.56 434.783
      vertex 20 125.56 434.783
    endloop
  endfacet
  facet normal 0 0.996656 0.0817097
    outer loop
      vertex 19 125.56 434.783
      vertex 20 125.641 433.795
      vertex 19 125.641 433.795
    endloop
  endfacet
  facet normal 0 0.989063 0.147492
    outer loop
      vertex 20 125.777 432.883
      vertex 19 125.641 433.795
      vertex 20 125.641 433.795
    endloop
  endfacet
  facet normal 0 0.989063 0.147492
    outer loop
      vertex 19 125.641 433.795
      vertex 20 125.777 432.883
      vertex 19 125.777 432.883
    endloop
  endfacet
  facet normal 0 0.975441 0.220261
    outer loop
      vertex 20 125.966 432.046
      vertex 19 125.777 432.883
      vertex 20 125.777 432.883
    endloop
  endfacet
  facet normal 0 0.975441 0.220261
    outer loop
      vertex 19 125.777 432.883
      vertex 20 125.966 432.046
      vertex 19 125.966 432.046
    endloop
  endfacet
  facet normal 0 0.952729 0.303823
    outer loop
      vertex 20 126.209 431.284
      vertex 19 125.966 432.046
      vertex 20 125.966 432.046
    endloop
  endfacet
  facet normal 0 0.952729 0.303823
    outer loop
      vertex 19 125.966 432.046
      vertex 20 126.209 431.284
      vertex 19 126.209 431.284
    endloop
  endfacet
  facet normal 0 0.917686 0.397307
    outer loop
      vertex 20 126.506 430.598
      vertex 19 126.209 431.284
      vertex 20 126.209 431.284
    endloop
  endfacet
  facet normal 0 0.917686 0.397307
    outer loop
      vertex 19 126.209 431.284
      vertex 20 126.506 430.598
      vertex 19 126.506 430.598
    endloop
  endfacet
  facet normal 0 0.867106 0.498124
    outer loop
      vertex 20 126.857 429.987
      vertex 19 126.506 430.598
      vertex 20 126.506 430.598
    endloop
  endfacet
  facet normal 0 0.867106 0.498124
    outer loop
      vertex 19 126.506 430.598
      vertex 20 126.857 429.987
      vertex 19 126.857 429.987
    endloop
  endfacet
  facet normal 0 0.79622 0.605008
    outer loop
      vertex 20 127.262 429.454
      vertex 19 126.857 429.987
      vertex 20 126.857 429.987
    endloop
  endfacet
  facet normal 0 0.79622 0.605008
    outer loop
      vertex 19 126.857 429.987
      vertex 20 127.262 429.454
      vertex 19 127.262 429.454
    endloop
  endfacet
  facet normal -0 0.700071 0.714073
    outer loop
      vertex 19 127.721 429.004
      vertex 20 127.262 429.454
      vertex 20 127.721 429.004
    endloop
  endfacet
  facet normal 0 0.700071 0.714073
    outer loop
      vertex 20 127.262 429.454
      vertex 19 127.721 429.004
      vertex 19 127.262 429.454
    endloop
  endfacet
  facet normal -0 0.58468 0.811264
    outer loop
      vertex 19 128.233 428.635
      vertex 20 127.721 429.004
      vertex 20 128.233 428.635
    endloop
  endfacet
  facet normal 0 0.58468 0.811264
    outer loop
      vertex 20 127.721 429.004
      vertex 19 128.233 428.635
      vertex 19 127.721 429.004
    endloop
  endfacet
  facet normal -0 0.452249 0.891892
    outer loop
      vertex 19 128.799 428.348
      vertex 20 128.233 428.635
      vertex 20 128.799 428.348
    endloop
  endfacet
  facet normal 0 0.452249 0.891892
    outer loop
      vertex 20 128.233 428.635
      vertex 19 128.799 428.348
      vertex 19 128.233 428.635
    endloop
  endfacet
  facet normal -0 0.313004 0.949752
    outer loop
      vertex 19 129.418 428.144
      vertex 20 128.799 428.348
      vertex 20 129.418 428.144
    endloop
  endfacet
  facet normal 0 0.313004 0.949752
    outer loop
      vertex 20 128.799 428.348
      vertex 19 129.418 428.144
      vertex 19 128.799 428.348
    endloop
  endfacet
  facet normal -0 0.179786 0.983706
    outer loop
      vertex 19 130.091 428.021
      vertex 20 129.418 428.144
      vertex 20 130.091 428.021
    endloop
  endfacet
  facet normal 0 0.179786 0.983706
    outer loop
      vertex 20 129.418 428.144
      vertex 19 130.091 428.021
      vertex 19 129.418 428.144
    endloop
  endfacet
  facet normal -0 0.056384 0.998409
    outer loop
      vertex 19 130.817 427.98
      vertex 20 130.091 428.021
      vertex 20 130.817 427.98
    endloop
  endfacet
  facet normal 0 0.056384 0.998409
    outer loop
      vertex 20 130.091 428.021
      vertex 19 130.817 427.98
      vertex 19 130.091 428.021
    endloop
  endfacet
  facet normal 0 -0.0563067 0.998414
    outer loop
      vertex 19 131.544 428.021
      vertex 20 130.817 427.98
      vertex 20 131.544 428.021
    endloop
  endfacet
  facet normal 0 -0.0563067 0.998414
    outer loop
      vertex 20 130.817 427.98
      vertex 19 131.544 428.021
      vertex 19 130.817 427.98
    endloop
  endfacet
  facet normal 0 -0.207698 -0.978193
    outer loop
      vertex 19 129.924 429.698
      vertex 20 130.362 429.605
      vertex 20 129.924 429.698
    endloop
  endfacet
  facet normal -0 -0.207698 -0.978193
    outer loop
      vertex 20 130.362 429.605
      vertex 19 129.924 429.698
      vertex 19 130.362 429.605
    endloop
  endfacet
  facet normal 0 -0.358511 -0.933525
    outer loop
      vertex 19 129.523 429.852
      vertex 20 129.924 429.698
      vertex 20 129.523 429.852
    endloop
  endfacet
  facet normal -0 -0.358511 -0.933525
    outer loop
      vertex 20 129.924 429.698
      vertex 19 129.523 429.852
      vertex 19 129.924 429.698
    endloop
  endfacet
  facet normal 0 -0.510649 -0.85979
    outer loop
      vertex 19 129.161 430.067
      vertex 20 129.523 429.852
      vertex 20 129.161 430.067
    endloop
  endfacet
  facet normal -0 -0.510649 -0.85979
    outer loop
      vertex 20 129.523 429.852
      vertex 19 129.161 430.067
      vertex 19 129.523 429.852
    endloop
  endfacet
  facet normal 0 -0.650985 -0.759091
    outer loop
      vertex 19 128.838 430.344
      vertex 20 129.161 430.067
      vertex 20 128.838 430.344
    endloop
  endfacet
  facet normal -0 -0.650985 -0.759091
    outer loop
      vertex 20 129.161 430.067
      vertex 19 128.838 430.344
      vertex 19 129.161 430.067
    endloop
  endfacet
  facet normal 0 -0.765438 -0.64351
    outer loop
      vertex 19 128.838 430.344
      vertex 20 128.553 430.683
      vertex 19 128.553 430.683
    endloop
  endfacet
  facet normal 0 -0.765438 -0.64351
    outer loop
      vertex 20 128.553 430.683
      vertex 19 128.838 430.344
      vertex 20 128.838 430.344
    endloop
  endfacet
  facet normal 0 -0.850854 -0.525402
    outer loop
      vertex 19 128.553 430.683
      vertex 20 128.306 431.083
      vertex 19 128.306 431.083
    endloop
  endfacet
  facet normal 0 -0.850854 -0.525402
    outer loop
      vertex 20 128.306 431.083
      vertex 19 128.553 430.683
      vertex 20 128.553 430.683
    endloop
  endfacet
  facet normal 0 -0.910233 -0.414097
    outer loop
      vertex 19 128.306 431.083
      vertex 20 128.094 431.549
      vertex 19 128.094 431.549
    endloop
  endfacet
  facet normal 0 -0.910233 -0.414097
    outer loop
      vertex 20 128.094 431.549
      vertex 19 128.306 431.083
      vertex 20 128.306 431.083
    endloop
  endfacet
  facet normal 0 -0.94886 -0.315699
    outer loop
      vertex 19 128.094 431.549
      vertex 20 127.915 432.087
      vertex 19 127.915 432.087
    endloop
  endfacet
  facet normal 0 -0.94886 -0.315699
    outer loop
      vertex 20 127.915 432.087
      vertex 19 128.094 431.549
      vertex 20 128.094 431.549
    endloop
  endfacet
  facet normal 0 -0.972445 -0.233131
    outer loop
      vertex 19 127.915 432.087
      vertex 20 127.769 432.696
      vertex 19 127.769 432.696
    endloop
  endfacet
  facet normal 0 -0.972445 -0.233131
    outer loop
      vertex 20 127.769 432.696
      vertex 19 127.915 432.087
      vertex 20 127.915 432.087
    endloop
  endfacet
  facet normal 0 -0.986276 -0.165104
    outer loop
      vertex 19 127.769 432.696
      vertex 20 127.655 433.377
      vertex 19 127.655 433.377
    endloop
  endfacet
  facet normal 0 -0.986276 -0.165104
    outer loop
      vertex 20 127.655 433.377
      vertex 19 127.769 432.696
      vertex 20 127.769 432.696
    endloop
  endfacet
  facet normal 0 -0.994107 -0.1084
    outer loop
      vertex 19 127.655 433.377
      vertex 20 127.573 434.129
      vertex 19 127.573 434.129
    endloop
  endfacet
  facet normal 0 -0.994107 -0.1084
    outer loop
      vertex 20 127.573 434.129
      vertex 19 127.655 433.377
      vertex 20 127.655 433.377
    endloop
  endfacet
  facet normal 0 -0.998232 -0.059433
    outer loop
      vertex 19 127.573 434.129
      vertex 20 127.524 434.952
      vertex 19 127.524 434.952
    endloop
  endfacet
  facet normal 0 -0.998232 -0.059433
    outer loop
      vertex 20 127.524 434.952
      vertex 19 127.573 434.129
      vertex 20 127.573 434.129
    endloop
  endfacet
  facet normal 0 -0.99984 -0.0178942
    outer loop
      vertex 19 127.524 434.952
      vertex 20 127.508 435.846
      vertex 19 127.508 435.846
    endloop
  endfacet
  facet normal 0 -0.99984 -0.0178942
    outer loop
      vertex 20 127.508 435.846
      vertex 19 127.524 434.952
      vertex 20 127.524 434.952
    endloop
  endfacet
  facet normal 0 -0.999848 0.0174076
    outer loop
      vertex 19 127.508 435.846
      vertex 20 127.524 436.765
      vertex 19 127.524 436.765
    endloop
  endfacet
  facet normal 0 -0.999848 0.0174076
    outer loop
      vertex 20 127.524 436.765
      vertex 19 127.508 435.846
      vertex 20 127.508 435.846
    endloop
  endfacet
  facet normal 0 -0.998383 0.0568474
    outer loop
      vertex 19 127.524 436.765
      vertex 20 127.572 437.608
      vertex 19 127.572 437.608
    endloop
  endfacet
  facet normal 0 -0.998383 0.0568474
    outer loop
      vertex 20 127.572 437.608
      vertex 19 127.524 436.765
      vertex 20 127.524 436.765
    endloop
  endfacet
  facet normal 0 -0.994441 0.105294
    outer loop
      vertex 19 127.572 437.608
      vertex 20 127.653 438.373
      vertex 19 127.653 438.373
    endloop
  endfacet
  facet normal 0 -0.994441 0.105294
    outer loop
      vertex 20 127.653 438.373
      vertex 19 127.572 437.608
      vertex 20 127.572 437.608
    endloop
  endfacet
  facet normal 0 -0.987007 0.160676
    outer loop
      vertex 19 127.653 438.373
      vertex 20 127.765 439.061
      vertex 19 127.765 439.061
    endloop
  endfacet
  facet normal 0 -0.987007 0.160676
    outer loop
      vertex 20 127.765 439.061
      vertex 19 127.653 438.373
      vertex 20 127.653 438.373
    endloop
  endfacet
  facet normal 0 -0.973334 0.229394
    outer loop
      vertex 19 127.765 439.061
      vertex 20 127.909 439.672
      vertex 19 127.909 439.672
    endloop
  endfacet
  facet normal 0 -0.973334 0.229394
    outer loop
      vertex 20 127.909 439.672
      vertex 19 127.765 439.061
      vertex 20 127.765 439.061
    endloop
  endfacet
  facet normal 0 -0.949215 0.314628
    outer loop
      vertex 19 127.909 439.672
      vertex 20 128.086 440.206
      vertex 19 128.086 440.206
    endloop
  endfacet
  facet normal 0 -0.949215 0.314628
    outer loop
      vertex 20 128.086 440.206
      vertex 19 127.909 439.672
      vertex 20 127.909 439.672
    endloop
  endfacet
  facet normal 0 -0.90941 0.415901
    outer loop
      vertex 19 128.086 440.206
      vertex 20 128.295 440.663
      vertex 19 128.295 440.663
    endloop
  endfacet
  facet normal 0 -0.90941 0.415901
    outer loop
      vertex 20 128.295 440.663
      vertex 19 128.086 440.206
      vertex 20 128.086 440.206
    endloop
  endfacet
  facet normal 0 -0.84616 0.532929
    outer loop
      vertex 19 128.295 440.663
      vertex 20 128.54 441.052
      vertex 19 128.54 441.052
    endloop
  endfacet
  facet normal 0 -0.84616 0.532929
    outer loop
      vertex 20 128.54 441.052
      vertex 19 128.295 440.663
      vertex 20 128.295 440.663
    endloop
  endfacet
  facet normal 0 -0.753569 0.657369
    outer loop
      vertex 19 128.54 441.052
      vertex 20 128.827 441.381
      vertex 19 128.827 441.381
    endloop
  endfacet
  facet normal 0 -0.753569 0.657369
    outer loop
      vertex 20 128.827 441.381
      vertex 19 128.54 441.052
      vertex 20 128.54 441.052
    endloop
  endfacet
  facet normal 0 -0.634136 0.773222
    outer loop
      vertex 19 129.155 441.65
      vertex 20 128.827 441.381
      vertex 20 129.155 441.65
    endloop
  endfacet
  facet normal 0 -0.634136 0.773222
    outer loop
      vertex 20 128.827 441.381
      vertex 19 129.155 441.65
      vertex 19 128.827 441.381
    endloop
  endfacet
  facet normal 0 -0.491825 0.870694
    outer loop
      vertex 19 129.525 441.859
      vertex 20 129.155 441.65
      vertex 20 129.525 441.859
    endloop
  endfacet
  facet normal 0 -0.491825 0.870694
    outer loop
      vertex 20 129.155 441.65
      vertex 19 129.525 441.859
      vertex 19 129.155 441.65
    endloop
  endfacet
  facet normal 0 -0.340825 0.940127
    outer loop
      vertex 19 129.936 442.008
      vertex 20 129.525 441.859
      vertex 20 129.936 442.008
    endloop
  endfacet
  facet normal 0 -0.340825 0.940127
    outer loop
      vertex 20 129.525 441.859
      vertex 19 129.936 442.008
      vertex 19 129.525 441.859
    endloop
  endfacet
  facet normal 0 -0.194867 0.98083
    outer loop
      vertex 19 130.389 442.098
      vertex 20 129.936 442.008
      vertex 20 130.389 442.098
    endloop
  endfacet
  facet normal 0 -0.194867 0.98083
    outer loop
      vertex 20 129.936 442.008
      vertex 19 130.389 442.098
      vertex 19 129.936 442.008
    endloop
  endfacet
  facet normal 0 -0.0606171 0.998161
    outer loop
      vertex 19 130.883 442.128
      vertex 20 130.389 442.098
      vertex 20 130.883 442.128
    endloop
  endfacet
  facet normal 0 -0.0606171 0.998161
    outer loop
      vertex 20 130.389 442.098
      vertex 19 130.883 442.128
      vertex 19 130.389 442.098
    endloop
  endfacet
  facet normal -0 0.0622491 0.998061
    outer loop
      vertex 19 131.364 442.098
      vertex 20 130.883 442.128
      vertex 20 131.364 442.098
    endloop
  endfacet
  facet normal 0 0.0622491 0.998061
    outer loop
      vertex 20 130.883 442.128
      vertex 19 131.364 442.098
      vertex 19 130.883 442.128
    endloop
  endfacet
  facet normal -0 0.201653 0.979457
    outer loop
      vertex 19 131.806 442.007
      vertex 20 131.364 442.098
      vertex 20 131.806 442.007
    endloop
  endfacet
  facet normal 0 0.201653 0.979457
    outer loop
      vertex 20 131.364 442.098
      vertex 19 131.806 442.007
      vertex 19 131.364 442.098
    endloop
  endfacet
  facet normal -0 0.354443 0.935077
    outer loop
      vertex 19 132.207 441.855
      vertex 20 131.806 442.007
      vertex 20 132.207 441.855
    endloop
  endfacet
  facet normal 0 0.354443 0.935077
    outer loop
      vertex 20 131.806 442.007
      vertex 19 132.207 441.855
      vertex 19 131.806 442.007
    endloop
  endfacet
  facet normal -0 0.507438 0.861688
    outer loop
      vertex 19 132.567 441.643
      vertex 20 132.207 441.855
      vertex 20 132.567 441.643
    endloop
  endfacet
  facet normal 0 0.507438 0.861688
    outer loop
      vertex 20 132.207 441.855
      vertex 19 132.567 441.643
      vertex 19 132.207 441.855
    endloop
  endfacet
  facet normal -0 0.649028 0.760765
    outer loop
      vertex 19 132.887 441.37
      vertex 20 132.567 441.643
      vertex 20 132.887 441.37
    endloop
  endfacet
  facet normal 0 0.649028 0.760765
    outer loop
      vertex 20 132.567 441.643
      vertex 19 132.887 441.37
      vertex 19 132.567 441.643
    endloop
  endfacet
  facet normal 0 0.767467 0.641088
    outer loop
      vertex 20 133.166 441.036
      vertex 19 132.887 441.37
      vertex 20 132.887 441.37
    endloop
  endfacet
  facet normal 0 0.767467 0.641088
    outer loop
      vertex 19 132.887 441.37
      vertex 20 133.166 441.036
      vertex 19 133.166 441.036
    endloop
  endfacet
  facet normal 0 0.854994 0.518638
    outer loop
      vertex 20 133.405 440.642
      vertex 19 133.166 441.036
      vertex 20 133.166 441.036
    endloop
  endfacet
  facet normal 0 0.854994 0.518638
    outer loop
      vertex 19 133.166 441.036
      vertex 20 133.405 440.642
      vertex 19 133.405 440.642
    endloop
  endfacet
  facet normal 0 0.915519 0.402274
    outer loop
      vertex 20 133.608 440.18
      vertex 19 133.405 440.642
      vertex 20 133.405 440.642
    endloop
  endfacet
  facet normal 0 0.915519 0.402274
    outer loop
      vertex 19 133.405 440.642
      vertex 20 133.608 440.18
      vertex 19 133.608 440.18
    endloop
  endfacet
  facet normal 0 0.952342 0.305033
    outer loop
      vertex 20 133.78 439.643
      vertex 19 133.608 440.18
      vertex 20 133.608 440.18
    endloop
  endfacet
  facet normal 0 0.952342 0.305033
    outer loop
      vertex 19 133.608 440.18
      vertex 20 133.78 439.643
      vertex 19 133.78 439.643
    endloop
  endfacet
  facet normal 0 0.97466 0.223692
    outer loop
      vertex 20 133.92 439.033
      vertex 19 133.78 439.643
      vertex 20 133.78 439.643
    endloop
  endfacet
  facet normal 0 0.97466 0.223692
    outer loop
      vertex 19 133.78 439.643
      vertex 20 133.92 439.033
      vertex 19 133.92 439.033
    endloop
  endfacet
  facet normal 0 0.987351 0.158553
    outer loop
      vertex 20 134.03 438.348
      vertex 19 133.92 439.033
      vertex 20 133.92 439.033
    endloop
  endfacet
  facet normal 0 0.987351 0.158553
    outer loop
      vertex 19 133.92 439.033
      vertex 20 134.03 438.348
      vertex 19 134.03 438.348
    endloop
  endfacet
  facet normal 0 0.994775 0.102095
    outer loop
      vertex 20 134.108 437.588
      vertex 19 134.03 438.348
      vertex 20 134.03 438.348
    endloop
  endfacet
  facet normal 0 0.994775 0.102095
    outer loop
      vertex 19 134.03 438.348
      vertex 20 134.108 437.588
      vertex 19 134.108 437.588
    endloop
  endfacet
  facet normal 0 0.998482 0.0550722
    outer loop
      vertex 20 134.154 436.754
      vertex 19 134.108 437.588
      vertex 20 134.108 437.588
    endloop
  endfacet
  facet normal 0 0.998482 0.0550722
    outer loop
      vertex 19 134.108 437.588
      vertex 20 134.154 436.754
      vertex 19 134.154 436.754
    endloop
  endfacet
  facet normal 0 0.999845 0.0176184
    outer loop
      vertex 20 134.17 435.846
      vertex 19 134.154 436.754
      vertex 20 134.154 436.754
    endloop
  endfacet
  facet normal 0 0.999845 0.0176184
    outer loop
      vertex 19 134.154 436.754
      vertex 20 134.17 435.846
      vertex 19 134.17 435.846
    endloop
  endfacet
  facet normal 0 0.999834 -0.0182202
    outer loop
      vertex 20 134.154 434.968
      vertex 19 134.17 435.846
      vertex 20 134.17 435.846
    endloop
  endfacet
  facet normal 0 0.999834 -0.0182202
    outer loop
      vertex 19 134.17 435.846
      vertex 20 134.154 434.968
      vertex 19 134.154 434.968
    endloop
  endfacet
  facet normal 0 0.9981 -0.0616111
    outer loop
      vertex 20 134.104 434.158
      vertex 19 134.154 434.968
      vertex 20 134.154 434.968
    endloop
  endfacet
  facet normal 0 0.9981 -0.0616111
    outer loop
      vertex 19 134.154 434.968
      vertex 20 134.104 434.158
      vertex 19 134.104 434.158
    endloop
  endfacet
  facet normal 0 0.99411 -0.108375
    outer loop
      vertex 20 134.023 433.415
      vertex 19 134.104 434.158
      vertex 20 134.104 434.158
    endloop
  endfacet
  facet normal 0 0.99411 -0.108375
    outer loop
      vertex 19 134.104 434.158
      vertex 20 134.023 433.415
      vertex 19 134.023 433.415
    endloop
  endfacet
  facet normal 0 0.985837 -0.167709
    outer loop
      vertex 20 133.908 432.739
      vertex 19 134.023 433.415
      vertex 20 134.023 433.415
    endloop
  endfacet
  facet normal 0 0.985837 -0.167709
    outer loop
      vertex 19 134.023 433.415
      vertex 20 133.908 432.739
      vertex 19 133.908 432.739
    endloop
  endfacet
  facet normal 0 0.971717 -0.236148
    outer loop
      vertex 20 133.76 432.13
      vertex 19 133.908 432.739
      vertex 20 133.908 432.739
    endloop
  endfacet
  facet normal 0 0.971717 -0.236148
    outer loop
      vertex 19 133.908 432.739
      vertex 20 133.76 432.13
      vertex 19 133.76 432.13
    endloop
  endfacet
  facet normal 0 0.948859 -0.315702
    outer loop
      vertex 20 133.58 431.589
      vertex 19 133.76 432.13
      vertex 20 133.76 432.13
    endloop
  endfacet
  facet normal 0 0.948859 -0.315702
    outer loop
      vertex 19 133.76 432.13
      vertex 20 133.58 431.589
      vertex 19 133.58 431.589
    endloop
  endfacet
  facet normal 0 0.912137 -0.409885
    outer loop
      vertex 20 133.367 431.115
      vertex 19 133.58 431.589
      vertex 20 133.58 431.589
    endloop
  endfacet
  facet normal 0 0.912137 -0.409885
    outer loop
      vertex 19 133.58 431.589
      vertex 20 133.367 431.115
      vertex 19 133.367 431.115
    endloop
  endfacet
  facet normal 0 0.855085 -0.518487
    outer loop
      vertex 20 133.119 430.706
      vertex 19 133.367 431.115
      vertex 20 133.367 431.115
    endloop
  endfacet
  facet normal 0 0.855085 -0.518487
    outer loop
      vertex 19 133.367 431.115
      vertex 20 133.119 430.706
      vertex 19 133.119 430.706
    endloop
  endfacet
  facet normal 0 0.769865 -0.638207
    outer loop
      vertex 20 132.833 430.361
      vertex 19 133.119 430.706
      vertex 20 133.119 430.706
    endloop
  endfacet
  facet normal 0 0.769865 -0.638207
    outer loop
      vertex 19 133.119 430.706
      vertex 20 132.833 430.361
      vertex 19 132.833 430.361
    endloop
  endfacet
  facet normal 0 0.658999 -0.752144
    outer loop
      vertex 19 132.51 430.078
      vertex 20 132.833 430.361
      vertex 20 132.51 430.078
    endloop
  endfacet
  facet normal 0 0.658999 -0.752144
    outer loop
      vertex 20 132.833 430.361
      vertex 19 132.51 430.078
      vertex 19 132.833 430.361
    endloop
  endfacet
  facet normal 0 0.519348 -0.854563
    outer loop
      vertex 19 132.148 429.858
      vertex 20 132.51 430.078
      vertex 20 132.148 429.858
    endloop
  endfacet
  facet normal 0 0.519348 -0.854563
    outer loop
      vertex 20 132.51 430.078
      vertex 19 132.148 429.858
      vertex 19 132.51 430.078
    endloop
  endfacet
  facet normal 0 0.368974 -0.92944
    outer loop
      vertex 19 131.75 429.7
      vertex 20 132.148 429.858
      vertex 20 131.75 429.7
    endloop
  endfacet
  facet normal 0 0.368974 -0.92944
    outer loop
      vertex 20 132.148 429.858
      vertex 19 131.75 429.7
      vertex 19 132.148 429.858
    endloop
  endfacet
  facet normal 0 0.210293 -0.977638
    outer loop
      vertex 19 131.313 429.606
      vertex 20 131.75 429.7
      vertex 20 131.313 429.606
    endloop
  endfacet
  facet normal 0 0.210293 -0.977638
    outer loop
      vertex 20 131.75 429.7
      vertex 19 131.313 429.606
      vertex 19 131.75 429.7
    endloop
  endfacet
  facet normal 0 0.0652614 -0.997868
    outer loop
      vertex 19 130.839 429.575
      vertex 20 131.313 429.606
      vertex 20 130.839 429.575
    endloop
  endfacet
  facet normal 0 0.0652614 -0.997868
    outer loop
      vertex 20 131.313 429.606
      vertex 19 130.839 429.575
      vertex 19 131.313 429.606
    endloop
  endfacet
  facet normal 0 -0.0627691 -0.998028
    outer loop
      vertex 19 130.362 429.605
      vertex 20 130.839 429.575
      vertex 20 130.362 429.605
    endloop
  endfacet
  facet normal -0 -0.0627691 -0.998028
    outer loop
      vertex 20 130.839 429.575
      vertex 19 130.362 429.605
      vertex 19 130.839 429.575
    endloop
  endfacet
  facet normal 0 0 -1
    outer loop
      vertex 19 147.227 429.857
      vertex 20 155.202 429.857
      vertex 20 147.227 429.857
    endloop
  endfacet
  facet normal -0 0 -1
    outer loop
      vertex 20 155.202 429.857
      vertex 19 147.227 429.857
      vertex 19 155.202 429.857
    endloop
  endfacet
  facet normal 0 -0.905758 0.423795
    outer loop
      vertex 19 147.227 429.857
      vertex 20 147.329 430.075
      vertex 19 147.329 430.075
    endloop
  endfacet
  facet normal 0 -0.905758 0.423795
    outer loop
      vertex 20 147.329 430.075
      vertex 19 147.227 429.857
      vertex 20 147.227 429.857
    endloop
  endfacet
  facet normal 0 -0.882132 0.471003
    outer loop
      vertex 19 147.329 430.075
      vertex 20 147.447 430.296
      vertex 19 147.447 430.296
    endloop
  endfacet
  facet normal 0 -0.882132 0.471003
    outer loop
      vertex 20 147.447 430.296
      vertex 19 147.329 430.075
      vertex 20 147.329 430.075
    endloop
  endfacet
  facet normal 0 -0.855455 0.517877
    outer loop
      vertex 19 147.447 430.296
      vertex 20 147.582 430.519
      vertex 19 147.582 430.519
    endloop
  endfacet
  facet normal 0 -0.855455 0.517877
    outer loop
      vertex 20 147.582 430.519
      vertex 19 147.447 430.296
      vertex 20 147.447 430.296
    endloop
  endfacet
  facet normal 0 -0.828635 0.559789
    outer loop
      vertex 19 147.582 430.519
      vertex 20 147.734 430.744
      vertex 19 147.734 430.744
    endloop
  endfacet
  facet normal 0 -0.828635 0.559789
    outer loop
      vertex 20 147.734 430.744
      vertex 19 147.582 430.519
      vertex 20 147.582 430.519
    endloop
  endfacet
  facet normal 0 -0.80337 0.59548
    outer loop
      vertex 19 147.734 430.744
      vertex 20 147.903 430.972
      vertex 19 147.903 430.972
    endloop
  endfacet
  facet normal 0 -0.80337 0.59548
    outer loop
      vertex 20 147.903 430.972
      vertex 19 147.734 430.744
      vertex 20 147.734 430.744
    endloop
  endfacet
  facet normal 0 -0.780539 0.625107
    outer loop
      vertex 19 147.903 430.972
      vertex 20 148.088 431.203
      vertex 19 148.088 431.203
    endloop
  endfacet
  facet normal 0 -0.780539 0.625107
    outer loop
      vertex 20 148.088 431.203
      vertex 19 147.903 430.972
      vertex 20 147.903 430.972
    endloop
  endfacet
  facet normal 0 -0.754185 0.656661
    outer loop
      vertex 19 148.088 431.203
      vertex 20 148.29 431.435
      vertex 19 148.29 431.435
    endloop
  endfacet
  facet normal 0 -0.754185 0.656661
    outer loop
      vertex 20 148.29 431.435
      vertex 19 148.088 431.203
      vertex 20 148.088 431.203
    endloop
  endfacet
  facet normal 0 -0.732684 0.680569
    outer loop
      vertex 19 148.29 431.435
      vertex 20 148.512 431.674
      vertex 19 148.512 431.674
    endloop
  endfacet
  facet normal 0 -0.732684 0.680569
    outer loop
      vertex 20 148.512 431.674
      vertex 19 148.29 431.435
      vertex 20 148.29 431.435
    endloop
  endfacet
  facet normal 0 -0.712879 0.701287
    outer loop
      vertex 19 148.512 431.674
      vertex 20 148.754 431.92
      vertex 19 148.754 431.92
    endloop
  endfacet
  facet normal 0 -0.712879 0.701287
    outer loop
      vertex 20 148.754 431.92
      vertex 19 148.512 431.674
      vertex 20 148.512 431.674
    endloop
  endfacet
  facet normal 0 -0.69606 0.717983
    outer loop
      vertex 19 149.016 432.174
      vertex 20 148.754 431.92
      vertex 20 149.016 432.174
    endloop
  endfacet
  facet normal 0 -0.69606 0.717983
    outer loop
      vertex 20 148.754 431.92
      vertex 19 149.016 432.174
      vertex 19 148.754 431.92
    endloop
  endfacet
  facet normal 0 -0.67946 0.733713
    outer loop
      vertex 19 149.3 432.437
      vertex 20 149.016 432.174
      vertex 20 149.3 432.437
    endloop
  endfacet
  facet normal 0 -0.67946 0.733713
    outer loop
      vertex 20 149.016 432.174
      vertex 19 149.3 432.437
      vertex 19 149.016 432.174
    endloop
  endfacet
  facet normal 0 -0.664212 0.747545
    outer loop
      vertex 19 149.605 432.708
      vertex 20 149.3 432.437
      vertex 20 149.605 432.708
    endloop
  endfacet
  facet normal 0 -0.664212 0.747545
    outer loop
      vertex 20 149.3 432.437
      vertex 19 149.605 432.708
      vertex 19 149.3 432.437
    endloop
  endfacet
  facet normal 0 -0.651368 0.758762
    outer loop
      vertex 19 149.93 432.987
      vertex 20 149.605 432.708
      vertex 20 149.93 432.987
    endloop
  endfacet
  facet normal 0 -0.651368 0.758762
    outer loop
      vertex 20 149.605 432.708
      vertex 19 149.93 432.987
      vertex 19 149.605 432.708
    endloop
  endfacet
  facet normal 0 -0.638432 0.769678
    outer loop
      vertex 19 150.276 433.274
      vertex 20 149.93 432.987
      vertex 20 150.276 433.274
    endloop
  endfacet
  facet normal 0 -0.638432 0.769678
    outer loop
      vertex 20 149.93 432.987
      vertex 19 150.276 433.274
      vertex 19 149.93 432.987
    endloop
  endfacet
  facet normal 0 -0.635006 0.772507
    outer loop
      vertex 19 150.894 433.782
      vertex 20 150.276 433.274
      vertex 20 150.894 433.782
    endloop
  endfacet
  facet normal 0 -0.635006 0.772507
    outer loop
      vertex 20 150.276 433.274
      vertex 19 150.894 433.782
      vertex 19 150.276 433.274
    endloop
  endfacet
  facet normal 0 -0.642612 0.766192
    outer loop
      vertex 19 151.452 434.25
      vertex 20 150.894 433.782
      vertex 20 151.452 434.25
    endloop
  endfacet
  facet normal 0 -0.642612 0.766192
    outer loop
      vertex 20 150.894 433.782
      vertex 19 151.452 434.25
      vertex 19 150.894 433.782
    endloop
  endfacet
  facet normal 0 -0.651042 0.759042
    outer loop
      vertex 19 151.951 434.678
      vertex 20 151.452 434.25
      vertex 20 151.951 434.678
    endloop
  endfacet
  facet normal 0 -0.651042 0.759042
    outer loop
      vertex 20 151.452 434.25
      vertex 19 151.951 434.678
      vertex 19 151.452 434.25
    endloop
  endfacet
  facet normal 0 -0.664046 0.747692
    outer loop
      vertex 19 152.389 435.067
      vertex 20 151.951 434.678
      vertex 20 152.389 435.067
    endloop
  endfacet
  facet normal 0 -0.664046 0.747692
    outer loop
      vertex 20 151.951 434.678
      vertex 19 152.389 435.067
      vertex 19 151.951 434.678
    endloop
  endfacet
  facet normal 0 -0.678441 0.734655
    outer loop
      vertex 19 152.768 435.417
      vertex 20 152.389 435.067
      vertex 20 152.768 435.417
    endloop
  endfacet
  facet normal 0 -0.678441 0.734655
    outer loop
      vertex 20 152.389 435.067
      vertex 19 152.768 435.417
      vertex 19 152.389 435.067
    endloop
  endfacet
  facet normal 0 -0.696918 0.717151
    outer loop
      vertex 19 153.087 435.727
      vertex 20 152.768 435.417
      vertex 20 153.087 435.727
    endloop
  endfacet
  facet normal 0 -0.696918 0.717151
    outer loop
      vertex 20 152.768 435.417
      vertex 19 153.087 435.727
      vertex 19 152.768 435.417
    endloop
  endfacet
  facet normal 0 -0.7216 0.69231
    outer loop
      vertex 19 153.087 435.727
      vertex 20 153.347 435.998
      vertex 19 153.347 435.998
    endloop
  endfacet
  facet normal 0 -0.7216 0.69231
    outer loop
      vertex 20 153.347 435.998
      vertex 19 153.087 435.727
      vertex 20 153.087 435.727
    endloop
  endfacet
  facet normal 0 -0.750536 0.66083
    outer loop
      vertex 19 153.347 435.998
      vertex 20 153.568 436.249
      vertex 19 153.568 436.249
    endloop
  endfacet
  facet normal 0 -0.750536 0.66083
    outer loop
      vertex 20 153.568 436.249
      vertex 19 153.347 435.998
      vertex 20 153.347 435.998
    endloop
  endfacet
  facet normal 0 -0.774507 0.632565
    outer loop
      vertex 19 153.568 436.249
      vertex 20 153.773 436.5
      vertex 19 153.773 436.5
    endloop
  endfacet
  facet normal 0 -0.774507 0.632565
    outer loop
      vertex 20 153.773 436.5
      vertex 19 153.568 436.249
      vertex 20 153.568 436.249
    endloop
  endfacet
  facet normal 0 -0.798853 0.601527
    outer loop
      vertex 19 153.773 436.5
      vertex 20 153.962 436.751
      vertex 19 153.962 436.751
    endloop
  endfacet
  facet normal 0 -0.798853 0.601527
    outer loop
      vertex 20 153.962 436.751
      vertex 19 153.773 436.5
      vertex 20 153.773 436.5
    endloop
  endfacet
  facet normal 0 -0.823371 0.567503
    outer loop
      vertex 19 153.962 436.751
      vertex 20 154.135 437.002
      vertex 19 154.135 437.002
    endloop
  endfacet
  facet normal 0 -0.823371 0.567503
    outer loop
      vertex 20 154.135 437.002
      vertex 19 153.962 436.751
      vertex 20 153.962 436.751
    endloop
  endfacet
  facet normal 0 -0.847808 0.530303
    outer loop
      vertex 19 154.135 437.002
      vertex 20 154.292 437.253
      vertex 19 154.292 437.253
    endloop
  endfacet
  facet normal 0 -0.847808 0.530303
    outer loop
      vertex 20 154.292 437.253
      vertex 19 154.135 437.002
      vertex 20 154.135 437.002
    endloop
  endfacet
  facet normal 0 -0.873335 0.487119
    outer loop
      vertex 19 154.292 437.253
      vertex 20 154.432 437.504
      vertex 19 154.432 437.504
    endloop
  endfacet
  facet normal 0 -0.873335 0.487119
    outer loop
      vertex 20 154.432 437.504
      vertex 19 154.292 437.253
      vertex 20 154.292 437.253
    endloop
  endfacet
  facet normal 0 -0.897257 0.441508
    outer loop
      vertex 19 154.432 437.504
      vertex 20 154.556 437.756
      vertex 19 154.556 437.756
    endloop
  endfacet
  facet normal 0 -0.897257 0.441508
    outer loop
      vertex 20 154.556 437.756
      vertex 19 154.432 437.504
      vertex 20 154.432 437.504
    endloop
  endfacet
  facet normal 0 -0.918576 0.395244
    outer loop
      vertex 19 154.556 437.756
      vertex 20 154.664 438.007
      vertex 19 154.664 438.007
    endloop
  endfacet
  facet normal 0 -0.918576 0.395244
    outer loop
      vertex 20 154.664 438.007
      vertex 19 154.556 437.756
      vertex 20 154.556 437.756
    endloop
  endfacet
  facet normal 0 -0.939357 0.34294
    outer loop
      vertex 19 154.664 438.007
      vertex 20 154.756 438.259
      vertex 19 154.756 438.259
    endloop
  endfacet
  facet normal 0 -0.939357 0.34294
    outer loop
      vertex 20 154.756 438.259
      vertex 19 154.664 438.007
      vertex 20 154.664 438.007
    endloop
  endfacet
  facet normal 0 -0.959487 0.281754
    outer loop
      vertex 19 154.756 438.259
      vertex 20 154.83 438.511
      vertex 19 154.83 438.511
    endloop
  endfacet
  facet normal 0 -0.959487 0.281754
    outer loop
      vertex 20 154.83 438.511
      vertex 19 154.756 438.259
      vertex 20 154.756 438.259
    endloop
  endfacet
  facet normal 0 -0.97367 0.227962
    outer loop
      vertex 19 154.83 438.511
      vertex 20 154.889 438.763
      vertex 19 154.889 438.763
    endloop
  endfacet
  facet normal 0 -0.97367 0.227962
    outer loop
      vertex 20 154.889 438.763
      vertex 19 154.83 438.511
      vertex 20 154.83 438.511
    endloop
  endfacet
  facet normal 0 -0.987221 0.159355
    outer loop
      vertex 19 154.889 438.763
      vertex 20 154.93 439.017
      vertex 19 154.93 439.017
    endloop
  endfacet
  facet normal 0 -0.987221 0.159355
    outer loop
      vertex 20 154.93 439.017
      vertex 19 154.889 438.763
      vertex 20 154.889 438.763
    endloop
  endfacet
  facet normal 0 -0.995153 0.0983353
    outer loop
      vertex 19 154.93 439.017
      vertex 20 154.955 439.27
      vertex 19 154.955 439.27
    endloop
  endfacet
  facet normal 0 -0.995153 0.0983353
    outer loop
      vertex 20 154.955 439.27
      vertex 19 154.93 439.017
      vertex 20 154.93 439.017
    endloop
  endfacet
  facet normal 0 -0.999504 0.0314805
    outer loop
      vertex 19 154.955 439.27
      vertex 20 154.963 439.524
      vertex 19 154.963 439.524
    endloop
  endfacet
  facet normal 0 -0.999504 0.0314805
    outer loop
      vertex 20 154.963 439.524
      vertex 19 154.955 439.27
      vertex 20 154.955 439.27
    endloop
  endfacet
  facet normal 0 -0.998987 -0.0449994
    outer loop
      vertex 19 154.963 439.524
      vertex 20 154.938 440.079
      vertex 19 154.938 440.079
    endloop
  endfacet
  facet normal 0 -0.998987 -0.0449994
    outer loop
      vertex 20 154.938 440.079
      vertex 19 154.963 439.524
      vertex 20 154.963 439.524
    endloop
  endfacet
  facet normal 0 -0.989367 -0.145439
    outer loop
      vertex 19 154.938 440.079
      vertex 20 154.862 440.596
      vertex 19 154.862 440.596
    endloop
  endfacet
  facet normal 0 -0.989367 -0.145439
    outer loop
      vertex 20 154.862 440.596
      vertex 19 154.938 440.079
      vertex 20 154.938 440.079
    endloop
  endfacet
  facet normal 0 -0.966735 -0.255782
    outer loop
      vertex 19 154.862 440.596
      vertex 20 154.735 441.076
      vertex 19 154.735 441.076
    endloop
  endfacet
  facet normal 0 -0.966735 -0.255782
    outer loop
      vertex 20 154.735 441.076
      vertex 19 154.862 440.596
      vertex 20 154.862 440.596
    endloop
  endfacet
  facet normal 0 -0.928621 -0.371029
    outer loop
      vertex 19 154.735 441.076
      vertex 20 154.558 441.519
      vertex 19 154.558 441.519
    endloop
  endfacet
  facet normal 0 -0.928621 -0.371029
    outer loop
      vertex 20 154.558 441.519
      vertex 19 154.735 441.076
      vertex 20 154.735 441.076
    endloop
  endfacet
  facet normal 0 -0.870483 -0.492199
    outer loop
      vertex 19 154.558 441.519
      vertex 20 154.329 441.924
      vertex 19 154.329 441.924
    endloop
  endfacet
  facet normal 0 -0.870483 -0.492199
    outer loop
      vertex 20 154.329 441.924
      vertex 19 154.558 441.519
      vertex 20 154.558 441.519
    endloop
  endfacet
  facet normal 0 -0.796871 -0.604149
    outer loop
      vertex 19 154.329 441.924
      vertex 20 154.05 442.292
      vertex 19 154.05 442.292
    endloop
  endfacet
  facet normal 0 -0.796871 -0.604149
    outer loop
      vertex 20 154.05 442.292
      vertex 19 154.329 441.924
      vertex 20 154.329 441.924
    endloop
  endfacet
  facet normal 0 -0.708179 -0.706033
    outer loop
      vertex 19 154.05 442.292
      vertex 20 153.721 442.622
      vertex 19 153.721 442.622
    endloop
  endfacet
  facet normal 0 -0.708179 -0.706033
    outer loop
      vertex 20 153.721 442.622
      vertex 19 154.05 442.292
      vertex 20 154.05 442.292
    endloop
  endfacet
  facet normal 0 -0.608387 -0.79364
    outer loop
      vertex 19 153.344 442.911
      vertex 20 153.721 442.622
      vertex 20 153.344 442.911
    endloop
  endfacet
  facet normal -0 -0.608387 -0.79364
    outer loop
      vertex 20 153.721 442.622
      vertex 19 153.344 442.911
      vertex 19 153.721 442.622
    endloop
  endfacet
  facet normal 0 -0.503871 -0.863779
    outer loop
      vertex 19 152.924 443.156
      vertex 20 153.344 442.911
      vertex 20 152.924 443.156
    endloop
  endfacet
  facet normal -0 -0.503871 -0.863779
    outer loop
      vertex 20 153.344 442.911
      vertex 19 152.924 443.156
      vertex 19 153.344 442.911
    endloop
  endfacet
  facet normal 0 -0.395829 -0.918324
    outer loop
      vertex 19 152.46 443.356
      vertex 20 152.924 443.156
      vertex 20 152.46 443.356
    endloop
  endfacet
  facet normal -0 -0.395829 -0.918324
    outer loop
      vertex 20 152.924 443.156
      vertex 19 152.46 443.356
      vertex 19 152.924 443.156
    endloop
  endfacet
  facet normal 0 -0.293557 -0.955942
    outer loop
      vertex 19 151.952 443.512
      vertex 20 152.46 443.356
      vertex 20 151.952 443.512
    endloop
  endfacet
  facet normal -0 -0.293557 -0.955942
    outer loop
      vertex 20 152.46 443.356
      vertex 19 151.952 443.512
      vertex 19 152.46 443.356
    endloop
  endfacet
  facet normal 0 -0.197485 -0.980306
    outer loop
      vertex 19 151.401 443.623
      vertex 20 151.952 443.512
      vertex 20 151.401 443.623
    endloop
  endfacet
  facet normal -0 -0.197485 -0.980306
    outer loop
      vertex 20 151.952 443.512
      vertex 19 151.401 443.623
      vertex 19 151.952 443.512
    endloop
  endfacet
  facet normal 0 -0.111898 -0.99372
    outer loop
      vertex 19 150.806 443.69
      vertex 20 151.401 443.623
      vertex 20 150.806 443.69
    endloop
  endfacet
  facet normal -0 -0.111898 -0.99372
    outer loop
      vertex 20 151.401 443.623
      vertex 19 150.806 443.69
      vertex 19 151.401 443.623
    endloop
  endfacet
  facet normal 0 -0.0344623 -0.999406
    outer loop
      vertex 19 150.168 443.712
      vertex 20 150.806 443.69
      vertex 20 150.168 443.712
    endloop
  endfacet
  facet normal -0 -0.0344623 -0.999406
    outer loop
      vertex 20 150.806 443.69
      vertex 19 150.168 443.712
      vertex 19 150.806 443.69
    endloop
  endfacet
  facet normal 0 0.0375162 -0.999296
    outer loop
      vertex 19 149.582 443.69
      vertex 20 150.168 443.712
      vertex 20 149.582 443.69
    endloop
  endfacet
  facet normal 0 0.0375162 -0.999296
    outer loop
      vertex 20 150.168 443.712
      vertex 19 149.582 443.69
      vertex 19 150.168 443.712
    endloop
  endfacet
  facet normal 0 0.118087 -0.993003
    outer loop
      vertex 19 149.027 443.624
      vertex 20 149.582 443.69
      vertex 20 149.027 443.624
    endloop
  endfacet
  facet normal 0 0.118087 -0.993003
    outer loop
      vertex 20 149.582 443.69
      vertex 19 149.027 443.624
      vertex 19 149.582 443.69
    endloop
  endfacet
  facet normal 0 0.207613 -0.978211
    outer loop
      vertex 19 148.504 443.513
      vertex 20 149.027 443.624
      vertex 20 148.504 443.513
    endloop
  endfacet
  facet normal 0 0.207613 -0.978211
    outer loop
      vertex 20 149.027 443.624
      vertex 19 148.504 443.513
      vertex 19 149.027 443.624
    endloop
  endfacet
  facet normal 0 0.300482 -0.953788
    outer loop
      vertex 19 148.012 443.358
      vertex 20 148.504 443.513
      vertex 20 148.012 443.358
    endloop
  endfacet
  facet normal 0 0.300482 -0.953788
    outer loop
      vertex 20 148.504 443.513
      vertex 19 148.012 443.358
      vertex 19 148.504 443.513
    endloop
  endfacet
  facet normal 0 0.396322 -0.918112
    outer loop
      vertex 19 147.551 443.159
      vertex 20 148.012 443.358
      vertex 20 147.551 443.159
    endloop
  endfacet
  facet normal 0 0.396322 -0.918112
    outer loop
      vertex 20 148.012 443.358
      vertex 19 147.551 443.159
      vertex 19 148.012 443.358
    endloop
  endfacet
  facet normal 0 0.493523 -0.869733
    outer loop
      vertex 19 147.121 442.915
      vertex 20 147.551 443.159
      vertex 20 147.121 442.915
    endloop
  endfacet
  facet normal 0 0.493523 -0.869733
    outer loop
      vertex 20 147.551 443.159
      vertex 19 147.121 442.915
      vertex 19 147.551 443.159
    endloop
  endfacet
  facet normal 0 0.586234 -0.810142
    outer loop
      vertex 19 146.723 442.627
      vertex 20 147.121 442.915
      vertex 20 146.723 442.627
    endloop
  endfacet
  facet normal 0 0.586234 -0.810142
    outer loop
      vertex 20 147.121 442.915
      vertex 19 146.723 442.627
      vertex 19 147.121 442.915
    endloop
  endfacet
  facet normal 0 0.670103 -0.742268
    outer loop
      vertex 19 146.363 442.302
      vertex 20 146.723 442.627
      vertex 20 146.363 442.302
    endloop
  endfacet
  facet normal 0 0.670103 -0.742268
    outer loop
      vertex 20 146.723 442.627
      vertex 19 146.363 442.302
      vertex 19 146.723 442.627
    endloop
  endfacet
  facet normal 0 0.749961 -0.661482
    outer loop
      vertex 20 146.049 441.946
      vertex 19 146.363 442.302
      vertex 20 146.363 442.302
    endloop
  endfacet
  facet normal 0 0.749961 -0.661482
    outer loop
      vertex 19 146.363 442.302
      vertex 20 146.049 441.946
      vertex 19 146.049 441.946
    endloop
  endfacet
  facet normal 0 0.820428 -0.571749
    outer loop
      vertex 20 145.78 441.56
      vertex 19 146.049 441.946
      vertex 20 146.049 441.946
    endloop
  endfacet
  facet normal 0 0.820428 -0.571749
    outer loop
      vertex 19 146.049 441.946
      vertex 20 145.78 441.56
      vertex 19 145.78 441.56
    endloop
  endfacet
  facet normal 0 0.882704 -0.469929
    outer loop
      vertex 20 145.558 441.143
      vertex 19 145.78 441.56
      vertex 20 145.78 441.56
    endloop
  endfacet
  facet normal 0 0.882704 -0.469929
    outer loop
      vertex 19 145.78 441.56
      vertex 20 145.558 441.143
      vertex 19 145.558 441.143
    endloop
  endfacet
  facet normal 0 0.930043 -0.36745
    outer loop
      vertex 20 145.381 440.695
      vertex 19 145.558 441.143
      vertex 20 145.558 441.143
    endloop
  endfacet
  facet normal 0 0.930043 -0.36745
    outer loop
      vertex 19 145.558 441.143
      vertex 20 145.381 440.695
      vertex 19 145.381 440.695
    endloop
  endfacet
  facet normal 0 0.96495 -0.262434
    outer loop
      vertex 20 145.251 440.217
      vertex 19 145.381 440.695
      vertex 20 145.381 440.695
    endloop
  endfacet
  facet normal 0 0.96495 -0.262434
    outer loop
      vertex 19 145.381 440.695
      vertex 20 145.251 440.217
      vertex 19 145.251 440.217
    endloop
  endfacet
  facet normal 0 0.986342 -0.164713
    outer loop
      vertex 20 145.166 439.708
      vertex 19 145.251 440.217
      vertex 20 145.251 440.217
    endloop
  endfacet
  facet normal 0 0.986342 -0.164713
    outer loop
      vertex 19 145.251 440.217
      vertex 20 145.166 439.708
      vertex 19 145.166 439.708
    endloop
  endfacet
  facet normal -0 0.0917952 0.995778
    outer loop
      vertex 19 147.162 439.524
      vertex 20 145.166 439.708
      vertex 20 147.162 439.524
    endloop
  endfacet
  facet normal 0 0.0917952 0.995778
    outer loop
      vertex 20 145.166 439.708
      vertex 19 147.162 439.524
      vertex 19 145.166 439.708
    endloop
  endfacet
  facet normal 0 -0.987549 0.157309
    outer loop
      vertex 19 147.162 439.524
      vertex 20 147.216 439.863
      vertex 19 147.216 439.863
    endloop
  endfacet
  facet normal 0 -0.987549 0.157309
    outer loop
      vertex 20 147.216 439.863
      vertex 19 147.162 439.524
      vertex 20 147.162 439.524
    endloop
  endfacet
  facet normal 0 -0.968871 0.247566
    outer loop
      vertex 19 147.216 439.863
      vertex 20 147.297 440.18
      vertex 19 147.297 440.18
    endloop
  endfacet
  facet normal 0 -0.968871 0.247566
    outer loop
      vertex 20 147.297 440.18
      vertex 19 147.216 439.863
      vertex 20 147.216 439.863
    endloop
  endfacet
  facet normal 0 -0.937633 0.347626
    outer loop
      vertex 19 147.297 440.18
      vertex 20 147.406 440.474
      vertex 19 147.406 440.474
    endloop
  endfacet
  facet normal 0 -0.937633 0.347626
    outer loop
      vertex 20 147.406 440.474
      vertex 19 147.297 440.18
      vertex 20 147.297 440.18
    endloop
  endfacet
  facet normal 0 -0.895741 0.444577
    outer loop
      vertex 19 147.406 440.474
      vertex 20 147.541 440.746
      vertex 19 147.541 440.746
    endloop
  endfacet
  facet normal 0 -0.895741 0.444577
    outer loop
      vertex 20 147.541 440.746
      vertex 19 147.406 440.474
      vertex 20 147.406 440.474
    endloop
  endfacet
  facet normal 0 -0.837677 0.546166
    outer loop
      vertex 19 147.541 440.746
      vertex 20 147.704 440.996
      vertex 19 147.704 440.996
    endloop
  endfacet
  facet normal 0 -0.837677 0.546166
    outer loop
      vertex 20 147.704 440.996
      vertex 19 147.541 440.746
      vertex 20 147.541 440.746
    endloop
  endfacet
  facet normal 0 -0.766835 0.641844
    outer loop
      vertex 19 147.704 440.996
      vertex 20 147.894 441.223
      vertex 19 147.894 441.223
    endloop
  endfacet
  facet normal 0 -0.766835 0.641844
    outer loop
      vertex 20 147.894 441.223
      vertex 19 147.704 440.996
      vertex 20 147.704 440.996
    endloop
  endfacet
  facet normal 0 -0.686722 0.72692
    outer loop
      vertex 19 148.111 441.428
      vertex 20 147.894 441.223
      vertex 20 148.111 441.428
    endloop
  endfacet
  facet normal 0 -0.686722 0.72692
    outer loop
      vertex 20 147.894 441.223
      vertex 19 148.111 441.428
      vertex 19 147.894 441.223
    endloop
  endfacet
  facet normal 0 -0.6 0.8
    outer loop
      vertex 19 148.351 441.608
      vertex 20 148.111 441.428
      vertex 20 148.351 441.608
    endloop
  endfacet
  facet normal 0 -0.6 0.8
    outer loop
      vertex 20 148.111 441.428
      vertex 19 148.351 441.608
      vertex 19 148.111 441.428
    endloop
  endfacet
  facet normal 0 -0.507604 0.861591
    outer loop
      vertex 19 148.609 441.76
      vertex 20 148.351 441.608
      vertex 20 148.609 441.76
    endloop
  endfacet
  facet normal 0 -0.507604 0.861591
    outer loop
      vertex 20 148.351 441.608
      vertex 19 148.609 441.76
      vertex 19 148.351 441.608
    endloop
  endfacet
  facet normal 0 -0.412559 0.910931
    outer loop
      vertex 19 148.885 441.885
      vertex 20 148.609 441.76
      vertex 20 148.885 441.885
    endloop
  endfacet
  facet normal 0 -0.412559 0.910931
    outer loop
      vertex 20 148.609 441.76
      vertex 19 148.885 441.885
      vertex 19 148.609 441.76
    endloop
  endfacet
  facet normal 0 -0.313319 0.949648
    outer loop
      vertex 19 149.179 441.982
      vertex 20 148.885 441.885
      vertex 20 149.179 441.982
    endloop
  endfacet
  facet normal 0 -0.313319 0.949648
    outer loop
      vertex 20 148.885 441.885
      vertex 19 149.179 441.982
      vertex 19 148.885 441.885
    endloop
  endfacet
  facet normal 0 -0.216598 0.976261
    outer loop
      vertex 19 149.49 442.051
      vertex 20 149.179 441.982
      vertex 20 149.49 442.051
    endloop
  endfacet
  facet normal 0 -0.216598 0.976261
    outer loop
      vertex 20 149.179 441.982
      vertex 19 149.49 442.051
      vertex 19 149.179 441.982
    endloop
  endfacet
  facet normal 0 -0.126254 0.991998
    outer loop
      vertex 19 149.82 442.093
      vertex 20 149.49 442.051
      vertex 20 149.82 442.093
    endloop
  endfacet
  facet normal 0 -0.126254 0.991998
    outer loop
      vertex 20 149.49 442.051
      vertex 19 149.82 442.093
      vertex 19 149.49 442.051
    endloop
  endfacet
  facet normal 0 -0.0373303 0.999303
    outer loop
      vertex 19 150.168 442.106
      vertex 20 149.82 442.093
      vertex 20 150.168 442.106
    endloop
  endfacet
  facet normal 0 -0.0373303 0.999303
    outer loop
      vertex 20 149.82 442.093
      vertex 19 150.168 442.106
      vertex 19 149.82 442.093
    endloop
  endfacet
  facet normal -0 0.0385388 0.999257
    outer loop
      vertex 19 150.531 442.092
      vertex 20 150.168 442.106
      vertex 20 150.531 442.092
    endloop
  endfacet
  facet normal 0 0.0385388 0.999257
    outer loop
      vertex 20 150.168 442.106
      vertex 19 150.531 442.092
      vertex 19 150.168 442.106
    endloop
  endfacet
  facet normal -0 0.122598 0.992456
    outer loop
      vertex 19 150.871 442.05
      vertex 20 150.531 442.092
      vertex 20 150.871 442.05
    endloop
  endfacet
  facet normal 0 0.122598 0.992456
    outer loop
      vertex 20 150.531 442.092
      vertex 19 150.871 442.05
      vertex 19 150.531 442.092
    endloop
  endfacet
  facet normal -0 0.219218 0.975676
    outer loop
      vertex 19 151.187 441.979
      vertex 20 150.871 442.05
      vertex 20 151.187 441.979
    endloop
  endfacet
  facet normal 0 0.219218 0.975676
    outer loop
      vertex 20 150.871 442.05
      vertex 19 151.187 441.979
      vertex 19 150.871 442.05
    endloop
  endfacet
  facet normal -0 0.320105 0.947382
    outer loop
      vertex 19 151.48 441.88
      vertex 20 151.187 441.979
      vertex 20 151.48 441.88
    endloop
  endfacet
  facet normal 0 0.320105 0.947382
    outer loop
      vertex 20 151.187 441.979
      vertex 19 151.48 441.88
      vertex 19 151.187 441.979
    endloop
  endfacet
  facet normal -0 0.428374 0.903602
    outer loop
      vertex 19 151.75 441.752
      vertex 20 151.48 441.88
      vertex 20 151.75 441.752
    endloop
  endfacet
  facet normal 0 0.428374 0.903602
    outer loop
      vertex 20 151.48 441.88
      vertex 19 151.75 441.752
      vertex 19 151.48 441.88
    endloop
  endfacet
  facet normal -0 0.535542 0.844509
    outer loop
      vertex 19 151.996 441.596
      vertex 20 151.75 441.752
      vertex 20 151.996 441.596
    endloop
  endfacet
  facet normal 0 0.535542 0.844509
    outer loop
      vertex 20 151.75 441.752
      vertex 19 151.996 441.596
      vertex 19 151.75 441.752
    endloop
  endfacet
  facet normal -0 0.638135 0.769924
    outer loop
      vertex 19 152.218 441.412
      vertex 20 151.996 441.596
      vertex 20 152.218 441.412
    endloop
  endfacet
  facet normal 0 0.638135 0.769924
    outer loop
      vertex 20 151.996 441.596
      vertex 19 152.218 441.412
      vertex 19 151.996 441.596
    endloop
  endfacet
  facet normal 0 0.731055 0.682318
    outer loop
      vertex 20 152.414 441.202
      vertex 19 152.218 441.412
      vertex 20 152.218 441.412
    endloop
  endfacet
  facet normal 0 0.731055 0.682318
    outer loop
      vertex 19 152.218 441.412
      vertex 20 152.414 441.202
      vertex 19 152.414 441.202
    endloop
  endfacet
  facet normal 0 0.814441 0.580246
    outer loop
      vertex 20 152.58 440.969
      vertex 19 152.414 441.202
      vertex 20 152.414 441.202
    endloop
  endfacet
  facet normal 0 0.814441 0.580246
    outer loop
      vertex 19 152.414 441.202
      vertex 20 152.58 440.969
      vertex 19 152.58 440.969
    endloop
  endfacet
  facet normal 0 0.884543 0.466458
    outer loop
      vertex 20 152.715 440.713
      vertex 19 152.58 440.969
      vertex 20 152.58 440.969
    endloop
  endfacet
  facet normal 0 0.884543 0.466458
    outer loop
      vertex 19 152.58 440.969
      vertex 20 152.715 440.713
      vertex 19 152.715 440.713
    endloop
  endfacet
  facet normal 0 0.935915 0.352226
    outer loop
      vertex 20 152.82 440.434
      vertex 19 152.715 440.713
      vertex 20 152.715 440.713
    endloop
  endfacet
  facet normal 0 0.935915 0.352226
    outer loop
      vertex 19 152.715 440.713
      vertex 20 152.82 440.434
      vertex 19 152.82 440.434
    endloop
  endfacet
  facet normal 0 0.969764 0.244046
    outer loop
      vertex 20 152.896 440.132
      vertex 19 152.82 440.434
      vertex 20 152.82 440.434
    endloop
  endfacet
  facet normal 0 0.969764 0.244046
    outer loop
      vertex 19 152.82 440.434
      vertex 20 152.896 440.132
      vertex 19 152.896 440.132
    endloop
  endfacet
  facet normal 0 0.99055 0.137153
    outer loop
      vertex 20 152.941 439.807
      vertex 19 152.896 440.132
      vertex 20 152.896 440.132
    endloop
  endfacet
  facet normal 0 0.99055 0.137153
    outer loop
      vertex 19 152.896 440.132
      vertex 20 152.941 439.807
      vertex 19 152.941 439.807
    endloop
  endfacet
  facet normal 0 0.999072 0.0430635
    outer loop
      vertex 20 152.956 439.459
      vertex 19 152.941 439.807
      vertex 20 152.941 439.807
    endloop
  endfacet
  facet normal 0 0.999072 0.0430635
    outer loop
      vertex 19 152.941 439.807
      vertex 20 152.956 439.459
      vertex 19 152.956 439.459
    endloop
  endfacet
  facet normal 0 0.999415 -0.0342005
    outer loop
      vertex 20 152.947 439.196
      vertex 19 152.956 439.459
      vertex 20 152.956 439.459
    endloop
  endfacet
  facet normal 0 0.999415 -0.0342005
    outer loop
      vertex 19 152.956 439.459
      vertex 20 152.947 439.196
      vertex 19 152.947 439.196
    endloop
  endfacet
  facet normal 0 0.994802 -0.10183
    outer loop
      vertex 20 152.921 438.942
      vertex 19 152.947 439.196
      vertex 20 152.947 439.196
    endloop
  endfacet
  facet normal 0 0.994802 -0.10183
    outer loop
      vertex 19 152.947 439.196
      vertex 20 152.921 438.942
      vertex 19 152.921 438.942
    endloop
  endfacet
  facet normal 0 0.984501 -0.175377
    outer loop
      vertex 20 152.877 438.695
      vertex 19 152.921 438.942
      vertex 20 152.921 438.942
    endloop
  endfacet
  facet normal 0 0.984501 -0.175377
    outer loop
      vertex 19 152.921 438.942
      vertex 20 152.877 438.695
      vertex 19 152.877 438.695
    endloop
  endfacet
  facet normal 0 0.968938 -0.247302
    outer loop
      vertex 20 152.816 438.456
      vertex 19 152.877 438.695
      vertex 20 152.877 438.695
    endloop
  endfacet
  facet normal 0 0.968938 -0.247302
    outer loop
      vertex 19 152.877 438.695
      vertex 20 152.816 438.456
      vertex 19 152.816 438.456
    endloop
  endfacet
  facet normal 0 0.945766 -0.32485
    outer loop
      vertex 20 152.737 438.226
      vertex 19 152.816 438.456
      vertex 20 152.816 438.456
    endloop
  endfacet
  facet normal 0 0.945766 -0.32485
    outer loop
      vertex 19 152.816 438.456
      vertex 20 152.737 438.226
      vertex 19 152.737 438.226
    endloop
  endfacet
  facet normal 0 0.918505 -0.39541
    outer loop
      vertex 20 152.641 438.003
      vertex 19 152.737 438.226
      vertex 20 152.737 438.226
    endloop
  endfacet
  facet normal 0 0.918505 -0.39541
    outer loop
      vertex 19 152.737 438.226
      vertex 20 152.641 438.003
      vertex 19 152.641 438.003
    endloop
  endfacet
  facet normal 0 0.883488 -0.468454
    outer loop
      vertex 20 152.527 437.788
      vertex 19 152.641 438.003
      vertex 20 152.641 438.003
    endloop
  endfacet
  facet normal 0 0.883488 -0.468454
    outer loop
      vertex 19 152.641 438.003
      vertex 20 152.527 437.788
      vertex 19 152.527 437.788
    endloop
  endfacet
  facet normal 0 0.854593 -0.519298
    outer loop
      vertex 20 152.4 437.579
      vertex 19 152.527 437.788
      vertex 20 152.527 437.788
    endloop
  endfacet
  facet normal 0 0.854593 -0.519298
    outer loop
      vertex 19 152.527 437.788
      vertex 20 152.4 437.579
      vertex 19 152.4 437.579
    endloop
  endfacet
  facet normal 0 0.830195 -0.557474
    outer loop
      vertex 20 152.261 437.372
      vertex 19 152.4 437.579
      vertex 20 152.4 437.579
    endloop
  endfacet
  facet normal 0 0.830195 -0.557474
    outer loop
      vertex 19 152.4 437.579
      vertex 20 152.261 437.372
      vertex 19 152.261 437.372
    endloop
  endfacet
  facet normal 0 0.805651 -0.59239
    outer loop
      vertex 20 152.111 437.168
      vertex 19 152.261 437.372
      vertex 20 152.261 437.372
    endloop
  endfacet
  facet normal 0 0.805651 -0.59239
    outer loop
      vertex 19 152.261 437.372
      vertex 20 152.111 437.168
      vertex 19 152.111 437.168
    endloop
  endfacet
  facet normal 0 0.783888 -0.620902
    outer loop
      vertex 20 151.951 436.966
      vertex 19 152.111 437.168
      vertex 20 152.111 437.168
    endloop
  endfacet
  facet normal 0 0.783888 -0.620902
    outer loop
      vertex 19 152.111 437.168
      vertex 20 151.951 436.966
      vertex 19 151.951 436.966
    endloop
  endfacet
  facet normal 0 0.756566 -0.653917
    outer loop
      vertex 20 151.779 436.767
      vertex 19 151.951 436.966
      vertex 20 151.951 436.966
    endloop
  endfacet
  facet normal 0 0.756566 -0.653917
    outer loop
      vertex 19 151.951 436.966
      vertex 20 151.779 436.767
      vertex 19 151.779 436.767
    endloop
  endfacet
  facet normal 0 0.732793 -0.680451
    outer loop
      vertex 20 151.597 436.571
      vertex 19 151.779 436.767
      vertex 20 151.779 436.767
    endloop
  endfacet
  facet normal 0 0.732793 -0.680451
    outer loop
      vertex 19 151.779 436.767
      vertex 20 151.597 436.571
      vertex 19 151.597 436.571
    endloop
  endfacet
  facet normal 0 0.708932 -0.705277
    outer loop
      vertex 20 151.404 436.377
      vertex 19 151.597 436.571
      vertex 20 151.597 436.571
    endloop
  endfacet
  facet normal 0 0.708932 -0.705277
    outer loop
      vertex 19 151.597 436.571
      vertex 20 151.404 436.377
      vertex 19 151.404 436.377
    endloop
  endfacet
  facet normal 0 0.690732 -0.72311
    outer loop
      vertex 19 151.203 436.185
      vertex 20 151.404 436.377
      vertex 20 151.203 436.185
    endloop
  endfacet
  facet normal 0 0.690732 -0.72311
    outer loop
      vertex 20 151.404 436.377
      vertex 19 151.203 436.185
      vertex 19 151.404 436.377
    endloop
  endfacet
  facet normal 0 0.676522 -0.736422
    outer loop
      vertex 19 150.994 435.993
      vertex 20 151.203 436.185
      vertex 20 150.994 435.993
    endloop
  endfacet
  facet normal 0 0.676522 -0.736422
    outer loop
      vertex 20 151.203 436.185
      vertex 19 150.994 435.993
      vertex 19 151.203 436.185
    endloop
  endfacet
  facet normal 0 0.664364 -0.747409
    outer loop
      vertex 19 150.778 435.801
      vertex 20 150.994 435.993
      vertex 20 150.778 435.801
    endloop
  endfacet
  facet normal 0 0.664364 -0.747409
    outer loop
      vertex 20 150.994 435.993
      vertex 19 150.778 435.801
      vertex 19 150.994 435.993
    endloop
  endfacet
  facet normal 0 0.654152 -0.756363
    outer loop
      vertex 19 150.556 435.609
      vertex 20 150.778 435.801
      vertex 20 150.556 435.609
    endloop
  endfacet
  facet normal 0 0.654152 -0.756363
    outer loop
      vertex 20 150.778 435.801
      vertex 19 150.556 435.609
      vertex 19 150.778 435.801
    endloop
  endfacet
  facet normal 0 0.642486 -0.766298
    outer loop
      vertex 19 150.327 435.417
      vertex 20 150.556 435.609
      vertex 20 150.327 435.417
    endloop
  endfacet
  facet normal 0 0.642486 -0.766298
    outer loop
      vertex 20 150.556 435.609
      vertex 19 150.327 435.417
      vertex 19 150.556 435.609
    endloop
  endfacet
  facet normal 0 0.631454 -0.775413
    outer loop
      vertex 19 150.09 435.224
      vertex 20 150.327 435.417
      vertex 20 150.09 435.224
    endloop
  endfacet
  facet normal 0 0.631454 -0.775413
    outer loop
      vertex 20 150.327 435.417
      vertex 19 150.09 435.224
      vertex 19 150.327 435.417
    endloop
  endfacet
  facet normal 0 0.619958 -0.784635
    outer loop
      vertex 19 149.847 435.032
      vertex 20 150.09 435.224
      vertex 20 149.847 435.032
    endloop
  endfacet
  facet normal 0 0.619958 -0.784635
    outer loop
      vertex 20 150.09 435.224
      vertex 19 149.847 435.032
      vertex 19 150.09 435.224
    endloop
  endfacet
  facet normal 0 0.61923 -0.785209
    outer loop
      vertex 19 149.601 434.838
      vertex 20 149.847 435.032
      vertex 20 149.601 434.838
    endloop
  endfacet
  facet normal 0 0.61923 -0.785209
    outer loop
      vertex 20 149.847 435.032
      vertex 19 149.601 434.838
      vertex 19 149.847 435.032
    endloop
  endfacet
  facet normal 0 0.625845 -0.779947
    outer loop
      vertex 19 149.353 434.639
      vertex 20 149.601 434.838
      vertex 20 149.353 434.639
    endloop
  endfacet
  facet normal 0 0.625845 -0.779947
    outer loop
      vertex 20 149.601 434.838
      vertex 19 149.353 434.639
      vertex 19 149.601 434.838
    endloop
  endfacet
  facet normal 0 0.635271 -0.77229
    outer loop
      vertex 19 149.105 434.435
      vertex 20 149.353 434.639
      vertex 20 149.105 434.435
    endloop
  endfacet
  facet normal 0 0.635271 -0.77229
    outer loop
      vertex 20 149.353 434.639
      vertex 19 149.105 434.435
      vertex 19 149.353 434.639
    endloop
  endfacet
  facet normal 0 0.642903 -0.765947
    outer loop
      vertex 19 148.856 434.226
      vertex 20 149.105 434.435
      vertex 20 148.856 434.226
    endloop
  endfacet
  facet normal 0 0.642903 -0.765947
    outer loop
      vertex 20 149.105 434.435
      vertex 19 148.856 434.226
      vertex 19 149.105 434.435
    endloop
  endfacet
  facet normal 0 0.650037 -0.759902
    outer loop
      vertex 19 148.607 434.013
      vertex 20 148.856 434.226
      vertex 20 148.607 434.013
    endloop
  endfacet
  facet normal 0 0.650037 -0.759902
    outer loop
      vertex 20 148.856 434.226
      vertex 19 148.607 434.013
      vertex 19 148.856 434.226
    endloop
  endfacet
  facet normal 0 0.657223 -0.753696
    outer loop
      vertex 19 148.357 433.795
      vertex 20 148.607 434.013
      vertex 20 148.357 433.795
    endloop
  endfacet
  facet normal 0 0.657223 -0.753696
    outer loop
      vertex 20 148.607 434.013
      vertex 19 148.357 433.795
      vertex 19 148.607 434.013
    endloop
  endfacet
  facet normal 0 0.662509 -0.749054
    outer loop
      vertex 19 148.106 433.573
      vertex 20 148.357 433.795
      vertex 20 148.106 433.573
    endloop
  endfacet
  facet normal 0 0.662509 -0.749054
    outer loop
      vertex 20 148.357 433.795
      vertex 19 148.106 433.573
      vertex 19 148.357 433.795
    endloop
  endfacet
  facet normal 0 0.676928 -0.736049
    outer loop
      vertex 19 147.857 433.344
      vertex 20 148.106 433.573
      vertex 20 147.857 433.344
    endloop
  endfacet
  facet normal 0 0.676928 -0.736049
    outer loop
      vertex 20 148.106 433.573
      vertex 19 147.857 433.344
      vertex 19 148.106 433.573
    endloop
  endfacet
  facet normal 0 0.690824 -0.723023
    outer loop
      vertex 19 147.61 433.108
      vertex 20 147.857 433.344
      vertex 20 147.61 433.108
    endloop
  endfacet
  facet normal 0 0.690824 -0.723023
    outer loop
      vertex 20 147.857 433.344
      vertex 19 147.61 433.108
      vertex 19 147.857 433.344
    endloop
  endfacet
  facet normal 0 0.708563 -0.705647
    outer loop
      vertex 20 147.368 432.865
      vertex 19 147.61 433.108
      vertex 20 147.61 433.108
    endloop
  endfacet
  facet normal 0 0.708563 -0.705647
    outer loop
      vertex 19 147.61 433.108
      vertex 20 147.368 432.865
      vertex 19 147.368 432.865
    endloop
  endfacet
  facet normal 0 0.722767 -0.691092
    outer loop
      vertex 20 147.128 432.614
      vertex 19 147.368 432.865
      vertex 20 147.368 432.865
    endloop
  endfacet
  facet normal 0 0.722767 -0.691092
    outer loop
      vertex 19 147.368 432.865
      vertex 20 147.128 432.614
      vertex 19 147.128 432.614
    endloop
  endfacet
  facet normal 0 0.739165 -0.673525
    outer loop
      vertex 20 146.892 432.355
      vertex 19 147.128 432.614
      vertex 20 147.128 432.614
    endloop
  endfacet
  facet normal 0 0.739165 -0.673525
    outer loop
      vertex 19 147.128 432.614
      vertex 20 146.892 432.355
      vertex 19 146.892 432.355
    endloop
  endfacet
  facet normal 0 0.752226 -0.658905
    outer loop
      vertex 20 146.659 432.089
      vertex 19 146.892 432.355
      vertex 20 146.892 432.355
    endloop
  endfacet
  facet normal 0 0.752226 -0.658905
    outer loop
      vertex 19 146.892 432.355
      vertex 20 146.659 432.089
      vertex 19 146.659 432.089
    endloop
  endfacet
  facet normal 0 0.767302 -0.641286
    outer loop
      vertex 20 146.43 431.815
      vertex 19 146.659 432.089
      vertex 20 146.659 432.089
    endloop
  endfacet
  facet normal 0 0.767302 -0.641286
    outer loop
      vertex 19 146.659 432.089
      vertex 20 146.43 431.815
      vertex 19 146.43 431.815
    endloop
  endfacet
  facet normal 0 0.785451 -0.618924
    outer loop
      vertex 20 146.207 431.532
      vertex 19 146.43 431.815
      vertex 20 146.43 431.815
    endloop
  endfacet
  facet normal 0 0.785451 -0.618924
    outer loop
      vertex 19 146.43 431.815
      vertex 20 146.207 431.532
      vertex 19 146.207 431.532
    endloop
  endfacet
  facet normal 0 0.81169 -0.584088
    outer loop
      vertex 20 145.994 431.236
      vertex 19 146.207 431.532
      vertex 20 146.207 431.532
    endloop
  endfacet
  facet normal 0 0.81169 -0.584088
    outer loop
      vertex 19 146.207 431.532
      vertex 20 145.994 431.236
      vertex 19 145.994 431.236
    endloop
  endfacet
  facet normal 0 0.834958 -0.550313
    outer loop
      vertex 20 145.791 430.928
      vertex 19 145.994 431.236
      vertex 20 145.994 431.236
    endloop
  endfacet
  facet normal 0 0.834958 -0.550313
    outer loop
      vertex 19 145.994 431.236
      vertex 20 145.791 430.928
      vertex 19 145.791 430.928
    endloop
  endfacet
  facet normal 0 0.85631 -0.516462
    outer loop
      vertex 20 145.598 430.608
      vertex 19 145.791 430.928
      vertex 20 145.791 430.928
    endloop
  endfacet
  facet normal 0 0.85631 -0.516462
    outer loop
      vertex 19 145.791 430.928
      vertex 20 145.598 430.608
      vertex 19 145.598 430.608
    endloop
  endfacet
  facet normal 0 0.87577 -0.482729
    outer loop
      vertex 20 145.415 430.276
      vertex 19 145.598 430.608
      vertex 20 145.598 430.608
    endloop
  endfacet
  facet normal 0 0.87577 -0.482729
    outer loop
      vertex 19 145.598 430.608
      vertex 20 145.415 430.276
      vertex 19 145.415 430.276
    endloop
  endfacet
  facet normal 0 0.893908 -0.44825
    outer loop
      vertex 20 145.242 429.931
      vertex 19 145.415 430.276
      vertex 20 145.415 430.276
    endloop
  endfacet
  facet normal 0 0.893908 -0.44825
    outer loop
      vertex 19 145.415 430.276
      vertex 20 145.242 429.931
      vertex 19 145.242 429.931
    endloop
  endfacet
  facet normal 0 0.909226 -0.416303
    outer loop
      vertex 20 145.079 429.575
      vertex 19 145.242 429.931
      vertex 20 145.242 429.931
    endloop
  endfacet
  facet normal 0 0.909226 -0.416303
    outer loop
      vertex 19 145.242 429.931
      vertex 20 145.079 429.575
      vertex 19 145.079 429.575
    endloop
  endfacet
  facet normal 0 1 -0
    outer loop
      vertex 20 145.079 428.197
      vertex 19 145.079 429.575
      vertex 20 145.079 429.575
    endloop
  endfacet
  facet normal 0 1 0
    outer loop
      vertex 19 145.079 429.575
      vertex 20 145.079 428.197
      vertex 19 145.079 428.197
    endloop
  endfacet
  facet normal -0 0 1
    outer loop
      vertex 19 155.202 428.197
      vertex 20 145.079 428.197
      vertex 20 155.202 428.197
    endloop
  endfacet
  facet normal 0 0 1
    outer loop
      vertex 20 145.079 428.197
      vertex 19 155.202 428.197
      vertex 19 145.079 428.197
    endloop
  endfacet
  facet normal 0 -1 0
    outer loop
      vertex 19 155.202 428.197
      vertex 20 155.202 429.857
      vertex 19 155.202 429.857
    endloop
  endfacet
  facet normal 0 -1 -0
    outer loop
      vertex 20 155.202 429.857
      vertex 19 155.202 428.197
      vertex 20 155.202 428.197
    endloop
  endfacet
  facet normal 0 0 -1
    outer loop
      vertex 19 109.265 429.889
      vertex 20 116.99 429.889
      vertex 20 109.265 429.889
    endloop
  endfacet
  facet normal -0 0 -1
    outer loop
      vertex 20 116.99 429.889
      vertex 19 109.265 429.889
      vertex 19 116.99 429.889
    endloop
  endfacet
  facet normal 0 -1 0
    outer loop
      vertex 19 109.265 429.889
      vertex 20 109.265 443.484
      vertex 19 109.265 443.484
    endloop
  endfacet
  facet normal 0 -1 -0
    outer loop
      vertex 20 109.265 443.484
      vertex 19 109.265 429.889
      vertex 20 109.265 429.889
    endloop
  endfacet
  facet normal 0 0 -1
    outer loop
      vertex 19 107.192 443.484
      vertex 20 109.265 443.484
      vertex 20 107.192 443.484
    endloop
  endfacet
  facet normal -0 0 -1
    outer loop
      vertex 20 109.265 443.484
      vertex 19 107.192 443.484
      vertex 19 109.265 443.484
    endloop
  endfacet
  facet normal 0 1 -0
    outer loop
      vertex 20 107.192 428.197
      vertex 19 107.192 443.484
      vertex 20 107.192 443.484
    endloop
  endfacet
  facet normal 0 1 0
    outer loop
      vertex 19 107.192 443.484
      vertex 20 107.192 428.197
      vertex 19 107.192 428.197
    endloop
  endfacet
  facet normal -0 0 1
    outer loop
      vertex 19 116.99 428.197
      vertex 20 107.192 428.197
      vertex 20 116.99 428.197
    endloop
  endfacet
  facet normal 0 0 1
    outer loop
      vertex 20 107.192 428.197
      vertex 19 116.99 428.197
      vertex 19 107.192 428.197
    endloop
  endfacet
  facet normal 0 -1 0
    outer loop
      vertex 19 116.99 428.197
      vertex 20 116.99 429.889
      vertex 19 116.99 429.889
    endloop
  endfacet
  facet normal 0 -1 -0
    outer loop
      vertex 20 116.99 429.889
      vertex 19 116.99 428.197
      vertex 20 116.99 428.197
    endloop
  endfacet
  facet normal 0 0 -1
    outer loop
      vertex 19 118.426 434.967
      vertex 20 123.851 434.967
      vertex 20 118.426 434.967
    endloop
  endfacet
  facet normal -0 0 -1
    outer loop
      vertex 20 123.851 434.967
      vertex 19 118.426 434.967
      vertex 19 123.851 434.967
    endloop
  endfacet
  facet normal 0 1 -0
    outer loop
      vertex 20 118.426 433.231
      vertex 19 118.426 434.967
      vertex 20 118.426 434.967
    endloop
  endfacet
  facet normal 0 1 0
    outer loop
      vertex 19 118.426 434.967
      vertex 20 118.426 433.231
      vertex 19 118.426 433.231
    endloop
  endfacet
  facet normal -0 0 1
    outer loop
      vertex 19 123.851 433.231
      vertex 20 118.426 433.231
      vertex 20 123.851 433.231
    endloop
  endfacet
  facet normal 0 0 1
    outer loop
      vertex 20 118.426 433.231
      vertex 19 123.851 433.231
      vertex 19 118.426 433.231
    endloop
  endfacet
  facet normal 0 -1 0
    outer loop
      vertex 19 123.851 433.231
      vertex 20 123.851 434.967
      vertex 19 123.851 434.967
    endloop
  endfacet
  facet normal 0 -1 -0
    outer loop
      vertex 20 123.851 434.967
      vertex 19 123.851 433.231
      vertex 20 123.851 433.231
    endloop
  endfacet
  facet normal 0 0 -1
    outer loop
      vertex 19 137.722 434.967
      vertex 20 143.147 434.967
      vertex 20 137.722 434.967
    endloop
  endfacet
  facet normal -0 0 -1
    outer loop
      vertex 20 143.147 434.967
      vertex 19 137.722 434.967
      vertex 19 143.147 434.967
    endloop
  endfacet
  facet normal 0 1 -0
    outer loop
      vertex 20 137.722 433.231
      vertex 19 137.722 434.967
      vertex 20 137.722 434.967
    endloop
  endfacet
  facet normal 0 1 0
    outer loop
      vertex 19 137.722 434.967
      vertex 20 137.722 433.231
      vertex 19 137.722 433.231
    endloop
  endfacet
  facet normal -0 0 1
    outer loop
      vertex 19 143.147 433.231
      vertex 20 137.722 433.231
      vertex 20 143.147 433.231
    endloop
  endfacet
  facet normal 0 0 1
    outer loop
      vertex 20 137.722 433.231
      vertex 19 143.147 433.231
      vertex 19 137.722 433.231
    endloop
  endfacet
  facet normal 0 -1 0
    outer loop
      vertex 19 143.147 433.231
      vertex 20 143.147 434.967
      vertex 19 143.147 434.967
    endloop
  endfacet
  facet normal 0 -1 -0
    outer loop
      vertex 20 143.147 434.967
      vertex 19 143.147 433.231
      vertex 20 143.147 433.231
    endloop
  endfacet
  facet normal 0 -1 0
    outer loop
      vertex 3 20 529.78
      vertex 17 20 529.8
      vertex 3 20 529.8
    endloop
  endfacet
  facet normal 0 -1 0
    outer loop
      vertex 3 20 529.78
      vertex 17 20 529.78
      vertex 17 20 529.8
    endloop
  endfacet
  facet normal 0 -1 0
    outer loop
      vertex 5.25369 20 518.8
      vertex 17 20 529.78
      vertex 3 20 529.78
    endloop
  endfacet
  facet normal 0 -1 0
    outer loop
      vertex 17 20 529.78
      vertex 5.25369 20 518.8
      vertex 14.7463 20 518.8
    endloop
  endfacet
  facet normal 0.979578 0 -0.201063
    outer loop
      vertex 17 20 529.78
      vertex 14.7463 241.4 518.8
      vertex 17 241.4 529.78
    endloop
  endfacet
  facet normal 0.979578 0 -0.201063
    outer loop
      vertex 14.7463 241.4 518.8
      vertex 17 20 529.78
      vertex 14.7463 20 518.8
    endloop
  endfacet
  facet normal -0 0 1
    outer loop
      vertex 3 241.4 529.8
      vertex 17 20 529.8
      vertex 17 241.4 529.8
    endloop
  endfacet
  facet normal 0 0 1
    outer loop
      vertex 17 20 529.8
      vertex 3 241.4 529.8
      vertex 3 20 529.8
    endloop
  endfacet
  facet normal 1 -0 0
    outer loop
      vertex 17 20 529.8
      vertex 17 241.4 529.78
      vertex 17 241.4 529.8
    endloop
  endfacet
  facet normal 1 0 0
    outer loop
      vertex 17 241.4 529.78
      vertex 17 20 529.8
      vertex 17 20 529.78
    endloop
  endfacet
  facet normal -1 0 0
    outer loop
      vertex 3 20 529.78
      vertex 3 241.4 529.8
      vertex 3 241.4 529.78
    endloop
  endfacet
  facet normal -1 -0 0
    outer loop
      vertex 3 241.4 529.8
      vertex 3 20 529.78
      vertex 3 20 529.8
    endloop
  endfacet
  facet normal -0.979578 0 -0.201062
    outer loop
      vertex 5.25369 20 518.8
      vertex 3 241.4 529.78
      vertex 5.25369 241.4 518.8
    endloop
  endfacet
  facet normal -0.979578 -0 -0.201062
    outer loop
      vertex 3 241.4 529.78
      vertex 5.25369 20 518.8
      vertex 3 20 529.78
    endloop
  endfacet
  facet normal -0 0 1
    outer loop
      vertex 5.25369 20 518.8
      vertex 17 9.02 518.8
      vertex 14.7463 20 518.8
    endloop
  endfacet
  facet normal 0 0 1
    outer loop
      vertex 3 9.02 518.8
      vertex 17 9.02 518.8
      vertex 5.25369 20 518.8
    endloop
  endfacet
  facet normal 0 0 1
    outer loop
      vertex 17 9.02 518.8
      vertex 3 9.02 518.8
      vertex 17 9 518.8
    endloop
  endfacet
  facet normal 0 0 1
    outer loop
      vertex 17 9 518.8
      vertex 3 9.02 518.8
      vertex 3 9 518.8
    endloop
  endfacet
  facet normal 0 1 -0
    outer loop
      vertex 14.5 21.2 353.25
      vertex 5.5 21.2 366.883
      vertex 14.5 21.2 366.883
    endloop
  endfacet
  facet normal 0 1 0
    outer loop
      vertex 14.5 21.2 353.25
      vertex 5.5 21.2 353.25
      vertex 5.5 21.2 366.883
    endloop
  endfacet
  facet normal 0 1 -0
    outer loop
      vertex 14.35 21.2 352.533
      vertex 5.5 21.2 353.25
      vertex 14.5 21.2 353.25
    endloop
  endfacet
  facet normal 0 1 0
    outer loop
      vertex 5.5 21.2 353.25
      vertex 14.35 21.2 352.533
      vertex 5.65 21.2 352.533
    endloop
  endfacet
  facet normal 0.979578 0.201063 0
    outer loop
      vertex 17 9.02 518.8
      vertex 14.7463 20 366.883
      vertex 14.7463 20 518.8
    endloop
  endfacet
  facet normal 0.979578 0.201063 -0
    outer loop
      vertex 17 9.02 352.533
      vertex 14.7463 20 366.883
      vertex 17 9.02 518.8
    endloop
  endfacet
  facet normal 0.979578 0.201063 0
    outer loop
      vertex 14.7463 20 366.883
      vertex 17 9.02 352.533
      vertex 14.7463 20 354.426
    endloop
  endfacet
  facet normal 0.979578 0.201063 0
    outer loop
      vertex 14.7463 20 354.426
      vertex 17 9.02 352.533
      vertex 14.7463 20 352.533
    endloop
  endfacet
  facet normal 0.979579 0.201059 -0
    outer loop
      vertex 14.7463 20 354.426
      vertex 14.5 21.2 366.883
      vertex 14.7463 20 366.883
    endloop
  endfacet
  facet normal 0.979579 0.201059 0
    outer loop
      vertex 14.5 21.2 366.883
      vertex 14.7463 20 354.426
      vertex 14.5 21.2 353.25
    endloop
  endfacet
  facet normal -1 0 0
    outer loop
      vertex 3 9 352.533
      vertex 3 9.02 518.8
      vertex 3 9.02 352.533
    endloop
  endfacet
  facet normal -1 -0 0
    outer loop
      vertex 3 9.02 518.8
      vertex 3 9 352.533
      vertex 3 9 518.8
    endloop
  endfacet
  facet normal 0 -1 0
    outer loop
      vertex 3 9 352.533
      vertex 17 9 518.8
      vertex 3 9 518.8
    endloop
  endfacet
  facet normal 0 -1 -0
    outer loop
      vertex 17 9 518.8
      vertex 3 9 352.533
      vertex 17 9 352.533
    endloop
  endfacet
  facet normal 1 -0 0
    outer loop
      vertex 17 9 518.8
      vertex 17 9.02 352.533
      vertex 17 9.02 518.8
    endloop
  endfacet
  facet normal 1 0 0
    outer loop
      vertex 17 9.02 352.533
      vertex 17 9 518.8
      vertex 17 9 352.533
    endloop
  endfacet
  facet normal -0.979578 0.201062 0
    outer loop
      vertex 3 9.02 352.533
      vertex 5.25369 20 354.426
      vertex 5.25369 20 352.533
    endloop
  endfacet
  facet normal -0.979578 0.201062 0
    outer loop
      vertex 5.25369 20 354.426
      vertex 3 9.02 352.533
      vertex 5.25369 20 366.883
    endloop
  endfacet
  facet normal -0.979578 0.201062 0
    outer loop
      vertex 3 9.02 518.8
      vertex 5.25369 20 366.883
      vertex 3 9.02 352.533
    endloop
  endfacet
  facet normal -0.979578 0.201062 0
    outer loop
      vertex 5.25369 20 366.883
      vertex 3 9.02 518.8
      vertex 5.25369 20 518.8
    endloop
  endfacet
  facet normal -0.979578 0.201066 0
    outer loop
      vertex 5.25369 20 354.426
      vertex 5.5 21.2 366.883
      vertex 5.5 21.2 353.25
    endloop
  endfacet
  facet normal -0.979578 0.201066 0
    outer loop
      vertex 5.5 21.2 366.883
      vertex 5.25369 20 354.426
      vertex 5.25369 20 366.883
    endloop
  endfacet
endsolid OpenSCAD_Model
