solid OpenSCAD_Model
  facet normal 0 0.946932 -0.321435
    outer loop
      vertex 18.8 3.69552 2.46927
      vertex 0 3.8637 2.96472
      vertex 18.8 3.8637 2.96472
    endloop
  endfacet
  facet normal 0 0.946932 -0.321435
    outer loop
      vertex 0 3.8637 2.96472
      vertex 18.8 3.69552 2.46927
      vertex 0 3.69552 2.46927
    endloop
  endfacet
  facet normal 0 0.195089 -0.980786
    outer loop
      vertex 0 0.522104 0.0342207
      vertex 18.8 1.03528 0.136297
      vertex 18.8 0.522104 0.0342207
    endloop
  endfacet
  facet normal 0 0.195089 -0.980786
    outer loop
      vertex 18.8 1.03528 0.136297
      vertex 0 0.522104 0.0342207
      vertex 0 1.03528 0.136297
    endloop
  endfacet
  facet normal 0 0.0654035 -0.997859
    outer loop
      vertex 0 0 0
      vertex 18.8 0.522104 0.0342207
      vertex 18.8 0 0
    endloop
  endfacet
  facet normal 0 0.0654035 -0.997859
    outer loop
      vertex 18.8 0.522104 0.0342207
      vertex 0 0 0
      vertex 0 0.522104 0.0342207
    endloop
  endfacet
  facet normal 0 0.321444 -0.946929
    outer loop
      vertex 0 1.03528 0.136297
      vertex 18.8 1.53073 0.304482
      vertex 18.8 1.03528 0.136297
    endloop
  endfacet
  facet normal 0 0.321444 -0.946929
    outer loop
      vertex 18.8 1.53073 0.304482
      vertex 0 1.03528 0.136297
      vertex 0 1.53073 0.304482
    endloop
  endfacet
  facet normal 0 0.896871 -0.442291
    outer loop
      vertex 18.8 3.4641 2
      vertex 0 3.69552 2.46927
      vertex 18.8 3.69552 2.46927
    endloop
  endfacet
  facet normal 0 0.896871 -0.442291
    outer loop
      vertex 0 3.69552 2.46927
      vertex 18.8 3.4641 2
      vertex 0 3.4641 2
    endloop
  endfacet
  facet normal 0 -0.0654022 0.997859
    outer loop
      vertex 0 0 8
      vertex 18.8 -0.522104 7.96578
      vertex 18.8 0 8
    endloop
  endfacet
  facet normal 0 -0.0654022 0.997859
    outer loop
      vertex 18.8 -0.522104 7.96578
      vertex 0 0 8
      vertex 0 -0.522104 7.96578
    endloop
  endfacet
  facet normal 0 0.442287 -0.896874
    outer loop
      vertex 0 1.53073 0.304482
      vertex 18.8 2 0.535899
      vertex 18.8 1.53073 0.304482
    endloop
  endfacet
  facet normal 0 0.442287 -0.896874
    outer loop
      vertex 18.8 2 0.535899
      vertex 0 1.53073 0.304482
      vertex 0 2 0.535899
    endloop
  endfacet
  facet normal 0 0.555566 -0.831472
    outer loop
      vertex 0 2 0.535899
      vertex 18.8 2.43505 0.826587
      vertex 18.8 2 0.535899
    endloop
  endfacet
  facet normal 0 0.555566 -0.831472
    outer loop
      vertex 18.8 2.43505 0.826587
      vertex 0 2 0.535899
      vertex 0 2.43505 0.826587
    endloop
  endfacet
  facet normal 0 0.751845 0.65934
    outer loop
      vertex 18.8 3.17341 6.43505
      vertex 0 2.82843 6.82843
      vertex 18.8 2.82843 6.82843
    endloop
  endfacet
  facet normal 0 0.751845 0.65934
    outer loop
      vertex 0 2.82843 6.82843
      vertex 18.8 3.17341 6.43505
      vertex 0 3.17341 6.43505
    endloop
  endfacet
  facet normal 0 0.659344 -0.751842
    outer loop
      vertex 0 2.43505 0.826587
      vertex 18.8 2.82843 1.17157
      vertex 18.8 2.43505 0.826587
    endloop
  endfacet
  facet normal 0 0.659344 -0.751842
    outer loop
      vertex 18.8 2.82843 1.17157
      vertex 0 2.43505 0.826587
      vertex 0 2.82843 1.17157
    endloop
  endfacet
  facet normal -0 0.195096 0.980784
    outer loop
      vertex 0 1.03528 7.8637
      vertex 18.8 0.522104 7.96578
      vertex 18.8 1.03528 7.8637
    endloop
  endfacet
  facet normal 0 0.195096 0.980784
    outer loop
      vertex 18.8 0.522104 7.96578
      vertex 0 1.03528 7.8637
      vertex 0 0.522104 7.96578
    endloop
  endfacet
  facet normal 0 -0.831471 0.555569
    outer loop
      vertex 0 -3.4641 6
      vertex 18.8 -3.17341 6.43505
      vertex 0 -3.17341 6.43505
    endloop
  endfacet
  facet normal 0 -0.831471 0.555569
    outer loop
      vertex 18.8 -3.17341 6.43505
      vertex 0 -3.4641 6
      vertex 18.8 -3.4641 6
    endloop
  endfacet
  facet normal -0 0.0654022 0.997859
    outer loop
      vertex 0 0.522104 7.96578
      vertex 18.8 0 8
      vertex 18.8 0.522104 7.96578
    endloop
  endfacet
  facet normal 0 0.0654022 0.997859
    outer loop
      vertex 18.8 0 8
      vertex 0 0.522104 7.96578
      vertex 0 0 8
    endloop
  endfacet
  facet normal 0 -0.65934 0.751845
    outer loop
      vertex 0 -2.43505 7.17341
      vertex 18.8 -2.82843 6.82843
      vertex 18.8 -2.43505 7.17341
    endloop
  endfacet
  facet normal 0 -0.65934 0.751845
    outer loop
      vertex 18.8 -2.82843 6.82843
      vertex 0 -2.43505 7.17341
      vertex 0 -2.82843 6.82843
    endloop
  endfacet
  facet normal 0 -0.980784 -0.195094
    outer loop
      vertex 0 -3.8637 2.96472
      vertex 18.8 -3.96578 3.4779
      vertex 0 -3.96578 3.4779
    endloop
  endfacet
  facet normal 0 -0.980784 -0.195094
    outer loop
      vertex 18.8 -3.96578 3.4779
      vertex 0 -3.8637 2.96472
      vertex 18.8 -3.8637 2.96472
    endloop
  endfacet
  facet normal 0 0.896871 0.442291
    outer loop
      vertex 18.8 3.69552 5.53073
      vertex 0 3.4641 6
      vertex 18.8 3.4641 6
    endloop
  endfacet
  facet normal 0 0.896871 0.442291
    outer loop
      vertex 0 3.4641 6
      vertex 18.8 3.69552 5.53073
      vertex 0 3.69552 5.53073
    endloop
  endfacet
  facet normal 0 -0.946932 0.321435
    outer loop
      vertex 0 -3.8637 5.03528
      vertex 18.8 -3.69552 5.53073
      vertex 0 -3.69552 5.53073
    endloop
  endfacet
  facet normal 0 -0.946932 0.321435
    outer loop
      vertex 18.8 -3.69552 5.53073
      vertex 0 -3.8637 5.03528
      vertex 18.8 -3.8637 5.03528
    endloop
  endfacet
  facet normal 0 -0.195089 -0.980786
    outer loop
      vertex 0 -1.03528 0.136297
      vertex 18.8 -0.522104 0.0342207
      vertex 18.8 -1.03528 0.136297
    endloop
  endfacet
  facet normal -0 -0.195089 -0.980786
    outer loop
      vertex 18.8 -0.522104 0.0342207
      vertex 0 -1.03528 0.136297
      vertex 0 -0.522104 0.0342207
    endloop
  endfacet
  facet normal -0 0.65934 0.751845
    outer loop
      vertex 0 2.82843 6.82843
      vertex 18.8 2.43505 7.17341
      vertex 18.8 2.82843 6.82843
    endloop
  endfacet
  facet normal 0 0.65934 0.751845
    outer loop
      vertex 18.8 2.43505 7.17341
      vertex 0 2.82843 6.82843
      vertex 0 2.43505 7.17341
    endloop
  endfacet
  facet normal 0 -0.555566 -0.831472
    outer loop
      vertex 0 -2.43505 0.826587
      vertex 18.8 -2 0.535899
      vertex 18.8 -2.43505 0.826587
    endloop
  endfacet
  facet normal -0 -0.555566 -0.831472
    outer loop
      vertex 18.8 -2 0.535899
      vertex 0 -2.43505 0.826587
      vertex 0 -2 0.535899
    endloop
  endfacet
  facet normal 0 0.946932 0.321435
    outer loop
      vertex 18.8 3.8637 5.03528
      vertex 0 3.69552 5.53073
      vertex 18.8 3.69552 5.53073
    endloop
  endfacet
  facet normal 0 0.946932 0.321435
    outer loop
      vertex 0 3.69552 5.53073
      vertex 18.8 3.8637 5.03528
      vertex 0 3.8637 5.03528
    endloop
  endfacet
  facet normal 0 -0.195096 0.980784
    outer loop
      vertex 0 -0.522104 7.96578
      vertex 18.8 -1.03528 7.8637
      vertex 18.8 -0.522104 7.96578
    endloop
  endfacet
  facet normal 0 -0.195096 0.980784
    outer loop
      vertex 18.8 -1.03528 7.8637
      vertex 0 -0.522104 7.96578
      vertex 0 -1.03528 7.8637
    endloop
  endfacet
  facet normal 0 -0.980784 0.195094
    outer loop
      vertex 0 -3.96578 4.5221
      vertex 18.8 -3.8637 5.03528
      vertex 0 -3.8637 5.03528
    endloop
  endfacet
  facet normal 0 -0.980784 0.195094
    outer loop
      vertex 18.8 -3.8637 5.03528
      vertex 0 -3.96578 4.5221
      vertex 18.8 -3.96578 4.5221
    endloop
  endfacet
  facet normal 0 0.831471 -0.555569
    outer loop
      vertex 18.8 3.17341 1.56495
      vertex 0 3.4641 2
      vertex 18.8 3.4641 2
    endloop
  endfacet
  facet normal 0 0.831471 -0.555569
    outer loop
      vertex 0 3.4641 2
      vertex 18.8 3.17341 1.56495
      vertex 0 3.17341 1.56495
    endloop
  endfacet
  facet normal 0 -0.321444 -0.946929
    outer loop
      vertex 0 -1.53073 0.304482
      vertex 18.8 -1.03528 0.136297
      vertex 18.8 -1.53073 0.304482
    endloop
  endfacet
  facet normal -0 -0.321444 -0.946929
    outer loop
      vertex 18.8 -1.03528 0.136297
      vertex 0 -1.53073 0.304482
      vertex 0 -1.03528 0.136297
    endloop
  endfacet
  facet normal 0 -0.997859 -0.0654027
    outer loop
      vertex 0 -3.96578 3.4779
      vertex 18.8 -4 4
      vertex 0 -4 4
    endloop
  endfacet
  facet normal 0 -0.997859 -0.0654027
    outer loop
      vertex 18.8 -4 4
      vertex 0 -3.96578 3.4779
      vertex 18.8 -3.96578 3.4779
    endloop
  endfacet
  facet normal 0 -0.659344 -0.751842
    outer loop
      vertex 0 -2.82843 1.17157
      vertex 18.8 -2.43505 0.826587
      vertex 18.8 -2.82843 1.17157
    endloop
  endfacet
  facet normal -0 -0.659344 -0.751842
    outer loop
      vertex 18.8 -2.43505 0.826587
      vertex 0 -2.82843 1.17157
      vertex 0 -2.43505 0.826587
    endloop
  endfacet
  facet normal 0 0.997859 0.0654027
    outer loop
      vertex 18.8 4 4
      vertex 0 3.96578 4.5221
      vertex 18.8 3.96578 4.5221
    endloop
  endfacet
  facet normal 0 0.997859 0.0654027
    outer loop
      vertex 0 3.96578 4.5221
      vertex 18.8 4 4
      vertex 0 4 4
    endloop
  endfacet
  facet normal 0 -0.831471 -0.555569
    outer loop
      vertex 0 -3.17341 1.56495
      vertex 18.8 -3.4641 2
      vertex 0 -3.4641 2
    endloop
  endfacet
  facet normal 0 -0.831471 -0.555569
    outer loop
      vertex 18.8 -3.4641 2
      vertex 0 -3.17341 1.56495
      vertex 18.8 -3.17341 1.56495
    endloop
  endfacet
  facet normal 0 -0.751845 0.65934
    outer loop
      vertex 0 -3.17341 6.43505
      vertex 18.8 -2.82843 6.82843
      vertex 0 -2.82843 6.82843
    endloop
  endfacet
  facet normal 0 -0.751845 0.65934
    outer loop
      vertex 18.8 -2.82843 6.82843
      vertex 0 -3.17341 6.43505
      vertex 18.8 -3.17341 6.43505
    endloop
  endfacet
  facet normal 0 0.751845 -0.65934
    outer loop
      vertex 18.8 2.82843 1.17157
      vertex 0 3.17341 1.56495
      vertex 18.8 3.17341 1.56495
    endloop
  endfacet
  facet normal 0 0.751845 -0.65934
    outer loop
      vertex 0 3.17341 1.56495
      vertex 18.8 2.82843 1.17157
      vertex 0 2.82843 1.17157
    endloop
  endfacet
  facet normal -0 0.442291 0.896871
    outer loop
      vertex 0 2 7.4641
      vertex 18.8 1.53073 7.69552
      vertex 18.8 2 7.4641
    endloop
  endfacet
  facet normal 0 0.442291 0.896871
    outer loop
      vertex 18.8 1.53073 7.69552
      vertex 0 2 7.4641
      vertex 0 1.53073 7.69552
    endloop
  endfacet
  facet normal 0 0.997859 -0.0654027
    outer loop
      vertex 18.8 3.96578 3.4779
      vertex 0 4 4
      vertex 18.8 4 4
    endloop
  endfacet
  facet normal 0 0.997859 -0.0654027
    outer loop
      vertex 0 4 4
      vertex 18.8 3.96578 3.4779
      vertex 0 3.96578 3.4779
    endloop
  endfacet
  facet normal 0 -0.0654035 -0.997859
    outer loop
      vertex 0 -0.522104 0.0342207
      vertex 18.8 0 0
      vertex 18.8 -0.522104 0.0342207
    endloop
  endfacet
  facet normal -0 -0.0654035 -0.997859
    outer loop
      vertex 18.8 0 0
      vertex 0 -0.522104 0.0342207
      vertex 0 0 0
    endloop
  endfacet
  facet normal 0 0.980784 0.195094
    outer loop
      vertex 18.8 3.96578 4.5221
      vertex 0 3.8637 5.03528
      vertex 18.8 3.8637 5.03528
    endloop
  endfacet
  facet normal 0 0.980784 0.195094
    outer loop
      vertex 0 3.8637 5.03528
      vertex 18.8 3.96578 4.5221
      vertex 0 3.96578 4.5221
    endloop
  endfacet
  facet normal 0 0.831471 0.555569
    outer loop
      vertex 18.8 3.4641 6
      vertex 0 3.17341 6.43505
      vertex 18.8 3.17341 6.43505
    endloop
  endfacet
  facet normal 0 0.831471 0.555569
    outer loop
      vertex 0 3.17341 6.43505
      vertex 18.8 3.4641 6
      vertex 0 3.4641 6
    endloop
  endfacet
  facet normal 0 -0.997859 0.0654027
    outer loop
      vertex 0 -4 4
      vertex 18.8 -3.96578 4.5221
      vertex 0 -3.96578 4.5221
    endloop
  endfacet
  facet normal 0 -0.997859 0.0654027
    outer loop
      vertex 18.8 -3.96578 4.5221
      vertex 0 -4 4
      vertex 18.8 -4 4
    endloop
  endfacet
  facet normal 0 -0.442287 -0.896874
    outer loop
      vertex 0 -2 0.535899
      vertex 18.8 -1.53073 0.304482
      vertex 18.8 -2 0.535899
    endloop
  endfacet
  facet normal -0 -0.442287 -0.896874
    outer loop
      vertex 18.8 -1.53073 0.304482
      vertex 0 -2 0.535899
      vertex 0 -1.53073 0.304482
    endloop
  endfacet
  facet normal -0 0.321435 0.946932
    outer loop
      vertex 0 1.53073 7.69552
      vertex 18.8 1.03528 7.8637
      vertex 18.8 1.53073 7.69552
    endloop
  endfacet
  facet normal 0 0.321435 0.946932
    outer loop
      vertex 18.8 1.03528 7.8637
      vertex 0 1.53073 7.69552
      vertex 0 1.03528 7.8637
    endloop
  endfacet
  facet normal 0 -0.321435 0.946932
    outer loop
      vertex 0 -1.03528 7.8637
      vertex 18.8 -1.53073 7.69552
      vertex 18.8 -1.03528 7.8637
    endloop
  endfacet
  facet normal 0 -0.321435 0.946932
    outer loop
      vertex 18.8 -1.53073 7.69552
      vertex 0 -1.03528 7.8637
      vertex 0 -1.53073 7.69552
    endloop
  endfacet
  facet normal -1 0 0
    outer loop
      vertex 0 3.96578 3.4779
      vertex 0 3.96578 4.5221
      vertex 0 4 4
    endloop
  endfacet
  facet normal -1 0 0
    outer loop
      vertex 0 3.8637 2.96472
      vertex 0 3.96578 4.5221
      vertex 0 3.96578 3.4779
    endloop
  endfacet
  facet normal -1 0 0
    outer loop
      vertex 0 3.8637 2.96472
      vertex 0 3.8637 5.03528
      vertex 0 3.96578 4.5221
    endloop
  endfacet
  facet normal -1 0 0
    outer loop
      vertex 0 3.69552 2.46927
      vertex 0 3.8637 5.03528
      vertex 0 3.8637 2.96472
    endloop
  endfacet
  facet normal -1 0 0
    outer loop
      vertex 0 3.69552 2.46927
      vertex 0 3.69552 5.53073
      vertex 0 3.8637 5.03528
    endloop
  endfacet
  facet normal -1 0 0
    outer loop
      vertex 0 3.4641 2
      vertex 0 3.69552 5.53073
      vertex 0 3.69552 2.46927
    endloop
  endfacet
  facet normal -1 0 0
    outer loop
      vertex 0 3.4641 2
      vertex 0 3.4641 6
      vertex 0 3.69552 5.53073
    endloop
  endfacet
  facet normal -1 0 0
    outer loop
      vertex 0 3.17341 1.56495
      vertex 0 3.4641 6
      vertex 0 3.4641 2
    endloop
  endfacet
  facet normal -1 0 0
    outer loop
      vertex 0 3.17341 1.56495
      vertex 0 3.17341 6.43505
      vertex 0 3.4641 6
    endloop
  endfacet
  facet normal -1 0 0
    outer loop
      vertex 0 2.82843 1.17157
      vertex 0 3.17341 6.43505
      vertex 0 3.17341 1.56495
    endloop
  endfacet
  facet normal -1 0 0
    outer loop
      vertex 0 2.82843 1.17157
      vertex 0 2.82843 6.82843
      vertex 0 3.17341 6.43505
    endloop
  endfacet
  facet normal -1 0 0
    outer loop
      vertex 0 2.43505 0.826587
      vertex 0 2.82843 6.82843
      vertex 0 2.82843 1.17157
    endloop
  endfacet
  facet normal -1 0 0
    outer loop
      vertex 0 2.43505 0.826587
      vertex 0 2.43505 7.17341
      vertex 0 2.82843 6.82843
    endloop
  endfacet
  facet normal -1 0 0
    outer loop
      vertex 0 2 0.535899
      vertex 0 2.43505 7.17341
      vertex 0 2.43505 0.826587
    endloop
  endfacet
  facet normal -1 0 0
    outer loop
      vertex 0 2 0.535899
      vertex 0 2 7.4641
      vertex 0 2.43505 7.17341
    endloop
  endfacet
  facet normal -1 0 0
    outer loop
      vertex 0 1.53073 0.304482
      vertex 0 2 7.4641
      vertex 0 2 0.535899
    endloop
  endfacet
  facet normal -1 0 0
    outer loop
      vertex 0 1.53073 0.304482
      vertex 0 1.53073 7.69552
      vertex 0 2 7.4641
    endloop
  endfacet
  facet normal -1 0 0
    outer loop
      vertex 0 1.03528 0.136297
      vertex 0 1.53073 7.69552
      vertex 0 1.53073 0.304482
    endloop
  endfacet
  facet normal -1 0 0
    outer loop
      vertex 0 1.03528 0.136297
      vertex 0 1.03528 7.8637
      vertex 0 1.53073 7.69552
    endloop
  endfacet
  facet normal -1 0 0
    outer loop
      vertex 0 0.522104 0.0342207
      vertex 0 1.03528 7.8637
      vertex 0 1.03528 0.136297
    endloop
  endfacet
  facet normal -1 0 0
    outer loop
      vertex 0 0.522104 0.0342207
      vertex 0 0.522104 7.96578
      vertex 0 1.03528 7.8637
    endloop
  endfacet
  facet normal -1 0 0
    outer loop
      vertex 0 0 0
      vertex 0 0.522104 7.96578
      vertex 0 0.522104 0.0342207
    endloop
  endfacet
  facet normal -1 0 0
    outer loop
      vertex 0 0 0
      vertex 0 0 8
      vertex 0 0.522104 7.96578
    endloop
  endfacet
  facet normal -1 0 0
    outer loop
      vertex 0 -0.522104 0.0342207
      vertex 0 0 8
      vertex 0 0 0
    endloop
  endfacet
  facet normal -1 0 0
    outer loop
      vertex 0 -0.522104 0.0342207
      vertex 0 -0.522104 7.96578
      vertex 0 0 8
    endloop
  endfacet
  facet normal -1 0 0
    outer loop
      vertex 0 -1.03528 0.136297
      vertex 0 -0.522104 7.96578
      vertex 0 -0.522104 0.0342207
    endloop
  endfacet
  facet normal -1 0 0
    outer loop
      vertex 0 -1.03528 0.136297
      vertex 0 -1.03528 7.8637
      vertex 0 -0.522104 7.96578
    endloop
  endfacet
  facet normal -1 0 0
    outer loop
      vertex 0 -1.53073 0.304482
      vertex 0 -1.03528 7.8637
      vertex 0 -1.03528 0.136297
    endloop
  endfacet
  facet normal -1 0 0
    outer loop
      vertex 0 -1.53073 0.304482
      vertex 0 -1.53073 7.69552
      vertex 0 -1.03528 7.8637
    endloop
  endfacet
  facet normal -1 0 0
    outer loop
      vertex 0 -2 0.535899
      vertex 0 -1.53073 7.69552
      vertex 0 -1.53073 0.304482
    endloop
  endfacet
  facet normal -1 0 0
    outer loop
      vertex 0 -2 0.535899
      vertex 0 -2 7.4641
      vertex 0 -1.53073 7.69552
    endloop
  endfacet
  facet normal -1 0 0
    outer loop
      vertex 0 -2.43505 0.826587
      vertex 0 -2 7.4641
      vertex 0 -2 0.535899
    endloop
  endfacet
  facet normal -1 0 0
    outer loop
      vertex 0 -2.43505 0.826587
      vertex 0 -2.43505 7.17341
      vertex 0 -2 7.4641
    endloop
  endfacet
  facet normal -1 0 0
    outer loop
      vertex 0 -2.82843 1.17157
      vertex 0 -2.43505 7.17341
      vertex 0 -2.43505 0.826587
    endloop
  endfacet
  facet normal -1 0 0
    outer loop
      vertex 0 -2.82843 1.17157
      vertex 0 -2.82843 6.82843
      vertex 0 -2.43505 7.17341
    endloop
  endfacet
  facet normal -1 0 0
    outer loop
      vertex 0 -3.17341 1.56495
      vertex 0 -2.82843 6.82843
      vertex 0 -2.82843 1.17157
    endloop
  endfacet
  facet normal -1 0 0
    outer loop
      vertex 0 -3.17341 1.56495
      vertex 0 -3.17341 6.43505
      vertex 0 -2.82843 6.82843
    endloop
  endfacet
  facet normal -1 0 0
    outer loop
      vertex 0 -3.4641 2
      vertex 0 -3.17341 6.43505
      vertex 0 -3.17341 1.56495
    endloop
  endfacet
  facet normal -1 0 0
    outer loop
      vertex 0 -3.4641 2
      vertex 0 -3.4641 6
      vertex 0 -3.17341 6.43505
    endloop
  endfacet
  facet normal -1 0 0
    outer loop
      vertex 0 -3.69552 2.46927
      vertex 0 -3.4641 6
      vertex 0 -3.4641 2
    endloop
  endfacet
  facet normal -1 0 0
    outer loop
      vertex 0 -3.69552 2.46927
      vertex 0 -3.69552 5.53073
      vertex 0 -3.4641 6
    endloop
  endfacet
  facet normal -1 0 0
    outer loop
      vertex 0 -3.8637 2.96472
      vertex 0 -3.69552 5.53073
      vertex 0 -3.69552 2.46927
    endloop
  endfacet
  facet normal -1 0 0
    outer loop
      vertex 0 -3.8637 2.96472
      vertex 0 -3.8637 5.03528
      vertex 0 -3.69552 5.53073
    endloop
  endfacet
  facet normal -1 0 0
    outer loop
      vertex 0 -3.96578 3.4779
      vertex 0 -3.8637 5.03528
      vertex 0 -3.8637 2.96472
    endloop
  endfacet
  facet normal -1 0 0
    outer loop
      vertex 0 -3.96578 3.4779
      vertex 0 -3.96578 4.5221
      vertex 0 -3.8637 5.03528
    endloop
  endfacet
  facet normal -1 0 -0
    outer loop
      vertex 0 -3.96578 4.5221
      vertex 0 -3.96578 3.4779
      vertex 0 -4 4
    endloop
  endfacet
  facet normal -0 0.555569 0.831471
    outer loop
      vertex 0 2.43505 7.17341
      vertex 18.8 2 7.4641
      vertex 18.8 2.43505 7.17341
    endloop
  endfacet
  facet normal 0 0.555569 0.831471
    outer loop
      vertex 18.8 2 7.4641
      vertex 0 2.43505 7.17341
      vertex 0 2 7.4641
    endloop
  endfacet
  facet normal 0 -0.896871 -0.442291
    outer loop
      vertex 0 -3.4641 2
      vertex 18.8 -3.69552 2.46927
      vertex 0 -3.69552 2.46927
    endloop
  endfacet
  facet normal 0 -0.896871 -0.442291
    outer loop
      vertex 18.8 -3.69552 2.46927
      vertex 0 -3.4641 2
      vertex 18.8 -3.4641 2
    endloop
  endfacet
  facet normal 0 -0.946932 -0.321435
    outer loop
      vertex 0 -3.69552 2.46927
      vertex 18.8 -3.8637 2.96472
      vertex 0 -3.8637 2.96472
    endloop
  endfacet
  facet normal 0 -0.946932 -0.321435
    outer loop
      vertex 18.8 -3.8637 2.96472
      vertex 0 -3.69552 2.46927
      vertex 18.8 -3.69552 2.46927
    endloop
  endfacet
  facet normal 0 -0.751845 -0.65934
    outer loop
      vertex 0 -2.82843 1.17157
      vertex 18.8 -3.17341 1.56495
      vertex 0 -3.17341 1.56495
    endloop
  endfacet
  facet normal 0 -0.751845 -0.65934
    outer loop
      vertex 18.8 -3.17341 1.56495
      vertex 0 -2.82843 1.17157
      vertex 18.8 -2.82843 1.17157
    endloop
  endfacet
  facet normal 0 -0.442291 0.896871
    outer loop
      vertex 0 -1.53073 7.69552
      vertex 18.8 -2 7.4641
      vertex 18.8 -1.53073 7.69552
    endloop
  endfacet
  facet normal 0 -0.442291 0.896871
    outer loop
      vertex 18.8 -2 7.4641
      vertex 0 -1.53073 7.69552
      vertex 0 -2 7.4641
    endloop
  endfacet
  facet normal 0 0.980784 -0.195094
    outer loop
      vertex 18.8 3.8637 2.96472
      vertex 0 3.96578 3.4779
      vertex 18.8 3.96578 3.4779
    endloop
  endfacet
  facet normal 0 0.980784 -0.195094
    outer loop
      vertex 0 3.96578 3.4779
      vertex 18.8 3.8637 2.96472
      vertex 0 3.8637 2.96472
    endloop
  endfacet
  facet normal 0 -0.896871 0.442291
    outer loop
      vertex 0 -3.69552 5.53073
      vertex 18.8 -3.4641 6
      vertex 0 -3.4641 6
    endloop
  endfacet
  facet normal 0 -0.896871 0.442291
    outer loop
      vertex 18.8 -3.4641 6
      vertex 0 -3.69552 5.53073
      vertex 18.8 -3.69552 5.53073
    endloop
  endfacet
  facet normal 0 -0.555569 0.831471
    outer loop
      vertex 0 -2 7.4641
      vertex 18.8 -2.43505 7.17341
      vertex 18.8 -2 7.4641
    endloop
  endfacet
  facet normal 0 -0.555569 0.831471
    outer loop
      vertex 18.8 -2.43505 7.17341
      vertex 0 -2 7.4641
      vertex 0 -2.43505 7.17341
    endloop
  endfacet
  facet normal 0.553877 0.0544549 -0.830816
    outer loop
      vertex 20 0 0.8
      vertex 18.8 0 0
      vertex 18.8 0.522104 0.0342207
    endloop
  endfacet
  facet normal 0.553878 -0.267633 -0.788411
    outer loop
      vertex 18.8 -1.03528 0.136297
      vertex 20 -1.22459 1.04359
      vertex 18.8 -1.53073 0.304482
    endloop
  endfacet
  facet normal 0.553878 -0.267634 -0.788411
    outer loop
      vertex 20 -1.22459 1.04359
      vertex 18.8 -1.03528 0.136297
      vertex 20 -0.82822 0.909038
    endloop
  endfacet
  facet normal 0.553877 -0.816599 -0.162435
    outer loop
      vertex 20 -3.09096 3.17178
      vertex 18.8 -3.96578 3.4779
      vertex 18.8 -3.8637 2.96472
    endloop
  endfacet
  facet normal 0.553877 -0.0544549 -0.830816
    outer loop
      vertex 20 0 0.8
      vertex 18.8 -0.522104 0.0342207
      vertex 18.8 0 0
    endloop
  endfacet
  facet normal 0.553879 0.8166 0.162429
    outer loop
      vertex 20 3.17262 4.41768
      vertex 18.8 3.96578 4.5221
      vertex 20 3.09096 4.82822
    endloop
  endfacet
  facet normal 0.553879 -0.746735 -0.368246
    outer loop
      vertex 20 -2.95641 2.77541
      vertex 18.8 -3.69552 2.46927
      vertex 20 -2.77128 2.4
    endloop
  endfacet
  facet normal 0.553877 0.462563 -0.692283
    outer loop
      vertex 20 1.6 1.22872
      vertex 18.8 2.43505 0.826587
      vertex 20 1.94804 1.46127
    endloop
  endfacet
  facet normal 0.553879 0.16243 0.816599
    outer loop
      vertex 20 0.82822 7.09096
      vertex 18.8 0.522104 7.96578
      vertex 20 0.417684 7.17262
    endloop
  endfacet
  facet normal 0.553876 0.462563 0.692283
    outer loop
      vertex 20 1.94804 6.53873
      vertex 18.8 2.43505 7.17341
      vertex 20 1.6 6.77128
    endloop
  endfacet
  facet normal 0.553878 -0.368246 -0.746736
    outer loop
      vertex 20 -1.6 1.22872
      vertex 18.8 -1.53073 0.304482
      vertex 20 -1.22459 1.04359
    endloop
  endfacet
  facet normal 0.553877 0.830816 -0.0544542
    outer loop
      vertex 20 3.2 4
      vertex 18.8 3.96578 3.4779
      vertex 18.8 4 4
    endloop
  endfacet
  facet normal 0.553877 0.692281 0.462566
    outer loop
      vertex 18.8 3.4641 6
      vertex 18.8 3.17341 6.43505
      vertex 20 2.77128 5.6
    endloop
  endfacet
  facet normal 0.553879 0.788413 0.267626
    outer loop
      vertex 20 2.95641 5.22459
      vertex 18.8 3.8637 5.03528
      vertex 18.8 3.69552 5.53073
    endloop
  endfacet
  facet normal 0.553878 0.788412 0.267631
    outer loop
      vertex 18.8 3.8637 5.03528
      vertex 20 2.95641 5.22459
      vertex 20 3.09096 4.82822
    endloop
  endfacet
  facet normal 0.55388 0.548964 0.625983
    outer loop
      vertex 18.8 2.43505 7.17341
      vertex 20 2.26274 6.26274
      vertex 18.8 2.82843 6.82843
    endloop
  endfacet
  facet normal 0.553876 0.548977 0.625976
    outer loop
      vertex 20 2.26274 6.26274
      vertex 18.8 2.43505 7.17341
      vertex 20 1.94804 6.53873
    endloop
  endfacet
  facet normal 0.553878 0.788412 -0.267631
    outer loop
      vertex 20 2.95641 2.77541
      vertex 18.8 3.8637 2.96472
      vertex 20 3.09096 3.17178
    endloop
  endfacet
  facet normal 0.553879 0.788413 -0.267626
    outer loop
      vertex 18.8 3.8637 2.96472
      vertex 20 2.95641 2.77541
      vertex 18.8 3.69552 2.46927
    endloop
  endfacet
  facet normal 0.553877 0.462566 0.692281
    outer loop
      vertex 18.8 2.43505 7.17341
      vertex 18.8 2 7.4641
      vertex 20 1.6 6.77128
    endloop
  endfacet
  facet normal 0.553877 -0.0544537 0.830816
    outer loop
      vertex 18.8 0 8
      vertex 18.8 -0.522104 7.96578
      vertex 20 0 7.2
    endloop
  endfacet
  facet normal 0.553877 0.162436 0.816599
    outer loop
      vertex 18.8 1.03528 7.8637
      vertex 18.8 0.522104 7.96578
      vertex 20 0.82822 7.09096
    endloop
  endfacet
  facet normal 0.553879 0.746735 -0.368246
    outer loop
      vertex 20 2.77128 2.4
      vertex 18.8 3.69552 2.46927
      vertex 20 2.95641 2.77541
    endloop
  endfacet
  facet normal 0.553877 -0.462566 0.692281
    outer loop
      vertex 18.8 -2 7.4641
      vertex 18.8 -2.43505 7.17341
      vertex 20 -1.6 6.77128
    endloop
  endfacet
  facet normal 0.553877 -0.462563 -0.692283
    outer loop
      vertex 20 -1.94804 1.46127
      vertex 18.8 -2.43505 0.826587
      vertex 20 -1.6 1.22872
    endloop
  endfacet
  facet normal 0.55388 -0.548967 -0.625981
    outer loop
      vertex 18.8 -2.43505 0.826587
      vertex 20 -2.26274 1.73726
      vertex 18.8 -2.82843 1.17157
    endloop
  endfacet
  facet normal 0.553877 -0.548976 -0.625975
    outer loop
      vertex 20 -2.26274 1.73726
      vertex 18.8 -2.43505 0.826587
      vertex 20 -1.94804 1.46127
    endloop
  endfacet
  facet normal 0.553877 -0.830816 -0.0544542
    outer loop
      vertex 20 -3.2 4
      vertex 18.8 -4 4
      vertex 18.8 -3.96578 3.4779
    endloop
  endfacet
  facet normal 0.553877 0.816599 -0.162435
    outer loop
      vertex 20 3.09096 3.17178
      vertex 18.8 3.8637 2.96472
      vertex 18.8 3.96578 3.4779
    endloop
  endfacet
  facet normal 0.553877 0.830816 0.0544542
    outer loop
      vertex 18.8 4 4
      vertex 18.8 3.96578 4.5221
      vertex 20 3.2 4
    endloop
  endfacet
  facet normal 0.553877 -0.746734 0.368251
    outer loop
      vertex 18.8 -3.4641 6
      vertex 18.8 -3.69552 5.53073
      vertex 20 -2.77128 5.6
    endloop
  endfacet
  facet normal 0.553877 0.368251 0.746734
    outer loop
      vertex 18.8 2 7.4641
      vertex 18.8 1.53073 7.69552
      vertex 20 1.6 6.77128
    endloop
  endfacet
  facet normal 0.553877 -0.692281 0.462566
    outer loop
      vertex 18.8 -3.17341 6.43505
      vertex 18.8 -3.4641 6
      vertex 20 -2.77128 5.6
    endloop
  endfacet
  facet normal 0.553878 0.368246 -0.746736
    outer loop
      vertex 20 1.22459 1.04359
      vertex 18.8 1.53073 0.304482
      vertex 20 1.6 1.22872
    endloop
  endfacet
  facet normal 0.553879 -0.830814 0.054462
    outer loop
      vertex 20 -3.17262 4.41768
      vertex 18.8 -3.96578 4.5221
      vertex 20 -3.2 4
    endloop
  endfacet
  facet normal 0.553878 0.462563 -0.692282
    outer loop
      vertex 20 1.6 1.22872
      vertex 18.8 2 0.535899
      vertex 18.8 2.43505 0.826587
    endloop
  endfacet
  facet normal 0.553879 0.746735 0.368246
    outer loop
      vertex 20 2.95641 5.22459
      vertex 18.8 3.69552 5.53073
      vertex 20 2.77128 5.6
    endloop
  endfacet
  facet normal 0.553877 0.548976 -0.625975
    outer loop
      vertex 18.8 2.43505 0.826587
      vertex 20 2.26274 1.73726
      vertex 20 1.94804 1.46127
    endloop
  endfacet
  facet normal 0.55388 0.548967 -0.625981
    outer loop
      vertex 20 2.26274 1.73726
      vertex 18.8 2.43505 0.826587
      vertex 18.8 2.82843 1.17157
    endloop
  endfacet
  facet normal 0.553877 0.816599 0.162435
    outer loop
      vertex 18.8 3.96578 4.5221
      vertex 18.8 3.8637 5.03528
      vertex 20 3.09096 4.82822
    endloop
  endfacet
  facet normal 0.553877 0.692281 -0.462566
    outer loop
      vertex 20 2.77128 2.4
      vertex 18.8 3.17341 1.56495
      vertex 18.8 3.4641 2
    endloop
  endfacet
  facet normal 0.553877 0.0544537 0.830816
    outer loop
      vertex 18.8 0.522104 7.96578
      vertex 18.8 0 8
      vertex 20 0 7.2
    endloop
  endfacet
  facet normal 0.553878 -0.267631 0.788412
    outer loop
      vertex 18.8 -1.03528 7.8637
      vertex 20 -1.22459 6.95641
      vertex 20 -0.82822 7.09096
    endloop
  endfacet
  facet normal 0.553879 -0.267626 0.788413
    outer loop
      vertex 20 -1.22459 6.95641
      vertex 18.8 -1.03528 7.8637
      vertex 18.8 -1.53073 7.69552
    endloop
  endfacet
  facet normal 0.553877 -0.830816 0.0544542
    outer loop
      vertex 18.8 -3.96578 4.5221
      vertex 18.8 -4 4
      vertex 20 -3.2 4
    endloop
  endfacet
  facet normal 0.553878 -0.162431 -0.8166
    outer loop
      vertex 20 -0.82822 0.909038
      vertex 18.8 -1.03528 0.136297
      vertex 18.8 -0.522104 0.0342207
    endloop
  endfacet
  facet normal 0.553877 -0.368247 -0.746736
    outer loop
      vertex 20 -1.6 1.22872
      vertex 18.8 -2 0.535899
      vertex 18.8 -1.53073 0.304482
    endloop
  endfacet
  facet normal 0.553878 -0.788412 -0.267631
    outer loop
      vertex 18.8 -3.8637 2.96472
      vertex 20 -2.95641 2.77541
      vertex 20 -3.09096 3.17178
    endloop
  endfacet
  facet normal 0.553879 -0.788413 -0.267626
    outer loop
      vertex 20 -2.95641 2.77541
      vertex 18.8 -3.8637 2.96472
      vertex 18.8 -3.69552 2.46927
    endloop
  endfacet
  facet normal 0.553879 -0.830814 -0.054462
    outer loop
      vertex 20 -3.2 4
      vertex 18.8 -3.96578 3.4779
      vertex 20 -3.17262 3.58232
    endloop
  endfacet
  facet normal 0.553879 0.830814 0.054462
    outer loop
      vertex 20 3.2 4
      vertex 18.8 3.96578 4.5221
      vertex 20 3.17262 4.41768
    endloop
  endfacet
  facet normal 0.553877 -0.746734 -0.368251
    outer loop
      vertex 20 -2.77128 2.4
      vertex 18.8 -3.69552 2.46927
      vertex 18.8 -3.4641 2
    endloop
  endfacet
  facet normal 0.553876 -0.692283 -0.462563
    outer loop
      vertex 20 -2.77128 2.4
      vertex 18.8 -3.17341 1.56495
      vertex 20 -2.53873 2.05196
    endloop
  endfacet
  facet normal 0.553879 0.0544615 0.830814
    outer loop
      vertex 20 0.417684 7.17262
      vertex 18.8 0.522104 7.96578
      vertex 20 0 7.2
    endloop
  endfacet
  facet normal 0.553877 0.368247 -0.746736
    outer loop
      vertex 20 1.6 1.22872
      vertex 18.8 1.53073 0.304482
      vertex 18.8 2 0.535899
    endloop
  endfacet
  facet normal 0.553876 0.692283 -0.462563
    outer loop
      vertex 20 2.53873 2.05196
      vertex 18.8 3.17341 1.56495
      vertex 20 2.77128 2.4
    endloop
  endfacet
  facet normal 0.553877 0.746734 -0.368251
    outer loop
      vertex 20 2.77128 2.4
      vertex 18.8 3.4641 2
      vertex 18.8 3.69552 2.46927
    endloop
  endfacet
  facet normal 0.553877 -0.816599 0.162435
    outer loop
      vertex 18.8 -3.8637 5.03528
      vertex 18.8 -3.96578 4.5221
      vertex 20 -3.09096 4.82822
    endloop
  endfacet
  facet normal 0.553877 0.162432 -0.8166
    outer loop
      vertex 20 0.417684 0.827377
      vertex 18.8 0.522104 0.0342207
      vertex 20 0.82822 0.909038
    endloop
  endfacet
  facet normal 0.553876 -0.625976 -0.548977
    outer loop
      vertex 18.8 -3.17341 1.56495
      vertex 20 -2.26274 1.73726
      vertex 20 -2.53873 2.05196
    endloop
  endfacet
  facet normal 0.55388 -0.625983 -0.548964
    outer loop
      vertex 20 -2.26274 1.73726
      vertex 18.8 -3.17341 1.56495
      vertex 18.8 -2.82843 1.17157
    endloop
  endfacet
  facet normal 0.553879 -0.8166 0.162429
    outer loop
      vertex 20 -3.09096 4.82822
      vertex 18.8 -3.96578 4.5221
      vertex 20 -3.17262 4.41768
    endloop
  endfacet
  facet normal 0.553876 -0.548977 0.625976
    outer loop
      vertex 18.8 -2.43505 7.17341
      vertex 20 -2.26274 6.26274
      vertex 20 -1.94804 6.53873
    endloop
  endfacet
  facet normal 0.55388 -0.548964 0.625983
    outer loop
      vertex 20 -2.26274 6.26274
      vertex 18.8 -2.43505 7.17341
      vertex 18.8 -2.82843 6.82843
    endloop
  endfacet
  facet normal 0.553877 -0.162432 -0.8166
    outer loop
      vertex 20 -0.82822 0.909038
      vertex 18.8 -0.522104 0.0342207
      vertex 20 -0.417684 0.827377
    endloop
  endfacet
  facet normal 0.553877 -0.0544556 -0.830816
    outer loop
      vertex 20 -0.417684 0.827377
      vertex 18.8 -0.522104 0.0342207
      vertex 20 0 0.8
    endloop
  endfacet
  facet normal 0.553879 0.8166 -0.162429
    outer loop
      vertex 20 3.09096 3.17178
      vertex 18.8 3.96578 3.4779
      vertex 20 3.17262 3.58232
    endloop
  endfacet
  facet normal 0.553877 -0.692281 -0.462566
    outer loop
      vertex 20 -2.77128 2.4
      vertex 18.8 -3.4641 2
      vertex 18.8 -3.17341 1.56495
    endloop
  endfacet
  facet normal 0.553876 0.625976 -0.548977
    outer loop
      vertex 20 2.26274 1.73726
      vertex 18.8 3.17341 1.56495
      vertex 20 2.53873 2.05196
    endloop
  endfacet
  facet normal 0.55388 0.625983 -0.548964
    outer loop
      vertex 18.8 3.17341 1.56495
      vertex 20 2.26274 1.73726
      vertex 18.8 2.82843 1.17157
    endloop
  endfacet
  facet normal 0.553879 -0.788413 0.267626
    outer loop
      vertex 18.8 -3.8637 5.03528
      vertex 20 -2.95641 5.22459
      vertex 18.8 -3.69552 5.53073
    endloop
  endfacet
  facet normal 0.553878 -0.788412 0.267631
    outer loop
      vertex 20 -2.95641 5.22459
      vertex 18.8 -3.8637 5.03528
      vertex 20 -3.09096 4.82822
    endloop
  endfacet
  facet normal 0.553878 0.267634 -0.788411
    outer loop
      vertex 18.8 1.03528 0.136297
      vertex 20 1.22459 1.04359
      vertex 20 0.82822 0.909038
    endloop
  endfacet
  facet normal 0.553878 0.267633 -0.788411
    outer loop
      vertex 20 1.22459 1.04359
      vertex 18.8 1.03528 0.136297
      vertex 18.8 1.53073 0.304482
    endloop
  endfacet
  facet normal 0.553877 0.746734 0.368251
    outer loop
      vertex 18.8 3.69552 5.53073
      vertex 18.8 3.4641 6
      vertex 20 2.77128 5.6
    endloop
  endfacet
  facet normal 0.55388 0.625983 0.548964
    outer loop
      vertex 20 2.26274 6.26274
      vertex 18.8 3.17341 6.43505
      vertex 18.8 2.82843 6.82843
    endloop
  endfacet
  facet normal 0.553876 0.625976 0.548977
    outer loop
      vertex 18.8 3.17341 6.43505
      vertex 20 2.26274 6.26274
      vertex 20 2.53873 5.94804
    endloop
  endfacet
  facet normal 0.553876 0.692283 0.462563
    outer loop
      vertex 20 2.77128 5.6
      vertex 18.8 3.17341 6.43505
      vertex 20 2.53873 5.94804
    endloop
  endfacet
  facet normal 0.553879 0.830814 -0.054462
    outer loop
      vertex 20 3.17262 3.58232
      vertex 18.8 3.96578 3.4779
      vertex 20 3.2 4
    endloop
  endfacet
  facet normal 0.553879 -0.0544615 0.830814
    outer loop
      vertex 20 0 7.2
      vertex 18.8 -0.522104 7.96578
      vertex 20 -0.417684 7.17262
    endloop
  endfacet
  facet normal 0.553879 -0.16243 0.816599
    outer loop
      vertex 20 -0.417684 7.17262
      vertex 18.8 -0.522104 7.96578
      vertex 20 -0.82822 7.09096
    endloop
  endfacet
  facet normal 0.553879 0.368246 0.746735
    outer loop
      vertex 20 1.6 6.77128
      vertex 18.8 1.53073 7.69552
      vertex 20 1.22459 6.95641
    endloop
  endfacet
  facet normal 0.553879 -0.746735 0.368246
    outer loop
      vertex 20 -2.77128 5.6
      vertex 18.8 -3.69552 5.53073
      vertex 20 -2.95641 5.22459
    endloop
  endfacet
  facet normal 0.553876 -0.462563 0.692283
    outer loop
      vertex 20 -1.6 6.77128
      vertex 18.8 -2.43505 7.17341
      vertex 20 -1.94804 6.53873
    endloop
  endfacet
  facet normal 0.553879 0.267626 0.788413
    outer loop
      vertex 18.8 1.03528 7.8637
      vertex 20 1.22459 6.95641
      vertex 18.8 1.53073 7.69552
    endloop
  endfacet
  facet normal 0.553878 0.267631 0.788412
    outer loop
      vertex 20 1.22459 6.95641
      vertex 18.8 1.03528 7.8637
      vertex 20 0.82822 7.09096
    endloop
  endfacet
  facet normal 0.553878 -0.462563 -0.692282
    outer loop
      vertex 20 -1.6 1.22872
      vertex 18.8 -2.43505 0.826587
      vertex 18.8 -2 0.535899
    endloop
  endfacet
  facet normal 0.553878 0.162431 -0.8166
    outer loop
      vertex 20 0.82822 0.909038
      vertex 18.8 0.522104 0.0342207
      vertex 18.8 1.03528 0.136297
    endloop
  endfacet
  facet normal 0.553877 0.0544556 -0.830816
    outer loop
      vertex 20 0 0.8
      vertex 18.8 0.522104 0.0342207
      vertex 20 0.417684 0.827377
    endloop
  endfacet
  facet normal 0.553879 -0.8166 -0.162429
    outer loop
      vertex 20 -3.17262 3.58232
      vertex 18.8 -3.96578 3.4779
      vertex 20 -3.09096 3.17178
    endloop
  endfacet
  facet normal 0.553876 -0.692283 0.462563
    outer loop
      vertex 20 -2.53873 5.94804
      vertex 18.8 -3.17341 6.43505
      vertex 20 -2.77128 5.6
    endloop
  endfacet
  facet normal 0.553879 -0.368246 0.746735
    outer loop
      vertex 20 -1.22459 6.95641
      vertex 18.8 -1.53073 7.69552
      vertex 20 -1.6 6.77128
    endloop
  endfacet
  facet normal 0.553877 -0.368251 0.746734
    outer loop
      vertex 18.8 -1.53073 7.69552
      vertex 18.8 -2 7.4641
      vertex 20 -1.6 6.77128
    endloop
  endfacet
  facet normal 0.55388 -0.625983 0.548964
    outer loop
      vertex 18.8 -3.17341 6.43505
      vertex 20 -2.26274 6.26274
      vertex 18.8 -2.82843 6.82843
    endloop
  endfacet
  facet normal 0.553876 -0.625976 0.548977
    outer loop
      vertex 20 -2.26274 6.26274
      vertex 18.8 -3.17341 6.43505
      vertex 20 -2.53873 5.94804
    endloop
  endfacet
  facet normal 1 0 0
    outer loop
      vertex 20 3.17262 4.41768
      vertex 20 3.17262 3.58232
      vertex 20 3.2 4
    endloop
  endfacet
  facet normal 1 0 0
    outer loop
      vertex 20 3.09096 4.82822
      vertex 20 3.17262 3.58232
      vertex 20 3.17262 4.41768
    endloop
  endfacet
  facet normal 1 0 0
    outer loop
      vertex 20 3.09096 4.82822
      vertex 20 3.09096 3.17178
      vertex 20 3.17262 3.58232
    endloop
  endfacet
  facet normal 1 0 0
    outer loop
      vertex 20 2.95641 5.22459
      vertex 20 3.09096 3.17178
      vertex 20 3.09096 4.82822
    endloop
  endfacet
  facet normal 1 0 0
    outer loop
      vertex 20 2.95641 5.22459
      vertex 20 2.95641 2.77541
      vertex 20 3.09096 3.17178
    endloop
  endfacet
  facet normal 1 0 0
    outer loop
      vertex 20 2.77128 5.6
      vertex 20 2.95641 2.77541
      vertex 20 2.95641 5.22459
    endloop
  endfacet
  facet normal 1 0 0
    outer loop
      vertex 20 2.77128 5.6
      vertex 20 2.77128 2.4
      vertex 20 2.95641 2.77541
    endloop
  endfacet
  facet normal 1 0 0
    outer loop
      vertex 20 2.53873 5.94804
      vertex 20 2.77128 2.4
      vertex 20 2.77128 5.6
    endloop
  endfacet
  facet normal 1 0 0
    outer loop
      vertex 20 2.53873 5.94804
      vertex 20 2.53873 2.05196
      vertex 20 2.77128 2.4
    endloop
  endfacet
  facet normal 1 0 0
    outer loop
      vertex 20 2.26274 6.26274
      vertex 20 2.53873 2.05196
      vertex 20 2.53873 5.94804
    endloop
  endfacet
  facet normal 1 0 0
    outer loop
      vertex 20 2.26274 6.26274
      vertex 20 2.26274 1.73726
      vertex 20 2.53873 2.05196
    endloop
  endfacet
  facet normal 1 0 0
    outer loop
      vertex 20 1.94804 6.53873
      vertex 20 2.26274 1.73726
      vertex 20 2.26274 6.26274
    endloop
  endfacet
  facet normal 1 0 0
    outer loop
      vertex 20 1.94804 6.53873
      vertex 20 1.94804 1.46127
      vertex 20 2.26274 1.73726
    endloop
  endfacet
  facet normal 1 0 0
    outer loop
      vertex 20 1.6 6.77128
      vertex 20 1.94804 1.46127
      vertex 20 1.94804 6.53873
    endloop
  endfacet
  facet normal 1 0 0
    outer loop
      vertex 20 1.6 6.77128
      vertex 20 1.6 1.22872
      vertex 20 1.94804 1.46127
    endloop
  endfacet
  facet normal 1 0 0
    outer loop
      vertex 20 1.22459 6.95641
      vertex 20 1.6 1.22872
      vertex 20 1.6 6.77128
    endloop
  endfacet
  facet normal 1 0 0
    outer loop
      vertex 20 1.22459 6.95641
      vertex 20 1.22459 1.04359
      vertex 20 1.6 1.22872
    endloop
  endfacet
  facet normal 1 0 0
    outer loop
      vertex 20 0.82822 7.09096
      vertex 20 1.22459 1.04359
      vertex 20 1.22459 6.95641
    endloop
  endfacet
  facet normal 1 0 0
    outer loop
      vertex 20 0.82822 7.09096
      vertex 20 0.82822 0.909038
      vertex 20 1.22459 1.04359
    endloop
  endfacet
  facet normal 1 0 0
    outer loop
      vertex 20 0.417684 7.17262
      vertex 20 0.82822 0.909038
      vertex 20 0.82822 7.09096
    endloop
  endfacet
  facet normal 1 0 0
    outer loop
      vertex 20 0.417684 7.17262
      vertex 20 0.417684 0.827377
      vertex 20 0.82822 0.909038
    endloop
  endfacet
  facet normal 1 0 0
    outer loop
      vertex 20 0 7.2
      vertex 20 0.417684 0.827377
      vertex 20 0.417684 7.17262
    endloop
  endfacet
  facet normal 1 0 0
    outer loop
      vertex 20 0 7.2
      vertex 20 0 0.8
      vertex 20 0.417684 0.827377
    endloop
  endfacet
  facet normal 1 -0 0
    outer loop
      vertex 20 -0.417684 7.17262
      vertex 20 0 0.8
      vertex 20 0 7.2
    endloop
  endfacet
  facet normal 1 0 0
    outer loop
      vertex 20 -0.417684 7.17262
      vertex 20 -0.417684 0.827377
      vertex 20 0 0.8
    endloop
  endfacet
  facet normal 1 -0 0
    outer loop
      vertex 20 -0.82822 7.09096
      vertex 20 -0.417684 0.827377
      vertex 20 -0.417684 7.17262
    endloop
  endfacet
  facet normal 1 0 0
    outer loop
      vertex 20 -0.82822 7.09096
      vertex 20 -0.82822 0.909038
      vertex 20 -0.417684 0.827377
    endloop
  endfacet
  facet normal 1 -0 0
    outer loop
      vertex 20 -1.22459 6.95641
      vertex 20 -0.82822 0.909038
      vertex 20 -0.82822 7.09096
    endloop
  endfacet
  facet normal 1 0 0
    outer loop
      vertex 20 -1.22459 6.95641
      vertex 20 -1.22459 1.04359
      vertex 20 -0.82822 0.909038
    endloop
  endfacet
  facet normal 1 -0 0
    outer loop
      vertex 20 -1.6 6.77128
      vertex 20 -1.22459 1.04359
      vertex 20 -1.22459 6.95641
    endloop
  endfacet
  facet normal 1 0 0
    outer loop
      vertex 20 -1.6 6.77128
      vertex 20 -1.6 1.22872
      vertex 20 -1.22459 1.04359
    endloop
  endfacet
  facet normal 1 -0 0
    outer loop
      vertex 20 -1.94804 6.53873
      vertex 20 -1.6 1.22872
      vertex 20 -1.6 6.77128
    endloop
  endfacet
  facet normal 1 0 0
    outer loop
      vertex 20 -1.94804 6.53873
      vertex 20 -1.94804 1.46127
      vertex 20 -1.6 1.22872
    endloop
  endfacet
  facet normal 1 -0 0
    outer loop
      vertex 20 -2.26274 6.26274
      vertex 20 -1.94804 1.46127
      vertex 20 -1.94804 6.53873
    endloop
  endfacet
  facet normal 1 0 0
    outer loop
      vertex 20 -2.26274 6.26274
      vertex 20 -2.26274 1.73726
      vertex 20 -1.94804 1.46127
    endloop
  endfacet
  facet normal 1 -0 0
    outer loop
      vertex 20 -2.53873 5.94804
      vertex 20 -2.26274 1.73726
      vertex 20 -2.26274 6.26274
    endloop
  endfacet
  facet normal 1 0 0
    outer loop
      vertex 20 -2.53873 5.94804
      vertex 20 -2.53873 2.05196
      vertex 20 -2.26274 1.73726
    endloop
  endfacet
  facet normal 1 -0 0
    outer loop
      vertex 20 -2.77128 5.6
      vertex 20 -2.53873 2.05196
      vertex 20 -2.53873 5.94804
    endloop
  endfacet
  facet normal 1 0 0
    outer loop
      vertex 20 -2.77128 5.6
      vertex 20 -2.77128 2.4
      vertex 20 -2.53873 2.05196
    endloop
  endfacet
  facet normal 1 -0 0
    outer loop
      vertex 20 -2.95641 5.22459
      vertex 20 -2.77128 2.4
      vertex 20 -2.77128 5.6
    endloop
  endfacet
  facet normal 1 0 0
    outer loop
      vertex 20 -2.95641 5.22459
      vertex 20 -2.95641 2.77541
      vertex 20 -2.77128 2.4
    endloop
  endfacet
  facet normal 1 -0 0
    outer loop
      vertex 20 -3.09096 4.82822
      vertex 20 -2.95641 2.77541
      vertex 20 -2.95641 5.22459
    endloop
  endfacet
  facet normal 1 0 0
    outer loop
      vertex 20 -3.09096 4.82822
      vertex 20 -3.09096 3.17178
      vertex 20 -2.95641 2.77541
    endloop
  endfacet
  facet normal 1 -0 0
    outer loop
      vertex 20 -3.17262 4.41768
      vertex 20 -3.09096 3.17178
      vertex 20 -3.09096 4.82822
    endloop
  endfacet
  facet normal 1 0 0
    outer loop
      vertex 20 -3.17262 4.41768
      vertex 20 -3.17262 3.58232
      vertex 20 -3.09096 3.17178
    endloop
  endfacet
  facet normal 1 0 -0
    outer loop
      vertex 20 -3.17262 3.58232
      vertex 20 -3.17262 4.41768
      vertex 20 -3.2 4
    endloop
  endfacet
  facet normal 0.553877 -0.162436 0.816599
    outer loop
      vertex 18.8 -0.522104 7.96578
      vertex 18.8 -1.03528 7.8637
      vertex 20 -0.82822 7.09096
    endloop
  endfacet
  facet normal 0 0.94692 -0.321469
    outer loop
      vertex 18.8 17.6955 2.46927
      vertex 0 17.8637 2.96472
      vertex 18.8 17.8637 2.96472
    endloop
  endfacet
  facet normal 0 0.94692 -0.321469
    outer loop
      vertex 0 17.8637 2.96472
      vertex 18.8 17.6955 2.46927
      vertex 0 17.6955 2.46927
    endloop
  endfacet
  facet normal 0 0.19508 -0.980787
    outer loop
      vertex 0 14.5221 0.0342207
      vertex 18.8 15.0353 0.136297
      vertex 18.8 14.5221 0.0342207
    endloop
  endfacet
  facet normal 0 0.19508 -0.980787
    outer loop
      vertex 18.8 15.0353 0.136297
      vertex 0 14.5221 0.0342207
      vertex 0 15.0353 0.136297
    endloop
  endfacet
  facet normal 0 0.065404 -0.997859
    outer loop
      vertex 0 14 0
      vertex 18.8 14.5221 0.0342207
      vertex 18.8 14 0
    endloop
  endfacet
  facet normal 0 0.065404 -0.997859
    outer loop
      vertex 18.8 14.5221 0.0342207
      vertex 0 14 0
      vertex 0 14.5221 0.0342207
    endloop
  endfacet
  facet normal 0 0.321473 -0.946919
    outer loop
      vertex 0 15.0353 0.136297
      vertex 18.8 15.5307 0.304482
      vertex 18.8 15.0353 0.136297
    endloop
  endfacet
  facet normal 0 0.321473 -0.946919
    outer loop
      vertex 18.8 15.5307 0.304482
      vertex 0 15.0353 0.136297
      vertex 0 15.5307 0.304482
    endloop
  endfacet
  facet normal 0 0.896887 -0.44226
    outer loop
      vertex 18.8 17.4641 2
      vertex 0 17.6955 2.46927
      vertex 18.8 17.6955 2.46927
    endloop
  endfacet
  facet normal 0 0.896887 -0.44226
    outer loop
      vertex 0 17.6955 2.46927
      vertex 18.8 17.4641 2
      vertex 0 17.4641 2
    endloop
  endfacet
  facet normal 0 -0.0654027 0.997859
    outer loop
      vertex 0 14 8
      vertex 18.8 13.4779 7.96578
      vertex 18.8 14 8
    endloop
  endfacet
  facet normal 0 -0.0654027 0.997859
    outer loop
      vertex 18.8 13.4779 7.96578
      vertex 0 14 8
      vertex 0 13.4779 7.96578
    endloop
  endfacet
  facet normal 0 0.442264 -0.896885
    outer loop
      vertex 0 15.5307 0.304482
      vertex 18.8 16 0.535899
      vertex 18.8 15.5307 0.304482
    endloop
  endfacet
  facet normal 0 0.442264 -0.896885
    outer loop
      vertex 18.8 16 0.535899
      vertex 0 15.5307 0.304482
      vertex 0 16 0.535899
    endloop
  endfacet
  facet normal 0 0.55561 -0.831443
    outer loop
      vertex 0 16 0.535899
      vertex 18.8 16.435 0.826587
      vertex 18.8 16 0.535899
    endloop
  endfacet
  facet normal 0 0.55561 -0.831443
    outer loop
      vertex 18.8 16.435 0.826587
      vertex 0 16 0.535899
      vertex 0 16.435 0.826587
    endloop
  endfacet
  facet normal 0 0.751826 0.659362
    outer loop
      vertex 18.8 17.1734 6.43505
      vertex 0 16.8284 6.82843
      vertex 18.8 16.8284 6.82843
    endloop
  endfacet
  facet normal 0 0.751826 0.659362
    outer loop
      vertex 0 16.8284 6.82843
      vertex 18.8 17.1734 6.43505
      vertex 0 17.1734 6.43505
    endloop
  endfacet
  facet normal 0 0.659325 -0.751858
    outer loop
      vertex 0 16.435 0.826587
      vertex 18.8 16.8284 1.17157
      vertex 18.8 16.435 0.826587
    endloop
  endfacet
  facet normal 0 0.659325 -0.751858
    outer loop
      vertex 18.8 16.8284 1.17157
      vertex 0 16.435 0.826587
      vertex 0 16.8284 1.17157
    endloop
  endfacet
  facet normal -0 0.195087 0.980786
    outer loop
      vertex 0 15.0353 7.8637
      vertex 18.8 14.5221 7.96578
      vertex 18.8 15.0353 7.8637
    endloop
  endfacet
  facet normal 0 0.195087 0.980786
    outer loop
      vertex 18.8 14.5221 7.96578
      vertex 0 15.0353 7.8637
      vertex 0 14.5221 7.96578
    endloop
  endfacet
  facet normal 0 -0.831462 0.555582
    outer loop
      vertex 0 10.5359 6
      vertex 18.8 10.8266 6.43505
      vertex 0 10.8266 6.43505
    endloop
  endfacet
  facet normal 0 -0.831462 0.555582
    outer loop
      vertex 18.8 10.8266 6.43505
      vertex 0 10.5359 6
      vertex 18.8 10.5359 6
    endloop
  endfacet
  facet normal -0 0.0654027 0.997859
    outer loop
      vertex 0 14.5221 7.96578
      vertex 18.8 14 8
      vertex 18.8 14.5221 7.96578
    endloop
  endfacet
  facet normal 0 0.0654027 0.997859
    outer loop
      vertex 18.8 14 8
      vertex 0 14.5221 7.96578
      vertex 0 14 8
    endloop
  endfacet
  facet normal 0 -0.659321 0.751861
    outer loop
      vertex 0 11.565 7.17341
      vertex 18.8 11.1716 6.82843
      vertex 18.8 11.565 7.17341
    endloop
  endfacet
  facet normal 0 -0.659321 0.751861
    outer loop
      vertex 18.8 11.1716 6.82843
      vertex 0 11.565 7.17341
      vertex 0 11.1716 6.82843
    endloop
  endfacet
  facet normal 0 -0.980777 -0.195131
    outer loop
      vertex 0 10.1363 2.96472
      vertex 18.8 10.0342 3.4779
      vertex 0 10.0342 3.4779
    endloop
  endfacet
  facet normal 0 -0.980777 -0.195131
    outer loop
      vertex 18.8 10.0342 3.4779
      vertex 0 10.1363 2.96472
      vertex 18.8 10.1363 2.96472
    endloop
  endfacet
  facet normal 0 0.896887 0.44226
    outer loop
      vertex 18.8 17.6955 5.53073
      vertex 0 17.4641 6
      vertex 18.8 17.4641 6
    endloop
  endfacet
  facet normal 0 0.896887 0.44226
    outer loop
      vertex 0 17.4641 6
      vertex 18.8 17.6955 5.53073
      vertex 0 17.6955 5.53073
    endloop
  endfacet
  facet normal 0 -0.94692 0.321469
    outer loop
      vertex 0 10.1363 5.03528
      vertex 18.8 10.3045 5.53073
      vertex 0 10.3045 5.53073
    endloop
  endfacet
  facet normal 0 -0.94692 0.321469
    outer loop
      vertex 18.8 10.3045 5.53073
      vertex 0 10.1363 5.03528
      vertex 18.8 10.1363 5.03528
    endloop
  endfacet
  facet normal 0 -0.19508 -0.980787
    outer loop
      vertex 0 12.9647 0.136297
      vertex 18.8 13.4779 0.0342207
      vertex 18.8 12.9647 0.136297
    endloop
  endfacet
  facet normal -0 -0.19508 -0.980787
    outer loop
      vertex 18.8 13.4779 0.0342207
      vertex 0 12.9647 0.136297
      vertex 0 13.4779 0.0342207
    endloop
  endfacet
  facet normal -0 0.659321 0.751861
    outer loop
      vertex 0 16.8284 6.82843
      vertex 18.8 16.435 7.17341
      vertex 18.8 16.8284 6.82843
    endloop
  endfacet
  facet normal 0 0.659321 0.751861
    outer loop
      vertex 18.8 16.435 7.17341
      vertex 0 16.8284 6.82843
      vertex 0 16.435 7.17341
    endloop
  endfacet
  facet normal 0 -0.55561 -0.831443
    outer loop
      vertex 0 11.565 0.826587
      vertex 18.8 12 0.535899
      vertex 18.8 11.565 0.826587
    endloop
  endfacet
  facet normal -0 -0.55561 -0.831443
    outer loop
      vertex 18.8 12 0.535899
      vertex 0 11.565 0.826587
      vertex 0 12 0.535899
    endloop
  endfacet
  facet normal 0 0.94692 0.321469
    outer loop
      vertex 18.8 17.8637 5.03528
      vertex 0 17.6955 5.53073
      vertex 18.8 17.6955 5.53073
    endloop
  endfacet
  facet normal 0 0.94692 0.321469
    outer loop
      vertex 0 17.6955 5.53073
      vertex 18.8 17.8637 5.03528
      vertex 0 17.8637 5.03528
    endloop
  endfacet
  facet normal 0 -0.195087 0.980786
    outer loop
      vertex 0 13.4779 7.96578
      vertex 18.8 12.9647 7.8637
      vertex 18.8 13.4779 7.96578
    endloop
  endfacet
  facet normal 0 -0.195087 0.980786
    outer loop
      vertex 18.8 12.9647 7.8637
      vertex 0 13.4779 7.96578
      vertex 0 12.9647 7.8637
    endloop
  endfacet
  facet normal 0 -0.980777 0.195131
    outer loop
      vertex 0 10.0342 4.5221
      vertex 18.8 10.1363 5.03528
      vertex 0 10.1363 5.03528
    endloop
  endfacet
  facet normal 0 -0.980777 0.195131
    outer loop
      vertex 18.8 10.1363 5.03528
      vertex 0 10.0342 4.5221
      vertex 18.8 10.0342 4.5221
    endloop
  endfacet
  facet normal 0 0.831462 -0.555582
    outer loop
      vertex 18.8 17.1734 1.56495
      vertex 0 17.4641 2
      vertex 18.8 17.4641 2
    endloop
  endfacet
  facet normal 0 0.831462 -0.555582
    outer loop
      vertex 0 17.4641 2
      vertex 18.8 17.1734 1.56495
      vertex 0 17.1734 1.56495
    endloop
  endfacet
  facet normal 0 -0.321473 -0.946919
    outer loop
      vertex 0 12.4693 0.304482
      vertex 18.8 12.9647 0.136297
      vertex 18.8 12.4693 0.304482
    endloop
  endfacet
  facet normal -0 -0.321473 -0.946919
    outer loop
      vertex 18.8 12.9647 0.136297
      vertex 0 12.4693 0.304482
      vertex 0 12.9647 0.136297
    endloop
  endfacet
  facet normal 0 -0.997861 -0.0653646
    outer loop
      vertex 0 10.0342 3.4779
      vertex 18.8 10 4
      vertex 0 10 4
    endloop
  endfacet
  facet normal 0 -0.997861 -0.0653646
    outer loop
      vertex 18.8 10 4
      vertex 0 10.0342 3.4779
      vertex 18.8 10.0342 3.4779
    endloop
  endfacet
  facet normal 0 -0.659325 -0.751858
    outer loop
      vertex 0 11.1716 1.17157
      vertex 18.8 11.565 0.826587
      vertex 18.8 11.1716 1.17157
    endloop
  endfacet
  facet normal -0 -0.659325 -0.751858
    outer loop
      vertex 18.8 11.565 0.826587
      vertex 0 11.1716 1.17157
      vertex 0 11.565 0.826587
    endloop
  endfacet
  facet normal 0 0.997861 0.0653646
    outer loop
      vertex 18.8 18 4
      vertex 0 17.9658 4.5221
      vertex 18.8 17.9658 4.5221
    endloop
  endfacet
  facet normal 0 0.997861 0.0653646
    outer loop
      vertex 0 17.9658 4.5221
      vertex 18.8 18 4
      vertex 0 18 4
    endloop
  endfacet
  facet normal 0 -0.831462 -0.555582
    outer loop
      vertex 0 10.8266 1.56495
      vertex 18.8 10.5359 2
      vertex 0 10.5359 2
    endloop
  endfacet
  facet normal 0 -0.831462 -0.555582
    outer loop
      vertex 18.8 10.5359 2
      vertex 0 10.8266 1.56495
      vertex 18.8 10.8266 1.56495
    endloop
  endfacet
  facet normal 0 -0.751826 0.659362
    outer loop
      vertex 0 10.8266 6.43505
      vertex 18.8 11.1716 6.82843
      vertex 0 11.1716 6.82843
    endloop
  endfacet
  facet normal 0 -0.751826 0.659362
    outer loop
      vertex 18.8 11.1716 6.82843
      vertex 0 10.8266 6.43505
      vertex 18.8 10.8266 6.43505
    endloop
  endfacet
  facet normal 0 0.751826 -0.659362
    outer loop
      vertex 18.8 16.8284 1.17157
      vertex 0 17.1734 1.56495
      vertex 18.8 17.1734 1.56495
    endloop
  endfacet
  facet normal 0 0.751826 -0.659362
    outer loop
      vertex 0 17.1734 1.56495
      vertex 18.8 16.8284 1.17157
      vertex 0 16.8284 1.17157
    endloop
  endfacet
  facet normal -0 0.442268 0.896883
    outer loop
      vertex 0 16 7.4641
      vertex 18.8 15.5307 7.69552
      vertex 18.8 16 7.4641
    endloop
  endfacet
  facet normal 0 0.442268 0.896883
    outer loop
      vertex 18.8 15.5307 7.69552
      vertex 0 16 7.4641
      vertex 0 15.5307 7.69552
    endloop
  endfacet
  facet normal 0 0.997861 -0.0653646
    outer loop
      vertex 18.8 17.9658 3.4779
      vertex 0 18 4
      vertex 18.8 18 4
    endloop
  endfacet
  facet normal 0 0.997861 -0.0653646
    outer loop
      vertex 0 18 4
      vertex 18.8 17.9658 3.4779
      vertex 0 17.9658 3.4779
    endloop
  endfacet
  facet normal 0 -0.065404 -0.997859
    outer loop
      vertex 0 13.4779 0.0342207
      vertex 18.8 14 0
      vertex 18.8 13.4779 0.0342207
    endloop
  endfacet
  facet normal -0 -0.065404 -0.997859
    outer loop
      vertex 18.8 14 0
      vertex 0 13.4779 0.0342207
      vertex 0 14 0
    endloop
  endfacet
  facet normal 0 0.980777 0.195131
    outer loop
      vertex 18.8 17.9658 4.5221
      vertex 0 17.8637 5.03528
      vertex 18.8 17.8637 5.03528
    endloop
  endfacet
  facet normal 0 0.980777 0.195131
    outer loop
      vertex 0 17.8637 5.03528
      vertex 18.8 17.9658 4.5221
      vertex 0 17.9658 4.5221
    endloop
  endfacet
  facet normal 0 0.831462 0.555582
    outer loop
      vertex 18.8 17.4641 6
      vertex 0 17.1734 6.43505
      vertex 18.8 17.1734 6.43505
    endloop
  endfacet
  facet normal 0 0.831462 0.555582
    outer loop
      vertex 0 17.1734 6.43505
      vertex 18.8 17.4641 6
      vertex 0 17.4641 6
    endloop
  endfacet
  facet normal 0 -0.997861 0.0653646
    outer loop
      vertex 0 10 4
      vertex 18.8 10.0342 4.5221
      vertex 0 10.0342 4.5221
    endloop
  endfacet
  facet normal 0 -0.997861 0.0653646
    outer loop
      vertex 18.8 10.0342 4.5221
      vertex 0 10 4
      vertex 18.8 10 4
    endloop
  endfacet
  facet normal 0 -0.442264 -0.896885
    outer loop
      vertex 0 12 0.535899
      vertex 18.8 12.4693 0.304482
      vertex 18.8 12 0.535899
    endloop
  endfacet
  facet normal -0 -0.442264 -0.896885
    outer loop
      vertex 18.8 12.4693 0.304482
      vertex 0 12 0.535899
      vertex 0 12.4693 0.304482
    endloop
  endfacet
  facet normal -0 0.321464 0.946922
    outer loop
      vertex 0 15.5307 7.69552
      vertex 18.8 15.0353 7.8637
      vertex 18.8 15.5307 7.69552
    endloop
  endfacet
  facet normal 0 0.321464 0.946922
    outer loop
      vertex 18.8 15.0353 7.8637
      vertex 0 15.5307 7.69552
      vertex 0 15.0353 7.8637
    endloop
  endfacet
  facet normal 0 -0.321464 0.946922
    outer loop
      vertex 0 12.9647 7.8637
      vertex 18.8 12.4693 7.69552
      vertex 18.8 12.9647 7.8637
    endloop
  endfacet
  facet normal 0 -0.321464 0.946922
    outer loop
      vertex 18.8 12.4693 7.69552
      vertex 0 12.9647 7.8637
      vertex 0 12.4693 7.69552
    endloop
  endfacet
  facet normal -1 0 0
    outer loop
      vertex 0 17.9658 3.4779
      vertex 0 17.9658 4.5221
      vertex 0 18 4
    endloop
  endfacet
  facet normal -1 0 0
    outer loop
      vertex 0 17.8637 2.96472
      vertex 0 17.9658 4.5221
      vertex 0 17.9658 3.4779
    endloop
  endfacet
  facet normal -1 0 0
    outer loop
      vertex 0 17.8637 2.96472
      vertex 0 17.8637 5.03528
      vertex 0 17.9658 4.5221
    endloop
  endfacet
  facet normal -1 0 0
    outer loop
      vertex 0 17.6955 2.46927
      vertex 0 17.8637 5.03528
      vertex 0 17.8637 2.96472
    endloop
  endfacet
  facet normal -1 0 0
    outer loop
      vertex 0 17.6955 2.46927
      vertex 0 17.6955 5.53073
      vertex 0 17.8637 5.03528
    endloop
  endfacet
  facet normal -1 0 0
    outer loop
      vertex 0 17.4641 2
      vertex 0 17.6955 5.53073
      vertex 0 17.6955 2.46927
    endloop
  endfacet
  facet normal -1 0 0
    outer loop
      vertex 0 17.4641 2
      vertex 0 17.4641 6
      vertex 0 17.6955 5.53073
    endloop
  endfacet
  facet normal -1 0 0
    outer loop
      vertex 0 17.1734 1.56495
      vertex 0 17.4641 6
      vertex 0 17.4641 2
    endloop
  endfacet
  facet normal -1 0 0
    outer loop
      vertex 0 17.1734 1.56495
      vertex 0 17.1734 6.43505
      vertex 0 17.4641 6
    endloop
  endfacet
  facet normal -1 0 0
    outer loop
      vertex 0 16.8284 1.17157
      vertex 0 17.1734 6.43505
      vertex 0 17.1734 1.56495
    endloop
  endfacet
  facet normal -1 0 0
    outer loop
      vertex 0 16.8284 1.17157
      vertex 0 16.8284 6.82843
      vertex 0 17.1734 6.43505
    endloop
  endfacet
  facet normal -1 0 0
    outer loop
      vertex 0 16.435 0.826587
      vertex 0 16.8284 6.82843
      vertex 0 16.8284 1.17157
    endloop
  endfacet
  facet normal -1 0 0
    outer loop
      vertex 0 16.435 0.826587
      vertex 0 16.435 7.17341
      vertex 0 16.8284 6.82843
    endloop
  endfacet
  facet normal -1 0 0
    outer loop
      vertex 0 16 0.535899
      vertex 0 16.435 7.17341
      vertex 0 16.435 0.826587
    endloop
  endfacet
  facet normal -1 0 0
    outer loop
      vertex 0 16 0.535899
      vertex 0 16 7.4641
      vertex 0 16.435 7.17341
    endloop
  endfacet
  facet normal -1 0 0
    outer loop
      vertex 0 15.5307 0.304482
      vertex 0 16 7.4641
      vertex 0 16 0.535899
    endloop
  endfacet
  facet normal -1 0 0
    outer loop
      vertex 0 15.5307 0.304482
      vertex 0 15.5307 7.69552
      vertex 0 16 7.4641
    endloop
  endfacet
  facet normal -1 0 0
    outer loop
      vertex 0 15.0353 0.136297
      vertex 0 15.5307 7.69552
      vertex 0 15.5307 0.304482
    endloop
  endfacet
  facet normal -1 0 0
    outer loop
      vertex 0 15.0353 0.136297
      vertex 0 15.0353 7.8637
      vertex 0 15.5307 7.69552
    endloop
  endfacet
  facet normal -1 0 0
    outer loop
      vertex 0 14.5221 0.0342207
      vertex 0 15.0353 7.8637
      vertex 0 15.0353 0.136297
    endloop
  endfacet
  facet normal -1 0 0
    outer loop
      vertex 0 14.5221 0.0342207
      vertex 0 14.5221 7.96578
      vertex 0 15.0353 7.8637
    endloop
  endfacet
  facet normal -1 0 0
    outer loop
      vertex 0 14 0
      vertex 0 14.5221 7.96578
      vertex 0 14.5221 0.0342207
    endloop
  endfacet
  facet normal -1 0 0
    outer loop
      vertex 0 14 0
      vertex 0 14 8
      vertex 0 14.5221 7.96578
    endloop
  endfacet
  facet normal -1 0 0
    outer loop
      vertex 0 13.4779 0.0342207
      vertex 0 14 8
      vertex 0 14 0
    endloop
  endfacet
  facet normal -1 0 0
    outer loop
      vertex 0 13.4779 0.0342207
      vertex 0 13.4779 7.96578
      vertex 0 14 8
    endloop
  endfacet
  facet normal -1 0 0
    outer loop
      vertex 0 12.9647 0.136297
      vertex 0 13.4779 7.96578
      vertex 0 13.4779 0.0342207
    endloop
  endfacet
  facet normal -1 0 0
    outer loop
      vertex 0 12.9647 0.136297
      vertex 0 12.9647 7.8637
      vertex 0 13.4779 7.96578
    endloop
  endfacet
  facet normal -1 0 0
    outer loop
      vertex 0 12.4693 0.304482
      vertex 0 12.9647 7.8637
      vertex 0 12.9647 0.136297
    endloop
  endfacet
  facet normal -1 0 0
    outer loop
      vertex 0 12.4693 0.304482
      vertex 0 12.4693 7.69552
      vertex 0 12.9647 7.8637
    endloop
  endfacet
  facet normal -1 0 0
    outer loop
      vertex 0 12 0.535899
      vertex 0 12.4693 7.69552
      vertex 0 12.4693 0.304482
    endloop
  endfacet
  facet normal -1 0 0
    outer loop
      vertex 0 12 0.535899
      vertex 0 12 7.4641
      vertex 0 12.4693 7.69552
    endloop
  endfacet
  facet normal -1 0 0
    outer loop
      vertex 0 11.565 0.826587
      vertex 0 12 7.4641
      vertex 0 12 0.535899
    endloop
  endfacet
  facet normal -1 0 0
    outer loop
      vertex 0 11.565 0.826587
      vertex 0 11.565 7.17341
      vertex 0 12 7.4641
    endloop
  endfacet
  facet normal -1 0 0
    outer loop
      vertex 0 11.1716 1.17157
      vertex 0 11.565 7.17341
      vertex 0 11.565 0.826587
    endloop
  endfacet
  facet normal -1 0 0
    outer loop
      vertex 0 11.1716 1.17157
      vertex 0 11.1716 6.82843
      vertex 0 11.565 7.17341
    endloop
  endfacet
  facet normal -1 0 0
    outer loop
      vertex 0 10.8266 1.56495
      vertex 0 11.1716 6.82843
      vertex 0 11.1716 1.17157
    endloop
  endfacet
  facet normal -1 0 0
    outer loop
      vertex 0 10.8266 1.56495
      vertex 0 10.8266 6.43505
      vertex 0 11.1716 6.82843
    endloop
  endfacet
  facet normal -1 0 0
    outer loop
      vertex 0 10.5359 2
      vertex 0 10.8266 6.43505
      vertex 0 10.8266 1.56495
    endloop
  endfacet
  facet normal -1 0 0
    outer loop
      vertex 0 10.5359 2
      vertex 0 10.5359 6
      vertex 0 10.8266 6.43505
    endloop
  endfacet
  facet normal -1 0 0
    outer loop
      vertex 0 10.3045 2.46927
      vertex 0 10.5359 6
      vertex 0 10.5359 2
    endloop
  endfacet
  facet normal -1 0 0
    outer loop
      vertex 0 10.3045 2.46927
      vertex 0 10.3045 5.53073
      vertex 0 10.5359 6
    endloop
  endfacet
  facet normal -1 0 0
    outer loop
      vertex 0 10.1363 2.96472
      vertex 0 10.3045 5.53073
      vertex 0 10.3045 2.46927
    endloop
  endfacet
  facet normal -1 0 0
    outer loop
      vertex 0 10.1363 2.96472
      vertex 0 10.1363 5.03528
      vertex 0 10.3045 5.53073
    endloop
  endfacet
  facet normal -1 0 0
    outer loop
      vertex 0 10.0342 3.4779
      vertex 0 10.1363 5.03528
      vertex 0 10.1363 2.96472
    endloop
  endfacet
  facet normal -1 0 0
    outer loop
      vertex 0 10.0342 3.4779
      vertex 0 10.0342 4.5221
      vertex 0 10.1363 5.03528
    endloop
  endfacet
  facet normal -1 0 -0
    outer loop
      vertex 0 10.0342 4.5221
      vertex 0 10.0342 3.4779
      vertex 0 10 4
    endloop
  endfacet
  facet normal -0 0.555613 0.831441
    outer loop
      vertex 0 16.435 7.17341
      vertex 18.8 16 7.4641
      vertex 18.8 16.435 7.17341
    endloop
  endfacet
  facet normal 0 0.555613 0.831441
    outer loop
      vertex 18.8 16 7.4641
      vertex 0 16.435 7.17341
      vertex 0 16 7.4641
    endloop
  endfacet
  facet normal 0 -0.896887 -0.44226
    outer loop
      vertex 0 10.5359 2
      vertex 18.8 10.3045 2.46927
      vertex 0 10.3045 2.46927
    endloop
  endfacet
  facet normal 0 -0.896887 -0.44226
    outer loop
      vertex 18.8 10.3045 2.46927
      vertex 0 10.5359 2
      vertex 18.8 10.5359 2
    endloop
  endfacet
  facet normal 0 -0.94692 -0.321469
    outer loop
      vertex 0 10.3045 2.46927
      vertex 18.8 10.1363 2.96472
      vertex 0 10.1363 2.96472
    endloop
  endfacet
  facet normal 0 -0.94692 -0.321469
    outer loop
      vertex 18.8 10.1363 2.96472
      vertex 0 10.3045 2.46927
      vertex 18.8 10.3045 2.46927
    endloop
  endfacet
  facet normal 0 -0.751826 -0.659362
    outer loop
      vertex 0 11.1716 1.17157
      vertex 18.8 10.8266 1.56495
      vertex 0 10.8266 1.56495
    endloop
  endfacet
  facet normal 0 -0.751826 -0.659362
    outer loop
      vertex 18.8 10.8266 1.56495
      vertex 0 11.1716 1.17157
      vertex 18.8 11.1716 1.17157
    endloop
  endfacet
  facet normal 0 -0.442268 0.896883
    outer loop
      vertex 0 12.4693 7.69552
      vertex 18.8 12 7.4641
      vertex 18.8 12.4693 7.69552
    endloop
  endfacet
  facet normal 0 -0.442268 0.896883
    outer loop
      vertex 18.8 12 7.4641
      vertex 0 12.4693 7.69552
      vertex 0 12 7.4641
    endloop
  endfacet
  facet normal 0 0.980777 -0.195131
    outer loop
      vertex 18.8 17.8637 2.96472
      vertex 0 17.9658 3.4779
      vertex 18.8 17.9658 3.4779
    endloop
  endfacet
  facet normal 0 0.980777 -0.195131
    outer loop
      vertex 0 17.9658 3.4779
      vertex 18.8 17.8637 2.96472
      vertex 0 17.8637 2.96472
    endloop
  endfacet
  facet normal 0 -0.896887 0.44226
    outer loop
      vertex 0 10.3045 5.53073
      vertex 18.8 10.5359 6
      vertex 0 10.5359 6
    endloop
  endfacet
  facet normal 0 -0.896887 0.44226
    outer loop
      vertex 18.8 10.5359 6
      vertex 0 10.3045 5.53073
      vertex 18.8 10.3045 5.53073
    endloop
  endfacet
  facet normal 0 -0.555613 0.831441
    outer loop
      vertex 0 12 7.4641
      vertex 18.8 11.565 7.17341
      vertex 18.8 12 7.4641
    endloop
  endfacet
  facet normal 0 -0.555613 0.831441
    outer loop
      vertex 18.8 11.565 7.17341
      vertex 0 12 7.4641
      vertex 0 11.565 7.17341
    endloop
  endfacet
  facet normal 0.553877 0.0544553 -0.830816
    outer loop
      vertex 20 14 0.8
      vertex 18.8 14 0
      vertex 18.8 14.5221 0.0342207
    endloop
  endfacet
  facet normal 0.553873 -0.267659 -0.788406
    outer loop
      vertex 18.8 12.9647 0.136297
      vertex 20 12.7754 1.04359
      vertex 18.8 12.4693 0.304482
    endloop
  endfacet
  facet normal 0.553885 -0.267615 -0.788412
    outer loop
      vertex 20 12.7754 1.04359
      vertex 18.8 12.9647 0.136297
      vertex 20 13.1718 0.909038
    endloop
  endfacet
  facet normal 0.553859 -0.816605 -0.162468
    outer loop
      vertex 20 10.909 3.17178
      vertex 18.8 10.0342 3.4779
      vertex 18.8 10.1363 2.96472
    endloop
  endfacet
  facet normal 0.553877 -0.0544553 -0.830816
    outer loop
      vertex 20 14 0.8
      vertex 18.8 13.4779 0.0342207
      vertex 18.8 14 0
    endloop
  endfacet
  facet normal 0.553902 0.816608 0.162311
    outer loop
      vertex 20 17.1726 4.41768
      vertex 18.8 17.9658 4.5221
      vertex 20 17.091 4.82822
    endloop
  endfacet
  facet normal 0.553876 -0.746761 -0.368198
    outer loop
      vertex 20 11.0436 2.77541
      vertex 18.8 10.3045 2.46927
      vertex 20 11.2287 2.4
    endloop
  endfacet
  facet normal 0.553876 0.4626 -0.692259
    outer loop
      vertex 20 15.6 1.22872
      vertex 18.8 16.435 0.826587
      vertex 20 15.948 1.46127
    endloop
  endfacet
  facet normal 0.553877 0.162444 0.816598
    outer loop
      vertex 20 14.8282 7.09096
      vertex 18.8 14.5221 7.96578
      vertex 20 14.4177 7.17262
    endloop
  endfacet
  facet normal 0.553875 0.462601 0.69226
    outer loop
      vertex 20 15.948 6.53873
      vertex 18.8 16.435 7.17341
      vertex 20 15.6 6.77128
    endloop
  endfacet
  facet normal 0.553869 -0.368256 -0.746737
    outer loop
      vertex 20 12.4 1.22872
      vertex 18.8 12.4693 0.304482
      vertex 20 12.7754 1.04359
    endloop
  endfacet
  facet normal 0.553878 0.830817 -0.0544224
    outer loop
      vertex 20 17.2 4
      vertex 18.8 17.9658 3.4779
      vertex 18.8 18 4
    endloop
  endfacet
  facet normal 0.553869 0.692278 0.46258
    outer loop
      vertex 18.8 17.4641 6
      vertex 18.8 17.1734 6.43505
      vertex 20 16.7713 5.6
    endloop
  endfacet
  facet normal 0.553875 0.788405 0.267655
    outer loop
      vertex 20 16.9564 5.22459
      vertex 18.8 17.8637 5.03528
      vertex 18.8 17.6955 5.53073
    endloop
  endfacet
  facet normal 0.553856 0.788395 0.267724
    outer loop
      vertex 18.8 17.8637 5.03528
      vertex 20 16.9564 5.22459
      vertex 20 17.091 4.82822
    endloop
  endfacet
  facet normal 0.553883 0.548948 0.625996
    outer loop
      vertex 18.8 16.435 7.17341
      vertex 20 16.2627 6.26274
      vertex 18.8 16.8284 6.82843
    endloop
  endfacet
  facet normal 0.553873 0.548978 0.625977
    outer loop
      vertex 20 16.2627 6.26274
      vertex 18.8 16.435 7.17341
      vertex 20 15.948 6.53873
    endloop
  endfacet
  facet normal 0.553856 0.788395 -0.267724
    outer loop
      vertex 20 16.9564 2.77541
      vertex 18.8 17.8637 2.96472
      vertex 20 17.091 3.17178
    endloop
  endfacet
  facet normal 0.553875 0.788405 -0.267655
    outer loop
      vertex 18.8 17.8637 2.96472
      vertex 20 16.9564 2.77541
      vertex 18.8 17.6955 2.46927
    endloop
  endfacet
  facet normal 0.553876 0.462603 0.692257
    outer loop
      vertex 18.8 16.435 7.17341
      vertex 18.8 16 7.4641
      vertex 20 15.6 6.77128
    endloop
  endfacet
  facet normal 0.553877 -0.0544542 0.830816
    outer loop
      vertex 18.8 14 8
      vertex 18.8 13.4779 7.96578
      vertex 20 14 7.2
    endloop
  endfacet
  facet normal 0.553881 0.162429 0.816598
    outer loop
      vertex 18.8 15.0353 7.8637
      vertex 18.8 14.5221 7.96578
      vertex 20 14.8282 7.09096
    endloop
  endfacet
  facet normal 0.553876 0.746761 -0.368198
    outer loop
      vertex 20 16.7713 2.4
      vertex 18.8 17.6955 2.46927
      vertex 20 16.9564 2.77541
    endloop
  endfacet
  facet normal 0.553876 -0.462603 0.692257
    outer loop
      vertex 18.8 12 7.4641
      vertex 18.8 11.565 7.17341
      vertex 20 12.4 6.77128
    endloop
  endfacet
  facet normal 0.553876 -0.4626 -0.692259
    outer loop
      vertex 20 12.052 1.46127
      vertex 18.8 11.565 0.826587
      vertex 20 12.4 1.22872
    endloop
  endfacet
  facet normal 0.553883 -0.54895 -0.625993
    outer loop
      vertex 18.8 11.565 0.826587
      vertex 20 11.7373 1.73726
      vertex 18.8 11.1716 1.17157
    endloop
  endfacet
  facet normal 0.553874 -0.548978 -0.625977
    outer loop
      vertex 20 11.7373 1.73726
      vertex 18.8 11.565 0.826587
      vertex 20 12.052 1.46127
    endloop
  endfacet
  facet normal 0.553878 -0.830817 -0.0544224
    outer loop
      vertex 20 10.8 4
      vertex 18.8 10 4
      vertex 18.8 10.0342 3.4779
    endloop
  endfacet
  facet normal 0.553859 0.816605 -0.162468
    outer loop
      vertex 20 17.091 3.17178
      vertex 18.8 17.8637 2.96472
      vertex 18.8 17.9658 3.4779
    endloop
  endfacet
  facet normal 0.553878 0.830817 0.0544224
    outer loop
      vertex 18.8 18 4
      vertex 18.8 17.9658 4.5221
      vertex 20 17.2 4
    endloop
  endfacet
  facet normal 0.553868 -0.746752 0.368228
    outer loop
      vertex 18.8 10.5359 6
      vertex 18.8 10.3045 5.53073
      vertex 20 11.2287 5.6
    endloop
  endfacet
  facet normal 0.553876 0.368232 0.746744
    outer loop
      vertex 18.8 16 7.4641
      vertex 18.8 15.5307 7.69552
      vertex 20 15.6 6.77128
    endloop
  endfacet
  facet normal 0.553869 -0.692278 0.46258
    outer loop
      vertex 18.8 10.8266 6.43505
      vertex 18.8 10.5359 6
      vertex 20 11.2287 5.6
    endloop
  endfacet
  facet normal 0.553869 0.368256 -0.746737
    outer loop
      vertex 20 15.2246 1.04359
      vertex 18.8 15.5307 0.304482
      vertex 20 15.6 1.22872
    endloop
  endfacet
  facet normal 0.5539 -0.830798 0.0545007
    outer loop
      vertex 20 10.8274 4.41768
      vertex 18.8 10.0342 4.5221
      vertex 20 10.8 4
    endloop
  endfacet
  facet normal 0.553876 0.462601 -0.692259
    outer loop
      vertex 20 15.6 1.22872
      vertex 18.8 16 0.535899
      vertex 18.8 16.435 0.826587
    endloop
  endfacet
  facet normal 0.553876 0.746761 0.368198
    outer loop
      vertex 20 16.9564 5.22459
      vertex 18.8 17.6955 5.53073
      vertex 20 16.7713 5.6
    endloop
  endfacet
  facet normal 0.553874 0.548978 -0.625977
    outer loop
      vertex 18.8 16.435 0.826587
      vertex 20 16.2627 1.73726
      vertex 20 15.948 1.46127
    endloop
  endfacet
  facet normal 0.553883 0.54895 -0.625993
    outer loop
      vertex 20 16.2627 1.73726
      vertex 18.8 16.435 0.826587
      vertex 18.8 16.8284 1.17157
    endloop
  endfacet
  facet normal 0.553859 0.816605 0.162468
    outer loop
      vertex 18.8 17.9658 4.5221
      vertex 18.8 17.8637 5.03528
      vertex 20 17.091 4.82822
    endloop
  endfacet
  facet normal 0.553869 0.692278 -0.46258
    outer loop
      vertex 20 16.7713 2.4
      vertex 18.8 17.1734 1.56495
      vertex 18.8 17.4641 2
    endloop
  endfacet
  facet normal 0.553877 0.0544542 0.830816
    outer loop
      vertex 18.8 14.5221 7.96578
      vertex 18.8 14 8
      vertex 20 14 7.2
    endloop
  endfacet
  facet normal 0.553884 -0.267611 0.788414
    outer loop
      vertex 18.8 12.9647 7.8637
      vertex 20 12.7754 6.95641
      vertex 20 13.1718 7.09096
    endloop
  endfacet
  facet normal 0.553873 -0.267651 0.788408
    outer loop
      vertex 20 12.7754 6.95641
      vertex 18.8 12.9647 7.8637
      vertex 18.8 12.4693 7.69552
    endloop
  endfacet
  facet normal 0.553878 -0.830817 0.0544224
    outer loop
      vertex 18.8 10.0342 4.5221
      vertex 18.8 10 4
      vertex 20 10.8 4
    endloop
  endfacet
  facet normal 0.553881 -0.162423 -0.816599
    outer loop
      vertex 20 13.1718 0.909038
      vertex 18.8 12.9647 0.136297
      vertex 18.8 13.4779 0.0342207
    endloop
  endfacet
  facet normal 0.553877 -0.368228 -0.746745
    outer loop
      vertex 20 12.4 1.22872
      vertex 18.8 12 0.535899
      vertex 18.8 12.4693 0.304482
    endloop
  endfacet
  facet normal 0.553856 -0.788395 -0.267724
    outer loop
      vertex 18.8 10.1363 2.96472
      vertex 20 11.0436 2.77541
      vertex 20 10.909 3.17178
    endloop
  endfacet
  facet normal 0.553875 -0.788405 -0.267655
    outer loop
      vertex 20 11.0436 2.77541
      vertex 18.8 10.1363 2.96472
      vertex 18.8 10.3045 2.46927
    endloop
  endfacet
  facet normal 0.5539 -0.830798 -0.0545007
    outer loop
      vertex 20 10.8 4
      vertex 18.8 10.0342 3.4779
      vertex 20 10.8274 3.58232
    endloop
  endfacet
  facet normal 0.5539 0.830798 0.0545007
    outer loop
      vertex 20 17.2 4
      vertex 18.8 17.9658 4.5221
      vertex 20 17.1726 4.41768
    endloop
  endfacet
  facet normal 0.553868 -0.746752 -0.368228
    outer loop
      vertex 20 11.2287 2.4
      vertex 18.8 10.3045 2.46927
      vertex 18.8 10.5359 2
    endloop
  endfacet
  facet normal 0.553887 -0.692232 -0.462628
    outer loop
      vertex 20 11.2287 2.4
      vertex 18.8 10.8266 1.56495
      vertex 20 11.4613 2.05196
    endloop
  endfacet
  facet normal 0.553879 0.0544594 0.830814
    outer loop
      vertex 20 14.4177 7.17262
      vertex 18.8 14.5221 7.96578
      vertex 20 14 7.2
    endloop
  endfacet
  facet normal 0.553877 0.368228 -0.746745
    outer loop
      vertex 20 15.6 1.22872
      vertex 18.8 15.5307 0.304482
      vertex 18.8 16 0.535899
    endloop
  endfacet
  facet normal 0.553887 0.692232 -0.462628
    outer loop
      vertex 20 16.5387 2.05196
      vertex 18.8 17.1734 1.56495
      vertex 20 16.7713 2.4
    endloop
  endfacet
  facet normal 0.553868 0.746752 -0.368228
    outer loop
      vertex 20 16.7713 2.4
      vertex 18.8 17.4641 2
      vertex 18.8 17.6955 2.46927
    endloop
  endfacet
  facet normal 0.553859 -0.816605 0.162468
    outer loop
      vertex 18.8 10.1363 5.03528
      vertex 18.8 10.0342 4.5221
      vertex 20 10.909 4.82822
    endloop
  endfacet
  facet normal 0.553875 0.162446 -0.816599
    outer loop
      vertex 20 14.4177 0.827377
      vertex 18.8 14.5221 0.0342207
      vertex 20 14.8282 0.909038
    endloop
  endfacet
  facet normal 0.553883 -0.625962 -0.548985
    outer loop
      vertex 18.8 10.8266 1.56495
      vertex 20 11.7373 1.73726
      vertex 20 11.4613 2.05196
    endloop
  endfacet
  facet normal 0.553884 -0.625965 -0.548981
    outer loop
      vertex 20 11.7373 1.73726
      vertex 18.8 10.8266 1.56495
      vertex 18.8 11.1716 1.17157
    endloop
  endfacet
  facet normal 0.553902 -0.816608 0.162311
    outer loop
      vertex 20 10.909 4.82822
      vertex 18.8 10.0342 4.5221
      vertex 20 10.8274 4.41768
    endloop
  endfacet
  facet normal 0.553873 -0.548978 0.625977
    outer loop
      vertex 18.8 11.565 7.17341
      vertex 20 11.7373 6.26274
      vertex 20 12.052 6.53873
    endloop
  endfacet
  facet normal 0.553883 -0.548948 0.625996
    outer loop
      vertex 20 11.7373 6.26274
      vertex 18.8 11.565 7.17341
      vertex 18.8 11.1716 6.82843
    endloop
  endfacet
  facet normal 0.553875 -0.162446 -0.816599
    outer loop
      vertex 20 13.1718 0.909038
      vertex 18.8 13.4779 0.0342207
      vertex 20 13.5823 0.827377
    endloop
  endfacet
  facet normal 0.553877 -0.0544536 -0.830816
    outer loop
      vertex 20 13.5823 0.827377
      vertex 18.8 13.4779 0.0342207
      vertex 20 14 0.8
    endloop
  endfacet
  facet normal 0.553902 0.816608 -0.162311
    outer loop
      vertex 20 17.091 3.17178
      vertex 18.8 17.9658 3.4779
      vertex 20 17.1726 3.58232
    endloop
  endfacet
  facet normal 0.553869 -0.692278 -0.46258
    outer loop
      vertex 20 11.2287 2.4
      vertex 18.8 10.5359 2
      vertex 18.8 10.8266 1.56495
    endloop
  endfacet
  facet normal 0.553883 0.625962 -0.548985
    outer loop
      vertex 20 16.2627 1.73726
      vertex 18.8 17.1734 1.56495
      vertex 20 16.5387 2.05196
    endloop
  endfacet
  facet normal 0.553884 0.625965 -0.548981
    outer loop
      vertex 18.8 17.1734 1.56495
      vertex 20 16.2627 1.73726
      vertex 18.8 16.8284 1.17157
    endloop
  endfacet
  facet normal 0.553875 -0.788405 0.267655
    outer loop
      vertex 18.8 10.1363 5.03528
      vertex 20 11.0436 5.22459
      vertex 18.8 10.3045 5.53073
    endloop
  endfacet
  facet normal 0.553856 -0.788395 0.267724
    outer loop
      vertex 20 11.0436 5.22459
      vertex 18.8 10.1363 5.03528
      vertex 20 10.909 4.82822
    endloop
  endfacet
  facet normal 0.553885 0.267615 -0.788412
    outer loop
      vertex 18.8 15.0353 0.136297
      vertex 20 15.2246 1.04359
      vertex 20 14.8282 0.909038
    endloop
  endfacet
  facet normal 0.553873 0.267659 -0.788406
    outer loop
      vertex 20 15.2246 1.04359
      vertex 18.8 15.0353 0.136297
      vertex 18.8 15.5307 0.304482
    endloop
  endfacet
  facet normal 0.553868 0.746752 0.368228
    outer loop
      vertex 18.8 17.6955 5.53073
      vertex 18.8 17.4641 6
      vertex 20 16.7713 5.6
    endloop
  endfacet
  facet normal 0.553884 0.625965 0.548981
    outer loop
      vertex 20 16.2627 6.26274
      vertex 18.8 17.1734 6.43505
      vertex 18.8 16.8284 6.82843
    endloop
  endfacet
  facet normal 0.553883 0.625962 0.548985
    outer loop
      vertex 18.8 17.1734 6.43505
      vertex 20 16.2627 6.26274
      vertex 20 16.5387 5.94804
    endloop
  endfacet
  facet normal 0.553887 0.692232 0.462628
    outer loop
      vertex 20 16.7713 5.6
      vertex 18.8 17.1734 6.43505
      vertex 20 16.5387 5.94804
    endloop
  endfacet
  facet normal 0.5539 0.830798 -0.0545007
    outer loop
      vertex 20 17.1726 3.58232
      vertex 18.8 17.9658 3.4779
      vertex 20 17.2 4
    endloop
  endfacet
  facet normal 0.553879 -0.0544594 0.830814
    outer loop
      vertex 20 14 7.2
      vertex 18.8 13.4779 7.96578
      vertex 20 13.5823 7.17262
    endloop
  endfacet
  facet normal 0.553877 -0.162444 0.816598
    outer loop
      vertex 20 13.5823 7.17262
      vertex 18.8 13.4779 7.96578
      vertex 20 13.1718 7.09096
    endloop
  endfacet
  facet normal 0.55387 0.368256 0.746737
    outer loop
      vertex 20 15.6 6.77128
      vertex 18.8 15.5307 7.69552
      vertex 20 15.2246 6.95641
    endloop
  endfacet
  facet normal 0.553876 -0.746761 0.368198
    outer loop
      vertex 20 11.2287 5.6
      vertex 18.8 10.3045 5.53073
      vertex 20 11.0436 5.22459
    endloop
  endfacet
  facet normal 0.553875 -0.462601 0.69226
    outer loop
      vertex 20 12.4 6.77128
      vertex 18.8 11.565 7.17341
      vertex 20 12.052 6.53873
    endloop
  endfacet
  facet normal 0.553873 0.267651 0.788408
    outer loop
      vertex 18.8 15.0353 7.8637
      vertex 20 15.2246 6.95641
      vertex 18.8 15.5307 7.69552
    endloop
  endfacet
  facet normal 0.553884 0.267611 0.788414
    outer loop
      vertex 20 15.2246 6.95641
      vertex 18.8 15.0353 7.8637
      vertex 20 14.8282 7.09096
    endloop
  endfacet
  facet normal 0.553876 -0.462601 -0.692259
    outer loop
      vertex 20 12.4 1.22872
      vertex 18.8 11.565 0.826587
      vertex 18.8 12 0.535899
    endloop
  endfacet
  facet normal 0.553881 0.162423 -0.816599
    outer loop
      vertex 20 14.8282 0.909038
      vertex 18.8 14.5221 0.0342207
      vertex 18.8 15.0353 0.136297
    endloop
  endfacet
  facet normal 0.553877 0.0544536 -0.830816
    outer loop
      vertex 20 14 0.8
      vertex 18.8 14.5221 0.0342207
      vertex 20 14.4177 0.827377
    endloop
  endfacet
  facet normal 0.553902 -0.816608 -0.162311
    outer loop
      vertex 20 10.8274 3.58232
      vertex 18.8 10.0342 3.4779
      vertex 20 10.909 3.17178
    endloop
  endfacet
  facet normal 0.553887 -0.692232 0.462628
    outer loop
      vertex 20 11.4613 5.94804
      vertex 18.8 10.8266 6.43505
      vertex 20 11.2287 5.6
    endloop
  endfacet
  facet normal 0.55387 -0.368256 0.746737
    outer loop
      vertex 20 12.7754 6.95641
      vertex 18.8 12.4693 7.69552
      vertex 20 12.4 6.77128
    endloop
  endfacet
  facet normal 0.553876 -0.368232 0.746744
    outer loop
      vertex 18.8 12.4693 7.69552
      vertex 18.8 12 7.4641
      vertex 20 12.4 6.77128
    endloop
  endfacet
  facet normal 0.553884 -0.625965 0.548981
    outer loop
      vertex 18.8 10.8266 6.43505
      vertex 20 11.7373 6.26274
      vertex 18.8 11.1716 6.82843
    endloop
  endfacet
  facet normal 0.553883 -0.625962 0.548985
    outer loop
      vertex 20 11.7373 6.26274
      vertex 18.8 10.8266 6.43505
      vertex 20 11.4613 5.94804
    endloop
  endfacet
  facet normal 1 0 0
    outer loop
      vertex 20 17.1726 4.41768
      vertex 20 17.1726 3.58232
      vertex 20 17.2 4
    endloop
  endfacet
  facet normal 1 0 0
    outer loop
      vertex 20 17.091 4.82822
      vertex 20 17.1726 3.58232
      vertex 20 17.1726 4.41768
    endloop
  endfacet
  facet normal 1 0 0
    outer loop
      vertex 20 17.091 4.82822
      vertex 20 17.091 3.17178
      vertex 20 17.1726 3.58232
    endloop
  endfacet
  facet normal 1 0 0
    outer loop
      vertex 20 16.9564 5.22459
      vertex 20 17.091 3.17178
      vertex 20 17.091 4.82822
    endloop
  endfacet
  facet normal 1 0 0
    outer loop
      vertex 20 16.9564 5.22459
      vertex 20 16.9564 2.77541
      vertex 20 17.091 3.17178
    endloop
  endfacet
  facet normal 1 0 0
    outer loop
      vertex 20 16.7713 5.6
      vertex 20 16.9564 2.77541
      vertex 20 16.9564 5.22459
    endloop
  endfacet
  facet normal 1 0 0
    outer loop
      vertex 20 16.7713 5.6
      vertex 20 16.7713 2.4
      vertex 20 16.9564 2.77541
    endloop
  endfacet
  facet normal 1 0 0
    outer loop
      vertex 20 16.5387 5.94804
      vertex 20 16.7713 2.4
      vertex 20 16.7713 5.6
    endloop
  endfacet
  facet normal 1 0 0
    outer loop
      vertex 20 16.5387 5.94804
      vertex 20 16.5387 2.05196
      vertex 20 16.7713 2.4
    endloop
  endfacet
  facet normal 1 0 0
    outer loop
      vertex 20 16.2627 6.26274
      vertex 20 16.5387 2.05196
      vertex 20 16.5387 5.94804
    endloop
  endfacet
  facet normal 1 0 0
    outer loop
      vertex 20 16.2627 6.26274
      vertex 20 16.2627 1.73726
      vertex 20 16.5387 2.05196
    endloop
  endfacet
  facet normal 1 0 0
    outer loop
      vertex 20 15.948 6.53873
      vertex 20 16.2627 1.73726
      vertex 20 16.2627 6.26274
    endloop
  endfacet
  facet normal 1 0 0
    outer loop
      vertex 20 15.948 6.53873
      vertex 20 15.948 1.46127
      vertex 20 16.2627 1.73726
    endloop
  endfacet
  facet normal 1 0 0
    outer loop
      vertex 20 15.6 6.77128
      vertex 20 15.948 1.46127
      vertex 20 15.948 6.53873
    endloop
  endfacet
  facet normal 1 0 0
    outer loop
      vertex 20 15.6 6.77128
      vertex 20 15.6 1.22872
      vertex 20 15.948 1.46127
    endloop
  endfacet
  facet normal 1 0 0
    outer loop
      vertex 20 15.2246 6.95641
      vertex 20 15.6 1.22872
      vertex 20 15.6 6.77128
    endloop
  endfacet
  facet normal 1 0 0
    outer loop
      vertex 20 15.2246 6.95641
      vertex 20 15.2246 1.04359
      vertex 20 15.6 1.22872
    endloop
  endfacet
  facet normal 1 0 0
    outer loop
      vertex 20 14.8282 7.09096
      vertex 20 15.2246 1.04359
      vertex 20 15.2246 6.95641
    endloop
  endfacet
  facet normal 1 0 0
    outer loop
      vertex 20 14.8282 7.09096
      vertex 20 14.8282 0.909038
      vertex 20 15.2246 1.04359
    endloop
  endfacet
  facet normal 1 0 0
    outer loop
      vertex 20 14.4177 7.17262
      vertex 20 14.8282 0.909038
      vertex 20 14.8282 7.09096
    endloop
  endfacet
  facet normal 1 0 0
    outer loop
      vertex 20 14.4177 7.17262
      vertex 20 14.4177 0.827377
      vertex 20 14.8282 0.909038
    endloop
  endfacet
  facet normal 1 0 0
    outer loop
      vertex 20 14 7.2
      vertex 20 14.4177 0.827377
      vertex 20 14.4177 7.17262
    endloop
  endfacet
  facet normal 1 0 0
    outer loop
      vertex 20 14 7.2
      vertex 20 14 0.8
      vertex 20 14.4177 0.827377
    endloop
  endfacet
  facet normal 1 -0 0
    outer loop
      vertex 20 13.5823 7.17262
      vertex 20 14 0.8
      vertex 20 14 7.2
    endloop
  endfacet
  facet normal 1 0 0
    outer loop
      vertex 20 13.5823 7.17262
      vertex 20 13.5823 0.827377
      vertex 20 14 0.8
    endloop
  endfacet
  facet normal 1 -0 0
    outer loop
      vertex 20 13.1718 7.09096
      vertex 20 13.5823 0.827377
      vertex 20 13.5823 7.17262
    endloop
  endfacet
  facet normal 1 0 0
    outer loop
      vertex 20 13.1718 7.09096
      vertex 20 13.1718 0.909038
      vertex 20 13.5823 0.827377
    endloop
  endfacet
  facet normal 1 -0 0
    outer loop
      vertex 20 12.7754 6.95641
      vertex 20 13.1718 0.909038
      vertex 20 13.1718 7.09096
    endloop
  endfacet
  facet normal 1 0 0
    outer loop
      vertex 20 12.7754 6.95641
      vertex 20 12.7754 1.04359
      vertex 20 13.1718 0.909038
    endloop
  endfacet
  facet normal 1 -0 0
    outer loop
      vertex 20 12.4 6.77128
      vertex 20 12.7754 1.04359
      vertex 20 12.7754 6.95641
    endloop
  endfacet
  facet normal 1 0 0
    outer loop
      vertex 20 12.4 6.77128
      vertex 20 12.4 1.22872
      vertex 20 12.7754 1.04359
    endloop
  endfacet
  facet normal 1 -0 0
    outer loop
      vertex 20 12.052 6.53873
      vertex 20 12.4 1.22872
      vertex 20 12.4 6.77128
    endloop
  endfacet
  facet normal 1 0 0
    outer loop
      vertex 20 12.052 6.53873
      vertex 20 12.052 1.46127
      vertex 20 12.4 1.22872
    endloop
  endfacet
  facet normal 1 -0 0
    outer loop
      vertex 20 11.7373 6.26274
      vertex 20 12.052 1.46127
      vertex 20 12.052 6.53873
    endloop
  endfacet
  facet normal 1 0 0
    outer loop
      vertex 20 11.7373 6.26274
      vertex 20 11.7373 1.73726
      vertex 20 12.052 1.46127
    endloop
  endfacet
  facet normal 1 -0 0
    outer loop
      vertex 20 11.4613 5.94804
      vertex 20 11.7373 1.73726
      vertex 20 11.7373 6.26274
    endloop
  endfacet
  facet normal 1 0 0
    outer loop
      vertex 20 11.4613 5.94804
      vertex 20 11.4613 2.05196
      vertex 20 11.7373 1.73726
    endloop
  endfacet
  facet normal 1 -0 0
    outer loop
      vertex 20 11.2287 5.6
      vertex 20 11.4613 2.05196
      vertex 20 11.4613 5.94804
    endloop
  endfacet
  facet normal 1 0 0
    outer loop
      vertex 20 11.2287 5.6
      vertex 20 11.2287 2.4
      vertex 20 11.4613 2.05196
    endloop
  endfacet
  facet normal 1 -0 0
    outer loop
      vertex 20 11.0436 5.22459
      vertex 20 11.2287 2.4
      vertex 20 11.2287 5.6
    endloop
  endfacet
  facet normal 1 0 0
    outer loop
      vertex 20 11.0436 5.22459
      vertex 20 11.0436 2.77541
      vertex 20 11.2287 2.4
    endloop
  endfacet
  facet normal 1 -0 0
    outer loop
      vertex 20 10.909 4.82822
      vertex 20 11.0436 2.77541
      vertex 20 11.0436 5.22459
    endloop
  endfacet
  facet normal 1 0 0
    outer loop
      vertex 20 10.909 4.82822
      vertex 20 10.909 3.17178
      vertex 20 11.0436 2.77541
    endloop
  endfacet
  facet normal 1 -0 0
    outer loop
      vertex 20 10.8274 4.41768
      vertex 20 10.909 3.17178
      vertex 20 10.909 4.82822
    endloop
  endfacet
  facet normal 1 0 0
    outer loop
      vertex 20 10.8274 4.41768
      vertex 20 10.8274 3.58232
      vertex 20 10.909 3.17178
    endloop
  endfacet
  facet normal 1 0 -0
    outer loop
      vertex 20 10.8274 3.58232
      vertex 20 10.8274 4.41768
      vertex 20 10.8 4
    endloop
  endfacet
  facet normal 0.553881 -0.162429 0.816598
    outer loop
      vertex 18.8 13.4779 7.96578
      vertex 18.8 12.9647 7.8637
      vertex 20 13.1718 7.09096
    endloop
  endfacet
  facet normal 0 0.94692 -0.321469
    outer loop
      vertex 18.8 31.6955 2.46927
      vertex 0 31.8637 2.96472
      vertex 18.8 31.8637 2.96472
    endloop
  endfacet
  facet normal 0 0.94692 -0.321469
    outer loop
      vertex 0 31.8637 2.96472
      vertex 18.8 31.6955 2.46927
      vertex 0 31.6955 2.46927
    endloop
  endfacet
  facet normal 0 0.19508 -0.980787
    outer loop
      vertex 0 28.5221 0.0342207
      vertex 18.8 29.0353 0.136297
      vertex 18.8 28.5221 0.0342207
    endloop
  endfacet
  facet normal 0 0.19508 -0.980787
    outer loop
      vertex 18.8 29.0353 0.136297
      vertex 0 28.5221 0.0342207
      vertex 0 29.0353 0.136297
    endloop
  endfacet
  facet normal 0 0.065404 -0.997859
    outer loop
      vertex 0 28 0
      vertex 18.8 28.5221 0.0342207
      vertex 18.8 28 0
    endloop
  endfacet
  facet normal 0 0.065404 -0.997859
    outer loop
      vertex 18.8 28.5221 0.0342207
      vertex 0 28 0
      vertex 0 28.5221 0.0342207
    endloop
  endfacet
  facet normal 0 0.321473 -0.946919
    outer loop
      vertex 0 29.0353 0.136297
      vertex 18.8 29.5307 0.304482
      vertex 18.8 29.0353 0.136297
    endloop
  endfacet
  facet normal 0 0.321473 -0.946919
    outer loop
      vertex 18.8 29.5307 0.304482
      vertex 0 29.0353 0.136297
      vertex 0 29.5307 0.304482
    endloop
  endfacet
  facet normal 0 0.896887 -0.44226
    outer loop
      vertex 18.8 31.4641 2
      vertex 0 31.6955 2.46927
      vertex 18.8 31.6955 2.46927
    endloop
  endfacet
  facet normal 0 0.896887 -0.44226
    outer loop
      vertex 0 31.6955 2.46927
      vertex 18.8 31.4641 2
      vertex 0 31.4641 2
    endloop
  endfacet
  facet normal 0 -0.0654027 0.997859
    outer loop
      vertex 0 28 8
      vertex 18.8 27.4779 7.96578
      vertex 18.8 28 8
    endloop
  endfacet
  facet normal 0 -0.0654027 0.997859
    outer loop
      vertex 18.8 27.4779 7.96578
      vertex 0 28 8
      vertex 0 27.4779 7.96578
    endloop
  endfacet
  facet normal 0 0.442264 -0.896885
    outer loop
      vertex 0 29.5307 0.304482
      vertex 18.8 30 0.535899
      vertex 18.8 29.5307 0.304482
    endloop
  endfacet
  facet normal 0 0.442264 -0.896885
    outer loop
      vertex 18.8 30 0.535899
      vertex 0 29.5307 0.304482
      vertex 0 30 0.535899
    endloop
  endfacet
  facet normal 0 0.55561 -0.831443
    outer loop
      vertex 0 30 0.535899
      vertex 18.8 30.435 0.826587
      vertex 18.8 30 0.535899
    endloop
  endfacet
  facet normal 0 0.55561 -0.831443
    outer loop
      vertex 18.8 30.435 0.826587
      vertex 0 30 0.535899
      vertex 0 30.435 0.826587
    endloop
  endfacet
  facet normal 0 0.751826 0.659362
    outer loop
      vertex 18.8 31.1734 6.43505
      vertex 0 30.8284 6.82843
      vertex 18.8 30.8284 6.82843
    endloop
  endfacet
  facet normal 0 0.751826 0.659362
    outer loop
      vertex 0 30.8284 6.82843
      vertex 18.8 31.1734 6.43505
      vertex 0 31.1734 6.43505
    endloop
  endfacet
  facet normal 0 0.659325 -0.751858
    outer loop
      vertex 0 30.435 0.826587
      vertex 18.8 30.8284 1.17157
      vertex 18.8 30.435 0.826587
    endloop
  endfacet
  facet normal 0 0.659325 -0.751858
    outer loop
      vertex 18.8 30.8284 1.17157
      vertex 0 30.435 0.826587
      vertex 0 30.8284 1.17157
    endloop
  endfacet
  facet normal -0 0.195087 0.980786
    outer loop
      vertex 0 29.0353 7.8637
      vertex 18.8 28.5221 7.96578
      vertex 18.8 29.0353 7.8637
    endloop
  endfacet
  facet normal 0 0.195087 0.980786
    outer loop
      vertex 18.8 28.5221 7.96578
      vertex 0 29.0353 7.8637
      vertex 0 28.5221 7.96578
    endloop
  endfacet
  facet normal 0 -0.831462 0.555582
    outer loop
      vertex 0 24.5359 6
      vertex 18.8 24.8266 6.43505
      vertex 0 24.8266 6.43505
    endloop
  endfacet
  facet normal 0 -0.831462 0.555582
    outer loop
      vertex 18.8 24.8266 6.43505
      vertex 0 24.5359 6
      vertex 18.8 24.5359 6
    endloop
  endfacet
  facet normal -0 0.0654027 0.997859
    outer loop
      vertex 0 28.5221 7.96578
      vertex 18.8 28 8
      vertex 18.8 28.5221 7.96578
    endloop
  endfacet
  facet normal 0 0.0654027 0.997859
    outer loop
      vertex 18.8 28 8
      vertex 0 28.5221 7.96578
      vertex 0 28 8
    endloop
  endfacet
  facet normal 0 -0.659321 0.751861
    outer loop
      vertex 0 25.565 7.17341
      vertex 18.8 25.1716 6.82843
      vertex 18.8 25.565 7.17341
    endloop
  endfacet
  facet normal 0 -0.659321 0.751861
    outer loop
      vertex 18.8 25.1716 6.82843
      vertex 0 25.565 7.17341
      vertex 0 25.1716 6.82843
    endloop
  endfacet
  facet normal 0 -0.980777 -0.195131
    outer loop
      vertex 0 24.1363 2.96472
      vertex 18.8 24.0342 3.4779
      vertex 0 24.0342 3.4779
    endloop
  endfacet
  facet normal 0 -0.980777 -0.195131
    outer loop
      vertex 18.8 24.0342 3.4779
      vertex 0 24.1363 2.96472
      vertex 18.8 24.1363 2.96472
    endloop
  endfacet
  facet normal 0 0.896887 0.44226
    outer loop
      vertex 18.8 31.6955 5.53073
      vertex 0 31.4641 6
      vertex 18.8 31.4641 6
    endloop
  endfacet
  facet normal 0 0.896887 0.44226
    outer loop
      vertex 0 31.4641 6
      vertex 18.8 31.6955 5.53073
      vertex 0 31.6955 5.53073
    endloop
  endfacet
  facet normal 0 -0.94692 0.321469
    outer loop
      vertex 0 24.1363 5.03528
      vertex 18.8 24.3045 5.53073
      vertex 0 24.3045 5.53073
    endloop
  endfacet
  facet normal 0 -0.94692 0.321469
    outer loop
      vertex 18.8 24.3045 5.53073
      vertex 0 24.1363 5.03528
      vertex 18.8 24.1363 5.03528
    endloop
  endfacet
  facet normal 0 -0.19508 -0.980787
    outer loop
      vertex 0 26.9647 0.136297
      vertex 18.8 27.4779 0.0342207
      vertex 18.8 26.9647 0.136297
    endloop
  endfacet
  facet normal -0 -0.19508 -0.980787
    outer loop
      vertex 18.8 27.4779 0.0342207
      vertex 0 26.9647 0.136297
      vertex 0 27.4779 0.0342207
    endloop
  endfacet
  facet normal -0 0.659321 0.751861
    outer loop
      vertex 0 30.8284 6.82843
      vertex 18.8 30.435 7.17341
      vertex 18.8 30.8284 6.82843
    endloop
  endfacet
  facet normal 0 0.659321 0.751861
    outer loop
      vertex 18.8 30.435 7.17341
      vertex 0 30.8284 6.82843
      vertex 0 30.435 7.17341
    endloop
  endfacet
  facet normal 0 -0.55561 -0.831443
    outer loop
      vertex 0 25.565 0.826587
      vertex 18.8 26 0.535899
      vertex 18.8 25.565 0.826587
    endloop
  endfacet
  facet normal -0 -0.55561 -0.831443
    outer loop
      vertex 18.8 26 0.535899
      vertex 0 25.565 0.826587
      vertex 0 26 0.535899
    endloop
  endfacet
  facet normal 0 0.94692 0.321469
    outer loop
      vertex 18.8 31.8637 5.03528
      vertex 0 31.6955 5.53073
      vertex 18.8 31.6955 5.53073
    endloop
  endfacet
  facet normal 0 0.94692 0.321469
    outer loop
      vertex 0 31.6955 5.53073
      vertex 18.8 31.8637 5.03528
      vertex 0 31.8637 5.03528
    endloop
  endfacet
  facet normal 0 -0.195087 0.980786
    outer loop
      vertex 0 27.4779 7.96578
      vertex 18.8 26.9647 7.8637
      vertex 18.8 27.4779 7.96578
    endloop
  endfacet
  facet normal 0 -0.195087 0.980786
    outer loop
      vertex 18.8 26.9647 7.8637
      vertex 0 27.4779 7.96578
      vertex 0 26.9647 7.8637
    endloop
  endfacet
  facet normal 0 -0.980777 0.195131
    outer loop
      vertex 0 24.0342 4.5221
      vertex 18.8 24.1363 5.03528
      vertex 0 24.1363 5.03528
    endloop
  endfacet
  facet normal 0 -0.980777 0.195131
    outer loop
      vertex 18.8 24.1363 5.03528
      vertex 0 24.0342 4.5221
      vertex 18.8 24.0342 4.5221
    endloop
  endfacet
  facet normal 0 0.831462 -0.555582
    outer loop
      vertex 18.8 31.1734 1.56495
      vertex 0 31.4641 2
      vertex 18.8 31.4641 2
    endloop
  endfacet
  facet normal 0 0.831462 -0.555582
    outer loop
      vertex 0 31.4641 2
      vertex 18.8 31.1734 1.56495
      vertex 0 31.1734 1.56495
    endloop
  endfacet
  facet normal 0 -0.321473 -0.946919
    outer loop
      vertex 0 26.4693 0.304482
      vertex 18.8 26.9647 0.136297
      vertex 18.8 26.4693 0.304482
    endloop
  endfacet
  facet normal -0 -0.321473 -0.946919
    outer loop
      vertex 18.8 26.9647 0.136297
      vertex 0 26.4693 0.304482
      vertex 0 26.9647 0.136297
    endloop
  endfacet
  facet normal 0 -0.997861 -0.0653646
    outer loop
      vertex 0 24.0342 3.4779
      vertex 18.8 24 4
      vertex 0 24 4
    endloop
  endfacet
  facet normal 0 -0.997861 -0.0653646
    outer loop
      vertex 18.8 24 4
      vertex 0 24.0342 3.4779
      vertex 18.8 24.0342 3.4779
    endloop
  endfacet
  facet normal 0 -0.659325 -0.751858
    outer loop
      vertex 0 25.1716 1.17157
      vertex 18.8 25.565 0.826587
      vertex 18.8 25.1716 1.17157
    endloop
  endfacet
  facet normal -0 -0.659325 -0.751858
    outer loop
      vertex 18.8 25.565 0.826587
      vertex 0 25.1716 1.17157
      vertex 0 25.565 0.826587
    endloop
  endfacet
  facet normal 0 0.997861 0.0653646
    outer loop
      vertex 18.8 32 4
      vertex 0 31.9658 4.5221
      vertex 18.8 31.9658 4.5221
    endloop
  endfacet
  facet normal 0 0.997861 0.0653646
    outer loop
      vertex 0 31.9658 4.5221
      vertex 18.8 32 4
      vertex 0 32 4
    endloop
  endfacet
  facet normal 0 -0.831462 -0.555582
    outer loop
      vertex 0 24.8266 1.56495
      vertex 18.8 24.5359 2
      vertex 0 24.5359 2
    endloop
  endfacet
  facet normal 0 -0.831462 -0.555582
    outer loop
      vertex 18.8 24.5359 2
      vertex 0 24.8266 1.56495
      vertex 18.8 24.8266 1.56495
    endloop
  endfacet
  facet normal 0 -0.751826 0.659362
    outer loop
      vertex 0 24.8266 6.43505
      vertex 18.8 25.1716 6.82843
      vertex 0 25.1716 6.82843
    endloop
  endfacet
  facet normal 0 -0.751826 0.659362
    outer loop
      vertex 18.8 25.1716 6.82843
      vertex 0 24.8266 6.43505
      vertex 18.8 24.8266 6.43505
    endloop
  endfacet
  facet normal 0 0.751826 -0.659362
    outer loop
      vertex 18.8 30.8284 1.17157
      vertex 0 31.1734 1.56495
      vertex 18.8 31.1734 1.56495
    endloop
  endfacet
  facet normal 0 0.751826 -0.659362
    outer loop
      vertex 0 31.1734 1.56495
      vertex 18.8 30.8284 1.17157
      vertex 0 30.8284 1.17157
    endloop
  endfacet
  facet normal -0 0.442268 0.896883
    outer loop
      vertex 0 30 7.4641
      vertex 18.8 29.5307 7.69552
      vertex 18.8 30 7.4641
    endloop
  endfacet
  facet normal 0 0.442268 0.896883
    outer loop
      vertex 18.8 29.5307 7.69552
      vertex 0 30 7.4641
      vertex 0 29.5307 7.69552
    endloop
  endfacet
  facet normal 0 0.997861 -0.0653646
    outer loop
      vertex 18.8 31.9658 3.4779
      vertex 0 32 4
      vertex 18.8 32 4
    endloop
  endfacet
  facet normal 0 0.997861 -0.0653646
    outer loop
      vertex 0 32 4
      vertex 18.8 31.9658 3.4779
      vertex 0 31.9658 3.4779
    endloop
  endfacet
  facet normal 0 -0.065404 -0.997859
    outer loop
      vertex 0 27.4779 0.0342207
      vertex 18.8 28 0
      vertex 18.8 27.4779 0.0342207
    endloop
  endfacet
  facet normal -0 -0.065404 -0.997859
    outer loop
      vertex 18.8 28 0
      vertex 0 27.4779 0.0342207
      vertex 0 28 0
    endloop
  endfacet
  facet normal 0 0.980777 0.195131
    outer loop
      vertex 18.8 31.9658 4.5221
      vertex 0 31.8637 5.03528
      vertex 18.8 31.8637 5.03528
    endloop
  endfacet
  facet normal 0 0.980777 0.195131
    outer loop
      vertex 0 31.8637 5.03528
      vertex 18.8 31.9658 4.5221
      vertex 0 31.9658 4.5221
    endloop
  endfacet
  facet normal 0 0.831462 0.555582
    outer loop
      vertex 18.8 31.4641 6
      vertex 0 31.1734 6.43505
      vertex 18.8 31.1734 6.43505
    endloop
  endfacet
  facet normal 0 0.831462 0.555582
    outer loop
      vertex 0 31.1734 6.43505
      vertex 18.8 31.4641 6
      vertex 0 31.4641 6
    endloop
  endfacet
  facet normal 0 -0.997861 0.0653646
    outer loop
      vertex 0 24 4
      vertex 18.8 24.0342 4.5221
      vertex 0 24.0342 4.5221
    endloop
  endfacet
  facet normal 0 -0.997861 0.0653646
    outer loop
      vertex 18.8 24.0342 4.5221
      vertex 0 24 4
      vertex 18.8 24 4
    endloop
  endfacet
  facet normal 0 -0.442264 -0.896885
    outer loop
      vertex 0 26 0.535899
      vertex 18.8 26.4693 0.304482
      vertex 18.8 26 0.535899
    endloop
  endfacet
  facet normal -0 -0.442264 -0.896885
    outer loop
      vertex 18.8 26.4693 0.304482
      vertex 0 26 0.535899
      vertex 0 26.4693 0.304482
    endloop
  endfacet
  facet normal -0 0.321464 0.946922
    outer loop
      vertex 0 29.5307 7.69552
      vertex 18.8 29.0353 7.8637
      vertex 18.8 29.5307 7.69552
    endloop
  endfacet
  facet normal 0 0.321464 0.946922
    outer loop
      vertex 18.8 29.0353 7.8637
      vertex 0 29.5307 7.69552
      vertex 0 29.0353 7.8637
    endloop
  endfacet
  facet normal 0 -0.321464 0.946922
    outer loop
      vertex 0 26.9647 7.8637
      vertex 18.8 26.4693 7.69552
      vertex 18.8 26.9647 7.8637
    endloop
  endfacet
  facet normal 0 -0.321464 0.946922
    outer loop
      vertex 18.8 26.4693 7.69552
      vertex 0 26.9647 7.8637
      vertex 0 26.4693 7.69552
    endloop
  endfacet
  facet normal -1 0 0
    outer loop
      vertex 0 31.9658 3.4779
      vertex 0 31.9658 4.5221
      vertex 0 32 4
    endloop
  endfacet
  facet normal -1 0 0
    outer loop
      vertex 0 31.8637 2.96472
      vertex 0 31.9658 4.5221
      vertex 0 31.9658 3.4779
    endloop
  endfacet
  facet normal -1 0 0
    outer loop
      vertex 0 31.8637 2.96472
      vertex 0 31.8637 5.03528
      vertex 0 31.9658 4.5221
    endloop
  endfacet
  facet normal -1 0 0
    outer loop
      vertex 0 31.6955 2.46927
      vertex 0 31.8637 5.03528
      vertex 0 31.8637 2.96472
    endloop
  endfacet
  facet normal -1 0 0
    outer loop
      vertex 0 31.6955 2.46927
      vertex 0 31.6955 5.53073
      vertex 0 31.8637 5.03528
    endloop
  endfacet
  facet normal -1 0 0
    outer loop
      vertex 0 31.4641 2
      vertex 0 31.6955 5.53073
      vertex 0 31.6955 2.46927
    endloop
  endfacet
  facet normal -1 0 0
    outer loop
      vertex 0 31.4641 2
      vertex 0 31.4641 6
      vertex 0 31.6955 5.53073
    endloop
  endfacet
  facet normal -1 0 0
    outer loop
      vertex 0 31.1734 1.56495
      vertex 0 31.4641 6
      vertex 0 31.4641 2
    endloop
  endfacet
  facet normal -1 0 0
    outer loop
      vertex 0 31.1734 1.56495
      vertex 0 31.1734 6.43505
      vertex 0 31.4641 6
    endloop
  endfacet
  facet normal -1 0 0
    outer loop
      vertex 0 30.8284 1.17157
      vertex 0 31.1734 6.43505
      vertex 0 31.1734 1.56495
    endloop
  endfacet
  facet normal -1 0 0
    outer loop
      vertex 0 30.8284 1.17157
      vertex 0 30.8284 6.82843
      vertex 0 31.1734 6.43505
    endloop
  endfacet
  facet normal -1 0 0
    outer loop
      vertex 0 30.435 0.826587
      vertex 0 30.8284 6.82843
      vertex 0 30.8284 1.17157
    endloop
  endfacet
  facet normal -1 0 0
    outer loop
      vertex 0 30.435 0.826587
      vertex 0 30.435 7.17341
      vertex 0 30.8284 6.82843
    endloop
  endfacet
  facet normal -1 0 0
    outer loop
      vertex 0 30 0.535899
      vertex 0 30.435 7.17341
      vertex 0 30.435 0.826587
    endloop
  endfacet
  facet normal -1 0 0
    outer loop
      vertex 0 30 0.535899
      vertex 0 30 7.4641
      vertex 0 30.435 7.17341
    endloop
  endfacet
  facet normal -1 0 0
    outer loop
      vertex 0 29.5307 0.304482
      vertex 0 30 7.4641
      vertex 0 30 0.535899
    endloop
  endfacet
  facet normal -1 0 0
    outer loop
      vertex 0 29.5307 0.304482
      vertex 0 29.5307 7.69552
      vertex 0 30 7.4641
    endloop
  endfacet
  facet normal -1 0 0
    outer loop
      vertex 0 29.0353 0.136297
      vertex 0 29.5307 7.69552
      vertex 0 29.5307 0.304482
    endloop
  endfacet
  facet normal -1 0 0
    outer loop
      vertex 0 29.0353 0.136297
      vertex 0 29.0353 7.8637
      vertex 0 29.5307 7.69552
    endloop
  endfacet
  facet normal -1 0 0
    outer loop
      vertex 0 28.5221 0.0342207
      vertex 0 29.0353 7.8637
      vertex 0 29.0353 0.136297
    endloop
  endfacet
  facet normal -1 0 0
    outer loop
      vertex 0 28.5221 0.0342207
      vertex 0 28.5221 7.96578
      vertex 0 29.0353 7.8637
    endloop
  endfacet
  facet normal -1 0 0
    outer loop
      vertex 0 28 0
      vertex 0 28.5221 7.96578
      vertex 0 28.5221 0.0342207
    endloop
  endfacet
  facet normal -1 0 0
    outer loop
      vertex 0 28 0
      vertex 0 28 8
      vertex 0 28.5221 7.96578
    endloop
  endfacet
  facet normal -1 0 0
    outer loop
      vertex 0 27.4779 0.0342207
      vertex 0 28 8
      vertex 0 28 0
    endloop
  endfacet
  facet normal -1 0 0
    outer loop
      vertex 0 27.4779 0.0342207
      vertex 0 27.4779 7.96578
      vertex 0 28 8
    endloop
  endfacet
  facet normal -1 0 0
    outer loop
      vertex 0 26.9647 0.136297
      vertex 0 27.4779 7.96578
      vertex 0 27.4779 0.0342207
    endloop
  endfacet
  facet normal -1 0 0
    outer loop
      vertex 0 26.9647 0.136297
      vertex 0 26.9647 7.8637
      vertex 0 27.4779 7.96578
    endloop
  endfacet
  facet normal -1 0 0
    outer loop
      vertex 0 26.4693 0.304482
      vertex 0 26.9647 7.8637
      vertex 0 26.9647 0.136297
    endloop
  endfacet
  facet normal -1 0 0
    outer loop
      vertex 0 26.4693 0.304482
      vertex 0 26.4693 7.69552
      vertex 0 26.9647 7.8637
    endloop
  endfacet
  facet normal -1 0 0
    outer loop
      vertex 0 26 0.535899
      vertex 0 26.4693 7.69552
      vertex 0 26.4693 0.304482
    endloop
  endfacet
  facet normal -1 0 0
    outer loop
      vertex 0 26 0.535899
      vertex 0 26 7.4641
      vertex 0 26.4693 7.69552
    endloop
  endfacet
  facet normal -1 0 0
    outer loop
      vertex 0 25.565 0.826587
      vertex 0 26 7.4641
      vertex 0 26 0.535899
    endloop
  endfacet
  facet normal -1 0 0
    outer loop
      vertex 0 25.565 0.826587
      vertex 0 25.565 7.17341
      vertex 0 26 7.4641
    endloop
  endfacet
  facet normal -1 0 0
    outer loop
      vertex 0 25.1716 1.17157
      vertex 0 25.565 7.17341
      vertex 0 25.565 0.826587
    endloop
  endfacet
  facet normal -1 0 0
    outer loop
      vertex 0 25.1716 1.17157
      vertex 0 25.1716 6.82843
      vertex 0 25.565 7.17341
    endloop
  endfacet
  facet normal -1 0 0
    outer loop
      vertex 0 24.8266 1.56495
      vertex 0 25.1716 6.82843
      vertex 0 25.1716 1.17157
    endloop
  endfacet
  facet normal -1 0 0
    outer loop
      vertex 0 24.8266 1.56495
      vertex 0 24.8266 6.43505
      vertex 0 25.1716 6.82843
    endloop
  endfacet
  facet normal -1 0 0
    outer loop
      vertex 0 24.5359 2
      vertex 0 24.8266 6.43505
      vertex 0 24.8266 1.56495
    endloop
  endfacet
  facet normal -1 0 0
    outer loop
      vertex 0 24.5359 2
      vertex 0 24.5359 6
      vertex 0 24.8266 6.43505
    endloop
  endfacet
  facet normal -1 0 0
    outer loop
      vertex 0 24.3045 2.46927
      vertex 0 24.5359 6
      vertex 0 24.5359 2
    endloop
  endfacet
  facet normal -1 0 0
    outer loop
      vertex 0 24.3045 2.46927
      vertex 0 24.3045 5.53073
      vertex 0 24.5359 6
    endloop
  endfacet
  facet normal -1 0 0
    outer loop
      vertex 0 24.1363 2.96472
      vertex 0 24.3045 5.53073
      vertex 0 24.3045 2.46927
    endloop
  endfacet
  facet normal -1 0 0
    outer loop
      vertex 0 24.1363 2.96472
      vertex 0 24.1363 5.03528
      vertex 0 24.3045 5.53073
    endloop
  endfacet
  facet normal -1 0 0
    outer loop
      vertex 0 24.0342 3.4779
      vertex 0 24.1363 5.03528
      vertex 0 24.1363 2.96472
    endloop
  endfacet
  facet normal -1 0 0
    outer loop
      vertex 0 24.0342 3.4779
      vertex 0 24.0342 4.5221
      vertex 0 24.1363 5.03528
    endloop
  endfacet
  facet normal -1 0 -0
    outer loop
      vertex 0 24.0342 4.5221
      vertex 0 24.0342 3.4779
      vertex 0 24 4
    endloop
  endfacet
  facet normal -0 0.555613 0.831441
    outer loop
      vertex 0 30.435 7.17341
      vertex 18.8 30 7.4641
      vertex 18.8 30.435 7.17341
    endloop
  endfacet
  facet normal 0 0.555613 0.831441
    outer loop
      vertex 18.8 30 7.4641
      vertex 0 30.435 7.17341
      vertex 0 30 7.4641
    endloop
  endfacet
  facet normal 0 -0.896887 -0.44226
    outer loop
      vertex 0 24.5359 2
      vertex 18.8 24.3045 2.46927
      vertex 0 24.3045 2.46927
    endloop
  endfacet
  facet normal 0 -0.896887 -0.44226
    outer loop
      vertex 18.8 24.3045 2.46927
      vertex 0 24.5359 2
      vertex 18.8 24.5359 2
    endloop
  endfacet
  facet normal 0 -0.94692 -0.321469
    outer loop
      vertex 0 24.3045 2.46927
      vertex 18.8 24.1363 2.96472
      vertex 0 24.1363 2.96472
    endloop
  endfacet
  facet normal 0 -0.94692 -0.321469
    outer loop
      vertex 18.8 24.1363 2.96472
      vertex 0 24.3045 2.46927
      vertex 18.8 24.3045 2.46927
    endloop
  endfacet
  facet normal 0 -0.751826 -0.659362
    outer loop
      vertex 0 25.1716 1.17157
      vertex 18.8 24.8266 1.56495
      vertex 0 24.8266 1.56495
    endloop
  endfacet
  facet normal 0 -0.751826 -0.659362
    outer loop
      vertex 18.8 24.8266 1.56495
      vertex 0 25.1716 1.17157
      vertex 18.8 25.1716 1.17157
    endloop
  endfacet
  facet normal 0 -0.442268 0.896883
    outer loop
      vertex 0 26.4693 7.69552
      vertex 18.8 26 7.4641
      vertex 18.8 26.4693 7.69552
    endloop
  endfacet
  facet normal 0 -0.442268 0.896883
    outer loop
      vertex 18.8 26 7.4641
      vertex 0 26.4693 7.69552
      vertex 0 26 7.4641
    endloop
  endfacet
  facet normal 0 0.980777 -0.195131
    outer loop
      vertex 18.8 31.8637 2.96472
      vertex 0 31.9658 3.4779
      vertex 18.8 31.9658 3.4779
    endloop
  endfacet
  facet normal 0 0.980777 -0.195131
    outer loop
      vertex 0 31.9658 3.4779
      vertex 18.8 31.8637 2.96472
      vertex 0 31.8637 2.96472
    endloop
  endfacet
  facet normal 0 -0.896887 0.44226
    outer loop
      vertex 0 24.3045 5.53073
      vertex 18.8 24.5359 6
      vertex 0 24.5359 6
    endloop
  endfacet
  facet normal 0 -0.896887 0.44226
    outer loop
      vertex 18.8 24.5359 6
      vertex 0 24.3045 5.53073
      vertex 18.8 24.3045 5.53073
    endloop
  endfacet
  facet normal 0 -0.555613 0.831441
    outer loop
      vertex 0 26 7.4641
      vertex 18.8 25.565 7.17341
      vertex 18.8 26 7.4641
    endloop
  endfacet
  facet normal 0 -0.555613 0.831441
    outer loop
      vertex 18.8 25.565 7.17341
      vertex 0 26 7.4641
      vertex 0 25.565 7.17341
    endloop
  endfacet
  facet normal 0.553877 0.0544553 -0.830816
    outer loop
      vertex 20 28 0.8
      vertex 18.8 28 0
      vertex 18.8 28.5221 0.0342207
    endloop
  endfacet
  facet normal 0.553873 -0.267659 -0.788406
    outer loop
      vertex 18.8 26.9647 0.136297
      vertex 20 26.7754 1.04359
      vertex 18.8 26.4693 0.304482
    endloop
  endfacet
  facet normal 0.553885 -0.267615 -0.788412
    outer loop
      vertex 20 26.7754 1.04359
      vertex 18.8 26.9647 0.136297
      vertex 20 27.1718 0.909038
    endloop
  endfacet
  facet normal 0.553859 -0.816605 -0.162468
    outer loop
      vertex 20 24.909 3.17178
      vertex 18.8 24.0342 3.4779
      vertex 18.8 24.1363 2.96472
    endloop
  endfacet
  facet normal 0.553877 -0.0544553 -0.830816
    outer loop
      vertex 20 28 0.8
      vertex 18.8 27.4779 0.0342207
      vertex 18.8 28 0
    endloop
  endfacet
  facet normal 0.553902 0.816608 0.162311
    outer loop
      vertex 20 31.1726 4.41768
      vertex 18.8 31.9658 4.5221
      vertex 20 31.091 4.82822
    endloop
  endfacet
  facet normal 0.553876 -0.746761 -0.368198
    outer loop
      vertex 20 25.0436 2.77541
      vertex 18.8 24.3045 2.46927
      vertex 20 25.2287 2.4
    endloop
  endfacet
  facet normal 0.553876 0.4626 -0.692259
    outer loop
      vertex 20 29.6 1.22872
      vertex 18.8 30.435 0.826587
      vertex 20 29.948 1.46127
    endloop
  endfacet
  facet normal 0.553877 0.162444 0.816598
    outer loop
      vertex 20 28.8282 7.09096
      vertex 18.8 28.5221 7.96578
      vertex 20 28.4177 7.17262
    endloop
  endfacet
  facet normal 0.553875 0.462601 0.69226
    outer loop
      vertex 20 29.948 6.53873
      vertex 18.8 30.435 7.17341
      vertex 20 29.6 6.77128
    endloop
  endfacet
  facet normal 0.553869 -0.368256 -0.746737
    outer loop
      vertex 20 26.4 1.22872
      vertex 18.8 26.4693 0.304482
      vertex 20 26.7754 1.04359
    endloop
  endfacet
  facet normal 0.553878 0.830817 -0.0544224
    outer loop
      vertex 20 31.2 4
      vertex 18.8 31.9658 3.4779
      vertex 18.8 32 4
    endloop
  endfacet
  facet normal 0.553869 0.692278 0.46258
    outer loop
      vertex 18.8 31.4641 6
      vertex 18.8 31.1734 6.43505
      vertex 20 30.7713 5.6
    endloop
  endfacet
  facet normal 0.553875 0.788405 0.267655
    outer loop
      vertex 20 30.9564 5.22459
      vertex 18.8 31.8637 5.03528
      vertex 18.8 31.6955 5.53073
    endloop
  endfacet
  facet normal 0.553856 0.788395 0.267724
    outer loop
      vertex 18.8 31.8637 5.03528
      vertex 20 30.9564 5.22459
      vertex 20 31.091 4.82822
    endloop
  endfacet
  facet normal 0.553883 0.548948 0.625996
    outer loop
      vertex 18.8 30.435 7.17341
      vertex 20 30.2627 6.26274
      vertex 18.8 30.8284 6.82843
    endloop
  endfacet
  facet normal 0.553873 0.548978 0.625977
    outer loop
      vertex 20 30.2627 6.26274
      vertex 18.8 30.435 7.17341
      vertex 20 29.948 6.53873
    endloop
  endfacet
  facet normal 0.553856 0.788395 -0.267724
    outer loop
      vertex 20 30.9564 2.77541
      vertex 18.8 31.8637 2.96472
      vertex 20 31.091 3.17178
    endloop
  endfacet
  facet normal 0.553875 0.788405 -0.267655
    outer loop
      vertex 18.8 31.8637 2.96472
      vertex 20 30.9564 2.77541
      vertex 18.8 31.6955 2.46927
    endloop
  endfacet
  facet normal 0.553876 0.462603 0.692257
    outer loop
      vertex 18.8 30.435 7.17341
      vertex 18.8 30 7.4641
      vertex 20 29.6 6.77128
    endloop
  endfacet
  facet normal 0.553877 -0.0544542 0.830816
    outer loop
      vertex 18.8 28 8
      vertex 18.8 27.4779 7.96578
      vertex 20 28 7.2
    endloop
  endfacet
  facet normal 0.553881 0.162429 0.816598
    outer loop
      vertex 18.8 29.0353 7.8637
      vertex 18.8 28.5221 7.96578
      vertex 20 28.8282 7.09096
    endloop
  endfacet
  facet normal 0.553876 0.746761 -0.368198
    outer loop
      vertex 20 30.7713 2.4
      vertex 18.8 31.6955 2.46927
      vertex 20 30.9564 2.77541
    endloop
  endfacet
  facet normal 0.553876 -0.462603 0.692257
    outer loop
      vertex 18.8 26 7.4641
      vertex 18.8 25.565 7.17341
      vertex 20 26.4 6.77128
    endloop
  endfacet
  facet normal 0.553876 -0.4626 -0.692259
    outer loop
      vertex 20 26.052 1.46127
      vertex 18.8 25.565 0.826587
      vertex 20 26.4 1.22872
    endloop
  endfacet
  facet normal 0.553883 -0.54895 -0.625993
    outer loop
      vertex 18.8 25.565 0.826587
      vertex 20 25.7373 1.73726
      vertex 18.8 25.1716 1.17157
    endloop
  endfacet
  facet normal 0.553874 -0.548978 -0.625977
    outer loop
      vertex 20 25.7373 1.73726
      vertex 18.8 25.565 0.826587
      vertex 20 26.052 1.46127
    endloop
  endfacet
  facet normal 0.553878 -0.830817 -0.0544224
    outer loop
      vertex 20 24.8 4
      vertex 18.8 24 4
      vertex 18.8 24.0342 3.4779
    endloop
  endfacet
  facet normal 0.553859 0.816605 -0.162468
    outer loop
      vertex 20 31.091 3.17178
      vertex 18.8 31.8637 2.96472
      vertex 18.8 31.9658 3.4779
    endloop
  endfacet
  facet normal 0.553878 0.830817 0.0544224
    outer loop
      vertex 18.8 32 4
      vertex 18.8 31.9658 4.5221
      vertex 20 31.2 4
    endloop
  endfacet
  facet normal 0.553868 -0.746752 0.368228
    outer loop
      vertex 18.8 24.5359 6
      vertex 18.8 24.3045 5.53073
      vertex 20 25.2287 5.6
    endloop
  endfacet
  facet normal 0.553876 0.368232 0.746744
    outer loop
      vertex 18.8 30 7.4641
      vertex 18.8 29.5307 7.69552
      vertex 20 29.6 6.77128
    endloop
  endfacet
  facet normal 0.553869 -0.692278 0.46258
    outer loop
      vertex 18.8 24.8266 6.43505
      vertex 18.8 24.5359 6
      vertex 20 25.2287 5.6
    endloop
  endfacet
  facet normal 0.553869 0.368256 -0.746737
    outer loop
      vertex 20 29.2246 1.04359
      vertex 18.8 29.5307 0.304482
      vertex 20 29.6 1.22872
    endloop
  endfacet
  facet normal 0.5539 -0.830798 0.0545007
    outer loop
      vertex 20 24.8274 4.41768
      vertex 18.8 24.0342 4.5221
      vertex 20 24.8 4
    endloop
  endfacet
  facet normal 0.553876 0.462601 -0.692259
    outer loop
      vertex 20 29.6 1.22872
      vertex 18.8 30 0.535899
      vertex 18.8 30.435 0.826587
    endloop
  endfacet
  facet normal 0.553876 0.746761 0.368198
    outer loop
      vertex 20 30.9564 5.22459
      vertex 18.8 31.6955 5.53073
      vertex 20 30.7713 5.6
    endloop
  endfacet
  facet normal 0.553874 0.548978 -0.625977
    outer loop
      vertex 18.8 30.435 0.826587
      vertex 20 30.2627 1.73726
      vertex 20 29.948 1.46127
    endloop
  endfacet
  facet normal 0.553883 0.54895 -0.625993
    outer loop
      vertex 20 30.2627 1.73726
      vertex 18.8 30.435 0.826587
      vertex 18.8 30.8284 1.17157
    endloop
  endfacet
  facet normal 0.553859 0.816605 0.162468
    outer loop
      vertex 18.8 31.9658 4.5221
      vertex 18.8 31.8637 5.03528
      vertex 20 31.091 4.82822
    endloop
  endfacet
  facet normal 0.553869 0.692278 -0.46258
    outer loop
      vertex 20 30.7713 2.4
      vertex 18.8 31.1734 1.56495
      vertex 18.8 31.4641 2
    endloop
  endfacet
  facet normal 0.553877 0.0544542 0.830816
    outer loop
      vertex 18.8 28.5221 7.96578
      vertex 18.8 28 8
      vertex 20 28 7.2
    endloop
  endfacet
  facet normal 0.553884 -0.267611 0.788414
    outer loop
      vertex 18.8 26.9647 7.8637
      vertex 20 26.7754 6.95641
      vertex 20 27.1718 7.09096
    endloop
  endfacet
  facet normal 0.553873 -0.267651 0.788408
    outer loop
      vertex 20 26.7754 6.95641
      vertex 18.8 26.9647 7.8637
      vertex 18.8 26.4693 7.69552
    endloop
  endfacet
  facet normal 0.553878 -0.830817 0.0544224
    outer loop
      vertex 18.8 24.0342 4.5221
      vertex 18.8 24 4
      vertex 20 24.8 4
    endloop
  endfacet
  facet normal 0.553881 -0.162423 -0.816599
    outer loop
      vertex 20 27.1718 0.909038
      vertex 18.8 26.9647 0.136297
      vertex 18.8 27.4779 0.0342207
    endloop
  endfacet
  facet normal 0.553877 -0.368228 -0.746745
    outer loop
      vertex 20 26.4 1.22872
      vertex 18.8 26 0.535899
      vertex 18.8 26.4693 0.304482
    endloop
  endfacet
  facet normal 0.553856 -0.788395 -0.267724
    outer loop
      vertex 18.8 24.1363 2.96472
      vertex 20 25.0436 2.77541
      vertex 20 24.909 3.17178
    endloop
  endfacet
  facet normal 0.553875 -0.788405 -0.267655
    outer loop
      vertex 20 25.0436 2.77541
      vertex 18.8 24.1363 2.96472
      vertex 18.8 24.3045 2.46927
    endloop
  endfacet
  facet normal 0.5539 -0.830798 -0.0545007
    outer loop
      vertex 20 24.8 4
      vertex 18.8 24.0342 3.4779
      vertex 20 24.8274 3.58232
    endloop
  endfacet
  facet normal 0.5539 0.830798 0.0545007
    outer loop
      vertex 20 31.2 4
      vertex 18.8 31.9658 4.5221
      vertex 20 31.1726 4.41768
    endloop
  endfacet
  facet normal 0.553868 -0.746752 -0.368228
    outer loop
      vertex 20 25.2287 2.4
      vertex 18.8 24.3045 2.46927
      vertex 18.8 24.5359 2
    endloop
  endfacet
  facet normal 0.553887 -0.692232 -0.462628
    outer loop
      vertex 20 25.2287 2.4
      vertex 18.8 24.8266 1.56495
      vertex 20 25.4613 2.05196
    endloop
  endfacet
  facet normal 0.553879 0.0544594 0.830814
    outer loop
      vertex 20 28.4177 7.17262
      vertex 18.8 28.5221 7.96578
      vertex 20 28 7.2
    endloop
  endfacet
  facet normal 0.553877 0.368228 -0.746745
    outer loop
      vertex 20 29.6 1.22872
      vertex 18.8 29.5307 0.304482
      vertex 18.8 30 0.535899
    endloop
  endfacet
  facet normal 0.553887 0.692232 -0.462628
    outer loop
      vertex 20 30.5387 2.05196
      vertex 18.8 31.1734 1.56495
      vertex 20 30.7713 2.4
    endloop
  endfacet
  facet normal 0.553868 0.746752 -0.368228
    outer loop
      vertex 20 30.7713 2.4
      vertex 18.8 31.4641 2
      vertex 18.8 31.6955 2.46927
    endloop
  endfacet
  facet normal 0.553859 -0.816605 0.162468
    outer loop
      vertex 18.8 24.1363 5.03528
      vertex 18.8 24.0342 4.5221
      vertex 20 24.909 4.82822
    endloop
  endfacet
  facet normal 0.553875 0.162446 -0.816599
    outer loop
      vertex 20 28.4177 0.827377
      vertex 18.8 28.5221 0.0342207
      vertex 20 28.8282 0.909038
    endloop
  endfacet
  facet normal 0.553883 -0.625962 -0.548985
    outer loop
      vertex 18.8 24.8266 1.56495
      vertex 20 25.7373 1.73726
      vertex 20 25.4613 2.05196
    endloop
  endfacet
  facet normal 0.553884 -0.625965 -0.548981
    outer loop
      vertex 20 25.7373 1.73726
      vertex 18.8 24.8266 1.56495
      vertex 18.8 25.1716 1.17157
    endloop
  endfacet
  facet normal 0.553902 -0.816608 0.162311
    outer loop
      vertex 20 24.909 4.82822
      vertex 18.8 24.0342 4.5221
      vertex 20 24.8274 4.41768
    endloop
  endfacet
  facet normal 0.553873 -0.548978 0.625977
    outer loop
      vertex 18.8 25.565 7.17341
      vertex 20 25.7373 6.26274
      vertex 20 26.052 6.53873
    endloop
  endfacet
  facet normal 0.553883 -0.548948 0.625996
    outer loop
      vertex 20 25.7373 6.26274
      vertex 18.8 25.565 7.17341
      vertex 18.8 25.1716 6.82843
    endloop
  endfacet
  facet normal 0.553875 -0.162446 -0.816599
    outer loop
      vertex 20 27.1718 0.909038
      vertex 18.8 27.4779 0.0342207
      vertex 20 27.5823 0.827377
    endloop
  endfacet
  facet normal 0.553877 -0.0544536 -0.830816
    outer loop
      vertex 20 27.5823 0.827377
      vertex 18.8 27.4779 0.0342207
      vertex 20 28 0.8
    endloop
  endfacet
  facet normal 0.553902 0.816608 -0.162311
    outer loop
      vertex 20 31.091 3.17178
      vertex 18.8 31.9658 3.4779
      vertex 20 31.1726 3.58232
    endloop
  endfacet
  facet normal 0.553869 -0.692278 -0.46258
    outer loop
      vertex 20 25.2287 2.4
      vertex 18.8 24.5359 2
      vertex 18.8 24.8266 1.56495
    endloop
  endfacet
  facet normal 0.553883 0.625962 -0.548985
    outer loop
      vertex 20 30.2627 1.73726
      vertex 18.8 31.1734 1.56495
      vertex 20 30.5387 2.05196
    endloop
  endfacet
  facet normal 0.553884 0.625965 -0.548981
    outer loop
      vertex 18.8 31.1734 1.56495
      vertex 20 30.2627 1.73726
      vertex 18.8 30.8284 1.17157
    endloop
  endfacet
  facet normal 0.553875 -0.788405 0.267655
    outer loop
      vertex 18.8 24.1363 5.03528
      vertex 20 25.0436 5.22459
      vertex 18.8 24.3045 5.53073
    endloop
  endfacet
  facet normal 0.553856 -0.788395 0.267724
    outer loop
      vertex 20 25.0436 5.22459
      vertex 18.8 24.1363 5.03528
      vertex 20 24.909 4.82822
    endloop
  endfacet
  facet normal 0.553885 0.267615 -0.788412
    outer loop
      vertex 18.8 29.0353 0.136297
      vertex 20 29.2246 1.04359
      vertex 20 28.8282 0.909038
    endloop
  endfacet
  facet normal 0.553873 0.267659 -0.788406
    outer loop
      vertex 20 29.2246 1.04359
      vertex 18.8 29.0353 0.136297
      vertex 18.8 29.5307 0.304482
    endloop
  endfacet
  facet normal 0.553868 0.746752 0.368228
    outer loop
      vertex 18.8 31.6955 5.53073
      vertex 18.8 31.4641 6
      vertex 20 30.7713 5.6
    endloop
  endfacet
  facet normal 0.553884 0.625965 0.548981
    outer loop
      vertex 20 30.2627 6.26274
      vertex 18.8 31.1734 6.43505
      vertex 18.8 30.8284 6.82843
    endloop
  endfacet
  facet normal 0.553883 0.625962 0.548985
    outer loop
      vertex 18.8 31.1734 6.43505
      vertex 20 30.2627 6.26274
      vertex 20 30.5387 5.94804
    endloop
  endfacet
  facet normal 0.553887 0.692232 0.462628
    outer loop
      vertex 20 30.7713 5.6
      vertex 18.8 31.1734 6.43505
      vertex 20 30.5387 5.94804
    endloop
  endfacet
  facet normal 0.5539 0.830798 -0.0545007
    outer loop
      vertex 20 31.1726 3.58232
      vertex 18.8 31.9658 3.4779
      vertex 20 31.2 4
    endloop
  endfacet
  facet normal 0.553879 -0.0544594 0.830814
    outer loop
      vertex 20 28 7.2
      vertex 18.8 27.4779 7.96578
      vertex 20 27.5823 7.17262
    endloop
  endfacet
  facet normal 0.553877 -0.162444 0.816598
    outer loop
      vertex 20 27.5823 7.17262
      vertex 18.8 27.4779 7.96578
      vertex 20 27.1718 7.09096
    endloop
  endfacet
  facet normal 0.55387 0.368256 0.746737
    outer loop
      vertex 20 29.6 6.77128
      vertex 18.8 29.5307 7.69552
      vertex 20 29.2246 6.95641
    endloop
  endfacet
  facet normal 0.553876 -0.746761 0.368198
    outer loop
      vertex 20 25.2287 5.6
      vertex 18.8 24.3045 5.53073
      vertex 20 25.0436 5.22459
    endloop
  endfacet
  facet normal 0.553875 -0.462601 0.69226
    outer loop
      vertex 20 26.4 6.77128
      vertex 18.8 25.565 7.17341
      vertex 20 26.052 6.53873
    endloop
  endfacet
  facet normal 0.553873 0.267651 0.788408
    outer loop
      vertex 18.8 29.0353 7.8637
      vertex 20 29.2246 6.95641
      vertex 18.8 29.5307 7.69552
    endloop
  endfacet
  facet normal 0.553884 0.267611 0.788414
    outer loop
      vertex 20 29.2246 6.95641
      vertex 18.8 29.0353 7.8637
      vertex 20 28.8282 7.09096
    endloop
  endfacet
  facet normal 0.553876 -0.462601 -0.692259
    outer loop
      vertex 20 26.4 1.22872
      vertex 18.8 25.565 0.826587
      vertex 18.8 26 0.535899
    endloop
  endfacet
  facet normal 0.553881 0.162423 -0.816599
    outer loop
      vertex 20 28.8282 0.909038
      vertex 18.8 28.5221 0.0342207
      vertex 18.8 29.0353 0.136297
    endloop
  endfacet
  facet normal 0.553877 0.0544536 -0.830816
    outer loop
      vertex 20 28 0.8
      vertex 18.8 28.5221 0.0342207
      vertex 20 28.4177 0.827377
    endloop
  endfacet
  facet normal 0.553902 -0.816608 -0.162311
    outer loop
      vertex 20 24.8274 3.58232
      vertex 18.8 24.0342 3.4779
      vertex 20 24.909 3.17178
    endloop
  endfacet
  facet normal 0.553887 -0.692232 0.462628
    outer loop
      vertex 20 25.4613 5.94804
      vertex 18.8 24.8266 6.43505
      vertex 20 25.2287 5.6
    endloop
  endfacet
  facet normal 0.55387 -0.368256 0.746737
    outer loop
      vertex 20 26.7754 6.95641
      vertex 18.8 26.4693 7.69552
      vertex 20 26.4 6.77128
    endloop
  endfacet
  facet normal 0.553876 -0.368232 0.746744
    outer loop
      vertex 18.8 26.4693 7.69552
      vertex 18.8 26 7.4641
      vertex 20 26.4 6.77128
    endloop
  endfacet
  facet normal 0.553884 -0.625965 0.548981
    outer loop
      vertex 18.8 24.8266 6.43505
      vertex 20 25.7373 6.26274
      vertex 18.8 25.1716 6.82843
    endloop
  endfacet
  facet normal 0.553883 -0.625962 0.548985
    outer loop
      vertex 20 25.7373 6.26274
      vertex 18.8 24.8266 6.43505
      vertex 20 25.4613 5.94804
    endloop
  endfacet
  facet normal 1 0 0
    outer loop
      vertex 20 31.1726 4.41768
      vertex 20 31.1726 3.58232
      vertex 20 31.2 4
    endloop
  endfacet
  facet normal 1 0 0
    outer loop
      vertex 20 31.091 4.82822
      vertex 20 31.1726 3.58232
      vertex 20 31.1726 4.41768
    endloop
  endfacet
  facet normal 1 0 0
    outer loop
      vertex 20 31.091 4.82822
      vertex 20 31.091 3.17178
      vertex 20 31.1726 3.58232
    endloop
  endfacet
  facet normal 1 0 0
    outer loop
      vertex 20 30.9564 5.22459
      vertex 20 31.091 3.17178
      vertex 20 31.091 4.82822
    endloop
  endfacet
  facet normal 1 0 0
    outer loop
      vertex 20 30.9564 5.22459
      vertex 20 30.9564 2.77541
      vertex 20 31.091 3.17178
    endloop
  endfacet
  facet normal 1 0 0
    outer loop
      vertex 20 30.7713 5.6
      vertex 20 30.9564 2.77541
      vertex 20 30.9564 5.22459
    endloop
  endfacet
  facet normal 1 0 0
    outer loop
      vertex 20 30.7713 5.6
      vertex 20 30.7713 2.4
      vertex 20 30.9564 2.77541
    endloop
  endfacet
  facet normal 1 0 0
    outer loop
      vertex 20 30.5387 5.94804
      vertex 20 30.7713 2.4
      vertex 20 30.7713 5.6
    endloop
  endfacet
  facet normal 1 0 0
    outer loop
      vertex 20 30.5387 5.94804
      vertex 20 30.5387 2.05196
      vertex 20 30.7713 2.4
    endloop
  endfacet
  facet normal 1 0 0
    outer loop
      vertex 20 30.2627 6.26274
      vertex 20 30.5387 2.05196
      vertex 20 30.5387 5.94804
    endloop
  endfacet
  facet normal 1 0 0
    outer loop
      vertex 20 30.2627 6.26274
      vertex 20 30.2627 1.73726
      vertex 20 30.5387 2.05196
    endloop
  endfacet
  facet normal 1 0 0
    outer loop
      vertex 20 29.948 6.53873
      vertex 20 30.2627 1.73726
      vertex 20 30.2627 6.26274
    endloop
  endfacet
  facet normal 1 0 0
    outer loop
      vertex 20 29.948 6.53873
      vertex 20 29.948 1.46127
      vertex 20 30.2627 1.73726
    endloop
  endfacet
  facet normal 1 0 0
    outer loop
      vertex 20 29.6 6.77128
      vertex 20 29.948 1.46127
      vertex 20 29.948 6.53873
    endloop
  endfacet
  facet normal 1 0 0
    outer loop
      vertex 20 29.6 6.77128
      vertex 20 29.6 1.22872
      vertex 20 29.948 1.46127
    endloop
  endfacet
  facet normal 1 0 0
    outer loop
      vertex 20 29.2246 6.95641
      vertex 20 29.6 1.22872
      vertex 20 29.6 6.77128
    endloop
  endfacet
  facet normal 1 0 0
    outer loop
      vertex 20 29.2246 6.95641
      vertex 20 29.2246 1.04359
      vertex 20 29.6 1.22872
    endloop
  endfacet
  facet normal 1 0 0
    outer loop
      vertex 20 28.8282 7.09096
      vertex 20 29.2246 1.04359
      vertex 20 29.2246 6.95641
    endloop
  endfacet
  facet normal 1 0 0
    outer loop
      vertex 20 28.8282 7.09096
      vertex 20 28.8282 0.909038
      vertex 20 29.2246 1.04359
    endloop
  endfacet
  facet normal 1 0 0
    outer loop
      vertex 20 28.4177 7.17262
      vertex 20 28.8282 0.909038
      vertex 20 28.8282 7.09096
    endloop
  endfacet
  facet normal 1 0 0
    outer loop
      vertex 20 28.4177 7.17262
      vertex 20 28.4177 0.827377
      vertex 20 28.8282 0.909038
    endloop
  endfacet
  facet normal 1 0 0
    outer loop
      vertex 20 28 7.2
      vertex 20 28.4177 0.827377
      vertex 20 28.4177 7.17262
    endloop
  endfacet
  facet normal 1 0 0
    outer loop
      vertex 20 28 7.2
      vertex 20 28 0.8
      vertex 20 28.4177 0.827377
    endloop
  endfacet
  facet normal 1 -0 0
    outer loop
      vertex 20 27.5823 7.17262
      vertex 20 28 0.8
      vertex 20 28 7.2
    endloop
  endfacet
  facet normal 1 0 0
    outer loop
      vertex 20 27.5823 7.17262
      vertex 20 27.5823 0.827377
      vertex 20 28 0.8
    endloop
  endfacet
  facet normal 1 -0 0
    outer loop
      vertex 20 27.1718 7.09096
      vertex 20 27.5823 0.827377
      vertex 20 27.5823 7.17262
    endloop
  endfacet
  facet normal 1 0 0
    outer loop
      vertex 20 27.1718 7.09096
      vertex 20 27.1718 0.909038
      vertex 20 27.5823 0.827377
    endloop
  endfacet
  facet normal 1 -0 0
    outer loop
      vertex 20 26.7754 6.95641
      vertex 20 27.1718 0.909038
      vertex 20 27.1718 7.09096
    endloop
  endfacet
  facet normal 1 0 0
    outer loop
      vertex 20 26.7754 6.95641
      vertex 20 26.7754 1.04359
      vertex 20 27.1718 0.909038
    endloop
  endfacet
  facet normal 1 -0 0
    outer loop
      vertex 20 26.4 6.77128
      vertex 20 26.7754 1.04359
      vertex 20 26.7754 6.95641
    endloop
  endfacet
  facet normal 1 0 0
    outer loop
      vertex 20 26.4 6.77128
      vertex 20 26.4 1.22872
      vertex 20 26.7754 1.04359
    endloop
  endfacet
  facet normal 1 -0 0
    outer loop
      vertex 20 26.052 6.53873
      vertex 20 26.4 1.22872
      vertex 20 26.4 6.77128
    endloop
  endfacet
  facet normal 1 0 0
    outer loop
      vertex 20 26.052 6.53873
      vertex 20 26.052 1.46127
      vertex 20 26.4 1.22872
    endloop
  endfacet
  facet normal 1 -0 0
    outer loop
      vertex 20 25.7373 6.26274
      vertex 20 26.052 1.46127
      vertex 20 26.052 6.53873
    endloop
  endfacet
  facet normal 1 0 0
    outer loop
      vertex 20 25.7373 6.26274
      vertex 20 25.7373 1.73726
      vertex 20 26.052 1.46127
    endloop
  endfacet
  facet normal 1 -0 0
    outer loop
      vertex 20 25.4613 5.94804
      vertex 20 25.7373 1.73726
      vertex 20 25.7373 6.26274
    endloop
  endfacet
  facet normal 1 0 0
    outer loop
      vertex 20 25.4613 5.94804
      vertex 20 25.4613 2.05196
      vertex 20 25.7373 1.73726
    endloop
  endfacet
  facet normal 1 -0 0
    outer loop
      vertex 20 25.2287 5.6
      vertex 20 25.4613 2.05196
      vertex 20 25.4613 5.94804
    endloop
  endfacet
  facet normal 1 0 0
    outer loop
      vertex 20 25.2287 5.6
      vertex 20 25.2287 2.4
      vertex 20 25.4613 2.05196
    endloop
  endfacet
  facet normal 1 -0 0
    outer loop
      vertex 20 25.0436 5.22459
      vertex 20 25.2287 2.4
      vertex 20 25.2287 5.6
    endloop
  endfacet
  facet normal 1 0 0
    outer loop
      vertex 20 25.0436 5.22459
      vertex 20 25.0436 2.77541
      vertex 20 25.2287 2.4
    endloop
  endfacet
  facet normal 1 -0 0
    outer loop
      vertex 20 24.909 4.82822
      vertex 20 25.0436 2.77541
      vertex 20 25.0436 5.22459
    endloop
  endfacet
  facet normal 1 0 0
    outer loop
      vertex 20 24.909 4.82822
      vertex 20 24.909 3.17178
      vertex 20 25.0436 2.77541
    endloop
  endfacet
  facet normal 1 -0 0
    outer loop
      vertex 20 24.8274 4.41768
      vertex 20 24.909 3.17178
      vertex 20 24.909 4.82822
    endloop
  endfacet
  facet normal 1 0 0
    outer loop
      vertex 20 24.8274 4.41768
      vertex 20 24.8274 3.58232
      vertex 20 24.909 3.17178
    endloop
  endfacet
  facet normal 1 0 -0
    outer loop
      vertex 20 24.8274 3.58232
      vertex 20 24.8274 4.41768
      vertex 20 24.8 4
    endloop
  endfacet
  facet normal 0.553881 -0.162429 0.816598
    outer loop
      vertex 18.8 27.4779 7.96578
      vertex 18.8 26.9647 7.8637
      vertex 20 27.1718 7.09096
    endloop
  endfacet
  facet normal 0 0.94692 -0.321469
    outer loop
      vertex 18.8 45.6955 2.46927
      vertex 0 45.8637 2.96472
      vertex 18.8 45.8637 2.96472
    endloop
  endfacet
  facet normal 0 0.94692 -0.321469
    outer loop
      vertex 0 45.8637 2.96472
      vertex 18.8 45.6955 2.46927
      vertex 0 45.6955 2.46927
    endloop
  endfacet
  facet normal 0 0.19508 -0.980787
    outer loop
      vertex 0 42.5221 0.0342207
      vertex 18.8 43.0353 0.136297
      vertex 18.8 42.5221 0.0342207
    endloop
  endfacet
  facet normal 0 0.19508 -0.980787
    outer loop
      vertex 18.8 43.0353 0.136297
      vertex 0 42.5221 0.0342207
      vertex 0 43.0353 0.136297
    endloop
  endfacet
  facet normal 0 0.065404 -0.997859
    outer loop
      vertex 0 42 0
      vertex 18.8 42.5221 0.0342207
      vertex 18.8 42 0
    endloop
  endfacet
  facet normal 0 0.065404 -0.997859
    outer loop
      vertex 18.8 42.5221 0.0342207
      vertex 0 42 0
      vertex 0 42.5221 0.0342207
    endloop
  endfacet
  facet normal 0 0.321473 -0.946919
    outer loop
      vertex 0 43.0353 0.136297
      vertex 18.8 43.5307 0.304482
      vertex 18.8 43.0353 0.136297
    endloop
  endfacet
  facet normal 0 0.321473 -0.946919
    outer loop
      vertex 18.8 43.5307 0.304482
      vertex 0 43.0353 0.136297
      vertex 0 43.5307 0.304482
    endloop
  endfacet
  facet normal 0 0.896887 -0.44226
    outer loop
      vertex 18.8 45.4641 2
      vertex 0 45.6955 2.46927
      vertex 18.8 45.6955 2.46927
    endloop
  endfacet
  facet normal 0 0.896887 -0.44226
    outer loop
      vertex 0 45.6955 2.46927
      vertex 18.8 45.4641 2
      vertex 0 45.4641 2
    endloop
  endfacet
  facet normal 0 -0.0654027 0.997859
    outer loop
      vertex 0 42 8
      vertex 18.8 41.4779 7.96578
      vertex 18.8 42 8
    endloop
  endfacet
  facet normal 0 -0.0654027 0.997859
    outer loop
      vertex 18.8 41.4779 7.96578
      vertex 0 42 8
      vertex 0 41.4779 7.96578
    endloop
  endfacet
  facet normal 0 0.442264 -0.896885
    outer loop
      vertex 0 43.5307 0.304482
      vertex 18.8 44 0.535899
      vertex 18.8 43.5307 0.304482
    endloop
  endfacet
  facet normal 0 0.442264 -0.896885
    outer loop
      vertex 18.8 44 0.535899
      vertex 0 43.5307 0.304482
      vertex 0 44 0.535899
    endloop
  endfacet
  facet normal 0 0.55561 -0.831443
    outer loop
      vertex 0 44 0.535899
      vertex 18.8 44.435 0.826587
      vertex 18.8 44 0.535899
    endloop
  endfacet
  facet normal 0 0.55561 -0.831443
    outer loop
      vertex 18.8 44.435 0.826587
      vertex 0 44 0.535899
      vertex 0 44.435 0.826587
    endloop
  endfacet
  facet normal 0 0.751826 0.659362
    outer loop
      vertex 18.8 45.1734 6.43505
      vertex 0 44.8284 6.82843
      vertex 18.8 44.8284 6.82843
    endloop
  endfacet
  facet normal 0 0.751826 0.659362
    outer loop
      vertex 0 44.8284 6.82843
      vertex 18.8 45.1734 6.43505
      vertex 0 45.1734 6.43505
    endloop
  endfacet
  facet normal 0 0.659325 -0.751858
    outer loop
      vertex 0 44.435 0.826587
      vertex 18.8 44.8284 1.17157
      vertex 18.8 44.435 0.826587
    endloop
  endfacet
  facet normal 0 0.659325 -0.751858
    outer loop
      vertex 18.8 44.8284 1.17157
      vertex 0 44.435 0.826587
      vertex 0 44.8284 1.17157
    endloop
  endfacet
  facet normal -0 0.195087 0.980786
    outer loop
      vertex 0 43.0353 7.8637
      vertex 18.8 42.5221 7.96578
      vertex 18.8 43.0353 7.8637
    endloop
  endfacet
  facet normal 0 0.195087 0.980786
    outer loop
      vertex 18.8 42.5221 7.96578
      vertex 0 43.0353 7.8637
      vertex 0 42.5221 7.96578
    endloop
  endfacet
  facet normal 0 -0.831462 0.555582
    outer loop
      vertex 0 38.5359 6
      vertex 18.8 38.8266 6.43505
      vertex 0 38.8266 6.43505
    endloop
  endfacet
  facet normal 0 -0.831462 0.555582
    outer loop
      vertex 18.8 38.8266 6.43505
      vertex 0 38.5359 6
      vertex 18.8 38.5359 6
    endloop
  endfacet
  facet normal -0 0.0654027 0.997859
    outer loop
      vertex 0 42.5221 7.96578
      vertex 18.8 42 8
      vertex 18.8 42.5221 7.96578
    endloop
  endfacet
  facet normal 0 0.0654027 0.997859
    outer loop
      vertex 18.8 42 8
      vertex 0 42.5221 7.96578
      vertex 0 42 8
    endloop
  endfacet
  facet normal 0 -0.659321 0.751861
    outer loop
      vertex 0 39.565 7.17341
      vertex 18.8 39.1716 6.82843
      vertex 18.8 39.565 7.17341
    endloop
  endfacet
  facet normal 0 -0.659321 0.751861
    outer loop
      vertex 18.8 39.1716 6.82843
      vertex 0 39.565 7.17341
      vertex 0 39.1716 6.82843
    endloop
  endfacet
  facet normal 0 -0.980777 -0.195131
    outer loop
      vertex 0 38.1363 2.96472
      vertex 18.8 38.0342 3.4779
      vertex 0 38.0342 3.4779
    endloop
  endfacet
  facet normal 0 -0.980777 -0.195131
    outer loop
      vertex 18.8 38.0342 3.4779
      vertex 0 38.1363 2.96472
      vertex 18.8 38.1363 2.96472
    endloop
  endfacet
  facet normal 0 0.896887 0.44226
    outer loop
      vertex 18.8 45.6955 5.53073
      vertex 0 45.4641 6
      vertex 18.8 45.4641 6
    endloop
  endfacet
  facet normal 0 0.896887 0.44226
    outer loop
      vertex 0 45.4641 6
      vertex 18.8 45.6955 5.53073
      vertex 0 45.6955 5.53073
    endloop
  endfacet
  facet normal 0 -0.94692 0.321469
    outer loop
      vertex 0 38.1363 5.03528
      vertex 18.8 38.3045 5.53073
      vertex 0 38.3045 5.53073
    endloop
  endfacet
  facet normal 0 -0.94692 0.321469
    outer loop
      vertex 18.8 38.3045 5.53073
      vertex 0 38.1363 5.03528
      vertex 18.8 38.1363 5.03528
    endloop
  endfacet
  facet normal 0 -0.19508 -0.980787
    outer loop
      vertex 0 40.9647 0.136297
      vertex 18.8 41.4779 0.0342207
      vertex 18.8 40.9647 0.136297
    endloop
  endfacet
  facet normal -0 -0.19508 -0.980787
    outer loop
      vertex 18.8 41.4779 0.0342207
      vertex 0 40.9647 0.136297
      vertex 0 41.4779 0.0342207
    endloop
  endfacet
  facet normal -0 0.659321 0.751861
    outer loop
      vertex 0 44.8284 6.82843
      vertex 18.8 44.435 7.17341
      vertex 18.8 44.8284 6.82843
    endloop
  endfacet
  facet normal 0 0.659321 0.751861
    outer loop
      vertex 18.8 44.435 7.17341
      vertex 0 44.8284 6.82843
      vertex 0 44.435 7.17341
    endloop
  endfacet
  facet normal 0 -0.55561 -0.831443
    outer loop
      vertex 0 39.565 0.826587
      vertex 18.8 40 0.535899
      vertex 18.8 39.565 0.826587
    endloop
  endfacet
  facet normal -0 -0.55561 -0.831443
    outer loop
      vertex 18.8 40 0.535899
      vertex 0 39.565 0.826587
      vertex 0 40 0.535899
    endloop
  endfacet
  facet normal 0 0.94692 0.321469
    outer loop
      vertex 18.8 45.8637 5.03528
      vertex 0 45.6955 5.53073
      vertex 18.8 45.6955 5.53073
    endloop
  endfacet
  facet normal 0 0.94692 0.321469
    outer loop
      vertex 0 45.6955 5.53073
      vertex 18.8 45.8637 5.03528
      vertex 0 45.8637 5.03528
    endloop
  endfacet
  facet normal 0 -0.195087 0.980786
    outer loop
      vertex 0 41.4779 7.96578
      vertex 18.8 40.9647 7.8637
      vertex 18.8 41.4779 7.96578
    endloop
  endfacet
  facet normal 0 -0.195087 0.980786
    outer loop
      vertex 18.8 40.9647 7.8637
      vertex 0 41.4779 7.96578
      vertex 0 40.9647 7.8637
    endloop
  endfacet
  facet normal 0 -0.980777 0.195131
    outer loop
      vertex 0 38.0342 4.5221
      vertex 18.8 38.1363 5.03528
      vertex 0 38.1363 5.03528
    endloop
  endfacet
  facet normal 0 -0.980777 0.195131
    outer loop
      vertex 18.8 38.1363 5.03528
      vertex 0 38.0342 4.5221
      vertex 18.8 38.0342 4.5221
    endloop
  endfacet
  facet normal 0 0.831462 -0.555582
    outer loop
      vertex 18.8 45.1734 1.56495
      vertex 0 45.4641 2
      vertex 18.8 45.4641 2
    endloop
  endfacet
  facet normal 0 0.831462 -0.555582
    outer loop
      vertex 0 45.4641 2
      vertex 18.8 45.1734 1.56495
      vertex 0 45.1734 1.56495
    endloop
  endfacet
  facet normal 0 -0.321473 -0.946919
    outer loop
      vertex 0 40.4693 0.304482
      vertex 18.8 40.9647 0.136297
      vertex 18.8 40.4693 0.304482
    endloop
  endfacet
  facet normal -0 -0.321473 -0.946919
    outer loop
      vertex 18.8 40.9647 0.136297
      vertex 0 40.4693 0.304482
      vertex 0 40.9647 0.136297
    endloop
  endfacet
  facet normal 0 -0.997861 -0.0653646
    outer loop
      vertex 0 38.0342 3.4779
      vertex 18.8 38 4
      vertex 0 38 4
    endloop
  endfacet
  facet normal 0 -0.997861 -0.0653646
    outer loop
      vertex 18.8 38 4
      vertex 0 38.0342 3.4779
      vertex 18.8 38.0342 3.4779
    endloop
  endfacet
  facet normal 0 -0.659325 -0.751858
    outer loop
      vertex 0 39.1716 1.17157
      vertex 18.8 39.565 0.826587
      vertex 18.8 39.1716 1.17157
    endloop
  endfacet
  facet normal -0 -0.659325 -0.751858
    outer loop
      vertex 18.8 39.565 0.826587
      vertex 0 39.1716 1.17157
      vertex 0 39.565 0.826587
    endloop
  endfacet
  facet normal 0 0.997861 0.0653646
    outer loop
      vertex 18.8 46 4
      vertex 0 45.9658 4.5221
      vertex 18.8 45.9658 4.5221
    endloop
  endfacet
  facet normal 0 0.997861 0.0653646
    outer loop
      vertex 0 45.9658 4.5221
      vertex 18.8 46 4
      vertex 0 46 4
    endloop
  endfacet
  facet normal 0 -0.831462 -0.555582
    outer loop
      vertex 0 38.8266 1.56495
      vertex 18.8 38.5359 2
      vertex 0 38.5359 2
    endloop
  endfacet
  facet normal 0 -0.831462 -0.555582
    outer loop
      vertex 18.8 38.5359 2
      vertex 0 38.8266 1.56495
      vertex 18.8 38.8266 1.56495
    endloop
  endfacet
  facet normal 0 -0.751826 0.659362
    outer loop
      vertex 0 38.8266 6.43505
      vertex 18.8 39.1716 6.82843
      vertex 0 39.1716 6.82843
    endloop
  endfacet
  facet normal 0 -0.751826 0.659362
    outer loop
      vertex 18.8 39.1716 6.82843
      vertex 0 38.8266 6.43505
      vertex 18.8 38.8266 6.43505
    endloop
  endfacet
  facet normal 0 0.751826 -0.659362
    outer loop
      vertex 18.8 44.8284 1.17157
      vertex 0 45.1734 1.56495
      vertex 18.8 45.1734 1.56495
    endloop
  endfacet
  facet normal 0 0.751826 -0.659362
    outer loop
      vertex 0 45.1734 1.56495
      vertex 18.8 44.8284 1.17157
      vertex 0 44.8284 1.17157
    endloop
  endfacet
  facet normal -0 0.442268 0.896883
    outer loop
      vertex 0 44 7.4641
      vertex 18.8 43.5307 7.69552
      vertex 18.8 44 7.4641
    endloop
  endfacet
  facet normal 0 0.442268 0.896883
    outer loop
      vertex 18.8 43.5307 7.69552
      vertex 0 44 7.4641
      vertex 0 43.5307 7.69552
    endloop
  endfacet
  facet normal 0 0.997861 -0.0653646
    outer loop
      vertex 18.8 45.9658 3.4779
      vertex 0 46 4
      vertex 18.8 46 4
    endloop
  endfacet
  facet normal 0 0.997861 -0.0653646
    outer loop
      vertex 0 46 4
      vertex 18.8 45.9658 3.4779
      vertex 0 45.9658 3.4779
    endloop
  endfacet
  facet normal 0 -0.065404 -0.997859
    outer loop
      vertex 0 41.4779 0.0342207
      vertex 18.8 42 0
      vertex 18.8 41.4779 0.0342207
    endloop
  endfacet
  facet normal -0 -0.065404 -0.997859
    outer loop
      vertex 18.8 42 0
      vertex 0 41.4779 0.0342207
      vertex 0 42 0
    endloop
  endfacet
  facet normal 0 0.980777 0.195131
    outer loop
      vertex 18.8 45.9658 4.5221
      vertex 0 45.8637 5.03528
      vertex 18.8 45.8637 5.03528
    endloop
  endfacet
  facet normal 0 0.980777 0.195131
    outer loop
      vertex 0 45.8637 5.03528
      vertex 18.8 45.9658 4.5221
      vertex 0 45.9658 4.5221
    endloop
  endfacet
  facet normal 0 0.831462 0.555582
    outer loop
      vertex 18.8 45.4641 6
      vertex 0 45.1734 6.43505
      vertex 18.8 45.1734 6.43505
    endloop
  endfacet
  facet normal 0 0.831462 0.555582
    outer loop
      vertex 0 45.1734 6.43505
      vertex 18.8 45.4641 6
      vertex 0 45.4641 6
    endloop
  endfacet
  facet normal 0 -0.997861 0.0653646
    outer loop
      vertex 0 38 4
      vertex 18.8 38.0342 4.5221
      vertex 0 38.0342 4.5221
    endloop
  endfacet
  facet normal 0 -0.997861 0.0653646
    outer loop
      vertex 18.8 38.0342 4.5221
      vertex 0 38 4
      vertex 18.8 38 4
    endloop
  endfacet
  facet normal 0 -0.442264 -0.896885
    outer loop
      vertex 0 40 0.535899
      vertex 18.8 40.4693 0.304482
      vertex 18.8 40 0.535899
    endloop
  endfacet
  facet normal -0 -0.442264 -0.896885
    outer loop
      vertex 18.8 40.4693 0.304482
      vertex 0 40 0.535899
      vertex 0 40.4693 0.304482
    endloop
  endfacet
  facet normal -0 0.321464 0.946922
    outer loop
      vertex 0 43.5307 7.69552
      vertex 18.8 43.0353 7.8637
      vertex 18.8 43.5307 7.69552
    endloop
  endfacet
  facet normal 0 0.321464 0.946922
    outer loop
      vertex 18.8 43.0353 7.8637
      vertex 0 43.5307 7.69552
      vertex 0 43.0353 7.8637
    endloop
  endfacet
  facet normal 0 -0.321464 0.946922
    outer loop
      vertex 0 40.9647 7.8637
      vertex 18.8 40.4693 7.69552
      vertex 18.8 40.9647 7.8637
    endloop
  endfacet
  facet normal 0 -0.321464 0.946922
    outer loop
      vertex 18.8 40.4693 7.69552
      vertex 0 40.9647 7.8637
      vertex 0 40.4693 7.69552
    endloop
  endfacet
  facet normal -1 0 0
    outer loop
      vertex 0 45.9658 3.4779
      vertex 0 45.9658 4.5221
      vertex 0 46 4
    endloop
  endfacet
  facet normal -1 0 0
    outer loop
      vertex 0 45.8637 2.96472
      vertex 0 45.9658 4.5221
      vertex 0 45.9658 3.4779
    endloop
  endfacet
  facet normal -1 0 0
    outer loop
      vertex 0 45.8637 2.96472
      vertex 0 45.8637 5.03528
      vertex 0 45.9658 4.5221
    endloop
  endfacet
  facet normal -1 0 0
    outer loop
      vertex 0 45.6955 2.46927
      vertex 0 45.8637 5.03528
      vertex 0 45.8637 2.96472
    endloop
  endfacet
  facet normal -1 0 0
    outer loop
      vertex 0 45.6955 2.46927
      vertex 0 45.6955 5.53073
      vertex 0 45.8637 5.03528
    endloop
  endfacet
  facet normal -1 0 0
    outer loop
      vertex 0 45.4641 2
      vertex 0 45.6955 5.53073
      vertex 0 45.6955 2.46927
    endloop
  endfacet
  facet normal -1 0 0
    outer loop
      vertex 0 45.4641 2
      vertex 0 45.4641 6
      vertex 0 45.6955 5.53073
    endloop
  endfacet
  facet normal -1 0 0
    outer loop
      vertex 0 45.1734 1.56495
      vertex 0 45.4641 6
      vertex 0 45.4641 2
    endloop
  endfacet
  facet normal -1 0 0
    outer loop
      vertex 0 45.1734 1.56495
      vertex 0 45.1734 6.43505
      vertex 0 45.4641 6
    endloop
  endfacet
  facet normal -1 0 0
    outer loop
      vertex 0 44.8284 1.17157
      vertex 0 45.1734 6.43505
      vertex 0 45.1734 1.56495
    endloop
  endfacet
  facet normal -1 0 0
    outer loop
      vertex 0 44.8284 1.17157
      vertex 0 44.8284 6.82843
      vertex 0 45.1734 6.43505
    endloop
  endfacet
  facet normal -1 0 0
    outer loop
      vertex 0 44.435 0.826587
      vertex 0 44.8284 6.82843
      vertex 0 44.8284 1.17157
    endloop
  endfacet
  facet normal -1 0 0
    outer loop
      vertex 0 44.435 0.826587
      vertex 0 44.435 7.17341
      vertex 0 44.8284 6.82843
    endloop
  endfacet
  facet normal -1 0 0
    outer loop
      vertex 0 44 0.535899
      vertex 0 44.435 7.17341
      vertex 0 44.435 0.826587
    endloop
  endfacet
  facet normal -1 0 0
    outer loop
      vertex 0 44 0.535899
      vertex 0 44 7.4641
      vertex 0 44.435 7.17341
    endloop
  endfacet
  facet normal -1 0 0
    outer loop
      vertex 0 43.5307 0.304482
      vertex 0 44 7.4641
      vertex 0 44 0.535899
    endloop
  endfacet
  facet normal -1 0 0
    outer loop
      vertex 0 43.5307 0.304482
      vertex 0 43.5307 7.69552
      vertex 0 44 7.4641
    endloop
  endfacet
  facet normal -1 0 0
    outer loop
      vertex 0 43.0353 0.136297
      vertex 0 43.5307 7.69552
      vertex 0 43.5307 0.304482
    endloop
  endfacet
  facet normal -1 0 0
    outer loop
      vertex 0 43.0353 0.136297
      vertex 0 43.0353 7.8637
      vertex 0 43.5307 7.69552
    endloop
  endfacet
  facet normal -1 0 0
    outer loop
      vertex 0 42.5221 0.0342207
      vertex 0 43.0353 7.8637
      vertex 0 43.0353 0.136297
    endloop
  endfacet
  facet normal -1 0 0
    outer loop
      vertex 0 42.5221 0.0342207
      vertex 0 42.5221 7.96578
      vertex 0 43.0353 7.8637
    endloop
  endfacet
  facet normal -1 0 0
    outer loop
      vertex 0 42 0
      vertex 0 42.5221 7.96578
      vertex 0 42.5221 0.0342207
    endloop
  endfacet
  facet normal -1 0 0
    outer loop
      vertex 0 42 0
      vertex 0 42 8
      vertex 0 42.5221 7.96578
    endloop
  endfacet
  facet normal -1 0 0
    outer loop
      vertex 0 41.4779 0.0342207
      vertex 0 42 8
      vertex 0 42 0
    endloop
  endfacet
  facet normal -1 0 0
    outer loop
      vertex 0 41.4779 0.0342207
      vertex 0 41.4779 7.96578
      vertex 0 42 8
    endloop
  endfacet
  facet normal -1 0 0
    outer loop
      vertex 0 40.9647 0.136297
      vertex 0 41.4779 7.96578
      vertex 0 41.4779 0.0342207
    endloop
  endfacet
  facet normal -1 0 0
    outer loop
      vertex 0 40.9647 0.136297
      vertex 0 40.9647 7.8637
      vertex 0 41.4779 7.96578
    endloop
  endfacet
  facet normal -1 0 0
    outer loop
      vertex 0 40.4693 0.304482
      vertex 0 40.9647 7.8637
      vertex 0 40.9647 0.136297
    endloop
  endfacet
  facet normal -1 0 0
    outer loop
      vertex 0 40.4693 0.304482
      vertex 0 40.4693 7.69552
      vertex 0 40.9647 7.8637
    endloop
  endfacet
  facet normal -1 0 0
    outer loop
      vertex 0 40 0.535899
      vertex 0 40.4693 7.69552
      vertex 0 40.4693 0.304482
    endloop
  endfacet
  facet normal -1 0 0
    outer loop
      vertex 0 40 0.535899
      vertex 0 40 7.4641
      vertex 0 40.4693 7.69552
    endloop
  endfacet
  facet normal -1 0 0
    outer loop
      vertex 0 39.565 0.826587
      vertex 0 40 7.4641
      vertex 0 40 0.535899
    endloop
  endfacet
  facet normal -1 0 0
    outer loop
      vertex 0 39.565 0.826587
      vertex 0 39.565 7.17341
      vertex 0 40 7.4641
    endloop
  endfacet
  facet normal -1 0 0
    outer loop
      vertex 0 39.1716 1.17157
      vertex 0 39.565 7.17341
      vertex 0 39.565 0.826587
    endloop
  endfacet
  facet normal -1 0 0
    outer loop
      vertex 0 39.1716 1.17157
      vertex 0 39.1716 6.82843
      vertex 0 39.565 7.17341
    endloop
  endfacet
  facet normal -1 0 0
    outer loop
      vertex 0 38.8266 1.56495
      vertex 0 39.1716 6.82843
      vertex 0 39.1716 1.17157
    endloop
  endfacet
  facet normal -1 0 0
    outer loop
      vertex 0 38.8266 1.56495
      vertex 0 38.8266 6.43505
      vertex 0 39.1716 6.82843
    endloop
  endfacet
  facet normal -1 0 0
    outer loop
      vertex 0 38.5359 2
      vertex 0 38.8266 6.43505
      vertex 0 38.8266 1.56495
    endloop
  endfacet
  facet normal -1 0 0
    outer loop
      vertex 0 38.5359 2
      vertex 0 38.5359 6
      vertex 0 38.8266 6.43505
    endloop
  endfacet
  facet normal -1 0 0
    outer loop
      vertex 0 38.3045 2.46927
      vertex 0 38.5359 6
      vertex 0 38.5359 2
    endloop
  endfacet
  facet normal -1 0 0
    outer loop
      vertex 0 38.3045 2.46927
      vertex 0 38.3045 5.53073
      vertex 0 38.5359 6
    endloop
  endfacet
  facet normal -1 0 0
    outer loop
      vertex 0 38.1363 2.96472
      vertex 0 38.3045 5.53073
      vertex 0 38.3045 2.46927
    endloop
  endfacet
  facet normal -1 0 0
    outer loop
      vertex 0 38.1363 2.96472
      vertex 0 38.1363 5.03528
      vertex 0 38.3045 5.53073
    endloop
  endfacet
  facet normal -1 0 0
    outer loop
      vertex 0 38.0342 3.4779
      vertex 0 38.1363 5.03528
      vertex 0 38.1363 2.96472
    endloop
  endfacet
  facet normal -1 0 0
    outer loop
      vertex 0 38.0342 3.4779
      vertex 0 38.0342 4.5221
      vertex 0 38.1363 5.03528
    endloop
  endfacet
  facet normal -1 0 -0
    outer loop
      vertex 0 38.0342 4.5221
      vertex 0 38.0342 3.4779
      vertex 0 38 4
    endloop
  endfacet
  facet normal -0 0.555613 0.831441
    outer loop
      vertex 0 44.435 7.17341
      vertex 18.8 44 7.4641
      vertex 18.8 44.435 7.17341
    endloop
  endfacet
  facet normal 0 0.555613 0.831441
    outer loop
      vertex 18.8 44 7.4641
      vertex 0 44.435 7.17341
      vertex 0 44 7.4641
    endloop
  endfacet
  facet normal 0 -0.896887 -0.44226
    outer loop
      vertex 0 38.5359 2
      vertex 18.8 38.3045 2.46927
      vertex 0 38.3045 2.46927
    endloop
  endfacet
  facet normal 0 -0.896887 -0.44226
    outer loop
      vertex 18.8 38.3045 2.46927
      vertex 0 38.5359 2
      vertex 18.8 38.5359 2
    endloop
  endfacet
  facet normal 0 -0.94692 -0.321469
    outer loop
      vertex 0 38.3045 2.46927
      vertex 18.8 38.1363 2.96472
      vertex 0 38.1363 2.96472
    endloop
  endfacet
  facet normal 0 -0.94692 -0.321469
    outer loop
      vertex 18.8 38.1363 2.96472
      vertex 0 38.3045 2.46927
      vertex 18.8 38.3045 2.46927
    endloop
  endfacet
  facet normal 0 -0.751826 -0.659362
    outer loop
      vertex 0 39.1716 1.17157
      vertex 18.8 38.8266 1.56495
      vertex 0 38.8266 1.56495
    endloop
  endfacet
  facet normal 0 -0.751826 -0.659362
    outer loop
      vertex 18.8 38.8266 1.56495
      vertex 0 39.1716 1.17157
      vertex 18.8 39.1716 1.17157
    endloop
  endfacet
  facet normal 0 -0.442268 0.896883
    outer loop
      vertex 0 40.4693 7.69552
      vertex 18.8 40 7.4641
      vertex 18.8 40.4693 7.69552
    endloop
  endfacet
  facet normal 0 -0.442268 0.896883
    outer loop
      vertex 18.8 40 7.4641
      vertex 0 40.4693 7.69552
      vertex 0 40 7.4641
    endloop
  endfacet
  facet normal 0 0.980777 -0.195131
    outer loop
      vertex 18.8 45.8637 2.96472
      vertex 0 45.9658 3.4779
      vertex 18.8 45.9658 3.4779
    endloop
  endfacet
  facet normal 0 0.980777 -0.195131
    outer loop
      vertex 0 45.9658 3.4779
      vertex 18.8 45.8637 2.96472
      vertex 0 45.8637 2.96472
    endloop
  endfacet
  facet normal 0 -0.896887 0.44226
    outer loop
      vertex 0 38.3045 5.53073
      vertex 18.8 38.5359 6
      vertex 0 38.5359 6
    endloop
  endfacet
  facet normal 0 -0.896887 0.44226
    outer loop
      vertex 18.8 38.5359 6
      vertex 0 38.3045 5.53073
      vertex 18.8 38.3045 5.53073
    endloop
  endfacet
  facet normal 0 -0.555613 0.831441
    outer loop
      vertex 0 40 7.4641
      vertex 18.8 39.565 7.17341
      vertex 18.8 40 7.4641
    endloop
  endfacet
  facet normal 0 -0.555613 0.831441
    outer loop
      vertex 18.8 39.565 7.17341
      vertex 0 40 7.4641
      vertex 0 39.565 7.17341
    endloop
  endfacet
  facet normal 0.553877 0.0544553 -0.830816
    outer loop
      vertex 20 42 0.8
      vertex 18.8 42 0
      vertex 18.8 42.5221 0.0342207
    endloop
  endfacet
  facet normal 0.553873 -0.267659 -0.788406
    outer loop
      vertex 18.8 40.9647 0.136297
      vertex 20 40.7754 1.04359
      vertex 18.8 40.4693 0.304482
    endloop
  endfacet
  facet normal 0.553885 -0.267615 -0.788412
    outer loop
      vertex 20 40.7754 1.04359
      vertex 18.8 40.9647 0.136297
      vertex 20 41.1718 0.909038
    endloop
  endfacet
  facet normal 0.553859 -0.816605 -0.162468
    outer loop
      vertex 20 38.909 3.17178
      vertex 18.8 38.0342 3.4779
      vertex 18.8 38.1363 2.96472
    endloop
  endfacet
  facet normal 0.553877 -0.0544553 -0.830816
    outer loop
      vertex 20 42 0.8
      vertex 18.8 41.4779 0.0342207
      vertex 18.8 42 0
    endloop
  endfacet
  facet normal 0.553902 0.816608 0.162311
    outer loop
      vertex 20 45.1726 4.41768
      vertex 18.8 45.9658 4.5221
      vertex 20 45.091 4.82822
    endloop
  endfacet
  facet normal 0.553876 -0.746761 -0.368198
    outer loop
      vertex 20 39.0436 2.77541
      vertex 18.8 38.3045 2.46927
      vertex 20 39.2287 2.4
    endloop
  endfacet
  facet normal 0.553876 0.4626 -0.692259
    outer loop
      vertex 20 43.6 1.22872
      vertex 18.8 44.435 0.826587
      vertex 20 43.948 1.46127
    endloop
  endfacet
  facet normal 0.553877 0.162444 0.816598
    outer loop
      vertex 20 42.8282 7.09096
      vertex 18.8 42.5221 7.96578
      vertex 20 42.4177 7.17262
    endloop
  endfacet
  facet normal 0.553875 0.462601 0.69226
    outer loop
      vertex 20 43.948 6.53873
      vertex 18.8 44.435 7.17341
      vertex 20 43.6 6.77128
    endloop
  endfacet
  facet normal 0.553869 -0.368256 -0.746737
    outer loop
      vertex 20 40.4 1.22872
      vertex 18.8 40.4693 0.304482
      vertex 20 40.7754 1.04359
    endloop
  endfacet
  facet normal 0.553878 0.830817 -0.0544224
    outer loop
      vertex 20 45.2 4
      vertex 18.8 45.9658 3.4779
      vertex 18.8 46 4
    endloop
  endfacet
  facet normal 0.553869 0.692278 0.46258
    outer loop
      vertex 18.8 45.4641 6
      vertex 18.8 45.1734 6.43505
      vertex 20 44.7713 5.6
    endloop
  endfacet
  facet normal 0.553875 0.788405 0.267655
    outer loop
      vertex 20 44.9564 5.22459
      vertex 18.8 45.8637 5.03528
      vertex 18.8 45.6955 5.53073
    endloop
  endfacet
  facet normal 0.553856 0.788395 0.267724
    outer loop
      vertex 18.8 45.8637 5.03528
      vertex 20 44.9564 5.22459
      vertex 20 45.091 4.82822
    endloop
  endfacet
  facet normal 0.553883 0.548948 0.625996
    outer loop
      vertex 18.8 44.435 7.17341
      vertex 20 44.2627 6.26274
      vertex 18.8 44.8284 6.82843
    endloop
  endfacet
  facet normal 0.553873 0.548978 0.625977
    outer loop
      vertex 20 44.2627 6.26274
      vertex 18.8 44.435 7.17341
      vertex 20 43.948 6.53873
    endloop
  endfacet
  facet normal 0.553856 0.788395 -0.267724
    outer loop
      vertex 20 44.9564 2.77541
      vertex 18.8 45.8637 2.96472
      vertex 20 45.091 3.17178
    endloop
  endfacet
  facet normal 0.553875 0.788405 -0.267655
    outer loop
      vertex 18.8 45.8637 2.96472
      vertex 20 44.9564 2.77541
      vertex 18.8 45.6955 2.46927
    endloop
  endfacet
  facet normal 0.553876 0.462603 0.692257
    outer loop
      vertex 18.8 44.435 7.17341
      vertex 18.8 44 7.4641
      vertex 20 43.6 6.77128
    endloop
  endfacet
  facet normal 0.553877 -0.0544542 0.830816
    outer loop
      vertex 18.8 42 8
      vertex 18.8 41.4779 7.96578
      vertex 20 42 7.2
    endloop
  endfacet
  facet normal 0.553881 0.162429 0.816598
    outer loop
      vertex 18.8 43.0353 7.8637
      vertex 18.8 42.5221 7.96578
      vertex 20 42.8282 7.09096
    endloop
  endfacet
  facet normal 0.553876 0.746761 -0.368198
    outer loop
      vertex 20 44.7713 2.4
      vertex 18.8 45.6955 2.46927
      vertex 20 44.9564 2.77541
    endloop
  endfacet
  facet normal 0.553876 -0.462603 0.692257
    outer loop
      vertex 18.8 40 7.4641
      vertex 18.8 39.565 7.17341
      vertex 20 40.4 6.77128
    endloop
  endfacet
  facet normal 0.553876 -0.4626 -0.692259
    outer loop
      vertex 20 40.052 1.46127
      vertex 18.8 39.565 0.826587
      vertex 20 40.4 1.22872
    endloop
  endfacet
  facet normal 0.553883 -0.54895 -0.625993
    outer loop
      vertex 18.8 39.565 0.826587
      vertex 20 39.7373 1.73726
      vertex 18.8 39.1716 1.17157
    endloop
  endfacet
  facet normal 0.553874 -0.548978 -0.625977
    outer loop
      vertex 20 39.7373 1.73726
      vertex 18.8 39.565 0.826587
      vertex 20 40.052 1.46127
    endloop
  endfacet
  facet normal 0.553878 -0.830817 -0.0544224
    outer loop
      vertex 20 38.8 4
      vertex 18.8 38 4
      vertex 18.8 38.0342 3.4779
    endloop
  endfacet
  facet normal 0.553859 0.816605 -0.162468
    outer loop
      vertex 20 45.091 3.17178
      vertex 18.8 45.8637 2.96472
      vertex 18.8 45.9658 3.4779
    endloop
  endfacet
  facet normal 0.553878 0.830817 0.0544224
    outer loop
      vertex 18.8 46 4
      vertex 18.8 45.9658 4.5221
      vertex 20 45.2 4
    endloop
  endfacet
  facet normal 0.553868 -0.746752 0.368228
    outer loop
      vertex 18.8 38.5359 6
      vertex 18.8 38.3045 5.53073
      vertex 20 39.2287 5.6
    endloop
  endfacet
  facet normal 0.553876 0.368232 0.746744
    outer loop
      vertex 18.8 44 7.4641
      vertex 18.8 43.5307 7.69552
      vertex 20 43.6 6.77128
    endloop
  endfacet
  facet normal 0.553869 -0.692278 0.46258
    outer loop
      vertex 18.8 38.8266 6.43505
      vertex 18.8 38.5359 6
      vertex 20 39.2287 5.6
    endloop
  endfacet
  facet normal 0.553869 0.368256 -0.746737
    outer loop
      vertex 20 43.2246 1.04359
      vertex 18.8 43.5307 0.304482
      vertex 20 43.6 1.22872
    endloop
  endfacet
  facet normal 0.5539 -0.830798 0.0545007
    outer loop
      vertex 20 38.8274 4.41768
      vertex 18.8 38.0342 4.5221
      vertex 20 38.8 4
    endloop
  endfacet
  facet normal 0.553876 0.462601 -0.692259
    outer loop
      vertex 20 43.6 1.22872
      vertex 18.8 44 0.535899
      vertex 18.8 44.435 0.826587
    endloop
  endfacet
  facet normal 0.553876 0.746761 0.368198
    outer loop
      vertex 20 44.9564 5.22459
      vertex 18.8 45.6955 5.53073
      vertex 20 44.7713 5.6
    endloop
  endfacet
  facet normal 0.553874 0.548978 -0.625977
    outer loop
      vertex 18.8 44.435 0.826587
      vertex 20 44.2627 1.73726
      vertex 20 43.948 1.46127
    endloop
  endfacet
  facet normal 0.553883 0.54895 -0.625993
    outer loop
      vertex 20 44.2627 1.73726
      vertex 18.8 44.435 0.826587
      vertex 18.8 44.8284 1.17157
    endloop
  endfacet
  facet normal 0.553859 0.816605 0.162468
    outer loop
      vertex 18.8 45.9658 4.5221
      vertex 18.8 45.8637 5.03528
      vertex 20 45.091 4.82822
    endloop
  endfacet
  facet normal 0.553869 0.692278 -0.46258
    outer loop
      vertex 20 44.7713 2.4
      vertex 18.8 45.1734 1.56495
      vertex 18.8 45.4641 2
    endloop
  endfacet
  facet normal 0.553877 0.0544542 0.830816
    outer loop
      vertex 18.8 42.5221 7.96578
      vertex 18.8 42 8
      vertex 20 42 7.2
    endloop
  endfacet
  facet normal 0.553884 -0.267611 0.788414
    outer loop
      vertex 18.8 40.9647 7.8637
      vertex 20 40.7754 6.95641
      vertex 20 41.1718 7.09096
    endloop
  endfacet
  facet normal 0.553873 -0.267651 0.788408
    outer loop
      vertex 20 40.7754 6.95641
      vertex 18.8 40.9647 7.8637
      vertex 18.8 40.4693 7.69552
    endloop
  endfacet
  facet normal 0.553878 -0.830817 0.0544224
    outer loop
      vertex 18.8 38.0342 4.5221
      vertex 18.8 38 4
      vertex 20 38.8 4
    endloop
  endfacet
  facet normal 0.553881 -0.162423 -0.816599
    outer loop
      vertex 20 41.1718 0.909038
      vertex 18.8 40.9647 0.136297
      vertex 18.8 41.4779 0.0342207
    endloop
  endfacet
  facet normal 0.553877 -0.368228 -0.746745
    outer loop
      vertex 20 40.4 1.22872
      vertex 18.8 40 0.535899
      vertex 18.8 40.4693 0.304482
    endloop
  endfacet
  facet normal 0.553856 -0.788395 -0.267724
    outer loop
      vertex 18.8 38.1363 2.96472
      vertex 20 39.0436 2.77541
      vertex 20 38.909 3.17178
    endloop
  endfacet
  facet normal 0.553875 -0.788405 -0.267655
    outer loop
      vertex 20 39.0436 2.77541
      vertex 18.8 38.1363 2.96472
      vertex 18.8 38.3045 2.46927
    endloop
  endfacet
  facet normal 0.5539 -0.830798 -0.0545007
    outer loop
      vertex 20 38.8 4
      vertex 18.8 38.0342 3.4779
      vertex 20 38.8274 3.58232
    endloop
  endfacet
  facet normal 0.5539 0.830798 0.0545007
    outer loop
      vertex 20 45.2 4
      vertex 18.8 45.9658 4.5221
      vertex 20 45.1726 4.41768
    endloop
  endfacet
  facet normal 0.553868 -0.746752 -0.368228
    outer loop
      vertex 20 39.2287 2.4
      vertex 18.8 38.3045 2.46927
      vertex 18.8 38.5359 2
    endloop
  endfacet
  facet normal 0.553887 -0.692232 -0.462628
    outer loop
      vertex 20 39.2287 2.4
      vertex 18.8 38.8266 1.56495
      vertex 20 39.4613 2.05196
    endloop
  endfacet
  facet normal 0.553879 0.0544594 0.830814
    outer loop
      vertex 20 42.4177 7.17262
      vertex 18.8 42.5221 7.96578
      vertex 20 42 7.2
    endloop
  endfacet
  facet normal 0.553877 0.368228 -0.746745
    outer loop
      vertex 20 43.6 1.22872
      vertex 18.8 43.5307 0.304482
      vertex 18.8 44 0.535899
    endloop
  endfacet
  facet normal 0.553887 0.692232 -0.462628
    outer loop
      vertex 20 44.5387 2.05196
      vertex 18.8 45.1734 1.56495
      vertex 20 44.7713 2.4
    endloop
  endfacet
  facet normal 0.553868 0.746752 -0.368228
    outer loop
      vertex 20 44.7713 2.4
      vertex 18.8 45.4641 2
      vertex 18.8 45.6955 2.46927
    endloop
  endfacet
  facet normal 0.553859 -0.816605 0.162468
    outer loop
      vertex 18.8 38.1363 5.03528
      vertex 18.8 38.0342 4.5221
      vertex 20 38.909 4.82822
    endloop
  endfacet
  facet normal 0.553875 0.162446 -0.816599
    outer loop
      vertex 20 42.4177 0.827377
      vertex 18.8 42.5221 0.0342207
      vertex 20 42.8282 0.909038
    endloop
  endfacet
  facet normal 0.553883 -0.625962 -0.548985
    outer loop
      vertex 18.8 38.8266 1.56495
      vertex 20 39.7373 1.73726
      vertex 20 39.4613 2.05196
    endloop
  endfacet
  facet normal 0.553884 -0.625965 -0.548981
    outer loop
      vertex 20 39.7373 1.73726
      vertex 18.8 38.8266 1.56495
      vertex 18.8 39.1716 1.17157
    endloop
  endfacet
  facet normal 0.553902 -0.816608 0.162311
    outer loop
      vertex 20 38.909 4.82822
      vertex 18.8 38.0342 4.5221
      vertex 20 38.8274 4.41768
    endloop
  endfacet
  facet normal 0.553873 -0.548978 0.625977
    outer loop
      vertex 18.8 39.565 7.17341
      vertex 20 39.7373 6.26274
      vertex 20 40.052 6.53873
    endloop
  endfacet
  facet normal 0.553883 -0.548948 0.625996
    outer loop
      vertex 20 39.7373 6.26274
      vertex 18.8 39.565 7.17341
      vertex 18.8 39.1716 6.82843
    endloop
  endfacet
  facet normal 0.553875 -0.162446 -0.816599
    outer loop
      vertex 20 41.1718 0.909038
      vertex 18.8 41.4779 0.0342207
      vertex 20 41.5823 0.827377
    endloop
  endfacet
  facet normal 0.553877 -0.0544536 -0.830816
    outer loop
      vertex 20 41.5823 0.827377
      vertex 18.8 41.4779 0.0342207
      vertex 20 42 0.8
    endloop
  endfacet
  facet normal 0.553902 0.816608 -0.162311
    outer loop
      vertex 20 45.091 3.17178
      vertex 18.8 45.9658 3.4779
      vertex 20 45.1726 3.58232
    endloop
  endfacet
  facet normal 0.553869 -0.692278 -0.46258
    outer loop
      vertex 20 39.2287 2.4
      vertex 18.8 38.5359 2
      vertex 18.8 38.8266 1.56495
    endloop
  endfacet
  facet normal 0.553883 0.625962 -0.548985
    outer loop
      vertex 20 44.2627 1.73726
      vertex 18.8 45.1734 1.56495
      vertex 20 44.5387 2.05196
    endloop
  endfacet
  facet normal 0.553884 0.625965 -0.548981
    outer loop
      vertex 18.8 45.1734 1.56495
      vertex 20 44.2627 1.73726
      vertex 18.8 44.8284 1.17157
    endloop
  endfacet
  facet normal 0.553875 -0.788405 0.267655
    outer loop
      vertex 18.8 38.1363 5.03528
      vertex 20 39.0436 5.22459
      vertex 18.8 38.3045 5.53073
    endloop
  endfacet
  facet normal 0.553856 -0.788395 0.267724
    outer loop
      vertex 20 39.0436 5.22459
      vertex 18.8 38.1363 5.03528
      vertex 20 38.909 4.82822
    endloop
  endfacet
  facet normal 0.553885 0.267615 -0.788412
    outer loop
      vertex 18.8 43.0353 0.136297
      vertex 20 43.2246 1.04359
      vertex 20 42.8282 0.909038
    endloop
  endfacet
  facet normal 0.553873 0.267659 -0.788406
    outer loop
      vertex 20 43.2246 1.04359
      vertex 18.8 43.0353 0.136297
      vertex 18.8 43.5307 0.304482
    endloop
  endfacet
  facet normal 0.553868 0.746752 0.368228
    outer loop
      vertex 18.8 45.6955 5.53073
      vertex 18.8 45.4641 6
      vertex 20 44.7713 5.6
    endloop
  endfacet
  facet normal 0.553884 0.625965 0.548981
    outer loop
      vertex 20 44.2627 6.26274
      vertex 18.8 45.1734 6.43505
      vertex 18.8 44.8284 6.82843
    endloop
  endfacet
  facet normal 0.553883 0.625962 0.548985
    outer loop
      vertex 18.8 45.1734 6.43505
      vertex 20 44.2627 6.26274
      vertex 20 44.5387 5.94804
    endloop
  endfacet
  facet normal 0.553887 0.692232 0.462628
    outer loop
      vertex 20 44.7713 5.6
      vertex 18.8 45.1734 6.43505
      vertex 20 44.5387 5.94804
    endloop
  endfacet
  facet normal 0.5539 0.830798 -0.0545007
    outer loop
      vertex 20 45.1726 3.58232
      vertex 18.8 45.9658 3.4779
      vertex 20 45.2 4
    endloop
  endfacet
  facet normal 0.553879 -0.0544594 0.830814
    outer loop
      vertex 20 42 7.2
      vertex 18.8 41.4779 7.96578
      vertex 20 41.5823 7.17262
    endloop
  endfacet
  facet normal 0.553877 -0.162444 0.816598
    outer loop
      vertex 20 41.5823 7.17262
      vertex 18.8 41.4779 7.96578
      vertex 20 41.1718 7.09096
    endloop
  endfacet
  facet normal 0.55387 0.368256 0.746737
    outer loop
      vertex 20 43.6 6.77128
      vertex 18.8 43.5307 7.69552
      vertex 20 43.2246 6.95641
    endloop
  endfacet
  facet normal 0.553876 -0.746761 0.368198
    outer loop
      vertex 20 39.2287 5.6
      vertex 18.8 38.3045 5.53073
      vertex 20 39.0436 5.22459
    endloop
  endfacet
  facet normal 0.553875 -0.462601 0.69226
    outer loop
      vertex 20 40.4 6.77128
      vertex 18.8 39.565 7.17341
      vertex 20 40.052 6.53873
    endloop
  endfacet
  facet normal 0.553873 0.267651 0.788408
    outer loop
      vertex 18.8 43.0353 7.8637
      vertex 20 43.2246 6.95641
      vertex 18.8 43.5307 7.69552
    endloop
  endfacet
  facet normal 0.553884 0.267611 0.788414
    outer loop
      vertex 20 43.2246 6.95641
      vertex 18.8 43.0353 7.8637
      vertex 20 42.8282 7.09096
    endloop
  endfacet
  facet normal 0.553876 -0.462601 -0.692259
    outer loop
      vertex 20 40.4 1.22872
      vertex 18.8 39.565 0.826587
      vertex 18.8 40 0.535899
    endloop
  endfacet
  facet normal 0.553881 0.162423 -0.816599
    outer loop
      vertex 20 42.8282 0.909038
      vertex 18.8 42.5221 0.0342207
      vertex 18.8 43.0353 0.136297
    endloop
  endfacet
  facet normal 0.553877 0.0544536 -0.830816
    outer loop
      vertex 20 42 0.8
      vertex 18.8 42.5221 0.0342207
      vertex 20 42.4177 0.827377
    endloop
  endfacet
  facet normal 0.553902 -0.816608 -0.162311
    outer loop
      vertex 20 38.8274 3.58232
      vertex 18.8 38.0342 3.4779
      vertex 20 38.909 3.17178
    endloop
  endfacet
  facet normal 0.553887 -0.692232 0.462628
    outer loop
      vertex 20 39.4613 5.94804
      vertex 18.8 38.8266 6.43505
      vertex 20 39.2287 5.6
    endloop
  endfacet
  facet normal 0.55387 -0.368256 0.746737
    outer loop
      vertex 20 40.7754 6.95641
      vertex 18.8 40.4693 7.69552
      vertex 20 40.4 6.77128
    endloop
  endfacet
  facet normal 0.553876 -0.368232 0.746744
    outer loop
      vertex 18.8 40.4693 7.69552
      vertex 18.8 40 7.4641
      vertex 20 40.4 6.77128
    endloop
  endfacet
  facet normal 0.553884 -0.625965 0.548981
    outer loop
      vertex 18.8 38.8266 6.43505
      vertex 20 39.7373 6.26274
      vertex 18.8 39.1716 6.82843
    endloop
  endfacet
  facet normal 0.553883 -0.625962 0.548985
    outer loop
      vertex 20 39.7373 6.26274
      vertex 18.8 38.8266 6.43505
      vertex 20 39.4613 5.94804
    endloop
  endfacet
  facet normal 1 0 0
    outer loop
      vertex 20 45.1726 4.41768
      vertex 20 45.1726 3.58232
      vertex 20 45.2 4
    endloop
  endfacet
  facet normal 1 0 0
    outer loop
      vertex 20 45.091 4.82822
      vertex 20 45.1726 3.58232
      vertex 20 45.1726 4.41768
    endloop
  endfacet
  facet normal 1 0 0
    outer loop
      vertex 20 45.091 4.82822
      vertex 20 45.091 3.17178
      vertex 20 45.1726 3.58232
    endloop
  endfacet
  facet normal 1 0 0
    outer loop
      vertex 20 44.9564 5.22459
      vertex 20 45.091 3.17178
      vertex 20 45.091 4.82822
    endloop
  endfacet
  facet normal 1 0 0
    outer loop
      vertex 20 44.9564 5.22459
      vertex 20 44.9564 2.77541
      vertex 20 45.091 3.17178
    endloop
  endfacet
  facet normal 1 0 0
    outer loop
      vertex 20 44.7713 5.6
      vertex 20 44.9564 2.77541
      vertex 20 44.9564 5.22459
    endloop
  endfacet
  facet normal 1 0 0
    outer loop
      vertex 20 44.7713 5.6
      vertex 20 44.7713 2.4
      vertex 20 44.9564 2.77541
    endloop
  endfacet
  facet normal 1 0 0
    outer loop
      vertex 20 44.5387 5.94804
      vertex 20 44.7713 2.4
      vertex 20 44.7713 5.6
    endloop
  endfacet
  facet normal 1 0 0
    outer loop
      vertex 20 44.5387 5.94804
      vertex 20 44.5387 2.05196
      vertex 20 44.7713 2.4
    endloop
  endfacet
  facet normal 1 0 0
    outer loop
      vertex 20 44.2627 6.26274
      vertex 20 44.5387 2.05196
      vertex 20 44.5387 5.94804
    endloop
  endfacet
  facet normal 1 0 0
    outer loop
      vertex 20 44.2627 6.26274
      vertex 20 44.2627 1.73726
      vertex 20 44.5387 2.05196
    endloop
  endfacet
  facet normal 1 0 0
    outer loop
      vertex 20 43.948 6.53873
      vertex 20 44.2627 1.73726
      vertex 20 44.2627 6.26274
    endloop
  endfacet
  facet normal 1 0 0
    outer loop
      vertex 20 43.948 6.53873
      vertex 20 43.948 1.46127
      vertex 20 44.2627 1.73726
    endloop
  endfacet
  facet normal 1 0 0
    outer loop
      vertex 20 43.6 6.77128
      vertex 20 43.948 1.46127
      vertex 20 43.948 6.53873
    endloop
  endfacet
  facet normal 1 0 0
    outer loop
      vertex 20 43.6 6.77128
      vertex 20 43.6 1.22872
      vertex 20 43.948 1.46127
    endloop
  endfacet
  facet normal 1 0 0
    outer loop
      vertex 20 43.2246 6.95641
      vertex 20 43.6 1.22872
      vertex 20 43.6 6.77128
    endloop
  endfacet
  facet normal 1 0 0
    outer loop
      vertex 20 43.2246 6.95641
      vertex 20 43.2246 1.04359
      vertex 20 43.6 1.22872
    endloop
  endfacet
  facet normal 1 0 0
    outer loop
      vertex 20 42.8282 7.09096
      vertex 20 43.2246 1.04359
      vertex 20 43.2246 6.95641
    endloop
  endfacet
  facet normal 1 0 0
    outer loop
      vertex 20 42.8282 7.09096
      vertex 20 42.8282 0.909038
      vertex 20 43.2246 1.04359
    endloop
  endfacet
  facet normal 1 0 0
    outer loop
      vertex 20 42.4177 7.17262
      vertex 20 42.8282 0.909038
      vertex 20 42.8282 7.09096
    endloop
  endfacet
  facet normal 1 0 0
    outer loop
      vertex 20 42.4177 7.17262
      vertex 20 42.4177 0.827377
      vertex 20 42.8282 0.909038
    endloop
  endfacet
  facet normal 1 0 0
    outer loop
      vertex 20 42 7.2
      vertex 20 42.4177 0.827377
      vertex 20 42.4177 7.17262
    endloop
  endfacet
  facet normal 1 0 0
    outer loop
      vertex 20 42 7.2
      vertex 20 42 0.8
      vertex 20 42.4177 0.827377
    endloop
  endfacet
  facet normal 1 -0 0
    outer loop
      vertex 20 41.5823 7.17262
      vertex 20 42 0.8
      vertex 20 42 7.2
    endloop
  endfacet
  facet normal 1 0 0
    outer loop
      vertex 20 41.5823 7.17262
      vertex 20 41.5823 0.827377
      vertex 20 42 0.8
    endloop
  endfacet
  facet normal 1 -0 0
    outer loop
      vertex 20 41.1718 7.09096
      vertex 20 41.5823 0.827377
      vertex 20 41.5823 7.17262
    endloop
  endfacet
  facet normal 1 0 0
    outer loop
      vertex 20 41.1718 7.09096
      vertex 20 41.1718 0.909038
      vertex 20 41.5823 0.827377
    endloop
  endfacet
  facet normal 1 -0 0
    outer loop
      vertex 20 40.7754 6.95641
      vertex 20 41.1718 0.909038
      vertex 20 41.1718 7.09096
    endloop
  endfacet
  facet normal 1 0 0
    outer loop
      vertex 20 40.7754 6.95641
      vertex 20 40.7754 1.04359
      vertex 20 41.1718 0.909038
    endloop
  endfacet
  facet normal 1 -0 0
    outer loop
      vertex 20 40.4 6.77128
      vertex 20 40.7754 1.04359
      vertex 20 40.7754 6.95641
    endloop
  endfacet
  facet normal 1 0 0
    outer loop
      vertex 20 40.4 6.77128
      vertex 20 40.4 1.22872
      vertex 20 40.7754 1.04359
    endloop
  endfacet
  facet normal 1 -0 0
    outer loop
      vertex 20 40.052 6.53873
      vertex 20 40.4 1.22872
      vertex 20 40.4 6.77128
    endloop
  endfacet
  facet normal 1 0 0
    outer loop
      vertex 20 40.052 6.53873
      vertex 20 40.052 1.46127
      vertex 20 40.4 1.22872
    endloop
  endfacet
  facet normal 1 -0 0
    outer loop
      vertex 20 39.7373 6.26274
      vertex 20 40.052 1.46127
      vertex 20 40.052 6.53873
    endloop
  endfacet
  facet normal 1 0 0
    outer loop
      vertex 20 39.7373 6.26274
      vertex 20 39.7373 1.73726
      vertex 20 40.052 1.46127
    endloop
  endfacet
  facet normal 1 -0 0
    outer loop
      vertex 20 39.4613 5.94804
      vertex 20 39.7373 1.73726
      vertex 20 39.7373 6.26274
    endloop
  endfacet
  facet normal 1 0 0
    outer loop
      vertex 20 39.4613 5.94804
      vertex 20 39.4613 2.05196
      vertex 20 39.7373 1.73726
    endloop
  endfacet
  facet normal 1 -0 0
    outer loop
      vertex 20 39.2287 5.6
      vertex 20 39.4613 2.05196
      vertex 20 39.4613 5.94804
    endloop
  endfacet
  facet normal 1 0 0
    outer loop
      vertex 20 39.2287 5.6
      vertex 20 39.2287 2.4
      vertex 20 39.4613 2.05196
    endloop
  endfacet
  facet normal 1 -0 0
    outer loop
      vertex 20 39.0436 5.22459
      vertex 20 39.2287 2.4
      vertex 20 39.2287 5.6
    endloop
  endfacet
  facet normal 1 0 0
    outer loop
      vertex 20 39.0436 5.22459
      vertex 20 39.0436 2.77541
      vertex 20 39.2287 2.4
    endloop
  endfacet
  facet normal 1 -0 0
    outer loop
      vertex 20 38.909 4.82822
      vertex 20 39.0436 2.77541
      vertex 20 39.0436 5.22459
    endloop
  endfacet
  facet normal 1 0 0
    outer loop
      vertex 20 38.909 4.82822
      vertex 20 38.909 3.17178
      vertex 20 39.0436 2.77541
    endloop
  endfacet
  facet normal 1 -0 0
    outer loop
      vertex 20 38.8274 4.41768
      vertex 20 38.909 3.17178
      vertex 20 38.909 4.82822
    endloop
  endfacet
  facet normal 1 0 0
    outer loop
      vertex 20 38.8274 4.41768
      vertex 20 38.8274 3.58232
      vertex 20 38.909 3.17178
    endloop
  endfacet
  facet normal 1 0 -0
    outer loop
      vertex 20 38.8274 3.58232
      vertex 20 38.8274 4.41768
      vertex 20 38.8 4
    endloop
  endfacet
  facet normal 0.553881 -0.162429 0.816598
    outer loop
      vertex 18.8 41.4779 7.96578
      vertex 18.8 40.9647 7.8637
      vertex 20 41.1718 7.09096
    endloop
  endfacet
  facet normal 0 0.94692 -0.321469
    outer loop
      vertex 34.8 59.6955 2.46927
      vertex 0 59.8637 2.96472
      vertex 34.8 59.8637 2.96472
    endloop
  endfacet
  facet normal 0 0.94692 -0.321469
    outer loop
      vertex 0 59.8637 2.96472
      vertex 34.8 59.6955 2.46927
      vertex 0 59.6955 2.46927
    endloop
  endfacet
  facet normal 0 0.19508 -0.980787
    outer loop
      vertex 0 56.5221 0.0342207
      vertex 34.8 57.0353 0.136297
      vertex 34.8 56.5221 0.0342207
    endloop
  endfacet
  facet normal 0 0.19508 -0.980787
    outer loop
      vertex 34.8 57.0353 0.136297
      vertex 0 56.5221 0.0342207
      vertex 0 57.0353 0.136297
    endloop
  endfacet
  facet normal 0 0.065404 -0.997859
    outer loop
      vertex 0 56 0
      vertex 34.8 56.5221 0.0342207
      vertex 34.8 56 0
    endloop
  endfacet
  facet normal 0 0.065404 -0.997859
    outer loop
      vertex 34.8 56.5221 0.0342207
      vertex 0 56 0
      vertex 0 56.5221 0.0342207
    endloop
  endfacet
  facet normal 0 0.321473 -0.946919
    outer loop
      vertex 0 57.0353 0.136297
      vertex 34.8 57.5307 0.304482
      vertex 34.8 57.0353 0.136297
    endloop
  endfacet
  facet normal 0 0.321473 -0.946919
    outer loop
      vertex 34.8 57.5307 0.304482
      vertex 0 57.0353 0.136297
      vertex 0 57.5307 0.304482
    endloop
  endfacet
  facet normal 0 0.896887 -0.44226
    outer loop
      vertex 34.8 59.4641 2
      vertex 0 59.6955 2.46927
      vertex 34.8 59.6955 2.46927
    endloop
  endfacet
  facet normal 0 0.896887 -0.44226
    outer loop
      vertex 0 59.6955 2.46927
      vertex 34.8 59.4641 2
      vertex 0 59.4641 2
    endloop
  endfacet
  facet normal 0 -0.0654027 0.997859
    outer loop
      vertex 0 56 8
      vertex 34.8 55.4779 7.96578
      vertex 34.8 56 8
    endloop
  endfacet
  facet normal 0 -0.0654027 0.997859
    outer loop
      vertex 34.8 55.4779 7.96578
      vertex 0 56 8
      vertex 0 55.4779 7.96578
    endloop
  endfacet
  facet normal 0 0.442264 -0.896885
    outer loop
      vertex 0 57.5307 0.304482
      vertex 34.8 58 0.535899
      vertex 34.8 57.5307 0.304482
    endloop
  endfacet
  facet normal 0 0.442264 -0.896885
    outer loop
      vertex 34.8 58 0.535899
      vertex 0 57.5307 0.304482
      vertex 0 58 0.535899
    endloop
  endfacet
  facet normal 0 0.55561 -0.831443
    outer loop
      vertex 0 58 0.535899
      vertex 34.8 58.435 0.826587
      vertex 34.8 58 0.535899
    endloop
  endfacet
  facet normal 0 0.55561 -0.831443
    outer loop
      vertex 34.8 58.435 0.826587
      vertex 0 58 0.535899
      vertex 0 58.435 0.826587
    endloop
  endfacet
  facet normal 0 0.751826 0.659362
    outer loop
      vertex 34.8 59.1734 6.43505
      vertex 0 58.8284 6.82843
      vertex 34.8 58.8284 6.82843
    endloop
  endfacet
  facet normal 0 0.751826 0.659362
    outer loop
      vertex 0 58.8284 6.82843
      vertex 34.8 59.1734 6.43505
      vertex 0 59.1734 6.43505
    endloop
  endfacet
  facet normal 0 0.659325 -0.751858
    outer loop
      vertex 0 58.435 0.826587
      vertex 34.8 58.8284 1.17157
      vertex 34.8 58.435 0.826587
    endloop
  endfacet
  facet normal 0 0.659325 -0.751858
    outer loop
      vertex 34.8 58.8284 1.17157
      vertex 0 58.435 0.826587
      vertex 0 58.8284 1.17157
    endloop
  endfacet
  facet normal -0 0.195087 0.980786
    outer loop
      vertex 0 57.0353 7.8637
      vertex 34.8 56.5221 7.96578
      vertex 34.8 57.0353 7.8637
    endloop
  endfacet
  facet normal 0 0.195087 0.980786
    outer loop
      vertex 34.8 56.5221 7.96578
      vertex 0 57.0353 7.8637
      vertex 0 56.5221 7.96578
    endloop
  endfacet
  facet normal 0 -0.831462 0.555582
    outer loop
      vertex 0 52.5359 6
      vertex 34.8 52.8266 6.43505
      vertex 0 52.8266 6.43505
    endloop
  endfacet
  facet normal 0 -0.831462 0.555582
    outer loop
      vertex 34.8 52.8266 6.43505
      vertex 0 52.5359 6
      vertex 34.8 52.5359 6
    endloop
  endfacet
  facet normal -0 0.0654027 0.997859
    outer loop
      vertex 0 56.5221 7.96578
      vertex 34.8 56 8
      vertex 34.8 56.5221 7.96578
    endloop
  endfacet
  facet normal 0 0.0654027 0.997859
    outer loop
      vertex 34.8 56 8
      vertex 0 56.5221 7.96578
      vertex 0 56 8
    endloop
  endfacet
  facet normal 0 -0.659321 0.751861
    outer loop
      vertex 0 53.565 7.17341
      vertex 34.8 53.1716 6.82843
      vertex 34.8 53.565 7.17341
    endloop
  endfacet
  facet normal 0 -0.659321 0.751861
    outer loop
      vertex 34.8 53.1716 6.82843
      vertex 0 53.565 7.17341
      vertex 0 53.1716 6.82843
    endloop
  endfacet
  facet normal 0 -0.980777 -0.195131
    outer loop
      vertex 0 52.1363 2.96472
      vertex 34.8 52.0342 3.4779
      vertex 0 52.0342 3.4779
    endloop
  endfacet
  facet normal 0 -0.980777 -0.195131
    outer loop
      vertex 34.8 52.0342 3.4779
      vertex 0 52.1363 2.96472
      vertex 34.8 52.1363 2.96472
    endloop
  endfacet
  facet normal 0 0.896887 0.44226
    outer loop
      vertex 34.8 59.6955 5.53073
      vertex 0 59.4641 6
      vertex 34.8 59.4641 6
    endloop
  endfacet
  facet normal 0 0.896887 0.44226
    outer loop
      vertex 0 59.4641 6
      vertex 34.8 59.6955 5.53073
      vertex 0 59.6955 5.53073
    endloop
  endfacet
  facet normal 0 -0.94692 0.321469
    outer loop
      vertex 0 52.1363 5.03528
      vertex 34.8 52.3045 5.53073
      vertex 0 52.3045 5.53073
    endloop
  endfacet
  facet normal 0 -0.94692 0.321469
    outer loop
      vertex 34.8 52.3045 5.53073
      vertex 0 52.1363 5.03528
      vertex 34.8 52.1363 5.03528
    endloop
  endfacet
  facet normal 0 -0.19508 -0.980787
    outer loop
      vertex 0 54.9647 0.136297
      vertex 34.8 55.4779 0.0342207
      vertex 34.8 54.9647 0.136297
    endloop
  endfacet
  facet normal -0 -0.19508 -0.980787
    outer loop
      vertex 34.8 55.4779 0.0342207
      vertex 0 54.9647 0.136297
      vertex 0 55.4779 0.0342207
    endloop
  endfacet
  facet normal -0 0.659321 0.751861
    outer loop
      vertex 0 58.8284 6.82843
      vertex 34.8 58.435 7.17341
      vertex 34.8 58.8284 6.82843
    endloop
  endfacet
  facet normal 0 0.659321 0.751861
    outer loop
      vertex 34.8 58.435 7.17341
      vertex 0 58.8284 6.82843
      vertex 0 58.435 7.17341
    endloop
  endfacet
  facet normal 0 -0.55561 -0.831443
    outer loop
      vertex 0 53.565 0.826587
      vertex 34.8 54 0.535899
      vertex 34.8 53.565 0.826587
    endloop
  endfacet
  facet normal -0 -0.55561 -0.831443
    outer loop
      vertex 34.8 54 0.535899
      vertex 0 53.565 0.826587
      vertex 0 54 0.535899
    endloop
  endfacet
  facet normal 0 0.94692 0.321469
    outer loop
      vertex 34.8 59.8637 5.03528
      vertex 0 59.6955 5.53073
      vertex 34.8 59.6955 5.53073
    endloop
  endfacet
  facet normal 0 0.94692 0.321469
    outer loop
      vertex 0 59.6955 5.53073
      vertex 34.8 59.8637 5.03528
      vertex 0 59.8637 5.03528
    endloop
  endfacet
  facet normal 0 -0.195087 0.980786
    outer loop
      vertex 0 55.4779 7.96578
      vertex 34.8 54.9647 7.8637
      vertex 34.8 55.4779 7.96578
    endloop
  endfacet
  facet normal 0 -0.195087 0.980786
    outer loop
      vertex 34.8 54.9647 7.8637
      vertex 0 55.4779 7.96578
      vertex 0 54.9647 7.8637
    endloop
  endfacet
  facet normal 0 -0.980777 0.195131
    outer loop
      vertex 0 52.0342 4.5221
      vertex 34.8 52.1363 5.03528
      vertex 0 52.1363 5.03528
    endloop
  endfacet
  facet normal 0 -0.980777 0.195131
    outer loop
      vertex 34.8 52.1363 5.03528
      vertex 0 52.0342 4.5221
      vertex 34.8 52.0342 4.5221
    endloop
  endfacet
  facet normal 0 0.831462 -0.555582
    outer loop
      vertex 34.8 59.1734 1.56495
      vertex 0 59.4641 2
      vertex 34.8 59.4641 2
    endloop
  endfacet
  facet normal 0 0.831462 -0.555582
    outer loop
      vertex 0 59.4641 2
      vertex 34.8 59.1734 1.56495
      vertex 0 59.1734 1.56495
    endloop
  endfacet
  facet normal 0 -0.321473 -0.946919
    outer loop
      vertex 0 54.4693 0.304482
      vertex 34.8 54.9647 0.136297
      vertex 34.8 54.4693 0.304482
    endloop
  endfacet
  facet normal -0 -0.321473 -0.946919
    outer loop
      vertex 34.8 54.9647 0.136297
      vertex 0 54.4693 0.304482
      vertex 0 54.9647 0.136297
    endloop
  endfacet
  facet normal 0 -0.997861 -0.0653646
    outer loop
      vertex 0 52.0342 3.4779
      vertex 34.8 52 4
      vertex 0 52 4
    endloop
  endfacet
  facet normal 0 -0.997861 -0.0653646
    outer loop
      vertex 34.8 52 4
      vertex 0 52.0342 3.4779
      vertex 34.8 52.0342 3.4779
    endloop
  endfacet
  facet normal 0 -0.659325 -0.751858
    outer loop
      vertex 0 53.1716 1.17157
      vertex 34.8 53.565 0.826587
      vertex 34.8 53.1716 1.17157
    endloop
  endfacet
  facet normal -0 -0.659325 -0.751858
    outer loop
      vertex 34.8 53.565 0.826587
      vertex 0 53.1716 1.17157
      vertex 0 53.565 0.826587
    endloop
  endfacet
  facet normal 0 0.997861 0.0653646
    outer loop
      vertex 34.8 60 4
      vertex 0 59.9658 4.5221
      vertex 34.8 59.9658 4.5221
    endloop
  endfacet
  facet normal 0 0.997861 0.0653646
    outer loop
      vertex 0 59.9658 4.5221
      vertex 34.8 60 4
      vertex 0 60 4
    endloop
  endfacet
  facet normal 0 -0.831462 -0.555582
    outer loop
      vertex 0 52.8266 1.56495
      vertex 34.8 52.5359 2
      vertex 0 52.5359 2
    endloop
  endfacet
  facet normal 0 -0.831462 -0.555582
    outer loop
      vertex 34.8 52.5359 2
      vertex 0 52.8266 1.56495
      vertex 34.8 52.8266 1.56495
    endloop
  endfacet
  facet normal 0 -0.751826 0.659362
    outer loop
      vertex 0 52.8266 6.43505
      vertex 34.8 53.1716 6.82843
      vertex 0 53.1716 6.82843
    endloop
  endfacet
  facet normal 0 -0.751826 0.659362
    outer loop
      vertex 34.8 53.1716 6.82843
      vertex 0 52.8266 6.43505
      vertex 34.8 52.8266 6.43505
    endloop
  endfacet
  facet normal 0 0.751826 -0.659362
    outer loop
      vertex 34.8 58.8284 1.17157
      vertex 0 59.1734 1.56495
      vertex 34.8 59.1734 1.56495
    endloop
  endfacet
  facet normal 0 0.751826 -0.659362
    outer loop
      vertex 0 59.1734 1.56495
      vertex 34.8 58.8284 1.17157
      vertex 0 58.8284 1.17157
    endloop
  endfacet
  facet normal -0 0.442268 0.896883
    outer loop
      vertex 0 58 7.4641
      vertex 34.8 57.5307 7.69552
      vertex 34.8 58 7.4641
    endloop
  endfacet
  facet normal 0 0.442268 0.896883
    outer loop
      vertex 34.8 57.5307 7.69552
      vertex 0 58 7.4641
      vertex 0 57.5307 7.69552
    endloop
  endfacet
  facet normal 0 0.997861 -0.0653646
    outer loop
      vertex 34.8 59.9658 3.4779
      vertex 0 60 4
      vertex 34.8 60 4
    endloop
  endfacet
  facet normal 0 0.997861 -0.0653646
    outer loop
      vertex 0 60 4
      vertex 34.8 59.9658 3.4779
      vertex 0 59.9658 3.4779
    endloop
  endfacet
  facet normal 0 -0.065404 -0.997859
    outer loop
      vertex 0 55.4779 0.0342207
      vertex 34.8 56 0
      vertex 34.8 55.4779 0.0342207
    endloop
  endfacet
  facet normal -0 -0.065404 -0.997859
    outer loop
      vertex 34.8 56 0
      vertex 0 55.4779 0.0342207
      vertex 0 56 0
    endloop
  endfacet
  facet normal 0 0.980777 0.195131
    outer loop
      vertex 34.8 59.9658 4.5221
      vertex 0 59.8637 5.03528
      vertex 34.8 59.8637 5.03528
    endloop
  endfacet
  facet normal 0 0.980777 0.195131
    outer loop
      vertex 0 59.8637 5.03528
      vertex 34.8 59.9658 4.5221
      vertex 0 59.9658 4.5221
    endloop
  endfacet
  facet normal 0 0.831462 0.555582
    outer loop
      vertex 34.8 59.4641 6
      vertex 0 59.1734 6.43505
      vertex 34.8 59.1734 6.43505
    endloop
  endfacet
  facet normal 0 0.831462 0.555582
    outer loop
      vertex 0 59.1734 6.43505
      vertex 34.8 59.4641 6
      vertex 0 59.4641 6
    endloop
  endfacet
  facet normal 0 -0.997861 0.0653646
    outer loop
      vertex 0 52 4
      vertex 34.8 52.0342 4.5221
      vertex 0 52.0342 4.5221
    endloop
  endfacet
  facet normal 0 -0.997861 0.0653646
    outer loop
      vertex 34.8 52.0342 4.5221
      vertex 0 52 4
      vertex 34.8 52 4
    endloop
  endfacet
  facet normal 0 -0.442264 -0.896885
    outer loop
      vertex 0 54 0.535899
      vertex 34.8 54.4693 0.304482
      vertex 34.8 54 0.535899
    endloop
  endfacet
  facet normal -0 -0.442264 -0.896885
    outer loop
      vertex 34.8 54.4693 0.304482
      vertex 0 54 0.535899
      vertex 0 54.4693 0.304482
    endloop
  endfacet
  facet normal -0 0.321464 0.946922
    outer loop
      vertex 0 57.5307 7.69552
      vertex 34.8 57.0353 7.8637
      vertex 34.8 57.5307 7.69552
    endloop
  endfacet
  facet normal 0 0.321464 0.946922
    outer loop
      vertex 34.8 57.0353 7.8637
      vertex 0 57.5307 7.69552
      vertex 0 57.0353 7.8637
    endloop
  endfacet
  facet normal 0 -0.321464 0.946922
    outer loop
      vertex 0 54.9647 7.8637
      vertex 34.8 54.4693 7.69552
      vertex 34.8 54.9647 7.8637
    endloop
  endfacet
  facet normal 0 -0.321464 0.946922
    outer loop
      vertex 34.8 54.4693 7.69552
      vertex 0 54.9647 7.8637
      vertex 0 54.4693 7.69552
    endloop
  endfacet
  facet normal -1 0 0
    outer loop
      vertex 0 59.9658 3.4779
      vertex 0 59.9658 4.5221
      vertex 0 60 4
    endloop
  endfacet
  facet normal -1 0 0
    outer loop
      vertex 0 59.8637 2.96472
      vertex 0 59.9658 4.5221
      vertex 0 59.9658 3.4779
    endloop
  endfacet
  facet normal -1 0 0
    outer loop
      vertex 0 59.8637 2.96472
      vertex 0 59.8637 5.03528
      vertex 0 59.9658 4.5221
    endloop
  endfacet
  facet normal -1 0 0
    outer loop
      vertex 0 59.6955 2.46927
      vertex 0 59.8637 5.03528
      vertex 0 59.8637 2.96472
    endloop
  endfacet
  facet normal -1 0 0
    outer loop
      vertex 0 59.6955 2.46927
      vertex 0 59.6955 5.53073
      vertex 0 59.8637 5.03528
    endloop
  endfacet
  facet normal -1 0 0
    outer loop
      vertex 0 59.4641 2
      vertex 0 59.6955 5.53073
      vertex 0 59.6955 2.46927
    endloop
  endfacet
  facet normal -1 0 0
    outer loop
      vertex 0 59.4641 2
      vertex 0 59.4641 6
      vertex 0 59.6955 5.53073
    endloop
  endfacet
  facet normal -1 0 0
    outer loop
      vertex 0 59.1734 1.56495
      vertex 0 59.4641 6
      vertex 0 59.4641 2
    endloop
  endfacet
  facet normal -1 0 0
    outer loop
      vertex 0 59.1734 1.56495
      vertex 0 59.1734 6.43505
      vertex 0 59.4641 6
    endloop
  endfacet
  facet normal -1 0 0
    outer loop
      vertex 0 58.8284 1.17157
      vertex 0 59.1734 6.43505
      vertex 0 59.1734 1.56495
    endloop
  endfacet
  facet normal -1 0 0
    outer loop
      vertex 0 58.8284 1.17157
      vertex 0 58.8284 6.82843
      vertex 0 59.1734 6.43505
    endloop
  endfacet
  facet normal -1 0 0
    outer loop
      vertex 0 58.435 0.826587
      vertex 0 58.8284 6.82843
      vertex 0 58.8284 1.17157
    endloop
  endfacet
  facet normal -1 0 0
    outer loop
      vertex 0 58.435 0.826587
      vertex 0 58.435 7.17341
      vertex 0 58.8284 6.82843
    endloop
  endfacet
  facet normal -1 0 0
    outer loop
      vertex 0 58 0.535899
      vertex 0 58.435 7.17341
      vertex 0 58.435 0.826587
    endloop
  endfacet
  facet normal -1 0 0
    outer loop
      vertex 0 58 0.535899
      vertex 0 58 7.4641
      vertex 0 58.435 7.17341
    endloop
  endfacet
  facet normal -1 0 0
    outer loop
      vertex 0 57.5307 0.304482
      vertex 0 58 7.4641
      vertex 0 58 0.535899
    endloop
  endfacet
  facet normal -1 0 0
    outer loop
      vertex 0 57.5307 0.304482
      vertex 0 57.5307 7.69552
      vertex 0 58 7.4641
    endloop
  endfacet
  facet normal -1 0 0
    outer loop
      vertex 0 57.0353 0.136297
      vertex 0 57.5307 7.69552
      vertex 0 57.5307 0.304482
    endloop
  endfacet
  facet normal -1 0 0
    outer loop
      vertex 0 57.0353 0.136297
      vertex 0 57.0353 7.8637
      vertex 0 57.5307 7.69552
    endloop
  endfacet
  facet normal -1 0 0
    outer loop
      vertex 0 56.5221 0.0342207
      vertex 0 57.0353 7.8637
      vertex 0 57.0353 0.136297
    endloop
  endfacet
  facet normal -1 0 0
    outer loop
      vertex 0 56.5221 0.0342207
      vertex 0 56.5221 7.96578
      vertex 0 57.0353 7.8637
    endloop
  endfacet
  facet normal -1 0 0
    outer loop
      vertex 0 56 0
      vertex 0 56.5221 7.96578
      vertex 0 56.5221 0.0342207
    endloop
  endfacet
  facet normal -1 0 0
    outer loop
      vertex 0 56 0
      vertex 0 56 8
      vertex 0 56.5221 7.96578
    endloop
  endfacet
  facet normal -1 0 0
    outer loop
      vertex 0 55.4779 0.0342207
      vertex 0 56 8
      vertex 0 56 0
    endloop
  endfacet
  facet normal -1 0 0
    outer loop
      vertex 0 55.4779 0.0342207
      vertex 0 55.4779 7.96578
      vertex 0 56 8
    endloop
  endfacet
  facet normal -1 0 0
    outer loop
      vertex 0 54.9647 0.136297
      vertex 0 55.4779 7.96578
      vertex 0 55.4779 0.0342207
    endloop
  endfacet
  facet normal -1 0 0
    outer loop
      vertex 0 54.9647 0.136297
      vertex 0 54.9647 7.8637
      vertex 0 55.4779 7.96578
    endloop
  endfacet
  facet normal -1 0 0
    outer loop
      vertex 0 54.4693 0.304482
      vertex 0 54.9647 7.8637
      vertex 0 54.9647 0.136297
    endloop
  endfacet
  facet normal -1 0 0
    outer loop
      vertex 0 54.4693 0.304482
      vertex 0 54.4693 7.69552
      vertex 0 54.9647 7.8637
    endloop
  endfacet
  facet normal -1 0 0
    outer loop
      vertex 0 54 0.535899
      vertex 0 54.4693 7.69552
      vertex 0 54.4693 0.304482
    endloop
  endfacet
  facet normal -1 0 0
    outer loop
      vertex 0 54 0.535899
      vertex 0 54 7.4641
      vertex 0 54.4693 7.69552
    endloop
  endfacet
  facet normal -1 0 0
    outer loop
      vertex 0 53.565 0.826587
      vertex 0 54 7.4641
      vertex 0 54 0.535899
    endloop
  endfacet
  facet normal -1 0 0
    outer loop
      vertex 0 53.565 0.826587
      vertex 0 53.565 7.17341
      vertex 0 54 7.4641
    endloop
  endfacet
  facet normal -1 0 0
    outer loop
      vertex 0 53.1716 1.17157
      vertex 0 53.565 7.17341
      vertex 0 53.565 0.826587
    endloop
  endfacet
  facet normal -1 0 0
    outer loop
      vertex 0 53.1716 1.17157
      vertex 0 53.1716 6.82843
      vertex 0 53.565 7.17341
    endloop
  endfacet
  facet normal -1 0 0
    outer loop
      vertex 0 52.8266 1.56495
      vertex 0 53.1716 6.82843
      vertex 0 53.1716 1.17157
    endloop
  endfacet
  facet normal -1 0 0
    outer loop
      vertex 0 52.8266 1.56495
      vertex 0 52.8266 6.43505
      vertex 0 53.1716 6.82843
    endloop
  endfacet
  facet normal -1 0 0
    outer loop
      vertex 0 52.5359 2
      vertex 0 52.8266 6.43505
      vertex 0 52.8266 1.56495
    endloop
  endfacet
  facet normal -1 0 0
    outer loop
      vertex 0 52.5359 2
      vertex 0 52.5359 6
      vertex 0 52.8266 6.43505
    endloop
  endfacet
  facet normal -1 0 0
    outer loop
      vertex 0 52.3045 2.46927
      vertex 0 52.5359 6
      vertex 0 52.5359 2
    endloop
  endfacet
  facet normal -1 0 0
    outer loop
      vertex 0 52.3045 2.46927
      vertex 0 52.3045 5.53073
      vertex 0 52.5359 6
    endloop
  endfacet
  facet normal -1 0 0
    outer loop
      vertex 0 52.1363 2.96472
      vertex 0 52.3045 5.53073
      vertex 0 52.3045 2.46927
    endloop
  endfacet
  facet normal -1 0 0
    outer loop
      vertex 0 52.1363 2.96472
      vertex 0 52.1363 5.03528
      vertex 0 52.3045 5.53073
    endloop
  endfacet
  facet normal -1 0 0
    outer loop
      vertex 0 52.0342 3.4779
      vertex 0 52.1363 5.03528
      vertex 0 52.1363 2.96472
    endloop
  endfacet
  facet normal -1 0 0
    outer loop
      vertex 0 52.0342 3.4779
      vertex 0 52.0342 4.5221
      vertex 0 52.1363 5.03528
    endloop
  endfacet
  facet normal -1 0 -0
    outer loop
      vertex 0 52.0342 4.5221
      vertex 0 52.0342 3.4779
      vertex 0 52 4
    endloop
  endfacet
  facet normal -0 0.555613 0.831441
    outer loop
      vertex 0 58.435 7.17341
      vertex 34.8 58 7.4641
      vertex 34.8 58.435 7.17341
    endloop
  endfacet
  facet normal 0 0.555613 0.831441
    outer loop
      vertex 34.8 58 7.4641
      vertex 0 58.435 7.17341
      vertex 0 58 7.4641
    endloop
  endfacet
  facet normal 0 -0.896887 -0.44226
    outer loop
      vertex 0 52.5359 2
      vertex 34.8 52.3045 2.46927
      vertex 0 52.3045 2.46927
    endloop
  endfacet
  facet normal 0 -0.896887 -0.44226
    outer loop
      vertex 34.8 52.3045 2.46927
      vertex 0 52.5359 2
      vertex 34.8 52.5359 2
    endloop
  endfacet
  facet normal 0 -0.94692 -0.321469
    outer loop
      vertex 0 52.3045 2.46927
      vertex 34.8 52.1363 2.96472
      vertex 0 52.1363 2.96472
    endloop
  endfacet
  facet normal 0 -0.94692 -0.321469
    outer loop
      vertex 34.8 52.1363 2.96472
      vertex 0 52.3045 2.46927
      vertex 34.8 52.3045 2.46927
    endloop
  endfacet
  facet normal 0 -0.751826 -0.659362
    outer loop
      vertex 0 53.1716 1.17157
      vertex 34.8 52.8266 1.56495
      vertex 0 52.8266 1.56495
    endloop
  endfacet
  facet normal 0 -0.751826 -0.659362
    outer loop
      vertex 34.8 52.8266 1.56495
      vertex 0 53.1716 1.17157
      vertex 34.8 53.1716 1.17157
    endloop
  endfacet
  facet normal 0 -0.442268 0.896883
    outer loop
      vertex 0 54.4693 7.69552
      vertex 34.8 54 7.4641
      vertex 34.8 54.4693 7.69552
    endloop
  endfacet
  facet normal 0 -0.442268 0.896883
    outer loop
      vertex 34.8 54 7.4641
      vertex 0 54.4693 7.69552
      vertex 0 54 7.4641
    endloop
  endfacet
  facet normal 0 0.980777 -0.195131
    outer loop
      vertex 34.8 59.8637 2.96472
      vertex 0 59.9658 3.4779
      vertex 34.8 59.9658 3.4779
    endloop
  endfacet
  facet normal 0 0.980777 -0.195131
    outer loop
      vertex 0 59.9658 3.4779
      vertex 34.8 59.8637 2.96472
      vertex 0 59.8637 2.96472
    endloop
  endfacet
  facet normal 0 -0.896887 0.44226
    outer loop
      vertex 0 52.3045 5.53073
      vertex 34.8 52.5359 6
      vertex 0 52.5359 6
    endloop
  endfacet
  facet normal 0 -0.896887 0.44226
    outer loop
      vertex 34.8 52.5359 6
      vertex 0 52.3045 5.53073
      vertex 34.8 52.3045 5.53073
    endloop
  endfacet
  facet normal 0 -0.555613 0.831441
    outer loop
      vertex 0 54 7.4641
      vertex 34.8 53.565 7.17341
      vertex 34.8 54 7.4641
    endloop
  endfacet
  facet normal 0 -0.555613 0.831441
    outer loop
      vertex 34.8 53.565 7.17341
      vertex 0 54 7.4641
      vertex 0 53.565 7.17341
    endloop
  endfacet
  facet normal 0.553877 0.0544553 -0.830816
    outer loop
      vertex 36 56 0.8
      vertex 34.8 56 0
      vertex 34.8 56.5221 0.0342207
    endloop
  endfacet
  facet normal 0.553873 -0.267659 -0.788406
    outer loop
      vertex 34.8 54.9647 0.136297
      vertex 36 54.7754 1.04359
      vertex 34.8 54.4693 0.304482
    endloop
  endfacet
  facet normal 0.553885 -0.267615 -0.788412
    outer loop
      vertex 36 54.7754 1.04359
      vertex 34.8 54.9647 0.136297
      vertex 36 55.1718 0.909038
    endloop
  endfacet
  facet normal 0.553859 -0.816605 -0.162468
    outer loop
      vertex 36 52.909 3.17178
      vertex 34.8 52.0342 3.4779
      vertex 34.8 52.1363 2.96472
    endloop
  endfacet
  facet normal 0.553877 -0.0544553 -0.830816
    outer loop
      vertex 36 56 0.8
      vertex 34.8 55.4779 0.0342207
      vertex 34.8 56 0
    endloop
  endfacet
  facet normal 0.553902 0.816608 0.162311
    outer loop
      vertex 36 59.1726 4.41768
      vertex 34.8 59.9658 4.5221
      vertex 36 59.091 4.82822
    endloop
  endfacet
  facet normal 0.553876 -0.746761 -0.368198
    outer loop
      vertex 36 53.0436 2.77541
      vertex 34.8 52.3045 2.46927
      vertex 36 53.2287 2.4
    endloop
  endfacet
  facet normal 0.553876 0.4626 -0.692259
    outer loop
      vertex 36 57.6 1.22872
      vertex 34.8 58.435 0.826587
      vertex 36 57.948 1.46127
    endloop
  endfacet
  facet normal 0.553877 0.162444 0.816598
    outer loop
      vertex 36 56.8282 7.09096
      vertex 34.8 56.5221 7.96578
      vertex 36 56.4177 7.17262
    endloop
  endfacet
  facet normal 0.553875 0.462601 0.69226
    outer loop
      vertex 36 57.948 6.53873
      vertex 34.8 58.435 7.17341
      vertex 36 57.6 6.77128
    endloop
  endfacet
  facet normal 0.553869 -0.368256 -0.746737
    outer loop
      vertex 36 54.4 1.22872
      vertex 34.8 54.4693 0.304482
      vertex 36 54.7754 1.04359
    endloop
  endfacet
  facet normal 0.553878 0.830817 -0.0544224
    outer loop
      vertex 36 59.2 4
      vertex 34.8 59.9658 3.4779
      vertex 34.8 60 4
    endloop
  endfacet
  facet normal 0.553869 0.692278 0.46258
    outer loop
      vertex 34.8 59.4641 6
      vertex 34.8 59.1734 6.43505
      vertex 36 58.7713 5.6
    endloop
  endfacet
  facet normal 0.553875 0.788405 0.267655
    outer loop
      vertex 36 58.9564 5.22459
      vertex 34.8 59.8637 5.03528
      vertex 34.8 59.6955 5.53073
    endloop
  endfacet
  facet normal 0.553856 0.788395 0.267724
    outer loop
      vertex 34.8 59.8637 5.03528
      vertex 36 58.9564 5.22459
      vertex 36 59.091 4.82822
    endloop
  endfacet
  facet normal 0.553883 0.548948 0.625996
    outer loop
      vertex 34.8 58.435 7.17341
      vertex 36 58.2627 6.26274
      vertex 34.8 58.8284 6.82843
    endloop
  endfacet
  facet normal 0.553873 0.548978 0.625977
    outer loop
      vertex 36 58.2627 6.26274
      vertex 34.8 58.435 7.17341
      vertex 36 57.948 6.53873
    endloop
  endfacet
  facet normal 0.553856 0.788395 -0.267724
    outer loop
      vertex 36 58.9564 2.77541
      vertex 34.8 59.8637 2.96472
      vertex 36 59.091 3.17178
    endloop
  endfacet
  facet normal 0.553875 0.788405 -0.267655
    outer loop
      vertex 34.8 59.8637 2.96472
      vertex 36 58.9564 2.77541
      vertex 34.8 59.6955 2.46927
    endloop
  endfacet
  facet normal 0.553876 0.462603 0.692257
    outer loop
      vertex 34.8 58.435 7.17341
      vertex 34.8 58 7.4641
      vertex 36 57.6 6.77128
    endloop
  endfacet
  facet normal 0.553877 -0.0544542 0.830816
    outer loop
      vertex 34.8 56 8
      vertex 34.8 55.4779 7.96578
      vertex 36 56 7.2
    endloop
  endfacet
  facet normal 0.553881 0.162429 0.816598
    outer loop
      vertex 34.8 57.0353 7.8637
      vertex 34.8 56.5221 7.96578
      vertex 36 56.8282 7.09096
    endloop
  endfacet
  facet normal 0.553876 0.746761 -0.368198
    outer loop
      vertex 36 58.7713 2.4
      vertex 34.8 59.6955 2.46927
      vertex 36 58.9564 2.77541
    endloop
  endfacet
  facet normal 0.553876 -0.462603 0.692257
    outer loop
      vertex 34.8 54 7.4641
      vertex 34.8 53.565 7.17341
      vertex 36 54.4 6.77128
    endloop
  endfacet
  facet normal 0.553876 -0.4626 -0.692259
    outer loop
      vertex 36 54.052 1.46127
      vertex 34.8 53.565 0.826587
      vertex 36 54.4 1.22872
    endloop
  endfacet
  facet normal 0.553883 -0.54895 -0.625993
    outer loop
      vertex 34.8 53.565 0.826587
      vertex 36 53.7373 1.73726
      vertex 34.8 53.1716 1.17157
    endloop
  endfacet
  facet normal 0.553874 -0.548978 -0.625977
    outer loop
      vertex 36 53.7373 1.73726
      vertex 34.8 53.565 0.826587
      vertex 36 54.052 1.46127
    endloop
  endfacet
  facet normal 0.553878 -0.830817 -0.0544224
    outer loop
      vertex 36 52.8 4
      vertex 34.8 52 4
      vertex 34.8 52.0342 3.4779
    endloop
  endfacet
  facet normal 0.553859 0.816605 -0.162468
    outer loop
      vertex 36 59.091 3.17178
      vertex 34.8 59.8637 2.96472
      vertex 34.8 59.9658 3.4779
    endloop
  endfacet
  facet normal 0.553878 0.830817 0.0544224
    outer loop
      vertex 34.8 60 4
      vertex 34.8 59.9658 4.5221
      vertex 36 59.2 4
    endloop
  endfacet
  facet normal 0.553868 -0.746752 0.368228
    outer loop
      vertex 34.8 52.5359 6
      vertex 34.8 52.3045 5.53073
      vertex 36 53.2287 5.6
    endloop
  endfacet
  facet normal 0.553876 0.368232 0.746744
    outer loop
      vertex 34.8 58 7.4641
      vertex 34.8 57.5307 7.69552
      vertex 36 57.6 6.77128
    endloop
  endfacet
  facet normal 0.553869 -0.692278 0.46258
    outer loop
      vertex 34.8 52.8266 6.43505
      vertex 34.8 52.5359 6
      vertex 36 53.2287 5.6
    endloop
  endfacet
  facet normal 0.553869 0.368256 -0.746737
    outer loop
      vertex 36 57.2246 1.04359
      vertex 34.8 57.5307 0.304482
      vertex 36 57.6 1.22872
    endloop
  endfacet
  facet normal 0.5539 -0.830798 0.0545007
    outer loop
      vertex 36 52.8274 4.41768
      vertex 34.8 52.0342 4.5221
      vertex 36 52.8 4
    endloop
  endfacet
  facet normal 0.553876 0.462601 -0.692259
    outer loop
      vertex 36 57.6 1.22872
      vertex 34.8 58 0.535899
      vertex 34.8 58.435 0.826587
    endloop
  endfacet
  facet normal 0.553876 0.746761 0.368198
    outer loop
      vertex 36 58.9564 5.22459
      vertex 34.8 59.6955 5.53073
      vertex 36 58.7713 5.6
    endloop
  endfacet
  facet normal 0.553874 0.548978 -0.625977
    outer loop
      vertex 34.8 58.435 0.826587
      vertex 36 58.2627 1.73726
      vertex 36 57.948 1.46127
    endloop
  endfacet
  facet normal 0.553883 0.54895 -0.625993
    outer loop
      vertex 36 58.2627 1.73726
      vertex 34.8 58.435 0.826587
      vertex 34.8 58.8284 1.17157
    endloop
  endfacet
  facet normal 0.553859 0.816605 0.162468
    outer loop
      vertex 34.8 59.9658 4.5221
      vertex 34.8 59.8637 5.03528
      vertex 36 59.091 4.82822
    endloop
  endfacet
  facet normal 0.553869 0.692278 -0.46258
    outer loop
      vertex 36 58.7713 2.4
      vertex 34.8 59.1734 1.56495
      vertex 34.8 59.4641 2
    endloop
  endfacet
  facet normal 0.553877 0.0544542 0.830816
    outer loop
      vertex 34.8 56.5221 7.96578
      vertex 34.8 56 8
      vertex 36 56 7.2
    endloop
  endfacet
  facet normal 0.553884 -0.267611 0.788414
    outer loop
      vertex 34.8 54.9647 7.8637
      vertex 36 54.7754 6.95641
      vertex 36 55.1718 7.09096
    endloop
  endfacet
  facet normal 0.553873 -0.267651 0.788408
    outer loop
      vertex 36 54.7754 6.95641
      vertex 34.8 54.9647 7.8637
      vertex 34.8 54.4693 7.69552
    endloop
  endfacet
  facet normal 0.553878 -0.830817 0.0544224
    outer loop
      vertex 34.8 52.0342 4.5221
      vertex 34.8 52 4
      vertex 36 52.8 4
    endloop
  endfacet
  facet normal 0.553881 -0.162423 -0.816599
    outer loop
      vertex 36 55.1718 0.909038
      vertex 34.8 54.9647 0.136297
      vertex 34.8 55.4779 0.0342207
    endloop
  endfacet
  facet normal 0.553877 -0.368228 -0.746745
    outer loop
      vertex 36 54.4 1.22872
      vertex 34.8 54 0.535899
      vertex 34.8 54.4693 0.304482
    endloop
  endfacet
  facet normal 0.553856 -0.788395 -0.267724
    outer loop
      vertex 34.8 52.1363 2.96472
      vertex 36 53.0436 2.77541
      vertex 36 52.909 3.17178
    endloop
  endfacet
  facet normal 0.553875 -0.788405 -0.267655
    outer loop
      vertex 36 53.0436 2.77541
      vertex 34.8 52.1363 2.96472
      vertex 34.8 52.3045 2.46927
    endloop
  endfacet
  facet normal 0.5539 -0.830798 -0.0545007
    outer loop
      vertex 36 52.8 4
      vertex 34.8 52.0342 3.4779
      vertex 36 52.8274 3.58232
    endloop
  endfacet
  facet normal 0.5539 0.830798 0.0545007
    outer loop
      vertex 36 59.2 4
      vertex 34.8 59.9658 4.5221
      vertex 36 59.1726 4.41768
    endloop
  endfacet
  facet normal 0.553868 -0.746752 -0.368228
    outer loop
      vertex 36 53.2287 2.4
      vertex 34.8 52.3045 2.46927
      vertex 34.8 52.5359 2
    endloop
  endfacet
  facet normal 0.553887 -0.692232 -0.462628
    outer loop
      vertex 36 53.2287 2.4
      vertex 34.8 52.8266 1.56495
      vertex 36 53.4613 2.05196
    endloop
  endfacet
  facet normal 0.553879 0.0544594 0.830814
    outer loop
      vertex 36 56.4177 7.17262
      vertex 34.8 56.5221 7.96578
      vertex 36 56 7.2
    endloop
  endfacet
  facet normal 0.553877 0.368228 -0.746745
    outer loop
      vertex 36 57.6 1.22872
      vertex 34.8 57.5307 0.304482
      vertex 34.8 58 0.535899
    endloop
  endfacet
  facet normal 0.553887 0.692232 -0.462628
    outer loop
      vertex 36 58.5387 2.05196
      vertex 34.8 59.1734 1.56495
      vertex 36 58.7713 2.4
    endloop
  endfacet
  facet normal 0.553868 0.746752 -0.368228
    outer loop
      vertex 36 58.7713 2.4
      vertex 34.8 59.4641 2
      vertex 34.8 59.6955 2.46927
    endloop
  endfacet
  facet normal 0.553859 -0.816605 0.162468
    outer loop
      vertex 34.8 52.1363 5.03528
      vertex 34.8 52.0342 4.5221
      vertex 36 52.909 4.82822
    endloop
  endfacet
  facet normal 0.553875 0.162446 -0.816599
    outer loop
      vertex 36 56.4177 0.827377
      vertex 34.8 56.5221 0.0342207
      vertex 36 56.8282 0.909038
    endloop
  endfacet
  facet normal 0.553883 -0.625962 -0.548985
    outer loop
      vertex 34.8 52.8266 1.56495
      vertex 36 53.7373 1.73726
      vertex 36 53.4613 2.05196
    endloop
  endfacet
  facet normal 0.553884 -0.625965 -0.548981
    outer loop
      vertex 36 53.7373 1.73726
      vertex 34.8 52.8266 1.56495
      vertex 34.8 53.1716 1.17157
    endloop
  endfacet
  facet normal 0.553902 -0.816608 0.162311
    outer loop
      vertex 36 52.909 4.82822
      vertex 34.8 52.0342 4.5221
      vertex 36 52.8274 4.41768
    endloop
  endfacet
  facet normal 0.553884 -0.625965 0.548981
    outer loop
      vertex 34.8 52.8266 6.43505
      vertex 36 53.7373 6.26274
      vertex 34.8 53.1716 6.82843
    endloop
  endfacet
  facet normal 0.553883 -0.625962 0.548985
    outer loop
      vertex 36 53.7373 6.26274
      vertex 34.8 52.8266 6.43505
      vertex 36 53.4613 5.94804
    endloop
  endfacet
  facet normal 0.553873 -0.548978 0.625977
    outer loop
      vertex 34.8 53.565 7.17341
      vertex 36 53.7373 6.26274
      vertex 36 54.052 6.53873
    endloop
  endfacet
  facet normal 0.553883 -0.548948 0.625996
    outer loop
      vertex 36 53.7373 6.26274
      vertex 34.8 53.565 7.17341
      vertex 34.8 53.1716 6.82843
    endloop
  endfacet
  facet normal 0.553875 -0.162446 -0.816599
    outer loop
      vertex 36 55.1718 0.909038
      vertex 34.8 55.4779 0.0342207
      vertex 36 55.5823 0.827377
    endloop
  endfacet
  facet normal 0.553877 -0.0544536 -0.830816
    outer loop
      vertex 36 55.5823 0.827377
      vertex 34.8 55.4779 0.0342207
      vertex 36 56 0.8
    endloop
  endfacet
  facet normal 0.553902 0.816608 -0.162311
    outer loop
      vertex 36 59.091 3.17178
      vertex 34.8 59.9658 3.4779
      vertex 36 59.1726 3.58232
    endloop
  endfacet
  facet normal 0.553869 -0.692278 -0.46258
    outer loop
      vertex 36 53.2287 2.4
      vertex 34.8 52.5359 2
      vertex 34.8 52.8266 1.56495
    endloop
  endfacet
  facet normal 0.553883 0.625962 -0.548985
    outer loop
      vertex 36 58.2627 1.73726
      vertex 34.8 59.1734 1.56495
      vertex 36 58.5387 2.05196
    endloop
  endfacet
  facet normal 0.553884 0.625965 -0.548981
    outer loop
      vertex 34.8 59.1734 1.56495
      vertex 36 58.2627 1.73726
      vertex 34.8 58.8284 1.17157
    endloop
  endfacet
  facet normal 0.553875 -0.788405 0.267655
    outer loop
      vertex 34.8 52.1363 5.03528
      vertex 36 53.0436 5.22459
      vertex 34.8 52.3045 5.53073
    endloop
  endfacet
  facet normal 0.553856 -0.788395 0.267724
    outer loop
      vertex 36 53.0436 5.22459
      vertex 34.8 52.1363 5.03528
      vertex 36 52.909 4.82822
    endloop
  endfacet
  facet normal 0.553885 0.267615 -0.788412
    outer loop
      vertex 34.8 57.0353 0.136297
      vertex 36 57.2246 1.04359
      vertex 36 56.8282 0.909038
    endloop
  endfacet
  facet normal 0.553873 0.267659 -0.788406
    outer loop
      vertex 36 57.2246 1.04359
      vertex 34.8 57.0353 0.136297
      vertex 34.8 57.5307 0.304482
    endloop
  endfacet
  facet normal 0.553868 0.746752 0.368228
    outer loop
      vertex 34.8 59.6955 5.53073
      vertex 34.8 59.4641 6
      vertex 36 58.7713 5.6
    endloop
  endfacet
  facet normal 0.553884 0.625965 0.548981
    outer loop
      vertex 36 58.2627 6.26274
      vertex 34.8 59.1734 6.43505
      vertex 34.8 58.8284 6.82843
    endloop
  endfacet
  facet normal 0.553883 0.625962 0.548985
    outer loop
      vertex 34.8 59.1734 6.43505
      vertex 36 58.2627 6.26274
      vertex 36 58.5387 5.94804
    endloop
  endfacet
  facet normal 0.553887 0.692232 0.462628
    outer loop
      vertex 36 58.7713 5.6
      vertex 34.8 59.1734 6.43505
      vertex 36 58.5387 5.94804
    endloop
  endfacet
  facet normal 0.5539 0.830798 -0.0545007
    outer loop
      vertex 36 59.1726 3.58232
      vertex 34.8 59.9658 3.4779
      vertex 36 59.2 4
    endloop
  endfacet
  facet normal 0.553879 -0.0544594 0.830814
    outer loop
      vertex 36 56 7.2
      vertex 34.8 55.4779 7.96578
      vertex 36 55.5823 7.17262
    endloop
  endfacet
  facet normal 0.553877 -0.162444 0.816598
    outer loop
      vertex 36 55.5823 7.17262
      vertex 34.8 55.4779 7.96578
      vertex 36 55.1718 7.09096
    endloop
  endfacet
  facet normal 0.55387 0.368256 0.746737
    outer loop
      vertex 36 57.6 6.77128
      vertex 34.8 57.5307 7.69552
      vertex 36 57.2246 6.95641
    endloop
  endfacet
  facet normal 0.553876 -0.746761 0.368198
    outer loop
      vertex 36 53.2287 5.6
      vertex 34.8 52.3045 5.53073
      vertex 36 53.0436 5.22459
    endloop
  endfacet
  facet normal 0.553875 -0.462601 0.69226
    outer loop
      vertex 36 54.4 6.77128
      vertex 34.8 53.565 7.17341
      vertex 36 54.052 6.53873
    endloop
  endfacet
  facet normal 0.553873 0.267651 0.788408
    outer loop
      vertex 34.8 57.0353 7.8637
      vertex 36 57.2246 6.95641
      vertex 34.8 57.5307 7.69552
    endloop
  endfacet
  facet normal 0.553884 0.267611 0.788414
    outer loop
      vertex 36 57.2246 6.95641
      vertex 34.8 57.0353 7.8637
      vertex 36 56.8282 7.09096
    endloop
  endfacet
  facet normal 0.553876 -0.462601 -0.692259
    outer loop
      vertex 36 54.4 1.22872
      vertex 34.8 53.565 0.826587
      vertex 34.8 54 0.535899
    endloop
  endfacet
  facet normal 0.553881 0.162423 -0.816599
    outer loop
      vertex 36 56.8282 0.909038
      vertex 34.8 56.5221 0.0342207
      vertex 34.8 57.0353 0.136297
    endloop
  endfacet
  facet normal 0.553877 0.0544536 -0.830816
    outer loop
      vertex 36 56 0.8
      vertex 34.8 56.5221 0.0342207
      vertex 36 56.4177 0.827377
    endloop
  endfacet
  facet normal 0.553902 -0.816608 -0.162311
    outer loop
      vertex 36 52.8274 3.58232
      vertex 34.8 52.0342 3.4779
      vertex 36 52.909 3.17178
    endloop
  endfacet
  facet normal 0.553887 -0.692232 0.462628
    outer loop
      vertex 36 53.4613 5.94804
      vertex 34.8 52.8266 6.43505
      vertex 36 53.2287 5.6
    endloop
  endfacet
  facet normal 0.55387 -0.368256 0.746737
    outer loop
      vertex 36 54.7754 6.95641
      vertex 34.8 54.4693 7.69552
      vertex 36 54.4 6.77128
    endloop
  endfacet
  facet normal 0.553876 -0.368232 0.746744
    outer loop
      vertex 34.8 54.4693 7.69552
      vertex 34.8 54 7.4641
      vertex 36 54.4 6.77128
    endloop
  endfacet
  facet normal 1 0 0
    outer loop
      vertex 36 59.1726 4.41768
      vertex 36 59.1726 3.58232
      vertex 36 59.2 4
    endloop
  endfacet
  facet normal 1 0 0
    outer loop
      vertex 36 59.091 4.82822
      vertex 36 59.1726 3.58232
      vertex 36 59.1726 4.41768
    endloop
  endfacet
  facet normal 1 0 0
    outer loop
      vertex 36 59.091 4.82822
      vertex 36 59.091 3.17178
      vertex 36 59.1726 3.58232
    endloop
  endfacet
  facet normal 1 0 0
    outer loop
      vertex 36 58.9564 5.22459
      vertex 36 59.091 3.17178
      vertex 36 59.091 4.82822
    endloop
  endfacet
  facet normal 1 0 0
    outer loop
      vertex 36 58.9564 5.22459
      vertex 36 58.9564 2.77541
      vertex 36 59.091 3.17178
    endloop
  endfacet
  facet normal 1 0 0
    outer loop
      vertex 36 58.7713 5.6
      vertex 36 58.9564 2.77541
      vertex 36 58.9564 5.22459
    endloop
  endfacet
  facet normal 1 0 0
    outer loop
      vertex 36 58.7713 5.6
      vertex 36 58.7713 2.4
      vertex 36 58.9564 2.77541
    endloop
  endfacet
  facet normal 1 0 0
    outer loop
      vertex 36 58.5387 5.94804
      vertex 36 58.7713 2.4
      vertex 36 58.7713 5.6
    endloop
  endfacet
  facet normal 1 0 0
    outer loop
      vertex 36 58.5387 5.94804
      vertex 36 58.5387 2.05196
      vertex 36 58.7713 2.4
    endloop
  endfacet
  facet normal 1 0 0
    outer loop
      vertex 36 58.2627 6.26274
      vertex 36 58.5387 2.05196
      vertex 36 58.5387 5.94804
    endloop
  endfacet
  facet normal 1 0 0
    outer loop
      vertex 36 58.2627 6.26274
      vertex 36 58.2627 1.73726
      vertex 36 58.5387 2.05196
    endloop
  endfacet
  facet normal 1 0 0
    outer loop
      vertex 36 57.948 6.53873
      vertex 36 58.2627 1.73726
      vertex 36 58.2627 6.26274
    endloop
  endfacet
  facet normal 1 0 0
    outer loop
      vertex 36 57.948 6.53873
      vertex 36 57.948 1.46127
      vertex 36 58.2627 1.73726
    endloop
  endfacet
  facet normal 1 0 0
    outer loop
      vertex 36 57.6 6.77128
      vertex 36 57.948 1.46127
      vertex 36 57.948 6.53873
    endloop
  endfacet
  facet normal 1 0 0
    outer loop
      vertex 36 57.6 6.77128
      vertex 36 57.6 1.22872
      vertex 36 57.948 1.46127
    endloop
  endfacet
  facet normal 1 0 0
    outer loop
      vertex 36 57.2246 6.95641
      vertex 36 57.6 1.22872
      vertex 36 57.6 6.77128
    endloop
  endfacet
  facet normal 1 0 0
    outer loop
      vertex 36 57.2246 6.95641
      vertex 36 57.2246 1.04359
      vertex 36 57.6 1.22872
    endloop
  endfacet
  facet normal 1 0 0
    outer loop
      vertex 36 56.8282 7.09096
      vertex 36 57.2246 1.04359
      vertex 36 57.2246 6.95641
    endloop
  endfacet
  facet normal 1 0 0
    outer loop
      vertex 36 56.8282 7.09096
      vertex 36 56.8282 0.909038
      vertex 36 57.2246 1.04359
    endloop
  endfacet
  facet normal 1 0 0
    outer loop
      vertex 36 56.4177 7.17262
      vertex 36 56.8282 0.909038
      vertex 36 56.8282 7.09096
    endloop
  endfacet
  facet normal 1 0 0
    outer loop
      vertex 36 56.4177 7.17262
      vertex 36 56.4177 0.827377
      vertex 36 56.8282 0.909038
    endloop
  endfacet
  facet normal 1 0 0
    outer loop
      vertex 36 56 7.2
      vertex 36 56.4177 0.827377
      vertex 36 56.4177 7.17262
    endloop
  endfacet
  facet normal 1 0 0
    outer loop
      vertex 36 56 7.2
      vertex 36 56 0.8
      vertex 36 56.4177 0.827377
    endloop
  endfacet
  facet normal 1 -0 0
    outer loop
      vertex 36 55.5823 7.17262
      vertex 36 56 0.8
      vertex 36 56 7.2
    endloop
  endfacet
  facet normal 1 0 0
    outer loop
      vertex 36 55.5823 7.17262
      vertex 36 55.5823 0.827377
      vertex 36 56 0.8
    endloop
  endfacet
  facet normal 1 -0 0
    outer loop
      vertex 36 55.1718 7.09096
      vertex 36 55.5823 0.827377
      vertex 36 55.5823 7.17262
    endloop
  endfacet
  facet normal 1 0 0
    outer loop
      vertex 36 55.1718 7.09096
      vertex 36 55.1718 0.909038
      vertex 36 55.5823 0.827377
    endloop
  endfacet
  facet normal 1 -0 0
    outer loop
      vertex 36 54.7754 6.95641
      vertex 36 55.1718 0.909038
      vertex 36 55.1718 7.09096
    endloop
  endfacet
  facet normal 1 0 0
    outer loop
      vertex 36 54.7754 6.95641
      vertex 36 54.7754 1.04359
      vertex 36 55.1718 0.909038
    endloop
  endfacet
  facet normal 1 -0 0
    outer loop
      vertex 36 54.4 6.77128
      vertex 36 54.7754 1.04359
      vertex 36 54.7754 6.95641
    endloop
  endfacet
  facet normal 1 0 0
    outer loop
      vertex 36 54.4 6.77128
      vertex 36 54.4 1.22872
      vertex 36 54.7754 1.04359
    endloop
  endfacet
  facet normal 1 -0 0
    outer loop
      vertex 36 54.052 6.53873
      vertex 36 54.4 1.22872
      vertex 36 54.4 6.77128
    endloop
  endfacet
  facet normal 1 0 0
    outer loop
      vertex 36 54.052 6.53873
      vertex 36 54.052 1.46127
      vertex 36 54.4 1.22872
    endloop
  endfacet
  facet normal 1 -0 0
    outer loop
      vertex 36 53.7373 6.26274
      vertex 36 54.052 1.46127
      vertex 36 54.052 6.53873
    endloop
  endfacet
  facet normal 1 0 0
    outer loop
      vertex 36 53.7373 6.26274
      vertex 36 53.7373 1.73726
      vertex 36 54.052 1.46127
    endloop
  endfacet
  facet normal 1 -0 0
    outer loop
      vertex 36 53.4613 5.94804
      vertex 36 53.7373 1.73726
      vertex 36 53.7373 6.26274
    endloop
  endfacet
  facet normal 1 0 0
    outer loop
      vertex 36 53.4613 5.94804
      vertex 36 53.4613 2.05196
      vertex 36 53.7373 1.73726
    endloop
  endfacet
  facet normal 1 -0 0
    outer loop
      vertex 36 53.2287 5.6
      vertex 36 53.4613 2.05196
      vertex 36 53.4613 5.94804
    endloop
  endfacet
  facet normal 1 0 0
    outer loop
      vertex 36 53.2287 5.6
      vertex 36 53.2287 2.4
      vertex 36 53.4613 2.05196
    endloop
  endfacet
  facet normal 1 -0 0
    outer loop
      vertex 36 53.0436 5.22459
      vertex 36 53.2287 2.4
      vertex 36 53.2287 5.6
    endloop
  endfacet
  facet normal 1 0 0
    outer loop
      vertex 36 53.0436 5.22459
      vertex 36 53.0436 2.77541
      vertex 36 53.2287 2.4
    endloop
  endfacet
  facet normal 1 -0 0
    outer loop
      vertex 36 52.909 4.82822
      vertex 36 53.0436 2.77541
      vertex 36 53.0436 5.22459
    endloop
  endfacet
  facet normal 1 0 0
    outer loop
      vertex 36 52.909 4.82822
      vertex 36 52.909 3.17178
      vertex 36 53.0436 2.77541
    endloop
  endfacet
  facet normal 1 -0 0
    outer loop
      vertex 36 52.8274 4.41768
      vertex 36 52.909 3.17178
      vertex 36 52.909 4.82822
    endloop
  endfacet
  facet normal 1 0 0
    outer loop
      vertex 36 52.8274 4.41768
      vertex 36 52.8274 3.58232
      vertex 36 52.909 3.17178
    endloop
  endfacet
  facet normal 1 0 -0
    outer loop
      vertex 36 52.8274 3.58232
      vertex 36 52.8274 4.41768
      vertex 36 52.8 4
    endloop
  endfacet
  facet normal 0.553881 -0.162429 0.816598
    outer loop
      vertex 34.8 55.4779 7.96578
      vertex 34.8 54.9647 7.8637
      vertex 36 55.1718 7.09096
    endloop
  endfacet
  facet normal 0 0.94692 -0.321469
    outer loop
      vertex 34.8 73.6955 2.46927
      vertex 0 73.8637 2.96472
      vertex 34.8 73.8637 2.96472
    endloop
  endfacet
  facet normal 0 0.94692 -0.321469
    outer loop
      vertex 0 73.8637 2.96472
      vertex 34.8 73.6955 2.46927
      vertex 0 73.6955 2.46927
    endloop
  endfacet
  facet normal 0 0.19508 -0.980787
    outer loop
      vertex 0 70.5221 0.0342207
      vertex 34.8 71.0353 0.136297
      vertex 34.8 70.5221 0.0342207
    endloop
  endfacet
  facet normal 0 0.19508 -0.980787
    outer loop
      vertex 34.8 71.0353 0.136297
      vertex 0 70.5221 0.0342207
      vertex 0 71.0353 0.136297
    endloop
  endfacet
  facet normal 0 0.065404 -0.997859
    outer loop
      vertex 0 70 0
      vertex 34.8 70.5221 0.0342207
      vertex 34.8 70 0
    endloop
  endfacet
  facet normal 0 0.065404 -0.997859
    outer loop
      vertex 34.8 70.5221 0.0342207
      vertex 0 70 0
      vertex 0 70.5221 0.0342207
    endloop
  endfacet
  facet normal 0 0.321473 -0.946919
    outer loop
      vertex 0 71.0353 0.136297
      vertex 34.8 71.5307 0.304482
      vertex 34.8 71.0353 0.136297
    endloop
  endfacet
  facet normal 0 0.321473 -0.946919
    outer loop
      vertex 34.8 71.5307 0.304482
      vertex 0 71.0353 0.136297
      vertex 0 71.5307 0.304482
    endloop
  endfacet
  facet normal 0 0.896887 -0.44226
    outer loop
      vertex 34.8 73.4641 2
      vertex 0 73.6955 2.46927
      vertex 34.8 73.6955 2.46927
    endloop
  endfacet
  facet normal 0 0.896887 -0.44226
    outer loop
      vertex 0 73.6955 2.46927
      vertex 34.8 73.4641 2
      vertex 0 73.4641 2
    endloop
  endfacet
  facet normal 0 -0.0654027 0.997859
    outer loop
      vertex 0 70 8
      vertex 34.8 69.4779 7.96578
      vertex 34.8 70 8
    endloop
  endfacet
  facet normal 0 -0.0654027 0.997859
    outer loop
      vertex 34.8 69.4779 7.96578
      vertex 0 70 8
      vertex 0 69.4779 7.96578
    endloop
  endfacet
  facet normal 0 0.442264 -0.896885
    outer loop
      vertex 0 71.5307 0.304482
      vertex 34.8 72 0.535899
      vertex 34.8 71.5307 0.304482
    endloop
  endfacet
  facet normal 0 0.442264 -0.896885
    outer loop
      vertex 34.8 72 0.535899
      vertex 0 71.5307 0.304482
      vertex 0 72 0.535899
    endloop
  endfacet
  facet normal 0 0.55561 -0.831443
    outer loop
      vertex 0 72 0.535899
      vertex 34.8 72.435 0.826587
      vertex 34.8 72 0.535899
    endloop
  endfacet
  facet normal 0 0.55561 -0.831443
    outer loop
      vertex 34.8 72.435 0.826587
      vertex 0 72 0.535899
      vertex 0 72.435 0.826587
    endloop
  endfacet
  facet normal 0 0.751826 0.659362
    outer loop
      vertex 34.8 73.1734 6.43505
      vertex 0 72.8284 6.82843
      vertex 34.8 72.8284 6.82843
    endloop
  endfacet
  facet normal 0 0.751826 0.659362
    outer loop
      vertex 0 72.8284 6.82843
      vertex 34.8 73.1734 6.43505
      vertex 0 73.1734 6.43505
    endloop
  endfacet
  facet normal 0 0.659325 -0.751858
    outer loop
      vertex 0 72.435 0.826587
      vertex 34.8 72.8284 1.17157
      vertex 34.8 72.435 0.826587
    endloop
  endfacet
  facet normal 0 0.659325 -0.751858
    outer loop
      vertex 34.8 72.8284 1.17157
      vertex 0 72.435 0.826587
      vertex 0 72.8284 1.17157
    endloop
  endfacet
  facet normal -0 0.195087 0.980786
    outer loop
      vertex 0 71.0353 7.8637
      vertex 34.8 70.5221 7.96578
      vertex 34.8 71.0353 7.8637
    endloop
  endfacet
  facet normal 0 0.195087 0.980786
    outer loop
      vertex 34.8 70.5221 7.96578
      vertex 0 71.0353 7.8637
      vertex 0 70.5221 7.96578
    endloop
  endfacet
  facet normal 0 -0.831462 0.555582
    outer loop
      vertex 0 66.5359 6
      vertex 34.8 66.8266 6.43505
      vertex 0 66.8266 6.43505
    endloop
  endfacet
  facet normal 0 -0.831462 0.555582
    outer loop
      vertex 34.8 66.8266 6.43505
      vertex 0 66.5359 6
      vertex 34.8 66.5359 6
    endloop
  endfacet
  facet normal -0 0.0654027 0.997859
    outer loop
      vertex 0 70.5221 7.96578
      vertex 34.8 70 8
      vertex 34.8 70.5221 7.96578
    endloop
  endfacet
  facet normal 0 0.0654027 0.997859
    outer loop
      vertex 34.8 70 8
      vertex 0 70.5221 7.96578
      vertex 0 70 8
    endloop
  endfacet
  facet normal 0 -0.659321 0.751861
    outer loop
      vertex 0 67.565 7.17341
      vertex 34.8 67.1716 6.82843
      vertex 34.8 67.565 7.17341
    endloop
  endfacet
  facet normal 0 -0.659321 0.751861
    outer loop
      vertex 34.8 67.1716 6.82843
      vertex 0 67.565 7.17341
      vertex 0 67.1716 6.82843
    endloop
  endfacet
  facet normal 0 -0.980777 -0.195131
    outer loop
      vertex 0 66.1363 2.96472
      vertex 34.8 66.0342 3.4779
      vertex 0 66.0342 3.4779
    endloop
  endfacet
  facet normal 0 -0.980777 -0.195131
    outer loop
      vertex 34.8 66.0342 3.4779
      vertex 0 66.1363 2.96472
      vertex 34.8 66.1363 2.96472
    endloop
  endfacet
  facet normal 0 0.896887 0.44226
    outer loop
      vertex 34.8 73.6955 5.53073
      vertex 0 73.4641 6
      vertex 34.8 73.4641 6
    endloop
  endfacet
  facet normal 0 0.896887 0.44226
    outer loop
      vertex 0 73.4641 6
      vertex 34.8 73.6955 5.53073
      vertex 0 73.6955 5.53073
    endloop
  endfacet
  facet normal 0 -0.94692 0.321469
    outer loop
      vertex 0 66.1363 5.03528
      vertex 34.8 66.3045 5.53073
      vertex 0 66.3045 5.53073
    endloop
  endfacet
  facet normal 0 -0.94692 0.321469
    outer loop
      vertex 34.8 66.3045 5.53073
      vertex 0 66.1363 5.03528
      vertex 34.8 66.1363 5.03528
    endloop
  endfacet
  facet normal 0 -0.19508 -0.980787
    outer loop
      vertex 0 68.9647 0.136297
      vertex 34.8 69.4779 0.0342207
      vertex 34.8 68.9647 0.136297
    endloop
  endfacet
  facet normal -0 -0.19508 -0.980787
    outer loop
      vertex 34.8 69.4779 0.0342207
      vertex 0 68.9647 0.136297
      vertex 0 69.4779 0.0342207
    endloop
  endfacet
  facet normal -0 0.659321 0.751861
    outer loop
      vertex 0 72.8284 6.82843
      vertex 34.8 72.435 7.17341
      vertex 34.8 72.8284 6.82843
    endloop
  endfacet
  facet normal 0 0.659321 0.751861
    outer loop
      vertex 34.8 72.435 7.17341
      vertex 0 72.8284 6.82843
      vertex 0 72.435 7.17341
    endloop
  endfacet
  facet normal 0 -0.55561 -0.831443
    outer loop
      vertex 0 67.565 0.826587
      vertex 34.8 68 0.535899
      vertex 34.8 67.565 0.826587
    endloop
  endfacet
  facet normal -0 -0.55561 -0.831443
    outer loop
      vertex 34.8 68 0.535899
      vertex 0 67.565 0.826587
      vertex 0 68 0.535899
    endloop
  endfacet
  facet normal 0 0.94692 0.321469
    outer loop
      vertex 34.8 73.8637 5.03528
      vertex 0 73.6955 5.53073
      vertex 34.8 73.6955 5.53073
    endloop
  endfacet
  facet normal 0 0.94692 0.321469
    outer loop
      vertex 0 73.6955 5.53073
      vertex 34.8 73.8637 5.03528
      vertex 0 73.8637 5.03528
    endloop
  endfacet
  facet normal 0 -0.195087 0.980786
    outer loop
      vertex 0 69.4779 7.96578
      vertex 34.8 68.9647 7.8637
      vertex 34.8 69.4779 7.96578
    endloop
  endfacet
  facet normal 0 -0.195087 0.980786
    outer loop
      vertex 34.8 68.9647 7.8637
      vertex 0 69.4779 7.96578
      vertex 0 68.9647 7.8637
    endloop
  endfacet
  facet normal 0 -0.980777 0.195131
    outer loop
      vertex 0 66.0342 4.5221
      vertex 34.8 66.1363 5.03528
      vertex 0 66.1363 5.03528
    endloop
  endfacet
  facet normal 0 -0.980777 0.195131
    outer loop
      vertex 34.8 66.1363 5.03528
      vertex 0 66.0342 4.5221
      vertex 34.8 66.0342 4.5221
    endloop
  endfacet
  facet normal 0 0.831462 -0.555582
    outer loop
      vertex 34.8 73.1734 1.56495
      vertex 0 73.4641 2
      vertex 34.8 73.4641 2
    endloop
  endfacet
  facet normal 0 0.831462 -0.555582
    outer loop
      vertex 0 73.4641 2
      vertex 34.8 73.1734 1.56495
      vertex 0 73.1734 1.56495
    endloop
  endfacet
  facet normal 0 -0.321473 -0.946919
    outer loop
      vertex 0 68.4693 0.304482
      vertex 34.8 68.9647 0.136297
      vertex 34.8 68.4693 0.304482
    endloop
  endfacet
  facet normal -0 -0.321473 -0.946919
    outer loop
      vertex 34.8 68.9647 0.136297
      vertex 0 68.4693 0.304482
      vertex 0 68.9647 0.136297
    endloop
  endfacet
  facet normal 0 -0.997861 -0.0653646
    outer loop
      vertex 0 66.0342 3.4779
      vertex 34.8 66 4
      vertex 0 66 4
    endloop
  endfacet
  facet normal 0 -0.997861 -0.0653646
    outer loop
      vertex 34.8 66 4
      vertex 0 66.0342 3.4779
      vertex 34.8 66.0342 3.4779
    endloop
  endfacet
  facet normal 0 -0.659325 -0.751858
    outer loop
      vertex 0 67.1716 1.17157
      vertex 34.8 67.565 0.826587
      vertex 34.8 67.1716 1.17157
    endloop
  endfacet
  facet normal -0 -0.659325 -0.751858
    outer loop
      vertex 34.8 67.565 0.826587
      vertex 0 67.1716 1.17157
      vertex 0 67.565 0.826587
    endloop
  endfacet
  facet normal 0 0.997861 0.0653646
    outer loop
      vertex 34.8 74 4
      vertex 0 73.9658 4.5221
      vertex 34.8 73.9658 4.5221
    endloop
  endfacet
  facet normal 0 0.997861 0.0653646
    outer loop
      vertex 0 73.9658 4.5221
      vertex 34.8 74 4
      vertex 0 74 4
    endloop
  endfacet
  facet normal 0 -0.831462 -0.555582
    outer loop
      vertex 0 66.8266 1.56495
      vertex 34.8 66.5359 2
      vertex 0 66.5359 2
    endloop
  endfacet
  facet normal 0 -0.831462 -0.555582
    outer loop
      vertex 34.8 66.5359 2
      vertex 0 66.8266 1.56495
      vertex 34.8 66.8266 1.56495
    endloop
  endfacet
  facet normal 0 -0.751826 0.659362
    outer loop
      vertex 0 66.8266 6.43505
      vertex 34.8 67.1716 6.82843
      vertex 0 67.1716 6.82843
    endloop
  endfacet
  facet normal 0 -0.751826 0.659362
    outer loop
      vertex 34.8 67.1716 6.82843
      vertex 0 66.8266 6.43505
      vertex 34.8 66.8266 6.43505
    endloop
  endfacet
  facet normal 0 0.751826 -0.659362
    outer loop
      vertex 34.8 72.8284 1.17157
      vertex 0 73.1734 1.56495
      vertex 34.8 73.1734 1.56495
    endloop
  endfacet
  facet normal 0 0.751826 -0.659362
    outer loop
      vertex 0 73.1734 1.56495
      vertex 34.8 72.8284 1.17157
      vertex 0 72.8284 1.17157
    endloop
  endfacet
  facet normal -0 0.442268 0.896883
    outer loop
      vertex 0 72 7.4641
      vertex 34.8 71.5307 7.69552
      vertex 34.8 72 7.4641
    endloop
  endfacet
  facet normal 0 0.442268 0.896883
    outer loop
      vertex 34.8 71.5307 7.69552
      vertex 0 72 7.4641
      vertex 0 71.5307 7.69552
    endloop
  endfacet
  facet normal 0 0.997861 -0.0653646
    outer loop
      vertex 34.8 73.9658 3.4779
      vertex 0 74 4
      vertex 34.8 74 4
    endloop
  endfacet
  facet normal 0 0.997861 -0.0653646
    outer loop
      vertex 0 74 4
      vertex 34.8 73.9658 3.4779
      vertex 0 73.9658 3.4779
    endloop
  endfacet
  facet normal 0 -0.065404 -0.997859
    outer loop
      vertex 0 69.4779 0.0342207
      vertex 34.8 70 0
      vertex 34.8 69.4779 0.0342207
    endloop
  endfacet
  facet normal -0 -0.065404 -0.997859
    outer loop
      vertex 34.8 70 0
      vertex 0 69.4779 0.0342207
      vertex 0 70 0
    endloop
  endfacet
  facet normal 0 0.980777 0.195131
    outer loop
      vertex 34.8 73.9658 4.5221
      vertex 0 73.8637 5.03528
      vertex 34.8 73.8637 5.03528
    endloop
  endfacet
  facet normal 0 0.980777 0.195131
    outer loop
      vertex 0 73.8637 5.03528
      vertex 34.8 73.9658 4.5221
      vertex 0 73.9658 4.5221
    endloop
  endfacet
  facet normal 0 0.831462 0.555582
    outer loop
      vertex 34.8 73.4641 6
      vertex 0 73.1734 6.43505
      vertex 34.8 73.1734 6.43505
    endloop
  endfacet
  facet normal 0 0.831462 0.555582
    outer loop
      vertex 0 73.1734 6.43505
      vertex 34.8 73.4641 6
      vertex 0 73.4641 6
    endloop
  endfacet
  facet normal 0 -0.997861 0.0653646
    outer loop
      vertex 0 66 4
      vertex 34.8 66.0342 4.5221
      vertex 0 66.0342 4.5221
    endloop
  endfacet
  facet normal 0 -0.997861 0.0653646
    outer loop
      vertex 34.8 66.0342 4.5221
      vertex 0 66 4
      vertex 34.8 66 4
    endloop
  endfacet
  facet normal 0 -0.442264 -0.896885
    outer loop
      vertex 0 68 0.535899
      vertex 34.8 68.4693 0.304482
      vertex 34.8 68 0.535899
    endloop
  endfacet
  facet normal -0 -0.442264 -0.896885
    outer loop
      vertex 34.8 68.4693 0.304482
      vertex 0 68 0.535899
      vertex 0 68.4693 0.304482
    endloop
  endfacet
  facet normal -0 0.321464 0.946922
    outer loop
      vertex 0 71.5307 7.69552
      vertex 34.8 71.0353 7.8637
      vertex 34.8 71.5307 7.69552
    endloop
  endfacet
  facet normal 0 0.321464 0.946922
    outer loop
      vertex 34.8 71.0353 7.8637
      vertex 0 71.5307 7.69552
      vertex 0 71.0353 7.8637
    endloop
  endfacet
  facet normal 0 -0.321464 0.946922
    outer loop
      vertex 0 68.9647 7.8637
      vertex 34.8 68.4693 7.69552
      vertex 34.8 68.9647 7.8637
    endloop
  endfacet
  facet normal 0 -0.321464 0.946922
    outer loop
      vertex 34.8 68.4693 7.69552
      vertex 0 68.9647 7.8637
      vertex 0 68.4693 7.69552
    endloop
  endfacet
  facet normal -1 0 0
    outer loop
      vertex 0 73.9658 3.4779
      vertex 0 73.9658 4.5221
      vertex 0 74 4
    endloop
  endfacet
  facet normal -1 0 0
    outer loop
      vertex 0 73.8637 2.96472
      vertex 0 73.9658 4.5221
      vertex 0 73.9658 3.4779
    endloop
  endfacet
  facet normal -1 0 0
    outer loop
      vertex 0 73.8637 2.96472
      vertex 0 73.8637 5.03528
      vertex 0 73.9658 4.5221
    endloop
  endfacet
  facet normal -1 0 0
    outer loop
      vertex 0 73.6955 2.46927
      vertex 0 73.8637 5.03528
      vertex 0 73.8637 2.96472
    endloop
  endfacet
  facet normal -1 0 0
    outer loop
      vertex 0 73.6955 2.46927
      vertex 0 73.6955 5.53073
      vertex 0 73.8637 5.03528
    endloop
  endfacet
  facet normal -1 0 0
    outer loop
      vertex 0 73.4641 2
      vertex 0 73.6955 5.53073
      vertex 0 73.6955 2.46927
    endloop
  endfacet
  facet normal -1 0 0
    outer loop
      vertex 0 73.4641 2
      vertex 0 73.4641 6
      vertex 0 73.6955 5.53073
    endloop
  endfacet
  facet normal -1 0 0
    outer loop
      vertex 0 73.1734 1.56495
      vertex 0 73.4641 6
      vertex 0 73.4641 2
    endloop
  endfacet
  facet normal -1 0 0
    outer loop
      vertex 0 73.1734 1.56495
      vertex 0 73.1734 6.43505
      vertex 0 73.4641 6
    endloop
  endfacet
  facet normal -1 0 0
    outer loop
      vertex 0 72.8284 1.17157
      vertex 0 73.1734 6.43505
      vertex 0 73.1734 1.56495
    endloop
  endfacet
  facet normal -1 0 0
    outer loop
      vertex 0 72.8284 1.17157
      vertex 0 72.8284 6.82843
      vertex 0 73.1734 6.43505
    endloop
  endfacet
  facet normal -1 0 0
    outer loop
      vertex 0 72.435 0.826587
      vertex 0 72.8284 6.82843
      vertex 0 72.8284 1.17157
    endloop
  endfacet
  facet normal -1 0 0
    outer loop
      vertex 0 72.435 0.826587
      vertex 0 72.435 7.17341
      vertex 0 72.8284 6.82843
    endloop
  endfacet
  facet normal -1 0 0
    outer loop
      vertex 0 72 0.535899
      vertex 0 72.435 7.17341
      vertex 0 72.435 0.826587
    endloop
  endfacet
  facet normal -1 0 0
    outer loop
      vertex 0 72 0.535899
      vertex 0 72 7.4641
      vertex 0 72.435 7.17341
    endloop
  endfacet
  facet normal -1 0 0
    outer loop
      vertex 0 71.5307 0.304482
      vertex 0 72 7.4641
      vertex 0 72 0.535899
    endloop
  endfacet
  facet normal -1 0 0
    outer loop
      vertex 0 71.5307 0.304482
      vertex 0 71.5307 7.69552
      vertex 0 72 7.4641
    endloop
  endfacet
  facet normal -1 0 0
    outer loop
      vertex 0 71.0353 0.136297
      vertex 0 71.5307 7.69552
      vertex 0 71.5307 0.304482
    endloop
  endfacet
  facet normal -1 0 0
    outer loop
      vertex 0 71.0353 0.136297
      vertex 0 71.0353 7.8637
      vertex 0 71.5307 7.69552
    endloop
  endfacet
  facet normal -1 0 0
    outer loop
      vertex 0 70.5221 0.0342207
      vertex 0 71.0353 7.8637
      vertex 0 71.0353 0.136297
    endloop
  endfacet
  facet normal -1 0 0
    outer loop
      vertex 0 70.5221 0.0342207
      vertex 0 70.5221 7.96578
      vertex 0 71.0353 7.8637
    endloop
  endfacet
  facet normal -1 0 0
    outer loop
      vertex 0 70 0
      vertex 0 70.5221 7.96578
      vertex 0 70.5221 0.0342207
    endloop
  endfacet
  facet normal -1 0 0
    outer loop
      vertex 0 70 0
      vertex 0 70 8
      vertex 0 70.5221 7.96578
    endloop
  endfacet
  facet normal -1 0 0
    outer loop
      vertex 0 69.4779 0.0342207
      vertex 0 70 8
      vertex 0 70 0
    endloop
  endfacet
  facet normal -1 0 0
    outer loop
      vertex 0 69.4779 0.0342207
      vertex 0 69.4779 7.96578
      vertex 0 70 8
    endloop
  endfacet
  facet normal -1 0 0
    outer loop
      vertex 0 68.9647 0.136297
      vertex 0 69.4779 7.96578
      vertex 0 69.4779 0.0342207
    endloop
  endfacet
  facet normal -1 0 0
    outer loop
      vertex 0 68.9647 0.136297
      vertex 0 68.9647 7.8637
      vertex 0 69.4779 7.96578
    endloop
  endfacet
  facet normal -1 0 0
    outer loop
      vertex 0 68.4693 0.304482
      vertex 0 68.9647 7.8637
      vertex 0 68.9647 0.136297
    endloop
  endfacet
  facet normal -1 0 0
    outer loop
      vertex 0 68.4693 0.304482
      vertex 0 68.4693 7.69552
      vertex 0 68.9647 7.8637
    endloop
  endfacet
  facet normal -1 0 0
    outer loop
      vertex 0 68 0.535899
      vertex 0 68.4693 7.69552
      vertex 0 68.4693 0.304482
    endloop
  endfacet
  facet normal -1 0 0
    outer loop
      vertex 0 68 0.535899
      vertex 0 68 7.4641
      vertex 0 68.4693 7.69552
    endloop
  endfacet
  facet normal -1 0 0
    outer loop
      vertex 0 67.565 0.826587
      vertex 0 68 7.4641
      vertex 0 68 0.535899
    endloop
  endfacet
  facet normal -1 0 0
    outer loop
      vertex 0 67.565 0.826587
      vertex 0 67.565 7.17341
      vertex 0 68 7.4641
    endloop
  endfacet
  facet normal -1 0 0
    outer loop
      vertex 0 67.1716 1.17157
      vertex 0 67.565 7.17341
      vertex 0 67.565 0.826587
    endloop
  endfacet
  facet normal -1 0 0
    outer loop
      vertex 0 67.1716 1.17157
      vertex 0 67.1716 6.82843
      vertex 0 67.565 7.17341
    endloop
  endfacet
  facet normal -1 0 0
    outer loop
      vertex 0 66.8266 1.56495
      vertex 0 67.1716 6.82843
      vertex 0 67.1716 1.17157
    endloop
  endfacet
  facet normal -1 0 0
    outer loop
      vertex 0 66.8266 1.56495
      vertex 0 66.8266 6.43505
      vertex 0 67.1716 6.82843
    endloop
  endfacet
  facet normal -1 0 0
    outer loop
      vertex 0 66.5359 2
      vertex 0 66.8266 6.43505
      vertex 0 66.8266 1.56495
    endloop
  endfacet
  facet normal -1 0 0
    outer loop
      vertex 0 66.5359 2
      vertex 0 66.5359 6
      vertex 0 66.8266 6.43505
    endloop
  endfacet
  facet normal -1 0 0
    outer loop
      vertex 0 66.3045 2.46927
      vertex 0 66.5359 6
      vertex 0 66.5359 2
    endloop
  endfacet
  facet normal -1 0 0
    outer loop
      vertex 0 66.3045 2.46927
      vertex 0 66.3045 5.53073
      vertex 0 66.5359 6
    endloop
  endfacet
  facet normal -1 0 0
    outer loop
      vertex 0 66.1363 2.96472
      vertex 0 66.3045 5.53073
      vertex 0 66.3045 2.46927
    endloop
  endfacet
  facet normal -1 0 0
    outer loop
      vertex 0 66.1363 2.96472
      vertex 0 66.1363 5.03528
      vertex 0 66.3045 5.53073
    endloop
  endfacet
  facet normal -1 0 0
    outer loop
      vertex 0 66.0342 3.4779
      vertex 0 66.1363 5.03528
      vertex 0 66.1363 2.96472
    endloop
  endfacet
  facet normal -1 0 0
    outer loop
      vertex 0 66.0342 3.4779
      vertex 0 66.0342 4.5221
      vertex 0 66.1363 5.03528
    endloop
  endfacet
  facet normal -1 0 -0
    outer loop
      vertex 0 66.0342 4.5221
      vertex 0 66.0342 3.4779
      vertex 0 66 4
    endloop
  endfacet
  facet normal -0 0.555613 0.831441
    outer loop
      vertex 0 72.435 7.17341
      vertex 34.8 72 7.4641
      vertex 34.8 72.435 7.17341
    endloop
  endfacet
  facet normal 0 0.555613 0.831441
    outer loop
      vertex 34.8 72 7.4641
      vertex 0 72.435 7.17341
      vertex 0 72 7.4641
    endloop
  endfacet
  facet normal 0 -0.896887 -0.44226
    outer loop
      vertex 0 66.5359 2
      vertex 34.8 66.3045 2.46927
      vertex 0 66.3045 2.46927
    endloop
  endfacet
  facet normal 0 -0.896887 -0.44226
    outer loop
      vertex 34.8 66.3045 2.46927
      vertex 0 66.5359 2
      vertex 34.8 66.5359 2
    endloop
  endfacet
  facet normal 0 -0.94692 -0.321469
    outer loop
      vertex 0 66.3045 2.46927
      vertex 34.8 66.1363 2.96472
      vertex 0 66.1363 2.96472
    endloop
  endfacet
  facet normal 0 -0.94692 -0.321469
    outer loop
      vertex 34.8 66.1363 2.96472
      vertex 0 66.3045 2.46927
      vertex 34.8 66.3045 2.46927
    endloop
  endfacet
  facet normal 0 -0.751826 -0.659362
    outer loop
      vertex 0 67.1716 1.17157
      vertex 34.8 66.8266 1.56495
      vertex 0 66.8266 1.56495
    endloop
  endfacet
  facet normal 0 -0.751826 -0.659362
    outer loop
      vertex 34.8 66.8266 1.56495
      vertex 0 67.1716 1.17157
      vertex 34.8 67.1716 1.17157
    endloop
  endfacet
  facet normal 0 -0.442268 0.896883
    outer loop
      vertex 0 68.4693 7.69552
      vertex 34.8 68 7.4641
      vertex 34.8 68.4693 7.69552
    endloop
  endfacet
  facet normal 0 -0.442268 0.896883
    outer loop
      vertex 34.8 68 7.4641
      vertex 0 68.4693 7.69552
      vertex 0 68 7.4641
    endloop
  endfacet
  facet normal 0 0.980777 -0.195131
    outer loop
      vertex 34.8 73.8637 2.96472
      vertex 0 73.9658 3.4779
      vertex 34.8 73.9658 3.4779
    endloop
  endfacet
  facet normal 0 0.980777 -0.195131
    outer loop
      vertex 0 73.9658 3.4779
      vertex 34.8 73.8637 2.96472
      vertex 0 73.8637 2.96472
    endloop
  endfacet
  facet normal 0 -0.896887 0.44226
    outer loop
      vertex 0 66.3045 5.53073
      vertex 34.8 66.5359 6
      vertex 0 66.5359 6
    endloop
  endfacet
  facet normal 0 -0.896887 0.44226
    outer loop
      vertex 34.8 66.5359 6
      vertex 0 66.3045 5.53073
      vertex 34.8 66.3045 5.53073
    endloop
  endfacet
  facet normal 0 -0.555613 0.831441
    outer loop
      vertex 0 68 7.4641
      vertex 34.8 67.565 7.17341
      vertex 34.8 68 7.4641
    endloop
  endfacet
  facet normal 0 -0.555613 0.831441
    outer loop
      vertex 34.8 67.565 7.17341
      vertex 0 68 7.4641
      vertex 0 67.565 7.17341
    endloop
  endfacet
  facet normal 0.553877 0.0544553 -0.830816
    outer loop
      vertex 36 70 0.8
      vertex 34.8 70 0
      vertex 34.8 70.5221 0.0342207
    endloop
  endfacet
  facet normal 0.553873 -0.267659 -0.788406
    outer loop
      vertex 34.8 68.9647 0.136297
      vertex 36 68.7754 1.04359
      vertex 34.8 68.4693 0.304482
    endloop
  endfacet
  facet normal 0.553885 -0.267615 -0.788412
    outer loop
      vertex 36 68.7754 1.04359
      vertex 34.8 68.9647 0.136297
      vertex 36 69.1718 0.909038
    endloop
  endfacet
  facet normal 0.553859 -0.816605 -0.162468
    outer loop
      vertex 36 66.909 3.17178
      vertex 34.8 66.0342 3.4779
      vertex 34.8 66.1363 2.96472
    endloop
  endfacet
  facet normal 0.553877 -0.0544553 -0.830816
    outer loop
      vertex 36 70 0.8
      vertex 34.8 69.4779 0.0342207
      vertex 34.8 70 0
    endloop
  endfacet
  facet normal 0.553902 0.816608 0.162311
    outer loop
      vertex 36 73.1726 4.41768
      vertex 34.8 73.9658 4.5221
      vertex 36 73.091 4.82822
    endloop
  endfacet
  facet normal 0.553876 -0.746761 -0.368198
    outer loop
      vertex 36 67.0436 2.77541
      vertex 34.8 66.3045 2.46927
      vertex 36 67.2287 2.4
    endloop
  endfacet
  facet normal 0.553876 0.4626 -0.692259
    outer loop
      vertex 36 71.6 1.22872
      vertex 34.8 72.435 0.826587
      vertex 36 71.948 1.46127
    endloop
  endfacet
  facet normal 0.553877 0.162444 0.816598
    outer loop
      vertex 36 70.8282 7.09096
      vertex 34.8 70.5221 7.96578
      vertex 36 70.4177 7.17262
    endloop
  endfacet
  facet normal 0.553875 0.462601 0.69226
    outer loop
      vertex 36 71.948 6.53873
      vertex 34.8 72.435 7.17341
      vertex 36 71.6 6.77128
    endloop
  endfacet
  facet normal 0.553869 -0.368256 -0.746737
    outer loop
      vertex 36 68.4 1.22872
      vertex 34.8 68.4693 0.304482
      vertex 36 68.7754 1.04359
    endloop
  endfacet
  facet normal 0.553878 0.830817 -0.0544224
    outer loop
      vertex 36 73.2 4
      vertex 34.8 73.9658 3.4779
      vertex 34.8 74 4
    endloop
  endfacet
  facet normal 0.553869 0.692278 0.46258
    outer loop
      vertex 34.8 73.4641 6
      vertex 34.8 73.1734 6.43505
      vertex 36 72.7713 5.6
    endloop
  endfacet
  facet normal 0.553875 0.788405 0.267655
    outer loop
      vertex 36 72.9564 5.22459
      vertex 34.8 73.8637 5.03528
      vertex 34.8 73.6955 5.53073
    endloop
  endfacet
  facet normal 0.553856 0.788395 0.267724
    outer loop
      vertex 34.8 73.8637 5.03528
      vertex 36 72.9564 5.22459
      vertex 36 73.091 4.82822
    endloop
  endfacet
  facet normal 0.553883 0.548948 0.625996
    outer loop
      vertex 34.8 72.435 7.17341
      vertex 36 72.2627 6.26274
      vertex 34.8 72.8284 6.82843
    endloop
  endfacet
  facet normal 0.553873 0.548978 0.625977
    outer loop
      vertex 36 72.2627 6.26274
      vertex 34.8 72.435 7.17341
      vertex 36 71.948 6.53873
    endloop
  endfacet
  facet normal 0.553856 0.788395 -0.267724
    outer loop
      vertex 36 72.9564 2.77541
      vertex 34.8 73.8637 2.96472
      vertex 36 73.091 3.17178
    endloop
  endfacet
  facet normal 0.553875 0.788405 -0.267655
    outer loop
      vertex 34.8 73.8637 2.96472
      vertex 36 72.9564 2.77541
      vertex 34.8 73.6955 2.46927
    endloop
  endfacet
  facet normal 0.553876 0.462603 0.692257
    outer loop
      vertex 34.8 72.435 7.17341
      vertex 34.8 72 7.4641
      vertex 36 71.6 6.77128
    endloop
  endfacet
  facet normal 0.553877 -0.0544542 0.830816
    outer loop
      vertex 34.8 70 8
      vertex 34.8 69.4779 7.96578
      vertex 36 70 7.2
    endloop
  endfacet
  facet normal 0.553881 0.162429 0.816598
    outer loop
      vertex 34.8 71.0353 7.8637
      vertex 34.8 70.5221 7.96578
      vertex 36 70.8282 7.09096
    endloop
  endfacet
  facet normal 0.553876 0.746761 -0.368198
    outer loop
      vertex 36 72.7713 2.4
      vertex 34.8 73.6955 2.46927
      vertex 36 72.9564 2.77541
    endloop
  endfacet
  facet normal 0.553876 -0.462603 0.692257
    outer loop
      vertex 34.8 68 7.4641
      vertex 34.8 67.565 7.17341
      vertex 36 68.4 6.77128
    endloop
  endfacet
  facet normal 0.553876 -0.4626 -0.692259
    outer loop
      vertex 36 68.052 1.46127
      vertex 34.8 67.565 0.826587
      vertex 36 68.4 1.22872
    endloop
  endfacet
  facet normal 0.553883 -0.54895 -0.625993
    outer loop
      vertex 34.8 67.565 0.826587
      vertex 36 67.7373 1.73726
      vertex 34.8 67.1716 1.17157
    endloop
  endfacet
  facet normal 0.553874 -0.548978 -0.625977
    outer loop
      vertex 36 67.7373 1.73726
      vertex 34.8 67.565 0.826587
      vertex 36 68.052 1.46127
    endloop
  endfacet
  facet normal 0.553878 -0.830817 -0.0544224
    outer loop
      vertex 36 66.8 4
      vertex 34.8 66 4
      vertex 34.8 66.0342 3.4779
    endloop
  endfacet
  facet normal 0.553859 0.816605 -0.162468
    outer loop
      vertex 36 73.091 3.17178
      vertex 34.8 73.8637 2.96472
      vertex 34.8 73.9658 3.4779
    endloop
  endfacet
  facet normal 0.553878 0.830817 0.0544224
    outer loop
      vertex 34.8 74 4
      vertex 34.8 73.9658 4.5221
      vertex 36 73.2 4
    endloop
  endfacet
  facet normal 0.553868 -0.746752 0.368228
    outer loop
      vertex 34.8 66.5359 6
      vertex 34.8 66.3045 5.53073
      vertex 36 67.2287 5.6
    endloop
  endfacet
  facet normal 0.553876 0.368232 0.746744
    outer loop
      vertex 34.8 72 7.4641
      vertex 34.8 71.5307 7.69552
      vertex 36 71.6 6.77128
    endloop
  endfacet
  facet normal 0.553869 -0.692278 0.46258
    outer loop
      vertex 34.8 66.8266 6.43505
      vertex 34.8 66.5359 6
      vertex 36 67.2287 5.6
    endloop
  endfacet
  facet normal 0.553869 0.368256 -0.746737
    outer loop
      vertex 36 71.2246 1.04359
      vertex 34.8 71.5307 0.304482
      vertex 36 71.6 1.22872
    endloop
  endfacet
  facet normal 0.5539 -0.830798 0.0545007
    outer loop
      vertex 36 66.8274 4.41768
      vertex 34.8 66.0342 4.5221
      vertex 36 66.8 4
    endloop
  endfacet
  facet normal 0.553876 0.462601 -0.692259
    outer loop
      vertex 36 71.6 1.22872
      vertex 34.8 72 0.535899
      vertex 34.8 72.435 0.826587
    endloop
  endfacet
  facet normal 0.553876 0.746761 0.368198
    outer loop
      vertex 36 72.9564 5.22459
      vertex 34.8 73.6955 5.53073
      vertex 36 72.7713 5.6
    endloop
  endfacet
  facet normal 0.553874 0.548978 -0.625977
    outer loop
      vertex 34.8 72.435 0.826587
      vertex 36 72.2627 1.73726
      vertex 36 71.948 1.46127
    endloop
  endfacet
  facet normal 0.553883 0.54895 -0.625993
    outer loop
      vertex 36 72.2627 1.73726
      vertex 34.8 72.435 0.826587
      vertex 34.8 72.8284 1.17157
    endloop
  endfacet
  facet normal 0.553859 0.816605 0.162468
    outer loop
      vertex 34.8 73.9658 4.5221
      vertex 34.8 73.8637 5.03528
      vertex 36 73.091 4.82822
    endloop
  endfacet
  facet normal 0.553869 0.692278 -0.46258
    outer loop
      vertex 36 72.7713 2.4
      vertex 34.8 73.1734 1.56495
      vertex 34.8 73.4641 2
    endloop
  endfacet
  facet normal 0.553877 0.0544542 0.830816
    outer loop
      vertex 34.8 70.5221 7.96578
      vertex 34.8 70 8
      vertex 36 70 7.2
    endloop
  endfacet
  facet normal 0.553884 -0.267611 0.788414
    outer loop
      vertex 34.8 68.9647 7.8637
      vertex 36 68.7754 6.95641
      vertex 36 69.1718 7.09096
    endloop
  endfacet
  facet normal 0.553873 -0.267651 0.788408
    outer loop
      vertex 36 68.7754 6.95641
      vertex 34.8 68.9647 7.8637
      vertex 34.8 68.4693 7.69552
    endloop
  endfacet
  facet normal 0.553878 -0.830817 0.0544224
    outer loop
      vertex 34.8 66.0342 4.5221
      vertex 34.8 66 4
      vertex 36 66.8 4
    endloop
  endfacet
  facet normal 0.553881 -0.162423 -0.816599
    outer loop
      vertex 36 69.1718 0.909038
      vertex 34.8 68.9647 0.136297
      vertex 34.8 69.4779 0.0342207
    endloop
  endfacet
  facet normal 0.553877 -0.368228 -0.746745
    outer loop
      vertex 36 68.4 1.22872
      vertex 34.8 68 0.535899
      vertex 34.8 68.4693 0.304482
    endloop
  endfacet
  facet normal 0.553856 -0.788395 -0.267724
    outer loop
      vertex 34.8 66.1363 2.96472
      vertex 36 67.0436 2.77541
      vertex 36 66.909 3.17178
    endloop
  endfacet
  facet normal 0.553875 -0.788405 -0.267655
    outer loop
      vertex 36 67.0436 2.77541
      vertex 34.8 66.1363 2.96472
      vertex 34.8 66.3045 2.46927
    endloop
  endfacet
  facet normal 0.5539 -0.830798 -0.0545007
    outer loop
      vertex 36 66.8 4
      vertex 34.8 66.0342 3.4779
      vertex 36 66.8274 3.58232
    endloop
  endfacet
  facet normal 0.5539 0.830798 0.0545007
    outer loop
      vertex 36 73.2 4
      vertex 34.8 73.9658 4.5221
      vertex 36 73.1726 4.41768
    endloop
  endfacet
  facet normal 0.553868 -0.746752 -0.368228
    outer loop
      vertex 36 67.2287 2.4
      vertex 34.8 66.3045 2.46927
      vertex 34.8 66.5359 2
    endloop
  endfacet
  facet normal 0.553887 -0.692232 -0.462628
    outer loop
      vertex 36 67.2287 2.4
      vertex 34.8 66.8266 1.56495
      vertex 36 67.4613 2.05196
    endloop
  endfacet
  facet normal 0.553879 0.0544594 0.830814
    outer loop
      vertex 36 70.4177 7.17262
      vertex 34.8 70.5221 7.96578
      vertex 36 70 7.2
    endloop
  endfacet
  facet normal 0.553877 0.368228 -0.746745
    outer loop
      vertex 36 71.6 1.22872
      vertex 34.8 71.5307 0.304482
      vertex 34.8 72 0.535899
    endloop
  endfacet
  facet normal 0.553887 0.692232 -0.462628
    outer loop
      vertex 36 72.5387 2.05196
      vertex 34.8 73.1734 1.56495
      vertex 36 72.7713 2.4
    endloop
  endfacet
  facet normal 0.553868 0.746752 -0.368228
    outer loop
      vertex 36 72.7713 2.4
      vertex 34.8 73.4641 2
      vertex 34.8 73.6955 2.46927
    endloop
  endfacet
  facet normal 0.553859 -0.816605 0.162468
    outer loop
      vertex 34.8 66.1363 5.03528
      vertex 34.8 66.0342 4.5221
      vertex 36 66.909 4.82822
    endloop
  endfacet
  facet normal 0.553875 0.162446 -0.816599
    outer loop
      vertex 36 70.4177 0.827377
      vertex 34.8 70.5221 0.0342207
      vertex 36 70.8282 0.909038
    endloop
  endfacet
  facet normal 0.553883 -0.625962 -0.548985
    outer loop
      vertex 34.8 66.8266 1.56495
      vertex 36 67.7373 1.73726
      vertex 36 67.4613 2.05196
    endloop
  endfacet
  facet normal 0.553884 -0.625965 -0.548981
    outer loop
      vertex 36 67.7373 1.73726
      vertex 34.8 66.8266 1.56495
      vertex 34.8 67.1716 1.17157
    endloop
  endfacet
  facet normal 0.553902 -0.816608 0.162311
    outer loop
      vertex 36 66.909 4.82822
      vertex 34.8 66.0342 4.5221
      vertex 36 66.8274 4.41768
    endloop
  endfacet
  facet normal 0.553884 -0.625965 0.548981
    outer loop
      vertex 34.8 66.8266 6.43505
      vertex 36 67.7373 6.26274
      vertex 34.8 67.1716 6.82843
    endloop
  endfacet
  facet normal 0.553883 -0.625962 0.548985
    outer loop
      vertex 36 67.7373 6.26274
      vertex 34.8 66.8266 6.43505
      vertex 36 67.4613 5.94804
    endloop
  endfacet
  facet normal 0.553873 -0.548978 0.625977
    outer loop
      vertex 34.8 67.565 7.17341
      vertex 36 67.7373 6.26274
      vertex 36 68.052 6.53873
    endloop
  endfacet
  facet normal 0.553883 -0.548948 0.625996
    outer loop
      vertex 36 67.7373 6.26274
      vertex 34.8 67.565 7.17341
      vertex 34.8 67.1716 6.82843
    endloop
  endfacet
  facet normal 0.553875 -0.162446 -0.816599
    outer loop
      vertex 36 69.1718 0.909038
      vertex 34.8 69.4779 0.0342207
      vertex 36 69.5823 0.827377
    endloop
  endfacet
  facet normal 0.553877 -0.0544536 -0.830816
    outer loop
      vertex 36 69.5823 0.827377
      vertex 34.8 69.4779 0.0342207
      vertex 36 70 0.8
    endloop
  endfacet
  facet normal 0.553902 0.816608 -0.162311
    outer loop
      vertex 36 73.091 3.17178
      vertex 34.8 73.9658 3.4779
      vertex 36 73.1726 3.58232
    endloop
  endfacet
  facet normal 0.553869 -0.692278 -0.46258
    outer loop
      vertex 36 67.2287 2.4
      vertex 34.8 66.5359 2
      vertex 34.8 66.8266 1.56495
    endloop
  endfacet
  facet normal 0.553883 0.625962 -0.548985
    outer loop
      vertex 36 72.2627 1.73726
      vertex 34.8 73.1734 1.56495
      vertex 36 72.5387 2.05196
    endloop
  endfacet
  facet normal 0.553884 0.625965 -0.548981
    outer loop
      vertex 34.8 73.1734 1.56495
      vertex 36 72.2627 1.73726
      vertex 34.8 72.8284 1.17157
    endloop
  endfacet
  facet normal 0.553875 -0.788405 0.267655
    outer loop
      vertex 34.8 66.1363 5.03528
      vertex 36 67.0436 5.22459
      vertex 34.8 66.3045 5.53073
    endloop
  endfacet
  facet normal 0.553856 -0.788395 0.267724
    outer loop
      vertex 36 67.0436 5.22459
      vertex 34.8 66.1363 5.03528
      vertex 36 66.909 4.82822
    endloop
  endfacet
  facet normal 0.553885 0.267615 -0.788412
    outer loop
      vertex 34.8 71.0353 0.136297
      vertex 36 71.2246 1.04359
      vertex 36 70.8282 0.909038
    endloop
  endfacet
  facet normal 0.553873 0.267659 -0.788406
    outer loop
      vertex 36 71.2246 1.04359
      vertex 34.8 71.0353 0.136297
      vertex 34.8 71.5307 0.304482
    endloop
  endfacet
  facet normal 0.553868 0.746752 0.368228
    outer loop
      vertex 34.8 73.6955 5.53073
      vertex 34.8 73.4641 6
      vertex 36 72.7713 5.6
    endloop
  endfacet
  facet normal 0.553884 0.625965 0.548981
    outer loop
      vertex 36 72.2627 6.26274
      vertex 34.8 73.1734 6.43505
      vertex 34.8 72.8284 6.82843
    endloop
  endfacet
  facet normal 0.553883 0.625962 0.548985
    outer loop
      vertex 34.8 73.1734 6.43505
      vertex 36 72.2627 6.26274
      vertex 36 72.5387 5.94804
    endloop
  endfacet
  facet normal 0.553887 0.692232 0.462628
    outer loop
      vertex 36 72.7713 5.6
      vertex 34.8 73.1734 6.43505
      vertex 36 72.5387 5.94804
    endloop
  endfacet
  facet normal 0.5539 0.830798 -0.0545007
    outer loop
      vertex 36 73.1726 3.58232
      vertex 34.8 73.9658 3.4779
      vertex 36 73.2 4
    endloop
  endfacet
  facet normal 0.553879 -0.0544594 0.830814
    outer loop
      vertex 36 70 7.2
      vertex 34.8 69.4779 7.96578
      vertex 36 69.5823 7.17262
    endloop
  endfacet
  facet normal 0.553877 -0.162444 0.816598
    outer loop
      vertex 36 69.5823 7.17262
      vertex 34.8 69.4779 7.96578
      vertex 36 69.1718 7.09096
    endloop
  endfacet
  facet normal 0.55387 0.368256 0.746737
    outer loop
      vertex 36 71.6 6.77128
      vertex 34.8 71.5307 7.69552
      vertex 36 71.2246 6.95641
    endloop
  endfacet
  facet normal 0.553876 -0.746761 0.368198
    outer loop
      vertex 36 67.2287 5.6
      vertex 34.8 66.3045 5.53073
      vertex 36 67.0436 5.22459
    endloop
  endfacet
  facet normal 0.553875 -0.462601 0.69226
    outer loop
      vertex 36 68.4 6.77128
      vertex 34.8 67.565 7.17341
      vertex 36 68.052 6.53873
    endloop
  endfacet
  facet normal 0.553873 0.267651 0.788408
    outer loop
      vertex 34.8 71.0353 7.8637
      vertex 36 71.2246 6.95641
      vertex 34.8 71.5307 7.69552
    endloop
  endfacet
  facet normal 0.553884 0.267611 0.788414
    outer loop
      vertex 36 71.2246 6.95641
      vertex 34.8 71.0353 7.8637
      vertex 36 70.8282 7.09096
    endloop
  endfacet
  facet normal 0.553876 -0.462601 -0.692259
    outer loop
      vertex 36 68.4 1.22872
      vertex 34.8 67.565 0.826587
      vertex 34.8 68 0.535899
    endloop
  endfacet
  facet normal 0.553881 0.162423 -0.816599
    outer loop
      vertex 36 70.8282 0.909038
      vertex 34.8 70.5221 0.0342207
      vertex 34.8 71.0353 0.136297
    endloop
  endfacet
  facet normal 0.553877 0.0544536 -0.830816
    outer loop
      vertex 36 70 0.8
      vertex 34.8 70.5221 0.0342207
      vertex 36 70.4177 0.827377
    endloop
  endfacet
  facet normal 0.553902 -0.816608 -0.162311
    outer loop
      vertex 36 66.8274 3.58232
      vertex 34.8 66.0342 3.4779
      vertex 36 66.909 3.17178
    endloop
  endfacet
  facet normal 0.553887 -0.692232 0.462628
    outer loop
      vertex 36 67.4613 5.94804
      vertex 34.8 66.8266 6.43505
      vertex 36 67.2287 5.6
    endloop
  endfacet
  facet normal 0.55387 -0.368256 0.746737
    outer loop
      vertex 36 68.7754 6.95641
      vertex 34.8 68.4693 7.69552
      vertex 36 68.4 6.77128
    endloop
  endfacet
  facet normal 0.553876 -0.368232 0.746744
    outer loop
      vertex 34.8 68.4693 7.69552
      vertex 34.8 68 7.4641
      vertex 36 68.4 6.77128
    endloop
  endfacet
  facet normal 1 0 0
    outer loop
      vertex 36 73.1726 4.41768
      vertex 36 73.1726 3.58232
      vertex 36 73.2 4
    endloop
  endfacet
  facet normal 1 0 0
    outer loop
      vertex 36 73.091 4.82822
      vertex 36 73.1726 3.58232
      vertex 36 73.1726 4.41768
    endloop
  endfacet
  facet normal 1 0 0
    outer loop
      vertex 36 73.091 4.82822
      vertex 36 73.091 3.17178
      vertex 36 73.1726 3.58232
    endloop
  endfacet
  facet normal 1 0 0
    outer loop
      vertex 36 72.9564 5.22459
      vertex 36 73.091 3.17178
      vertex 36 73.091 4.82822
    endloop
  endfacet
  facet normal 1 0 0
    outer loop
      vertex 36 72.9564 5.22459
      vertex 36 72.9564 2.77541
      vertex 36 73.091 3.17178
    endloop
  endfacet
  facet normal 1 0 0
    outer loop
      vertex 36 72.7713 5.6
      vertex 36 72.9564 2.77541
      vertex 36 72.9564 5.22459
    endloop
  endfacet
  facet normal 1 0 0
    outer loop
      vertex 36 72.7713 5.6
      vertex 36 72.7713 2.4
      vertex 36 72.9564 2.77541
    endloop
  endfacet
  facet normal 1 0 0
    outer loop
      vertex 36 72.5387 5.94804
      vertex 36 72.7713 2.4
      vertex 36 72.7713 5.6
    endloop
  endfacet
  facet normal 1 0 0
    outer loop
      vertex 36 72.5387 5.94804
      vertex 36 72.5387 2.05196
      vertex 36 72.7713 2.4
    endloop
  endfacet
  facet normal 1 0 0
    outer loop
      vertex 36 72.2627 6.26274
      vertex 36 72.5387 2.05196
      vertex 36 72.5387 5.94804
    endloop
  endfacet
  facet normal 1 0 0
    outer loop
      vertex 36 72.2627 6.26274
      vertex 36 72.2627 1.73726
      vertex 36 72.5387 2.05196
    endloop
  endfacet
  facet normal 1 0 0
    outer loop
      vertex 36 71.948 6.53873
      vertex 36 72.2627 1.73726
      vertex 36 72.2627 6.26274
    endloop
  endfacet
  facet normal 1 0 0
    outer loop
      vertex 36 71.948 6.53873
      vertex 36 71.948 1.46127
      vertex 36 72.2627 1.73726
    endloop
  endfacet
  facet normal 1 0 0
    outer loop
      vertex 36 71.6 6.77128
      vertex 36 71.948 1.46127
      vertex 36 71.948 6.53873
    endloop
  endfacet
  facet normal 1 0 0
    outer loop
      vertex 36 71.6 6.77128
      vertex 36 71.6 1.22872
      vertex 36 71.948 1.46127
    endloop
  endfacet
  facet normal 1 0 0
    outer loop
      vertex 36 71.2246 6.95641
      vertex 36 71.6 1.22872
      vertex 36 71.6 6.77128
    endloop
  endfacet
  facet normal 1 0 0
    outer loop
      vertex 36 71.2246 6.95641
      vertex 36 71.2246 1.04359
      vertex 36 71.6 1.22872
    endloop
  endfacet
  facet normal 1 0 0
    outer loop
      vertex 36 70.8282 7.09096
      vertex 36 71.2246 1.04359
      vertex 36 71.2246 6.95641
    endloop
  endfacet
  facet normal 1 0 0
    outer loop
      vertex 36 70.8282 7.09096
      vertex 36 70.8282 0.909038
      vertex 36 71.2246 1.04359
    endloop
  endfacet
  facet normal 1 0 0
    outer loop
      vertex 36 70.4177 7.17262
      vertex 36 70.8282 0.909038
      vertex 36 70.8282 7.09096
    endloop
  endfacet
  facet normal 1 0 0
    outer loop
      vertex 36 70.4177 7.17262
      vertex 36 70.4177 0.827377
      vertex 36 70.8282 0.909038
    endloop
  endfacet
  facet normal 1 0 0
    outer loop
      vertex 36 70 7.2
      vertex 36 70.4177 0.827377
      vertex 36 70.4177 7.17262
    endloop
  endfacet
  facet normal 1 0 0
    outer loop
      vertex 36 70 7.2
      vertex 36 70 0.8
      vertex 36 70.4177 0.827377
    endloop
  endfacet
  facet normal 1 -0 0
    outer loop
      vertex 36 69.5823 7.17262
      vertex 36 70 0.8
      vertex 36 70 7.2
    endloop
  endfacet
  facet normal 1 0 0
    outer loop
      vertex 36 69.5823 7.17262
      vertex 36 69.5823 0.827377
      vertex 36 70 0.8
    endloop
  endfacet
  facet normal 1 -0 0
    outer loop
      vertex 36 69.1718 7.09096
      vertex 36 69.5823 0.827377
      vertex 36 69.5823 7.17262
    endloop
  endfacet
  facet normal 1 0 0
    outer loop
      vertex 36 69.1718 7.09096
      vertex 36 69.1718 0.909038
      vertex 36 69.5823 0.827377
    endloop
  endfacet
  facet normal 1 -0 0
    outer loop
      vertex 36 68.7754 6.95641
      vertex 36 69.1718 0.909038
      vertex 36 69.1718 7.09096
    endloop
  endfacet
  facet normal 1 0 0
    outer loop
      vertex 36 68.7754 6.95641
      vertex 36 68.7754 1.04359
      vertex 36 69.1718 0.909038
    endloop
  endfacet
  facet normal 1 -0 0
    outer loop
      vertex 36 68.4 6.77128
      vertex 36 68.7754 1.04359
      vertex 36 68.7754 6.95641
    endloop
  endfacet
  facet normal 1 0 0
    outer loop
      vertex 36 68.4 6.77128
      vertex 36 68.4 1.22872
      vertex 36 68.7754 1.04359
    endloop
  endfacet
  facet normal 1 -0 0
    outer loop
      vertex 36 68.052 6.53873
      vertex 36 68.4 1.22872
      vertex 36 68.4 6.77128
    endloop
  endfacet
  facet normal 1 0 0
    outer loop
      vertex 36 68.052 6.53873
      vertex 36 68.052 1.46127
      vertex 36 68.4 1.22872
    endloop
  endfacet
  facet normal 1 -0 0
    outer loop
      vertex 36 67.7373 6.26274
      vertex 36 68.052 1.46127
      vertex 36 68.052 6.53873
    endloop
  endfacet
  facet normal 1 0 0
    outer loop
      vertex 36 67.7373 6.26274
      vertex 36 67.7373 1.73726
      vertex 36 68.052 1.46127
    endloop
  endfacet
  facet normal 1 -0 0
    outer loop
      vertex 36 67.4613 5.94804
      vertex 36 67.7373 1.73726
      vertex 36 67.7373 6.26274
    endloop
  endfacet
  facet normal 1 0 0
    outer loop
      vertex 36 67.4613 5.94804
      vertex 36 67.4613 2.05196
      vertex 36 67.7373 1.73726
    endloop
  endfacet
  facet normal 1 -0 0
    outer loop
      vertex 36 67.2287 5.6
      vertex 36 67.4613 2.05196
      vertex 36 67.4613 5.94804
    endloop
  endfacet
  facet normal 1 0 0
    outer loop
      vertex 36 67.2287 5.6
      vertex 36 67.2287 2.4
      vertex 36 67.4613 2.05196
    endloop
  endfacet
  facet normal 1 -0 0
    outer loop
      vertex 36 67.0436 5.22459
      vertex 36 67.2287 2.4
      vertex 36 67.2287 5.6
    endloop
  endfacet
  facet normal 1 0 0
    outer loop
      vertex 36 67.0436 5.22459
      vertex 36 67.0436 2.77541
      vertex 36 67.2287 2.4
    endloop
  endfacet
  facet normal 1 -0 0
    outer loop
      vertex 36 66.909 4.82822
      vertex 36 67.0436 2.77541
      vertex 36 67.0436 5.22459
    endloop
  endfacet
  facet normal 1 0 0
    outer loop
      vertex 36 66.909 4.82822
      vertex 36 66.909 3.17178
      vertex 36 67.0436 2.77541
    endloop
  endfacet
  facet normal 1 -0 0
    outer loop
      vertex 36 66.8274 4.41768
      vertex 36 66.909 3.17178
      vertex 36 66.909 4.82822
    endloop
  endfacet
  facet normal 1 0 0
    outer loop
      vertex 36 66.8274 4.41768
      vertex 36 66.8274 3.58232
      vertex 36 66.909 3.17178
    endloop
  endfacet
  facet normal 1 0 -0
    outer loop
      vertex 36 66.8274 3.58232
      vertex 36 66.8274 4.41768
      vertex 36 66.8 4
    endloop
  endfacet
  facet normal 0.553881 -0.162429 0.816598
    outer loop
      vertex 34.8 69.4779 7.96578
      vertex 34.8 68.9647 7.8637
      vertex 36 69.1718 7.09096
    endloop
  endfacet
endsolid OpenSCAD_Model
