solid OpenSCAD_Model
  facet normal 0 1 -0
    outer loop
      vertex 358.8 241.4 529.78
      vertex 344.8 241.4 529.8
      vertex 358.8 241.4 529.8
    endloop
  endfacet
  facet normal 0 1 0
    outer loop
      vertex 358.8 241.4 529.78
      vertex 344.8 241.4 529.78
      vertex 344.8 241.4 529.8
    endloop
  endfacet
  facet normal 0 1 0
    outer loop
      vertex 355.8 241.4 518.8
      vertex 358.8 241.4 529.78
      vertex 356.546 241.4 518.8
    endloop
  endfacet
  facet normal 0 1 0
    outer loop
      vertex 358.8 241.4 529.78
      vertex 355.8 241.4 518.8
      vertex 344.8 241.4 529.78
    endloop
  endfacet
  facet normal 0 1 -0
    outer loop
      vertex 347.8 241.4 518.8
      vertex 344.8 241.4 529.78
      vertex 355.8 241.4 518.8
    endloop
  endfacet
  facet normal 0 1 0
    outer loop
      vertex 347.8 241.4 518.8
      vertex 347.054 241.4 518.8
      vertex 344.8 241.4 529.78
    endloop
  endfacet
  facet normal 0 1 -0
    outer loop
      vertex 347.8 241.4 366.883
      vertex 347.054 241.4 518.8
      vertex 347.8 241.4 518.8
    endloop
  endfacet
  facet normal 0 1 0
    outer loop
      vertex 347.054 241.4 518.8
      vertex 347.8 241.4 366.883
      vertex 344.45 241.4 366.883
    endloop
  endfacet
  facet normal 0 1 0
    outer loop
      vertex 347.054 241.4 518.8
      vertex 344.45 241.4 366.883
      vertex 341.8 241.4 518.8
    endloop
  endfacet
  facet normal 0 1 0
    outer loop
      vertex 341.8 241.4 352.533
      vertex 344.45 241.4 366.883
      vertex 344.45 241.4 366.863
    endloop
  endfacet
  facet normal 0 1 0
    outer loop
      vertex 344.45 241.4 366.883
      vertex 341.8 241.4 352.533
      vertex 341.8 241.4 518.8
    endloop
  endfacet
  facet normal 0 1 0
    outer loop
      vertex 341.8 241.4 352.533
      vertex 344.45 241.4 366.863
      vertex 347.45 241.4 352.533
    endloop
  endfacet
  facet normal 0 1 -0
    outer loop
      vertex 359.15 241.4 366.883
      vertex 356.546 241.4 518.8
      vertex 361.8 241.4 518.8
    endloop
  endfacet
  facet normal 0 1 0
    outer loop
      vertex 355.8 241.4 366.883
      vertex 356.546 241.4 518.8
      vertex 359.15 241.4 366.883
    endloop
  endfacet
  facet normal 0 1 -0
    outer loop
      vertex 361.8 241.4 352.533
      vertex 359.15 241.4 366.883
      vertex 361.8 241.4 518.8
    endloop
  endfacet
  facet normal 0 1 0
    outer loop
      vertex 359.15 241.4 366.883
      vertex 361.8 241.4 352.533
      vertex 359.15 241.4 366.863
    endloop
  endfacet
  facet normal 0 1 0
    outer loop
      vertex 359.15 241.4 366.863
      vertex 361.8 241.4 352.533
      vertex 356.15 241.4 352.533
    endloop
  endfacet
  facet normal 0 1 0
    outer loop
      vertex 356.546 241.4 518.8
      vertex 355.8 241.4 366.883
      vertex 355.8 241.4 518.8
    endloop
  endfacet
  facet normal 1 0 0
    outer loop
      vertex 361.8 241.4 518.8
      vertex 361.8 157.003 429.857
      vertex 361.8 241.4 352.533
    endloop
  endfacet
  facet normal 1 0 0
    outer loop
      vertex 361.8 241.4 518.8
      vertex 361.8 156.765 439.524
      vertex 361.8 157.003 429.857
    endloop
  endfacet
  facet normal 1 0 0
    outer loop
      vertex 361.8 241.4 518.8
      vertex 361.8 156.739 440.079
      vertex 361.8 156.765 439.524
    endloop
  endfacet
  facet normal 1 0 0
    outer loop
      vertex 361.8 241.4 518.8
      vertex 361.8 156.663 440.596
      vertex 361.8 156.739 440.079
    endloop
  endfacet
  facet normal 1 0 0
    outer loop
      vertex 361.8 241.4 518.8
      vertex 361.8 156.536 441.076
      vertex 361.8 156.663 440.596
    endloop
  endfacet
  facet normal 1 0 0
    outer loop
      vertex 361.8 241.4 518.8
      vertex 361.8 156.359 441.519
      vertex 361.8 156.536 441.076
    endloop
  endfacet
  facet normal 1 0 0
    outer loop
      vertex 361.8 241.4 518.8
      vertex 361.8 156.131 441.924
      vertex 361.8 156.359 441.519
    endloop
  endfacet
  facet normal 1 0 0
    outer loop
      vertex 361.8 241.4 518.8
      vertex 361.8 155.852 442.292
      vertex 361.8 156.131 441.924
    endloop
  endfacet
  facet normal 1 0 0
    outer loop
      vertex 361.8 241.4 518.8
      vertex 361.8 155.522 442.622
      vertex 361.8 155.852 442.292
    endloop
  endfacet
  facet normal 1 0 0
    outer loop
      vertex 361.8 241.4 518.8
      vertex 361.8 155.146 442.911
      vertex 361.8 155.522 442.622
    endloop
  endfacet
  facet normal 1 0 0
    outer loop
      vertex 361.8 241.4 518.8
      vertex 361.8 154.725 443.156
      vertex 361.8 155.146 442.911
    endloop
  endfacet
  facet normal 1 0 0
    outer loop
      vertex 361.8 241.4 518.8
      vertex 361.8 154.261 443.356
      vertex 361.8 154.725 443.156
    endloop
  endfacet
  facet normal 1 0 0
    outer loop
      vertex 361.8 241.4 518.8
      vertex 361.8 153.754 443.512
      vertex 361.8 154.261 443.356
    endloop
  endfacet
  facet normal 1 0 0
    outer loop
      vertex 361.8 241.4 518.8
      vertex 361.8 153.202 443.623
      vertex 361.8 153.754 443.512
    endloop
  endfacet
  facet normal 1 0 0
    outer loop
      vertex 361.8 241.4 518.8
      vertex 361.8 152.607 443.69
      vertex 361.8 153.202 443.623
    endloop
  endfacet
  facet normal 1 0 0
    outer loop
      vertex 361.8 241.4 518.8
      vertex 361.8 151.969 443.712
      vertex 361.8 152.607 443.69
    endloop
  endfacet
  facet normal 1 0 0
    outer loop
      vertex 361.8 241.4 518.8
      vertex 361.8 151.383 443.69
      vertex 361.8 151.969 443.712
    endloop
  endfacet
  facet normal 1 0 0
    outer loop
      vertex 361.8 133.427 443.672
      vertex 361.8 151.383 443.69
      vertex 361.8 241.4 518.8
    endloop
  endfacet
  facet normal 1 0 0
    outer loop
      vertex 361.8 151.383 443.69
      vertex 361.8 133.427 443.672
      vertex 361.8 150.829 443.624
    endloop
  endfacet
  facet normal 1 0 -0
    outer loop
      vertex 361.8 134.112 443.55
      vertex 361.8 150.829 443.624
      vertex 361.8 133.427 443.672
    endloop
  endfacet
  facet normal 1 0 0
    outer loop
      vertex 361.8 150.829 443.624
      vertex 361.8 134.112 443.55
      vertex 361.8 150.305 443.513
    endloop
  endfacet
  facet normal 1 0 0
    outer loop
      vertex 361.8 150.305 443.513
      vertex 361.8 134.112 443.55
      vertex 361.8 149.813 443.358
    endloop
  endfacet
  facet normal 1 0 -0
    outer loop
      vertex 361.8 134.739 443.347
      vertex 361.8 149.813 443.358
      vertex 361.8 134.112 443.55
    endloop
  endfacet
  facet normal 1 0 0
    outer loop
      vertex 361.8 147.043 429.931
      vertex 361.8 144.948 433.231
      vertex 361.8 146.88 429.575
    endloop
  endfacet
  facet normal 1 0 0
    outer loop
      vertex 361.8 147.216 430.276
      vertex 361.8 144.948 433.231
      vertex 361.8 147.043 429.931
    endloop
  endfacet
  facet normal 1 0 0
    outer loop
      vertex 361.8 137.537 439.674
      vertex 361.8 146.967 439.708
      vertex 361.8 147.052 440.217
    endloop
  endfacet
  facet normal 1 -0 0
    outer loop
      vertex 361.8 137.301 440.436
      vertex 361.8 147.052 440.217
      vertex 361.8 147.183 440.695
    endloop
  endfacet
  facet normal 1 0 -0
    outer loop
      vertex 361.8 137.852 437.916
      vertex 361.8 146.967 439.708
      vertex 361.8 137.721 438.834
    endloop
  endfacet
  facet normal 1 0 0
    outer loop
      vertex 361.8 137.301 440.436
      vertex 361.8 147.183 440.695
      vertex 361.8 147.359 441.143
    endloop
  endfacet
  facet normal 1 0 0
    outer loop
      vertex 361.8 137.012 441.12
      vertex 361.8 147.359 441.143
      vertex 361.8 147.582 441.56
    endloop
  endfacet
  facet normal 1 -0 0
    outer loop
      vertex 361.8 136.671 441.727
      vertex 361.8 147.582 441.56
      vertex 361.8 147.85 441.946
    endloop
  endfacet
  facet normal 1 -0 0
    outer loop
      vertex 361.8 136.275 442.253
      vertex 361.8 147.85 441.946
      vertex 361.8 148.164 442.302
    endloop
  endfacet
  facet normal 1 0 0
    outer loop
      vertex 361.8 135.821 442.699
      vertex 361.8 148.164 442.302
      vertex 361.8 148.524 442.627
    endloop
  endfacet
  facet normal 1 0 0
    outer loop
      vertex 361.8 137.929 434.789
      vertex 361.8 139.523 434.967
      vertex 361.8 137.957 435.846
    endloop
  endfacet
  facet normal 1 0 0
    outer loop
      vertex 361.8 144.948 434.967
      vertex 361.8 137.852 437.916
      vertex 361.8 139.523 434.967
    endloop
  endfacet
  facet normal 1 0 0
    outer loop
      vertex 361.8 149.813 443.358
      vertex 361.8 134.739 443.347
      vertex 361.8 149.352 443.159
    endloop
  endfacet
  facet normal 1 0 0
    outer loop
      vertex 361.8 139.523 434.967
      vertex 361.8 137.931 436.92
      vertex 361.8 137.957 435.846
    endloop
  endfacet
  facet normal 1 0 0
    outer loop
      vertex 361.8 139.523 434.967
      vertex 361.8 137.852 437.916
      vertex 361.8 137.931 436.92
    endloop
  endfacet
  facet normal 1 0 0
    outer loop
      vertex 361.8 146.967 439.708
      vertex 361.8 137.852 437.916
      vertex 361.8 144.948 434.967
    endloop
  endfacet
  facet normal 1 0 0
    outer loop
      vertex 361.8 146.967 439.708
      vertex 361.8 137.537 439.674
      vertex 361.8 137.721 438.834
    endloop
  endfacet
  facet normal 1 0 0
    outer loop
      vertex 361.8 147.052 440.217
      vertex 361.8 137.301 440.436
      vertex 361.8 137.537 439.674
    endloop
  endfacet
  facet normal 1 0 0
    outer loop
      vertex 361.8 147.359 441.143
      vertex 361.8 137.012 441.12
      vertex 361.8 137.301 440.436
    endloop
  endfacet
  facet normal 1 0 0
    outer loop
      vertex 361.8 147.582 441.56
      vertex 361.8 136.671 441.727
      vertex 361.8 137.012 441.12
    endloop
  endfacet
  facet normal 1 0 0
    outer loop
      vertex 361.8 147.85 441.946
      vertex 361.8 136.275 442.253
      vertex 361.8 136.671 441.727
    endloop
  endfacet
  facet normal 1 0 0
    outer loop
      vertex 361.8 148.164 442.302
      vertex 361.8 135.821 442.699
      vertex 361.8 136.275 442.253
    endloop
  endfacet
  facet normal 1 0 0
    outer loop
      vertex 361.8 148.922 442.915
      vertex 361.8 135.821 442.699
      vertex 361.8 148.524 442.627
    endloop
  endfacet
  facet normal 1 0 -0
    outer loop
      vertex 361.8 135.821 442.699
      vertex 361.8 148.922 442.915
      vertex 361.8 135.309 443.064
    endloop
  endfacet
  facet normal 1 0 0
    outer loop
      vertex 361.8 149.352 443.159
      vertex 361.8 135.309 443.064
      vertex 361.8 148.922 442.915
    endloop
  endfacet
  facet normal 1 0 -0
    outer loop
      vertex 361.8 135.309 443.064
      vertex 361.8 149.352 443.159
      vertex 361.8 134.739 443.347
    endloop
  endfacet
  facet normal 1 0 0
    outer loop
      vertex 361.8 241.4 518.8
      vertex 361.8 132.684 443.712
      vertex 361.8 133.427 443.672
    endloop
  endfacet
  facet normal 1 -0 0
    outer loop
      vertex 361.8 20 518.8
      vertex 361.8 132.684 443.712
      vertex 361.8 241.4 518.8
    endloop
  endfacet
  facet normal 1 0 0
    outer loop
      vertex 361.8 132.684 443.712
      vertex 361.8 20 518.8
      vertex 361.8 131.921 443.672
    endloop
  endfacet
  facet normal 1 0 -0
    outer loop
      vertex 361.8 113.298 443.461
      vertex 361.8 131.921 443.672
      vertex 361.8 20 518.8
    endloop
  endfacet
  facet normal 1 0 -0
    outer loop
      vertex 361.8 113.964 443.39
      vertex 361.8 131.921 443.672
      vertex 361.8 113.298 443.461
    endloop
  endfacet
  facet normal 1 0 0
    outer loop
      vertex 361.8 127.361 436.931
      vertex 361.8 125.652 434.967
      vertex 361.8 127.335 435.846
    endloop
  endfacet
  facet normal 1 0 0
    outer loop
      vertex 361.8 127.44 437.935
      vertex 361.8 125.652 434.967
      vertex 361.8 127.361 436.931
    endloop
  endfacet
  facet normal 1 0 0
    outer loop
      vertex 361.8 120.227 434.967
      vertex 361.8 127.44 437.935
      vertex 361.8 127.571 438.859
    endloop
  endfacet
  facet normal 1 -0 0
    outer loop
      vertex 361.8 117.948 439.682
      vertex 361.8 127.571 438.859
      vertex 361.8 127.755 439.702
    endloop
  endfacet
  facet normal 1 -0 0
    outer loop
      vertex 361.8 117.862 440.216
      vertex 361.8 127.755 439.702
      vertex 361.8 127.991 440.465
    endloop
  endfacet
  facet normal 1 -0 0
    outer loop
      vertex 361.8 117.719 440.712
      vertex 361.8 127.991 440.465
      vertex 361.8 128.279 441.147
    endloop
  endfacet
  facet normal 1 0 0
    outer loop
      vertex 361.8 127.571 438.859
      vertex 361.8 117.977 439.112
      vertex 361.8 120.227 434.967
    endloop
  endfacet
  facet normal 1 -0 0
    outer loop
      vertex 361.8 117.518 441.172
      vertex 361.8 128.279 441.147
      vertex 361.8 128.621 441.748
    endloop
  endfacet
  facet normal 1 0 0
    outer loop
      vertex 361.8 117.26 441.595
      vertex 361.8 128.621 441.748
      vertex 361.8 129.018 442.269
    endloop
  endfacet
  facet normal 1 -0 0
    outer loop
      vertex 361.8 116.572 442.329
      vertex 361.8 129.018 442.269
      vertex 361.8 129.477 442.71
    endloop
  endfacet
  facet normal 1 0 0
    outer loop
      vertex 361.8 116.685 435.933
      vertex 361.8 120.227 433.231
      vertex 361.8 120.227 434.967
    endloop
  endfacet
  facet normal 1 -0 0
    outer loop
      vertex 361.8 117.957 438.636
      vertex 361.8 120.227 434.967
      vertex 361.8 117.977 439.112
    endloop
  endfacet
  facet normal 1 0 0
    outer loop
      vertex 361.8 127.44 437.935
      vertex 361.8 120.227 434.967
      vertex 361.8 125.652 434.967
    endloop
  endfacet
  facet normal 1 0 0
    outer loop
      vertex 361.8 116.146 442.635
      vertex 361.8 129.477 442.71
      vertex 361.8 129.997 443.071
    endloop
  endfacet
  facet normal 1 0 0
    outer loop
      vertex 361.8 131.921 443.672
      vertex 361.8 113.964 443.39
      vertex 361.8 131.218 443.552
    endloop
  endfacet
  facet normal 1 0 0
    outer loop
      vertex 361.8 127.571 438.859
      vertex 361.8 117.948 439.682
      vertex 361.8 117.977 439.112
    endloop
  endfacet
  facet normal 1 0 0
    outer loop
      vertex 361.8 127.755 439.702
      vertex 361.8 117.862 440.216
      vertex 361.8 117.948 439.682
    endloop
  endfacet
  facet normal 1 0 0
    outer loop
      vertex 361.8 127.991 440.465
      vertex 361.8 117.719 440.712
      vertex 361.8 117.862 440.216
    endloop
  endfacet
  facet normal 1 0 0
    outer loop
      vertex 361.8 128.279 441.147
      vertex 361.8 117.518 441.172
      vertex 361.8 117.719 440.712
    endloop
  endfacet
  facet normal 1 0 0
    outer loop
      vertex 361.8 128.621 441.748
      vertex 361.8 117.26 441.595
      vertex 361.8 117.518 441.172
    endloop
  endfacet
  facet normal 1 0 0
    outer loop
      vertex 361.8 129.018 442.269
      vertex 361.8 116.945 441.98
      vertex 361.8 117.26 441.595
    endloop
  endfacet
  facet normal 1 0 0
    outer loop
      vertex 361.8 129.018 442.269
      vertex 361.8 116.572 442.329
      vertex 361.8 116.945 441.98
    endloop
  endfacet
  facet normal 1 0 0
    outer loop
      vertex 361.8 129.477 442.71
      vertex 361.8 116.146 442.635
      vertex 361.8 116.572 442.329
    endloop
  endfacet
  facet normal 1 0 0
    outer loop
      vertex 361.8 129.997 443.071
      vertex 361.8 115.673 442.895
      vertex 361.8 116.146 442.635
    endloop
  endfacet
  facet normal 1 0 0
    outer loop
      vertex 361.8 130.577 443.351
      vertex 361.8 115.673 442.895
      vertex 361.8 129.997 443.071
    endloop
  endfacet
  facet normal 1 0 -0
    outer loop
      vertex 361.8 115.673 442.895
      vertex 361.8 130.577 443.351
      vertex 361.8 115.151 443.107
    endloop
  endfacet
  facet normal 1 0 -0
    outer loop
      vertex 361.8 115.151 443.107
      vertex 361.8 130.577 443.351
      vertex 361.8 114.582 443.272
    endloop
  endfacet
  facet normal 1 0 0
    outer loop
      vertex 361.8 131.218 443.552
      vertex 361.8 114.582 443.272
      vertex 361.8 130.577 443.351
    endloop
  endfacet
  facet normal 1 0 -0
    outer loop
      vertex 361.8 114.582 443.272
      vertex 361.8 131.218 443.552
      vertex 361.8 113.964 443.39
    endloop
  endfacet
  facet normal 1 0 0
    outer loop
      vertex 361.8 113.298 443.461
      vertex 361.8 20 518.8
      vertex 361.8 112.584 443.484
    endloop
  endfacet
  facet normal 1 0 0
    outer loop
      vertex 361.8 105.391 443.484
      vertex 361.8 20 518.8
      vertex 361.8 105.391 428.197
    endloop
  endfacet
  facet normal 1 0 0
    outer loop
      vertex 361.8 112.584 443.484
      vertex 361.8 20 518.8
      vertex 361.8 105.391 443.484
    endloop
  endfacet
  facet normal 1 -0 0
    outer loop
      vertex 361.8 157.003 428.197
      vertex 361.8 241.4 352.533
      vertex 361.8 157.003 429.857
    endloop
  endfacet
  facet normal 1 -0 0
    outer loop
      vertex 361.8 146.88 428.197
      vertex 361.8 241.4 352.533
      vertex 361.8 157.003 428.197
    endloop
  endfacet
  facet normal 1 -0 0
    outer loop
      vertex 361.8 139.523 433.231
      vertex 361.8 146.88 429.575
      vertex 361.8 144.948 433.231
    endloop
  endfacet
  facet normal 1 0 0
    outer loop
      vertex 361.8 146.88 429.575
      vertex 361.8 139.523 433.231
      vertex 361.8 146.88 428.197
    endloop
  endfacet
  facet normal 1 -0 0
    outer loop
      vertex 361.8 136.964 430.611
      vertex 361.8 146.88 428.197
      vertex 361.8 139.523 433.231
    endloop
  endfacet
  facet normal 1 0 0
    outer loop
      vertex 361.8 137.847 433.805
      vertex 361.8 139.523 434.967
      vertex 361.8 137.929 434.789
    endloop
  endfacet
  facet normal 1 0 0
    outer loop
      vertex 361.8 139.523 434.967
      vertex 361.8 137.847 433.805
      vertex 361.8 139.523 433.231
    endloop
  endfacet
  facet normal 1 0 0
    outer loop
      vertex 361.8 137.709 432.896
      vertex 361.8 139.523 433.231
      vertex 361.8 137.847 433.805
    endloop
  endfacet
  facet normal 1 0 0
    outer loop
      vertex 361.8 137.516 432.06
      vertex 361.8 139.523 433.231
      vertex 361.8 137.709 432.896
    endloop
  endfacet
  facet normal 1 0 0
    outer loop
      vertex 361.8 137.268 431.299
      vertex 361.8 139.523 433.231
      vertex 361.8 137.516 432.06
    endloop
  endfacet
  facet normal 1 0 0
    outer loop
      vertex 361.8 136.964 430.611
      vertex 361.8 139.523 433.231
      vertex 361.8 137.268 431.299
    endloop
  endfacet
  facet normal 1 0 0
    outer loop
      vertex 361.8 146.88 428.197
      vertex 361.8 136.964 430.611
      vertex 361.8 136.606 429.998
    endloop
  endfacet
  facet normal 1 0 0
    outer loop
      vertex 361.8 146.88 428.197
      vertex 361.8 136.606 429.998
      vertex 361.8 136.194 429.462
    endloop
  endfacet
  facet normal 1 -0 0
    outer loop
      vertex 361.8 135.729 429.009
      vertex 361.8 146.88 428.197
      vertex 361.8 136.194 429.462
    endloop
  endfacet
  facet normal 1 -0 0
    outer loop
      vertex 361.8 135.212 428.639
      vertex 361.8 146.88 428.197
      vertex 361.8 135.729 429.009
    endloop
  endfacet
  facet normal 1 -0 0
    outer loop
      vertex 361.8 134.642 428.35
      vertex 361.8 146.88 428.197
      vertex 361.8 135.212 428.639
    endloop
  endfacet
  facet normal 1 0 0
    outer loop
      vertex 361.8 134.02 428.144
      vertex 361.8 146.88 428.197
      vertex 361.8 134.642 428.35
    endloop
  endfacet
  facet normal 1 0 0
    outer loop
      vertex 361.8 133.346 428.021
      vertex 361.8 146.88 428.197
      vertex 361.8 134.02 428.144
    endloop
  endfacet
  facet normal 1 0 0
    outer loop
      vertex 361.8 146.88 428.197
      vertex 361.8 133.346 428.021
      vertex 361.8 241.4 352.533
    endloop
  endfacet
  facet normal 1 -0 0
    outer loop
      vertex 361.8 132.619 427.98
      vertex 361.8 241.4 352.533
      vertex 361.8 133.346 428.021
    endloop
  endfacet
  facet normal 1 0 0
    outer loop
      vertex 361.8 20 352.533
      vertex 361.8 132.619 427.98
      vertex 361.8 131.892 428.021
    endloop
  endfacet
  facet normal 1 0 0
    outer loop
      vertex 361.8 118.585 428.197
      vertex 361.8 131.892 428.021
      vertex 361.8 131.219 428.144
    endloop
  endfacet
  facet normal 1 -0 0
    outer loop
      vertex 361.8 118.585 428.197
      vertex 361.8 131.219 428.144
      vertex 361.8 130.6 428.348
    endloop
  endfacet
  facet normal 1 0 0
    outer loop
      vertex 361.8 118.585 428.197
      vertex 361.8 130.6 428.348
      vertex 361.8 130.034 428.635
    endloop
  endfacet
  facet normal 1 -0 0
    outer loop
      vertex 361.8 125.652 434.967
      vertex 361.8 127.362 434.783
      vertex 361.8 127.335 435.846
    endloop
  endfacet
  facet normal 1 0 0
    outer loop
      vertex 361.8 125.652 434.967
      vertex 361.8 127.443 433.795
      vertex 361.8 127.362 434.783
    endloop
  endfacet
  facet normal 1 0 0
    outer loop
      vertex 361.8 125.652 433.231
      vertex 361.8 127.443 433.795
      vertex 361.8 125.652 434.967
    endloop
  endfacet
  facet normal 1 0 0
    outer loop
      vertex 361.8 127.443 433.795
      vertex 361.8 125.652 433.231
      vertex 361.8 127.578 432.883
    endloop
  endfacet
  facet normal 1 0 0
    outer loop
      vertex 361.8 127.578 432.883
      vertex 361.8 125.652 433.231
      vertex 361.8 127.767 432.046
    endloop
  endfacet
  facet normal 1 0 0
    outer loop
      vertex 361.8 127.767 432.046
      vertex 361.8 125.652 433.231
      vertex 361.8 128.01 431.284
    endloop
  endfacet
  facet normal 1 0 0
    outer loop
      vertex 361.8 128.01 431.284
      vertex 361.8 125.652 433.231
      vertex 361.8 128.307 430.598
    endloop
  endfacet
  facet normal 1 0 0
    outer loop
      vertex 361.8 118.585 428.197
      vertex 361.8 128.307 430.598
      vertex 361.8 125.652 433.231
    endloop
  endfacet
  facet normal 1 0 0
    outer loop
      vertex 361.8 128.307 430.598
      vertex 361.8 118.585 428.197
      vertex 361.8 128.658 429.987
    endloop
  endfacet
  facet normal 1 0 0
    outer loop
      vertex 361.8 118.585 428.197
      vertex 361.8 125.652 433.231
      vertex 361.8 120.227 433.231
    endloop
  endfacet
  facet normal 1 0 0
    outer loop
      vertex 361.8 128.658 429.987
      vertex 361.8 118.585 428.197
      vertex 361.8 129.063 429.454
    endloop
  endfacet
  facet normal 1 0 0
    outer loop
      vertex 361.8 129.063 429.454
      vertex 361.8 118.585 428.197
      vertex 361.8 129.522 429.004
    endloop
  endfacet
  facet normal 1 0 0
    outer loop
      vertex 361.8 129.522 429.004
      vertex 361.8 118.585 428.197
      vertex 361.8 130.034 428.635
    endloop
  endfacet
  facet normal 1 0 0
    outer loop
      vertex 361.8 131.892 428.021
      vertex 361.8 118.585 428.197
      vertex 361.8 20 352.533
    endloop
  endfacet
  facet normal 1 0 0
    outer loop
      vertex 361.8 20 352.533
      vertex 361.8 118.585 428.197
      vertex 361.8 116.197 428.197
    endloop
  endfacet
  facet normal 1 0 0
    outer loop
      vertex 361.8 107.463 428.197
      vertex 361.8 112.226 434.544
      vertex 361.8 107.463 434.544
    endloop
  endfacet
  facet normal 1 0 0
    outer loop
      vertex 361.8 112.226 434.544
      vertex 361.8 107.463 428.197
      vertex 361.8 116.197 428.197
    endloop
  endfacet
  facet normal 1 0 0
    outer loop
      vertex 361.8 20 352.533
      vertex 361.8 116.197 428.197
      vertex 361.8 107.463 428.197
    endloop
  endfacet
  facet normal 1 0 0
    outer loop
      vertex 361.8 20 352.533
      vertex 361.8 107.463 428.197
      vertex 361.8 105.391 428.197
    endloop
  endfacet
  facet normal 1 0 0
    outer loop
      vertex 361.8 132.619 427.98
      vertex 361.8 20 352.533
      vertex 361.8 241.4 352.533
    endloop
  endfacet
  facet normal 1 0 0
    outer loop
      vertex 361.8 20 352.533
      vertex 361.8 105.391 428.197
      vertex 361.8 20 518.8
    endloop
  endfacet
  facet normal 1 -0 0
    outer loop
      vertex 361.8 156.756 439.27
      vertex 361.8 157.003 429.857
      vertex 361.8 156.765 439.524
    endloop
  endfacet
  facet normal 1 -0 0
    outer loop
      vertex 361.8 156.731 439.017
      vertex 361.8 157.003 429.857
      vertex 361.8 156.756 439.27
    endloop
  endfacet
  facet normal 1 -0 0
    outer loop
      vertex 361.8 156.69 438.763
      vertex 361.8 157.003 429.857
      vertex 361.8 156.731 439.017
    endloop
  endfacet
  facet normal 1 -0 0
    outer loop
      vertex 361.8 156.632 438.511
      vertex 361.8 157.003 429.857
      vertex 361.8 156.69 438.763
    endloop
  endfacet
  facet normal 1 -0 0
    outer loop
      vertex 361.8 156.557 438.259
      vertex 361.8 157.003 429.857
      vertex 361.8 156.632 438.511
    endloop
  endfacet
  facet normal 1 -0 0
    outer loop
      vertex 361.8 156.466 438.007
      vertex 361.8 157.003 429.857
      vertex 361.8 156.557 438.259
    endloop
  endfacet
  facet normal 1 -0 0
    outer loop
      vertex 361.8 156.358 437.756
      vertex 361.8 157.003 429.857
      vertex 361.8 156.466 438.007
    endloop
  endfacet
  facet normal 1 -0 0
    outer loop
      vertex 361.8 156.233 437.504
      vertex 361.8 157.003 429.857
      vertex 361.8 156.358 437.756
    endloop
  endfacet
  facet normal 1 -0 0
    outer loop
      vertex 361.8 156.093 437.253
      vertex 361.8 157.003 429.857
      vertex 361.8 156.233 437.504
    endloop
  endfacet
  facet normal 1 -0 0
    outer loop
      vertex 361.8 155.936 437.002
      vertex 361.8 157.003 429.857
      vertex 361.8 156.093 437.253
    endloop
  endfacet
  facet normal 1 -0 0
    outer loop
      vertex 361.8 155.763 436.751
      vertex 361.8 157.003 429.857
      vertex 361.8 155.936 437.002
    endloop
  endfacet
  facet normal 1 -0 0
    outer loop
      vertex 361.8 155.574 436.5
      vertex 361.8 157.003 429.857
      vertex 361.8 155.763 436.751
    endloop
  endfacet
  facet normal 1 -0 0
    outer loop
      vertex 361.8 155.369 436.249
      vertex 361.8 157.003 429.857
      vertex 361.8 155.574 436.5
    endloop
  endfacet
  facet normal 1 -0 0
    outer loop
      vertex 361.8 155.148 435.998
      vertex 361.8 157.003 429.857
      vertex 361.8 155.369 436.249
    endloop
  endfacet
  facet normal 1 -0 0
    outer loop
      vertex 361.8 154.889 435.727
      vertex 361.8 157.003 429.857
      vertex 361.8 155.148 435.998
    endloop
  endfacet
  facet normal 1 -0 0
    outer loop
      vertex 361.8 154.57 435.417
      vertex 361.8 157.003 429.857
      vertex 361.8 154.889 435.727
    endloop
  endfacet
  facet normal 1 -0 0
    outer loop
      vertex 361.8 154.191 435.067
      vertex 361.8 157.003 429.857
      vertex 361.8 154.57 435.417
    endloop
  endfacet
  facet normal 1 -0 0
    outer loop
      vertex 361.8 153.752 434.678
      vertex 361.8 157.003 429.857
      vertex 361.8 154.191 435.067
    endloop
  endfacet
  facet normal 1 -0 0
    outer loop
      vertex 361.8 153.254 434.25
      vertex 361.8 157.003 429.857
      vertex 361.8 153.752 434.678
    endloop
  endfacet
  facet normal 1 -0 0
    outer loop
      vertex 361.8 152.695 433.782
      vertex 361.8 157.003 429.857
      vertex 361.8 153.254 434.25
    endloop
  endfacet
  facet normal 1 -0 0
    outer loop
      vertex 361.8 152.077 433.274
      vertex 361.8 157.003 429.857
      vertex 361.8 152.695 433.782
    endloop
  endfacet
  facet normal 1 -0 0
    outer loop
      vertex 361.8 151.731 432.987
      vertex 361.8 157.003 429.857
      vertex 361.8 152.077 433.274
    endloop
  endfacet
  facet normal 1 -0 0
    outer loop
      vertex 361.8 151.406 432.708
      vertex 361.8 157.003 429.857
      vertex 361.8 151.731 432.987
    endloop
  endfacet
  facet normal 1 -0 0
    outer loop
      vertex 361.8 151.102 432.437
      vertex 361.8 157.003 429.857
      vertex 361.8 151.406 432.708
    endloop
  endfacet
  facet normal 1 -0 0
    outer loop
      vertex 361.8 150.818 432.174
      vertex 361.8 157.003 429.857
      vertex 361.8 151.102 432.437
    endloop
  endfacet
  facet normal 1 -0 0
    outer loop
      vertex 361.8 150.555 431.92
      vertex 361.8 157.003 429.857
      vertex 361.8 150.818 432.174
    endloop
  endfacet
  facet normal 1 -0 0
    outer loop
      vertex 361.8 150.313 431.674
      vertex 361.8 157.003 429.857
      vertex 361.8 150.555 431.92
    endloop
  endfacet
  facet normal 1 -0 0
    outer loop
      vertex 361.8 150.092 431.435
      vertex 361.8 157.003 429.857
      vertex 361.8 150.313 431.674
    endloop
  endfacet
  facet normal 1 -0 0
    outer loop
      vertex 361.8 149.889 431.203
      vertex 361.8 157.003 429.857
      vertex 361.8 150.092 431.435
    endloop
  endfacet
  facet normal 1 -0 0
    outer loop
      vertex 361.8 149.704 430.972
      vertex 361.8 157.003 429.857
      vertex 361.8 149.889 431.203
    endloop
  endfacet
  facet normal 1 -0 0
    outer loop
      vertex 361.8 149.535 430.744
      vertex 361.8 157.003 429.857
      vertex 361.8 149.704 430.972
    endloop
  endfacet
  facet normal 1 -0 0
    outer loop
      vertex 361.8 149.383 430.519
      vertex 361.8 157.003 429.857
      vertex 361.8 149.535 430.744
    endloop
  endfacet
  facet normal 1 -0 0
    outer loop
      vertex 361.8 149.248 430.296
      vertex 361.8 157.003 429.857
      vertex 361.8 149.383 430.519
    endloop
  endfacet
  facet normal 1 -0 0
    outer loop
      vertex 361.8 149.13 430.075
      vertex 361.8 157.003 429.857
      vertex 361.8 149.248 430.296
    endloop
  endfacet
  facet normal 1 0 0
    outer loop
      vertex 361.8 157.003 429.857
      vertex 361.8 149.13 430.075
      vertex 361.8 149.029 429.857
    endloop
  endfacet
  facet normal 1 0 0
    outer loop
      vertex 361.8 152.332 442.092
      vertex 361.8 154.757 439.459
      vertex 361.8 154.742 439.807
    endloop
  endfacet
  facet normal 1 0 0
    outer loop
      vertex 361.8 154.757 439.459
      vertex 361.8 152.332 442.092
      vertex 361.8 154.749 439.196
    endloop
  endfacet
  facet normal 1 0 0
    outer loop
      vertex 361.8 152.672 442.05
      vertex 361.8 154.742 439.807
      vertex 361.8 154.697 440.132
    endloop
  endfacet
  facet normal 1 0 0
    outer loop
      vertex 361.8 151.969 442.106
      vertex 361.8 154.749 439.196
      vertex 361.8 152.332 442.092
    endloop
  endfacet
  facet normal 1 0 0
    outer loop
      vertex 361.8 152.989 441.979
      vertex 361.8 154.697 440.132
      vertex 361.8 154.622 440.434
    endloop
  endfacet
  facet normal 1 0 0
    outer loop
      vertex 361.8 154.749 439.196
      vertex 361.8 151.969 442.106
      vertex 361.8 154.722 438.942
    endloop
  endfacet
  facet normal 1 0 0
    outer loop
      vertex 361.8 154.722 438.942
      vertex 361.8 151.969 442.106
      vertex 361.8 154.679 438.695
    endloop
  endfacet
  facet normal 1 0 0
    outer loop
      vertex 361.8 152.989 441.979
      vertex 361.8 154.622 440.434
      vertex 361.8 154.516 440.713
    endloop
  endfacet
  facet normal 1 0 0
    outer loop
      vertex 361.8 154.742 439.807
      vertex 361.8 152.672 442.05
      vertex 361.8 152.332 442.092
    endloop
  endfacet
  facet normal 1 0 0
    outer loop
      vertex 361.8 152.989 441.979
      vertex 361.8 154.516 440.713
      vertex 361.8 154.381 440.969
    endloop
  endfacet
  facet normal 1 0 0
    outer loop
      vertex 361.8 154.679 438.695
      vertex 361.8 151.969 442.106
      vertex 361.8 154.617 438.456
    endloop
  endfacet
  facet normal 1 0 0
    outer loop
      vertex 361.8 152.989 441.979
      vertex 361.8 154.381 440.969
      vertex 361.8 154.215 441.202
    endloop
  endfacet
  facet normal 1 0 0
    outer loop
      vertex 361.8 154.617 438.456
      vertex 361.8 151.969 442.106
      vertex 361.8 154.539 438.226
    endloop
  endfacet
  facet normal 1 -0 0
    outer loop
      vertex 361.8 151.621 442.093
      vertex 361.8 154.539 438.226
      vertex 361.8 151.969 442.106
    endloop
  endfacet
  facet normal 1 0 0
    outer loop
      vertex 361.8 152.989 441.979
      vertex 361.8 154.215 441.202
      vertex 361.8 154.02 441.412
    endloop
  endfacet
  facet normal 1 0 0
    outer loop
      vertex 361.8 154.697 440.132
      vertex 361.8 152.989 441.979
      vertex 361.8 152.672 442.05
    endloop
  endfacet
  facet normal 1 0 0
    outer loop
      vertex 361.8 152.989 441.979
      vertex 361.8 154.02 441.412
      vertex 361.8 153.797 441.596
    endloop
  endfacet
  facet normal 1 0 0
    outer loop
      vertex 361.8 154.539 438.226
      vertex 361.8 151.621 442.093
      vertex 361.8 154.443 438.003
    endloop
  endfacet
  facet normal 1 0 0
    outer loop
      vertex 361.8 154.443 438.003
      vertex 361.8 151.621 442.093
      vertex 361.8 154.329 437.788
    endloop
  endfacet
  facet normal 1 0 0
    outer loop
      vertex 361.8 152.989 441.979
      vertex 361.8 153.797 441.596
      vertex 361.8 153.551 441.752
    endloop
  endfacet
  facet normal 1 -0 0
    outer loop
      vertex 361.8 148.964 439.524
      vertex 361.8 154.329 437.788
      vertex 361.8 151.621 442.093
    endloop
  endfacet
  facet normal 1 0 0
    outer loop
      vertex 361.8 152.989 441.979
      vertex 361.8 153.551 441.752
      vertex 361.8 153.282 441.88
    endloop
  endfacet
  facet normal 1 0 0
    outer loop
      vertex 361.8 154.329 437.788
      vertex 361.8 148.964 439.524
      vertex 361.8 154.201 437.579
    endloop
  endfacet
  facet normal 1 0 0
    outer loop
      vertex 361.8 154.201 437.579
      vertex 361.8 148.964 439.524
      vertex 361.8 154.062 437.372
    endloop
  endfacet
  facet normal 1 0 0
    outer loop
      vertex 361.8 154.062 437.372
      vertex 361.8 148.964 439.524
      vertex 361.8 153.913 437.168
    endloop
  endfacet
  facet normal 1 0 0
    outer loop
      vertex 361.8 153.913 437.168
      vertex 361.8 148.964 439.524
      vertex 361.8 153.752 436.966
    endloop
  endfacet
  facet normal 1 0 0
    outer loop
      vertex 361.8 153.581 436.767
      vertex 361.8 148.964 439.524
      vertex 361.8 153.399 436.571
    endloop
  endfacet
  facet normal 1 0 0
    outer loop
      vertex 361.8 153.399 436.571
      vertex 361.8 148.964 439.524
      vertex 361.8 153.206 436.377
    endloop
  endfacet
  facet normal 1 0 0
    outer loop
      vertex 361.8 152.795 435.993
      vertex 361.8 148.964 439.524
      vertex 361.8 152.58 435.801
    endloop
  endfacet
  facet normal 1 0 0
    outer loop
      vertex 361.8 153.004 436.185
      vertex 361.8 148.964 439.524
      vertex 361.8 152.795 435.993
    endloop
  endfacet
  facet normal 1 0 0
    outer loop
      vertex 361.8 152.58 435.801
      vertex 361.8 148.964 439.524
      vertex 361.8 152.357 435.609
    endloop
  endfacet
  facet normal 1 0 0
    outer loop
      vertex 361.8 153.206 436.377
      vertex 361.8 148.964 439.524
      vertex 361.8 153.004 436.185
    endloop
  endfacet
  facet normal 1 0 0
    outer loop
      vertex 361.8 152.357 435.609
      vertex 361.8 148.964 439.524
      vertex 361.8 152.128 435.417
    endloop
  endfacet
  facet normal 1 0 0
    outer loop
      vertex 361.8 152.128 435.417
      vertex 361.8 148.964 439.524
      vertex 361.8 151.892 435.224
    endloop
  endfacet
  facet normal 1 0 0
    outer loop
      vertex 361.8 153.752 436.966
      vertex 361.8 148.964 439.524
      vertex 361.8 153.581 436.767
    endloop
  endfacet
  facet normal 1 0 0
    outer loop
      vertex 361.8 151.892 435.224
      vertex 361.8 148.964 439.524
      vertex 361.8 151.649 435.032
    endloop
  endfacet
  facet normal 1 0 0
    outer loop
      vertex 361.8 148.964 439.524
      vertex 361.8 151.621 442.093
      vertex 361.8 151.292 442.051
    endloop
  endfacet
  facet normal 1 0 0
    outer loop
      vertex 361.8 151.649 435.032
      vertex 361.8 148.964 439.524
      vertex 361.8 151.402 434.838
    endloop
  endfacet
  facet normal 1 0 0
    outer loop
      vertex 361.8 149.017 439.863
      vertex 361.8 151.292 442.051
      vertex 361.8 150.98 441.982
    endloop
  endfacet
  facet normal 1 0 0
    outer loop
      vertex 361.8 151.402 434.838
      vertex 361.8 148.964 439.524
      vertex 361.8 151.155 434.639
    endloop
  endfacet
  facet normal 1 0 0
    outer loop
      vertex 361.8 149.017 439.863
      vertex 361.8 150.98 441.982
      vertex 361.8 150.686 441.885
    endloop
  endfacet
  facet normal 1 0 0
    outer loop
      vertex 361.8 151.155 434.639
      vertex 361.8 148.964 439.524
      vertex 361.8 150.906 434.435
    endloop
  endfacet
  facet normal 1 0 0
    outer loop
      vertex 361.8 149.099 440.18
      vertex 361.8 150.686 441.885
      vertex 361.8 150.411 441.76
    endloop
  endfacet
  facet normal 1 0 0
    outer loop
      vertex 361.8 150.906 434.435
      vertex 361.8 148.964 439.524
      vertex 361.8 150.658 434.226
    endloop
  endfacet
  facet normal 1 0 0
    outer loop
      vertex 361.8 150.658 434.226
      vertex 361.8 148.964 439.524
      vertex 361.8 150.408 434.013
    endloop
  endfacet
  facet normal 1 0 0
    outer loop
      vertex 361.8 149.099 440.18
      vertex 361.8 150.411 441.76
      vertex 361.8 150.153 441.608
    endloop
  endfacet
  facet normal 1 0 0
    outer loop
      vertex 361.8 149.099 440.18
      vertex 361.8 150.153 441.608
      vertex 361.8 149.913 441.428
    endloop
  endfacet
  facet normal 1 0 0
    outer loop
      vertex 361.8 150.408 434.013
      vertex 361.8 148.964 439.524
      vertex 361.8 150.158 433.795
    endloop
  endfacet
  facet normal 1 0 0
    outer loop
      vertex 361.8 149.099 440.18
      vertex 361.8 149.913 441.428
      vertex 361.8 149.695 441.223
    endloop
  endfacet
  facet normal 1 -0 0
    outer loop
      vertex 361.8 144.948 434.967
      vertex 361.8 150.158 433.795
      vertex 361.8 148.964 439.524
    endloop
  endfacet
  facet normal 1 0 0
    outer loop
      vertex 361.8 149.099 440.18
      vertex 361.8 149.695 441.223
      vertex 361.8 149.505 440.996
    endloop
  endfacet
  facet normal 1 0 0
    outer loop
      vertex 361.8 144.948 434.967
      vertex 361.8 148.964 439.524
      vertex 361.8 146.967 439.708
    endloop
  endfacet
  facet normal 1 0 0
    outer loop
      vertex 361.8 149.099 440.18
      vertex 361.8 149.505 440.996
      vertex 361.8 149.343 440.746
    endloop
  endfacet
  facet normal 1 0 0
    outer loop
      vertex 361.8 149.099 440.18
      vertex 361.8 149.343 440.746
      vertex 361.8 149.207 440.474
    endloop
  endfacet
  facet normal 1 0 0
    outer loop
      vertex 361.8 150.158 433.795
      vertex 361.8 144.948 434.967
      vertex 361.8 149.907 433.573
    endloop
  endfacet
  facet normal 1 0 0
    outer loop
      vertex 361.8 150.686 441.885
      vertex 361.8 149.099 440.18
      vertex 361.8 149.017 439.863
    endloop
  endfacet
  facet normal 1 0 0
    outer loop
      vertex 361.8 151.292 442.051
      vertex 361.8 149.017 439.863
      vertex 361.8 148.964 439.524
    endloop
  endfacet
  facet normal 1 0 0
    outer loop
      vertex 361.8 149.907 433.573
      vertex 361.8 144.948 434.967
      vertex 361.8 149.658 433.344
    endloop
  endfacet
  facet normal 1 0 0
    outer loop
      vertex 361.8 149.658 433.344
      vertex 361.8 144.948 434.967
      vertex 361.8 149.412 433.108
    endloop
  endfacet
  facet normal 1 0 0
    outer loop
      vertex 361.8 149.412 433.108
      vertex 361.8 144.948 434.967
      vertex 361.8 149.169 432.865
    endloop
  endfacet
  facet normal 1 0 0
    outer loop
      vertex 361.8 149.169 432.865
      vertex 361.8 144.948 434.967
      vertex 361.8 148.93 432.614
    endloop
  endfacet
  facet normal 1 -0 0
    outer loop
      vertex 361.8 144.948 433.231
      vertex 361.8 148.93 432.614
      vertex 361.8 144.948 434.967
    endloop
  endfacet
  facet normal 1 0 0
    outer loop
      vertex 361.8 148.93 432.614
      vertex 361.8 144.948 433.231
      vertex 361.8 148.693 432.355
    endloop
  endfacet
  facet normal 1 0 0
    outer loop
      vertex 361.8 148.693 432.355
      vertex 361.8 144.948 433.231
      vertex 361.8 148.461 432.089
    endloop
  endfacet
  facet normal 1 0 0
    outer loop
      vertex 361.8 148.461 432.089
      vertex 361.8 144.948 433.231
      vertex 361.8 148.231 431.815
    endloop
  endfacet
  facet normal 1 0 0
    outer loop
      vertex 361.8 148.231 431.815
      vertex 361.8 144.948 433.231
      vertex 361.8 148.008 431.532
    endloop
  endfacet
  facet normal 1 0 0
    outer loop
      vertex 361.8 148.008 431.532
      vertex 361.8 144.948 433.231
      vertex 361.8 147.795 431.236
    endloop
  endfacet
  facet normal 1 0 0
    outer loop
      vertex 361.8 147.795 431.236
      vertex 361.8 144.948 433.231
      vertex 361.8 147.592 430.928
    endloop
  endfacet
  facet normal 1 0 0
    outer loop
      vertex 361.8 147.592 430.928
      vertex 361.8 144.948 433.231
      vertex 361.8 147.399 430.608
    endloop
  endfacet
  facet normal 1 0 0
    outer loop
      vertex 361.8 147.399 430.608
      vertex 361.8 144.948 433.231
      vertex 361.8 147.216 430.276
    endloop
  endfacet
  facet normal 1 -0 0
    outer loop
      vertex 361.8 117.896 438.183
      vertex 361.8 120.227 434.967
      vertex 361.8 117.957 438.636
    endloop
  endfacet
  facet normal 1 -0 0
    outer loop
      vertex 361.8 117.794 437.751
      vertex 361.8 120.227 434.967
      vertex 361.8 117.896 438.183
    endloop
  endfacet
  facet normal 1 -0 0
    outer loop
      vertex 361.8 117.653 437.342
      vertex 361.8 120.227 434.967
      vertex 361.8 117.794 437.751
    endloop
  endfacet
  facet normal 1 -0 0
    outer loop
      vertex 361.8 117.47 436.955
      vertex 361.8 120.227 434.967
      vertex 361.8 117.653 437.342
    endloop
  endfacet
  facet normal 1 -0 0
    outer loop
      vertex 361.8 117.247 436.59
      vertex 361.8 120.227 434.967
      vertex 361.8 117.47 436.955
    endloop
  endfacet
  facet normal 1 -0 0
    outer loop
      vertex 361.8 116.984 436.247
      vertex 361.8 120.227 434.967
      vertex 361.8 117.247 436.59
    endloop
  endfacet
  facet normal 1 -0 0
    outer loop
      vertex 361.8 116.685 435.933
      vertex 361.8 120.227 434.967
      vertex 361.8 116.984 436.247
    endloop
  endfacet
  facet normal 1 0 0
    outer loop
      vertex 361.8 120.227 433.231
      vertex 361.8 116.685 435.933
      vertex 361.8 116.355 435.654
    endloop
  endfacet
  facet normal 1 0 0
    outer loop
      vertex 361.8 120.227 433.231
      vertex 361.8 116.355 435.654
      vertex 361.8 115.995 435.41
    endloop
  endfacet
  facet normal 1 -0 0
    outer loop
      vertex 361.8 115.603 435.2
      vertex 361.8 120.227 433.231
      vertex 361.8 115.995 435.41
    endloop
  endfacet
  facet normal 1 -0 0
    outer loop
      vertex 361.8 115.181 435.026
      vertex 361.8 120.227 433.231
      vertex 361.8 115.603 435.2
    endloop
  endfacet
  facet normal 1 0 0
    outer loop
      vertex 361.8 120.227 433.231
      vertex 361.8 115.181 435.026
      vertex 361.8 118.585 428.197
    endloop
  endfacet
  facet normal 1 -0 0
    outer loop
      vertex 361.8 114.728 434.887
      vertex 361.8 118.585 428.197
      vertex 361.8 115.181 435.026
    endloop
  endfacet
  facet normal 1 0 0
    outer loop
      vertex 361.8 118.585 428.197
      vertex 361.8 114.728 434.887
      vertex 361.8 114.245 434.783
    endloop
  endfacet
  facet normal 1 0 0
    outer loop
      vertex 361.8 114.065 441.596
      vertex 361.8 115.894 439.09
      vertex 361.8 115.875 439.458
    endloop
  endfacet
  facet normal 1 0 0
    outer loop
      vertex 361.8 115.894 439.09
      vertex 361.8 114.065 441.596
      vertex 361.8 115.875 438.709
    endloop
  endfacet
  facet normal 1 0 0
    outer loop
      vertex 361.8 114.405 441.467
      vertex 361.8 115.875 439.458
      vertex 361.8 115.82 439.801
    endloop
  endfacet
  facet normal 1 0 -0
    outer loop
      vertex 361.8 114.095 436.432
      vertex 361.8 115.875 438.709
      vertex 361.8 114.065 441.596
    endloop
  endfacet
  facet normal 1 0 0
    outer loop
      vertex 361.8 114.712 441.31
      vertex 361.8 115.82 439.801
      vertex 361.8 115.727 440.117
    endloop
  endfacet
  facet normal 1 0 0
    outer loop
      vertex 361.8 115.875 439.458
      vertex 361.8 114.405 441.467
      vertex 361.8 114.065 441.596
    endloop
  endfacet
  facet normal 1 0 0
    outer loop
      vertex 361.8 114.988 441.125
      vertex 361.8 115.727 440.117
      vertex 361.8 115.598 440.408
    endloop
  endfacet
  facet normal 1 0 0
    outer loop
      vertex 361.8 115.875 438.709
      vertex 361.8 114.095 436.432
      vertex 361.8 115.821 438.353
    endloop
  endfacet
  facet normal 1 0 0
    outer loop
      vertex 361.8 114.988 441.125
      vertex 361.8 115.598 440.408
      vertex 361.8 115.431 440.673
    endloop
  endfacet
  facet normal 1 0 0
    outer loop
      vertex 361.8 115.82 439.801
      vertex 361.8 114.712 441.31
      vertex 361.8 114.405 441.467
    endloop
  endfacet
  facet normal 1 0 0
    outer loop
      vertex 361.8 114.988 441.125
      vertex 361.8 115.431 440.673
      vertex 361.8 115.228 440.912
    endloop
  endfacet
  facet normal 1 0 0
    outer loop
      vertex 361.8 115.727 440.117
      vertex 361.8 114.988 441.125
      vertex 361.8 114.712 441.31
    endloop
  endfacet
  facet normal 1 0 0
    outer loop
      vertex 361.8 115.821 438.353
      vertex 361.8 114.426 436.573
      vertex 361.8 115.729 438.022
    endloop
  endfacet
  facet normal 1 0 -0
    outer loop
      vertex 361.8 114.728 436.744
      vertex 361.8 115.729 438.022
      vertex 361.8 114.426 436.573
    endloop
  endfacet
  facet normal 1 0 0
    outer loop
      vertex 361.8 115.601 437.715
      vertex 361.8 114.728 436.744
      vertex 361.8 115.437 437.434
    endloop
  endfacet
  facet normal 1 0 0
    outer loop
      vertex 361.8 115.437 437.434
      vertex 361.8 114.998 436.947
      vertex 361.8 115.236 437.178
    endloop
  endfacet
  facet normal 1 0 0
    outer loop
      vertex 361.8 115.437 437.434
      vertex 361.8 114.728 436.744
      vertex 361.8 114.998 436.947
    endloop
  endfacet
  facet normal 1 0 0
    outer loop
      vertex 361.8 115.729 438.022
      vertex 361.8 114.728 436.744
      vertex 361.8 115.601 437.715
    endloop
  endfacet
  facet normal 1 0 0
    outer loop
      vertex 361.8 115.821 438.353
      vertex 361.8 114.095 436.432
      vertex 361.8 114.426 436.573
    endloop
  endfacet
  facet normal 1 0 0
    outer loop
      vertex 361.8 113.692 441.696
      vertex 361.8 114.095 436.432
      vertex 361.8 114.065 441.596
    endloop
  endfacet
  facet normal 1 0 0
    outer loop
      vertex 361.8 114.095 436.432
      vertex 361.8 113.692 441.696
      vertex 361.8 113.733 436.323
    endloop
  endfacet
  facet normal 1 0 0
    outer loop
      vertex 361.8 113.692 441.696
      vertex 361.8 113.341 436.245
      vertex 361.8 113.733 436.323
    endloop
  endfacet
  facet normal 1 0 0
    outer loop
      vertex 361.8 113.287 441.767
      vertex 361.8 113.341 436.245
      vertex 361.8 113.692 441.696
    endloop
  endfacet
  facet normal 1 0 0
    outer loop
      vertex 361.8 113.287 441.767
      vertex 361.8 112.918 436.198
      vertex 361.8 113.341 436.245
    endloop
  endfacet
  facet normal 1 0 0
    outer loop
      vertex 361.8 112.849 441.81
      vertex 361.8 112.918 436.198
      vertex 361.8 113.287 441.767
    endloop
  endfacet
  facet normal 1 0 0
    outer loop
      vertex 361.8 112.849 441.81
      vertex 361.8 112.465 436.182
      vertex 361.8 112.918 436.198
    endloop
  endfacet
  facet normal 1 0 0
    outer loop
      vertex 361.8 112.378 441.824
      vertex 361.8 112.465 436.182
      vertex 361.8 112.849 441.81
    endloop
  endfacet
  facet normal 1 0 0
    outer loop
      vertex 361.8 107.463 436.182
      vertex 361.8 112.378 441.824
      vertex 361.8 107.463 441.824
    endloop
  endfacet
  facet normal 1 0 0
    outer loop
      vertex 361.8 112.378 441.824
      vertex 361.8 107.463 436.182
      vertex 361.8 112.465 436.182
    endloop
  endfacet
  facet normal 1 0 0
    outer loop
      vertex 361.8 129.31 435.846
      vertex 361.8 135.971 435.846
      vertex 361.8 135.956 436.754
    endloop
  endfacet
  facet normal 1 -0 0
    outer loop
      vertex 361.8 129.326 436.765
      vertex 361.8 135.956 436.754
      vertex 361.8 135.909 437.588
    endloop
  endfacet
  facet normal 1 0 0
    outer loop
      vertex 361.8 135.971 435.846
      vertex 361.8 129.31 435.846
      vertex 361.8 135.955 434.968
    endloop
  endfacet
  facet normal 1 -0 0
    outer loop
      vertex 361.8 129.374 437.608
      vertex 361.8 135.909 437.588
      vertex 361.8 135.831 438.348
    endloop
  endfacet
  facet normal 1 0 -0
    outer loop
      vertex 361.8 129.326 434.952
      vertex 361.8 135.955 434.968
      vertex 361.8 129.31 435.846
    endloop
  endfacet
  facet normal 1 -0 0
    outer loop
      vertex 361.8 129.454 438.373
      vertex 361.8 135.831 438.348
      vertex 361.8 135.722 439.033
    endloop
  endfacet
  facet normal 1 0 0
    outer loop
      vertex 361.8 135.955 434.968
      vertex 361.8 129.326 434.952
      vertex 361.8 135.906 434.158
    endloop
  endfacet
  facet normal 1 -0 0
    outer loop
      vertex 361.8 129.566 439.061
      vertex 361.8 135.722 439.033
      vertex 361.8 135.581 439.643
    endloop
  endfacet
  facet normal 1 0 -0
    outer loop
      vertex 361.8 129.375 434.129
      vertex 361.8 135.906 434.158
      vertex 361.8 129.326 434.952
    endloop
  endfacet
  facet normal 1 -0 0
    outer loop
      vertex 361.8 129.711 439.672
      vertex 361.8 135.581 439.643
      vertex 361.8 135.409 440.18
    endloop
  endfacet
  facet normal 1 0 0
    outer loop
      vertex 361.8 135.906 434.158
      vertex 361.8 129.375 434.129
      vertex 361.8 135.824 433.415
    endloop
  endfacet
  facet normal 1 0 0
    outer loop
      vertex 361.8 132.684 442.128
      vertex 361.8 135.409 440.18
      vertex 361.8 135.206 440.642
    endloop
  endfacet
  facet normal 1 0 -0
    outer loop
      vertex 361.8 129.456 433.377
      vertex 361.8 135.824 433.415
      vertex 361.8 129.375 434.129
    endloop
  endfacet
  facet normal 1 0 0
    outer loop
      vertex 361.8 133.166 442.098
      vertex 361.8 135.206 440.642
      vertex 361.8 134.968 441.036
    endloop
  endfacet
  facet normal 1 0 0
    outer loop
      vertex 361.8 135.824 433.415
      vertex 361.8 129.456 433.377
      vertex 361.8 135.709 432.739
    endloop
  endfacet
  facet normal 1 0 0
    outer loop
      vertex 361.8 133.607 442.007
      vertex 361.8 134.968 441.036
      vertex 361.8 134.688 441.37
    endloop
  endfacet
  facet normal 1 0 -0
    outer loop
      vertex 361.8 129.57 432.696
      vertex 361.8 135.709 432.739
      vertex 361.8 129.456 433.377
    endloop
  endfacet
  facet normal 1 0 0
    outer loop
      vertex 361.8 133.607 442.007
      vertex 361.8 134.688 441.37
      vertex 361.8 134.368 441.643
    endloop
  endfacet
  facet normal 1 0 0
    outer loop
      vertex 361.8 135.709 432.739
      vertex 361.8 129.57 432.696
      vertex 361.8 135.562 432.13
    endloop
  endfacet
  facet normal 1 0 0
    outer loop
      vertex 361.8 133.607 442.007
      vertex 361.8 134.368 441.643
      vertex 361.8 134.008 441.855
    endloop
  endfacet
  facet normal 1 0 -0
    outer loop
      vertex 361.8 129.716 432.087
      vertex 361.8 135.562 432.13
      vertex 361.8 129.57 432.696
    endloop
  endfacet
  facet normal 1 0 0
    outer loop
      vertex 361.8 134.968 441.036
      vertex 361.8 133.607 442.007
      vertex 361.8 133.166 442.098
    endloop
  endfacet
  facet normal 1 0 0
    outer loop
      vertex 361.8 135.562 432.13
      vertex 361.8 129.716 432.087
      vertex 361.8 135.382 431.589
    endloop
  endfacet
  facet normal 1 0 0
    outer loop
      vertex 361.8 135.206 440.642
      vertex 361.8 133.166 442.098
      vertex 361.8 132.684 442.128
    endloop
  endfacet
  facet normal 1 0 -0
    outer loop
      vertex 361.8 129.895 431.549
      vertex 361.8 135.382 431.589
      vertex 361.8 129.716 432.087
    endloop
  endfacet
  facet normal 1 0 0
    outer loop
      vertex 361.8 135.409 440.18
      vertex 361.8 132.684 442.128
      vertex 361.8 129.887 440.206
    endloop
  endfacet
  facet normal 1 0 0
    outer loop
      vertex 361.8 135.382 431.589
      vertex 361.8 129.895 431.549
      vertex 361.8 135.169 431.115
    endloop
  endfacet
  facet normal 1 0 0
    outer loop
      vertex 361.8 129.887 440.206
      vertex 361.8 132.684 442.128
      vertex 361.8 132.19 442.098
    endloop
  endfacet
  facet normal 1 0 -0
    outer loop
      vertex 361.8 130.107 431.083
      vertex 361.8 135.169 431.115
      vertex 361.8 129.895 431.549
    endloop
  endfacet
  facet normal 1 0 0
    outer loop
      vertex 361.8 130.096 440.663
      vertex 361.8 132.19 442.098
      vertex 361.8 131.738 442.008
    endloop
  endfacet
  facet normal 1 0 -0
    outer loop
      vertex 361.8 132.64 429.575
      vertex 361.8 135.169 431.115
      vertex 361.8 130.107 431.083
    endloop
  endfacet
  facet normal 1 0 0
    outer loop
      vertex 361.8 130.342 441.052
      vertex 361.8 131.738 442.008
      vertex 361.8 131.326 441.859
    endloop
  endfacet
  facet normal 1 0 0
    outer loop
      vertex 361.8 135.169 431.115
      vertex 361.8 132.64 429.575
      vertex 361.8 134.92 430.706
    endloop
  endfacet
  facet normal 1 0 0
    outer loop
      vertex 361.8 134.634 430.361
      vertex 361.8 133.115 429.606
      vertex 361.8 134.311 430.078
    endloop
  endfacet
  facet normal 1 0 0
    outer loop
      vertex 361.8 130.342 441.052
      vertex 361.8 131.326 441.859
      vertex 361.8 130.957 441.65
    endloop
  endfacet
  facet normal 1 0 0
    outer loop
      vertex 361.8 134.311 430.078
      vertex 361.8 133.115 429.606
      vertex 361.8 133.95 429.858
    endloop
  endfacet
  facet normal 1 0 0
    outer loop
      vertex 361.8 130.342 441.052
      vertex 361.8 130.957 441.65
      vertex 361.8 130.628 441.381
    endloop
  endfacet
  facet normal 1 0 0
    outer loop
      vertex 361.8 133.95 429.858
      vertex 361.8 133.115 429.606
      vertex 361.8 133.551 429.7
    endloop
  endfacet
  facet normal 1 0 0
    outer loop
      vertex 361.8 131.738 442.008
      vertex 361.8 130.342 441.052
      vertex 361.8 130.096 440.663
    endloop
  endfacet
  facet normal 1 0 0
    outer loop
      vertex 361.8 134.92 430.706
      vertex 361.8 133.115 429.606
      vertex 361.8 134.634 430.361
    endloop
  endfacet
  facet normal 1 0 0
    outer loop
      vertex 361.8 132.19 442.098
      vertex 361.8 130.096 440.663
      vertex 361.8 129.887 440.206
    endloop
  endfacet
  facet normal 1 0 -0
    outer loop
      vertex 361.8 133.115 429.606
      vertex 361.8 134.92 430.706
      vertex 361.8 132.64 429.575
    endloop
  endfacet
  facet normal 1 0 0
    outer loop
      vertex 361.8 135.409 440.18
      vertex 361.8 129.887 440.206
      vertex 361.8 129.711 439.672
    endloop
  endfacet
  facet normal 1 0 0
    outer loop
      vertex 361.8 132.64 429.575
      vertex 361.8 130.107 431.083
      vertex 361.8 132.164 429.605
    endloop
  endfacet
  facet normal 1 0 0
    outer loop
      vertex 361.8 135.581 439.643
      vertex 361.8 129.711 439.672
      vertex 361.8 129.566 439.061
    endloop
  endfacet
  facet normal 1 -0 -0
    outer loop
      vertex 361.8 130.354 430.683
      vertex 361.8 132.164 429.605
      vertex 361.8 130.107 431.083
    endloop
  endfacet
  facet normal 1 0 0
    outer loop
      vertex 361.8 135.722 439.033
      vertex 361.8 129.566 439.061
      vertex 361.8 129.454 438.373
    endloop
  endfacet
  facet normal 1 0 0
    outer loop
      vertex 361.8 131.725 429.698
      vertex 361.8 130.354 430.683
      vertex 361.8 131.325 429.852
    endloop
  endfacet
  facet normal 1 0 0
    outer loop
      vertex 361.8 135.831 438.348
      vertex 361.8 129.454 438.373
      vertex 361.8 129.374 437.608
    endloop
  endfacet
  facet normal 1 0 0
    outer loop
      vertex 361.8 130.963 430.067
      vertex 361.8 130.354 430.683
      vertex 361.8 130.639 430.344
    endloop
  endfacet
  facet normal 1 0 0
    outer loop
      vertex 361.8 135.909 437.588
      vertex 361.8 129.374 437.608
      vertex 361.8 129.326 436.765
    endloop
  endfacet
  facet normal 1 0 0
    outer loop
      vertex 361.8 131.325 429.852
      vertex 361.8 130.354 430.683
      vertex 361.8 130.963 430.067
    endloop
  endfacet
  facet normal 1 0 0
    outer loop
      vertex 361.8 135.956 436.754
      vertex 361.8 129.326 436.765
      vertex 361.8 129.31 435.846
    endloop
  endfacet
  facet normal 1 0 0
    outer loop
      vertex 361.8 132.164 429.605
      vertex 361.8 130.354 430.683
      vertex 361.8 131.725 429.698
    endloop
  endfacet
  facet normal -1 0 0
    outer loop
      vertex 341.8 20 352.533
      vertex 341.8 241.4 518.8
      vertex 341.8 241.4 352.533
    endloop
  endfacet
  facet normal -1 -0 0
    outer loop
      vertex 341.8 241.4 518.8
      vertex 341.8 20 352.533
      vertex 341.8 20 518.8
    endloop
  endfacet
  facet normal 0 -1 0
    outer loop
      vertex 341.8 20 518.8
      vertex 344.45 20 366.883
      vertex 347.054 20 518.8
    endloop
  endfacet
  facet normal 0 -1 0
    outer loop
      vertex 341.8 20 352.533
      vertex 344.45 20 366.883
      vertex 341.8 20 518.8
    endloop
  endfacet
  facet normal 0 -1 -0
    outer loop
      vertex 344.45 20 366.883
      vertex 341.8 20 352.533
      vertex 344.45 20 366.863
    endloop
  endfacet
  facet normal 0 -1 0
    outer loop
      vertex 341.8 20 352.533
      vertex 347.054 20 354.426
      vertex 344.45 20 366.863
    endloop
  endfacet
  facet normal 0 -1 -0
    outer loop
      vertex 347.054 20 354.426
      vertex 341.8 20 352.533
      vertex 347.054 20 352.533
    endloop
  endfacet
  facet normal 0 -1 -0
    outer loop
      vertex 347.054 20 518.8
      vertex 344.45 20 366.883
      vertex 347.054 20 366.883
    endloop
  endfacet
  facet normal 0 -1 0
    outer loop
      vertex 359.15 20 366.883
      vertex 356.546 20 518.8
      vertex 356.546 20 366.883
    endloop
  endfacet
  facet normal 0 -1 0
    outer loop
      vertex 356.546 20 518.8
      vertex 359.15 20 366.883
      vertex 361.8 20 518.8
    endloop
  endfacet
  facet normal 0 -1 0
    outer loop
      vertex 361.8 20 352.533
      vertex 359.15 20 366.883
      vertex 359.15 20 366.863
    endloop
  endfacet
  facet normal 0 -1 0
    outer loop
      vertex 361.8 20 352.533
      vertex 356.546 20 354.426
      vertex 356.546 20 352.533
    endloop
  endfacet
  facet normal 0 -1 0
    outer loop
      vertex 359.15 20 366.883
      vertex 361.8 20 352.533
      vertex 361.8 20 518.8
    endloop
  endfacet
  facet normal 0 -1 0
    outer loop
      vertex 356.546 20 354.426
      vertex 361.8 20 352.533
      vertex 359.15 20 366.863
    endloop
  endfacet
  facet normal -0 0 1
    outer loop
      vertex 341.8 241.4 518.8
      vertex 347.054 20 518.8
      vertex 347.054 241.4 518.8
    endloop
  endfacet
  facet normal 0 0 1
    outer loop
      vertex 347.054 20 518.8
      vertex 341.8 241.4 518.8
      vertex 341.8 20 518.8
    endloop
  endfacet
  facet normal -0 0 1
    outer loop
      vertex 356.546 241.4 518.8
      vertex 361.8 20 518.8
      vertex 361.8 241.4 518.8
    endloop
  endfacet
  facet normal 0 0 1
    outer loop
      vertex 361.8 20 518.8
      vertex 356.546 241.4 518.8
      vertex 356.546 20 518.8
    endloop
  endfacet
  facet normal 0 0 1
    outer loop
      vertex 344.8 255.38 518.8
      vertex 358.8 255.38 518.8
      vertex 358.8 255.4 518.8
    endloop
  endfacet
  facet normal 0 0 1
    outer loop
      vertex 358.8 255.38 518.8
      vertex 347.8 241.4 518.8
      vertex 355.8 241.4 518.8
    endloop
  endfacet
  facet normal 0 0 1
    outer loop
      vertex 344.8 255.38 518.8
      vertex 358.8 255.4 518.8
      vertex 344.8 255.4 518.8
    endloop
  endfacet
  facet normal 0 0 1
    outer loop
      vertex 358.8 255.38 518.8
      vertex 344.8 255.38 518.8
      vertex 347.8 241.4 518.8
    endloop
  endfacet
  facet normal 0 0 -1
    outer loop
      vertex 344.8 9.02 352.533
      vertex 358.8 9.02 352.533
      vertex 358.8 9 352.533
    endloop
  endfacet
  facet normal 0 0 -1
    outer loop
      vertex 358.8 9.02 352.533
      vertex 347.054 20 352.533
      vertex 356.546 20 352.533
    endloop
  endfacet
  facet normal 0 0 -1
    outer loop
      vertex 356.546 20 352.533
      vertex 347.054 20 352.533
      vertex 356.15 21.2 352.533
    endloop
  endfacet
  facet normal 0 0 -1
    outer loop
      vertex 341.8 20 352.533
      vertex 347.45 21.2 352.533
      vertex 347.054 20 352.533
    endloop
  endfacet
  facet normal -0 0 -1
    outer loop
      vertex 356.15 21.2 352.533
      vertex 347.054 20 352.533
      vertex 347.45 21.2 352.533
    endloop
  endfacet
  facet normal 0 0 -1
    outer loop
      vertex 344.8 9.02 352.533
      vertex 358.8 9 352.533
      vertex 344.8 9 352.533
    endloop
  endfacet
  facet normal 0 0 -1
    outer loop
      vertex 358.8 9.02 352.533
      vertex 344.8 9.02 352.533
      vertex 347.054 20 352.533
    endloop
  endfacet
  facet normal 0 0 -1
    outer loop
      vertex 356.15 21.2 352.533
      vertex 361.8 20 352.533
      vertex 356.546 20 352.533
    endloop
  endfacet
  facet normal 0 0 -1
    outer loop
      vertex 361.8 20 352.533
      vertex 356.15 21.2 352.533
      vertex 361.8 241.4 352.533
    endloop
  endfacet
  facet normal -0 0 -1
    outer loop
      vertex 361.8 241.4 352.533
      vertex 356.15 21.2 352.533
      vertex 356.15 241.4 352.533
    endloop
  endfacet
  facet normal 0 0 -1
    outer loop
      vertex 341.8 241.4 352.533
      vertex 347.45 21.2 352.533
      vertex 341.8 20 352.533
    endloop
  endfacet
  facet normal 0 0 -1
    outer loop
      vertex 347.45 21.2 352.533
      vertex 341.8 241.4 352.533
      vertex 347.45 241.4 352.533
    endloop
  endfacet
  facet normal 0 0 -1
    outer loop
      vertex 347.725 241.75 352.533
      vertex 358.8 255.38 352.533
      vertex 355.875 241.75 352.533
    endloop
  endfacet
  facet normal 0 0 -1
    outer loop
      vertex 344.8 255.38 352.533
      vertex 358.8 255.38 352.533
      vertex 347.725 241.75 352.533
    endloop
  endfacet
  facet normal 0 0 -1
    outer loop
      vertex 358.8 255.38 352.533
      vertex 344.8 255.38 352.533
      vertex 358.8 255.4 352.533
    endloop
  endfacet
  facet normal -0 0 -1
    outer loop
      vertex 358.8 255.4 352.533
      vertex 344.8 255.38 352.533
      vertex 344.8 255.4 352.533
    endloop
  endfacet
  facet normal 0 1 -0
    outer loop
      vertex 358.8 255.4 352.533
      vertex 344.8 255.4 518.8
      vertex 358.8 255.4 518.8
    endloop
  endfacet
  facet normal 0 1 0
    outer loop
      vertex 344.8 255.4 518.8
      vertex 358.8 255.4 352.533
      vertex 344.8 255.4 352.533
    endloop
  endfacet
  facet normal -0.977739 -0.209823 -0
    outer loop
      vertex 347.725 241.75 366.883
      vertex 344.8 255.38 352.533
      vertex 347.725 241.75 352.533
    endloop
  endfacet
  facet normal -0.977739 -0.209823 0
    outer loop
      vertex 344.8 255.38 352.533
      vertex 347.725 241.75 366.883
      vertex 344.8 255.38 518.8
    endloop
  endfacet
  facet normal -0.977802 -0.209529 -0
    outer loop
      vertex 347.8 241.4 518.8
      vertex 347.725 241.75 366.883
      vertex 347.8 241.4 366.883
    endloop
  endfacet
  facet normal -0.977741 -0.209816 -6.9056e-07
    outer loop
      vertex 347.725 241.75 366.883
      vertex 347.8 241.4 518.8
      vertex 344.8 255.38 518.8
    endloop
  endfacet
  facet normal -1 0 0
    outer loop
      vertex 344.8 255.38 352.533
      vertex 344.8 255.4 518.8
      vertex 344.8 255.4 352.533
    endloop
  endfacet
  facet normal -1 -0 0
    outer loop
      vertex 344.8 255.4 518.8
      vertex 344.8 255.38 352.533
      vertex 344.8 255.38 518.8
    endloop
  endfacet
  facet normal 0.977739 -0.209823 0
    outer loop
      vertex 358.8 255.38 518.8
      vertex 355.875 241.75 366.883
      vertex 358.8 255.38 352.533
    endloop
  endfacet
  facet normal 0.977741 -0.209816 -6.9056e-07
    outer loop
      vertex 355.8 241.4 518.8
      vertex 355.875 241.75 366.883
      vertex 358.8 255.38 518.8
    endloop
  endfacet
  facet normal 0.977802 -0.209529 0
    outer loop
      vertex 355.875 241.75 366.883
      vertex 355.8 241.4 518.8
      vertex 355.8 241.4 366.883
    endloop
  endfacet
  facet normal 0.977739 -0.209823 0
    outer loop
      vertex 358.8 255.38 352.533
      vertex 355.875 241.75 366.883
      vertex 355.875 241.75 352.533
    endloop
  endfacet
  facet normal 1 -0 0
    outer loop
      vertex 358.8 255.38 518.8
      vertex 358.8 255.4 352.533
      vertex 358.8 255.4 518.8
    endloop
  endfacet
  facet normal 1 0 0
    outer loop
      vertex 358.8 255.4 352.533
      vertex 358.8 255.38 518.8
      vertex 358.8 255.38 352.533
    endloop
  endfacet
  facet normal 0 -1 0
    outer loop
      vertex 347.725 241.75 352.533
      vertex 355.875 241.75 366.883
      vertex 347.725 241.75 366.883
    endloop
  endfacet
  facet normal 0 -1 -0
    outer loop
      vertex 355.875 241.75 366.883
      vertex 347.725 241.75 352.533
      vertex 355.875 241.75 352.533
    endloop
  endfacet
  facet normal -0.97881 0 0.204772
    outer loop
      vertex 356.3 21.2 353.25
      vertex 356.15 241.4 352.533
      vertex 356.15 21.2 352.533
    endloop
  endfacet
  facet normal -0.978781 4.65279e-07 0.204909
    outer loop
      vertex 356.15 241.4 352.533
      vertex 356.3 21.2 353.25
      vertex 359.15 241.4 366.863
    endloop
  endfacet
  facet normal -0.978776 0.000183762 0.204932
    outer loop
      vertex 359.15 20 366.863
      vertex 356.3 21.2 353.25
      vertex 356.546 20 354.426
    endloop
  endfacet
  facet normal -0.97878 0 0.204916
    outer loop
      vertex 356.3 21.2 353.25
      vertex 359.15 20 366.863
      vertex 359.15 241.4 366.863
    endloop
  endfacet
  facet normal 0 0 -1
    outer loop
      vertex 356.3 21.2 366.883
      vertex 359.15 20 366.883
      vertex 356.546 20 366.883
    endloop
  endfacet
  facet normal 0 0 -1
    outer loop
      vertex 359.15 20 366.883
      vertex 356.3 21.2 366.883
      vertex 359.15 241.4 366.883
    endloop
  endfacet
  facet normal 0 0 -1
    outer loop
      vertex 356.3 21.2 366.883
      vertex 355.8 241.4 366.883
      vertex 359.15 241.4 366.883
    endloop
  endfacet
  facet normal 0 0 -1
    outer loop
      vertex 356.3 21.2 366.883
      vertex 347.8 241.4 366.883
      vertex 355.8 241.4 366.883
    endloop
  endfacet
  facet normal 0 0 -1
    outer loop
      vertex 347.3 21.2 366.883
      vertex 347.8 241.4 366.883
      vertex 356.3 21.2 366.883
    endloop
  endfacet
  facet normal 0 0 -1
    outer loop
      vertex 344.45 20 366.883
      vertex 347.3 21.2 366.883
      vertex 347.054 20 366.883
    endloop
  endfacet
  facet normal 0 0 -1
    outer loop
      vertex 344.45 241.4 366.883
      vertex 347.3 21.2 366.883
      vertex 344.45 20 366.883
    endloop
  endfacet
  facet normal 0 0 -1
    outer loop
      vertex 347.3 21.2 366.883
      vertex 344.45 241.4 366.883
      vertex 347.8 241.4 366.883
    endloop
  endfacet
  facet normal 0 0 -1
    outer loop
      vertex 347.8 241.4 366.883
      vertex 355.875 241.75 366.883
      vertex 355.8 241.4 366.883
    endloop
  endfacet
  facet normal -0 0 -1
    outer loop
      vertex 355.875 241.75 366.883
      vertex 347.8 241.4 366.883
      vertex 347.725 241.75 366.883
    endloop
  endfacet
  facet normal -1 0 0
    outer loop
      vertex 359.15 20 366.863
      vertex 359.15 241.4 366.883
      vertex 359.15 241.4 366.863
    endloop
  endfacet
  facet normal -1 -0 0
    outer loop
      vertex 359.15 241.4 366.883
      vertex 359.15 20 366.863
      vertex 359.15 20 366.883
    endloop
  endfacet
  facet normal 0.978781 4.65279e-07 0.204909
    outer loop
      vertex 344.45 241.4 366.863
      vertex 347.3 21.2 353.25
      vertex 347.45 241.4 352.533
    endloop
  endfacet
  facet normal 0.97878 -0 0.204916
    outer loop
      vertex 344.45 20 366.863
      vertex 347.3 21.2 353.25
      vertex 344.45 241.4 366.863
    endloop
  endfacet
  facet normal 0.978776 0.000183762 0.204932
    outer loop
      vertex 347.3 21.2 353.25
      vertex 344.45 20 366.863
      vertex 347.054 20 354.426
    endloop
  endfacet
  facet normal 0.97881 0 0.204772
    outer loop
      vertex 347.45 241.4 352.533
      vertex 347.3 21.2 353.25
      vertex 347.45 21.2 352.533
    endloop
  endfacet
  facet normal 1 -0 0
    outer loop
      vertex 344.45 20 366.883
      vertex 344.45 241.4 366.863
      vertex 344.45 241.4 366.883
    endloop
  endfacet
  facet normal 1 0 0
    outer loop
      vertex 344.45 241.4 366.863
      vertex 344.45 20 366.883
      vertex 344.45 20 366.863
    endloop
  endfacet
  facet normal 1 -0 0
    outer loop
      vertex 360.8 135.956 436.754
      vertex 360.8 137.957 435.846
      vertex 360.8 137.931 436.92
    endloop
  endfacet
  facet normal 1 -0 0
    outer loop
      vertex 360.8 135.909 437.588
      vertex 360.8 137.931 436.92
      vertex 360.8 137.852 437.916
    endloop
  endfacet
  facet normal 1 0 0
    outer loop
      vertex 360.8 137.957 435.846
      vertex 360.8 135.956 436.754
      vertex 360.8 135.971 435.846
    endloop
  endfacet
  facet normal 1 -0 0
    outer loop
      vertex 360.8 135.831 438.348
      vertex 360.8 137.852 437.916
      vertex 360.8 137.721 438.834
    endloop
  endfacet
  facet normal 1 0 0
    outer loop
      vertex 360.8 137.957 435.846
      vertex 360.8 135.955 434.968
      vertex 360.8 137.929 434.789
    endloop
  endfacet
  facet normal 1 -0 0
    outer loop
      vertex 360.8 135.722 439.033
      vertex 360.8 137.721 438.834
      vertex 360.8 137.537 439.674
    endloop
  endfacet
  facet normal 1 0 0
    outer loop
      vertex 360.8 135.906 434.158
      vertex 360.8 137.929 434.789
      vertex 360.8 135.955 434.968
    endloop
  endfacet
  facet normal 1 0 0
    outer loop
      vertex 360.8 135.581 439.643
      vertex 360.8 137.537 439.674
      vertex 360.8 137.301 440.436
    endloop
  endfacet
  facet normal 1 0 0
    outer loop
      vertex 360.8 137.929 434.789
      vertex 360.8 135.906 434.158
      vertex 360.8 137.847 433.805
    endloop
  endfacet
  facet normal 1 0 0
    outer loop
      vertex 360.8 135.409 440.18
      vertex 360.8 137.301 440.436
      vertex 360.8 137.012 441.12
    endloop
  endfacet
  facet normal 1 0 0
    outer loop
      vertex 360.8 135.824 433.415
      vertex 360.8 137.847 433.805
      vertex 360.8 135.906 434.158
    endloop
  endfacet
  facet normal 1 0 0
    outer loop
      vertex 360.8 135.206 440.642
      vertex 360.8 137.012 441.12
      vertex 360.8 136.671 441.727
    endloop
  endfacet
  facet normal 1 0 0
    outer loop
      vertex 360.8 137.847 433.805
      vertex 360.8 135.824 433.415
      vertex 360.8 137.709 432.896
    endloop
  endfacet
  facet normal 1 0 0
    outer loop
      vertex 360.8 134.968 441.036
      vertex 360.8 136.671 441.727
      vertex 360.8 136.275 442.253
    endloop
  endfacet
  facet normal 1 0 0
    outer loop
      vertex 360.8 135.709 432.739
      vertex 360.8 137.709 432.896
      vertex 360.8 135.824 433.415
    endloop
  endfacet
  facet normal 1 0 0
    outer loop
      vertex 360.8 137.709 432.896
      vertex 360.8 135.709 432.739
      vertex 360.8 137.516 432.06
    endloop
  endfacet
  facet normal 1 0 0
    outer loop
      vertex 360.8 135.955 434.968
      vertex 360.8 137.957 435.846
      vertex 360.8 135.971 435.846
    endloop
  endfacet
  facet normal 1 0 0
    outer loop
      vertex 360.8 137.931 436.92
      vertex 360.8 135.909 437.588
      vertex 360.8 135.956 436.754
    endloop
  endfacet
  facet normal 1 0 0
    outer loop
      vertex 360.8 137.852 437.916
      vertex 360.8 135.831 438.348
      vertex 360.8 135.909 437.588
    endloop
  endfacet
  facet normal 1 0 0
    outer loop
      vertex 360.8 134.688 441.37
      vertex 360.8 136.275 442.253
      vertex 360.8 135.821 442.699
    endloop
  endfacet
  facet normal 1 0 0
    outer loop
      vertex 360.8 137.721 438.834
      vertex 360.8 135.722 439.033
      vertex 360.8 135.831 438.348
    endloop
  endfacet
  facet normal 1 0 0
    outer loop
      vertex 360.8 137.537 439.674
      vertex 360.8 135.581 439.643
      vertex 360.8 135.722 439.033
    endloop
  endfacet
  facet normal 1 0 0
    outer loop
      vertex 360.8 137.301 440.436
      vertex 360.8 135.409 440.18
      vertex 360.8 135.581 439.643
    endloop
  endfacet
  facet normal 1 0 0
    outer loop
      vertex 360.8 134.368 441.643
      vertex 360.8 135.821 442.699
      vertex 360.8 135.309 443.064
    endloop
  endfacet
  facet normal 1 0 0
    outer loop
      vertex 360.8 137.012 441.12
      vertex 360.8 135.206 440.642
      vertex 360.8 135.409 440.18
    endloop
  endfacet
  facet normal 1 0 0
    outer loop
      vertex 360.8 136.671 441.727
      vertex 360.8 134.968 441.036
      vertex 360.8 135.206 440.642
    endloop
  endfacet
  facet normal 1 0 0
    outer loop
      vertex 360.8 134.368 441.643
      vertex 360.8 135.309 443.064
      vertex 360.8 134.739 443.347
    endloop
  endfacet
  facet normal 1 0 0
    outer loop
      vertex 360.8 136.275 442.253
      vertex 360.8 134.688 441.37
      vertex 360.8 134.968 441.036
    endloop
  endfacet
  facet normal 1 0 0
    outer loop
      vertex 360.8 135.821 442.699
      vertex 360.8 134.368 441.643
      vertex 360.8 134.688 441.37
    endloop
  endfacet
  facet normal 1 0 0
    outer loop
      vertex 360.8 134.008 441.855
      vertex 360.8 134.739 443.347
      vertex 360.8 134.112 443.55
    endloop
  endfacet
  facet normal 1 0 0
    outer loop
      vertex 360.8 134.739 443.347
      vertex 360.8 134.008 441.855
      vertex 360.8 134.368 441.643
    endloop
  endfacet
  facet normal 1 0 0
    outer loop
      vertex 360.8 134.112 443.55
      vertex 360.8 133.607 442.007
      vertex 360.8 134.008 441.855
    endloop
  endfacet
  facet normal 1 0 0
    outer loop
      vertex 360.8 133.427 443.672
      vertex 360.8 133.607 442.007
      vertex 360.8 134.112 443.55
    endloop
  endfacet
  facet normal 1 0 0
    outer loop
      vertex 360.8 133.427 443.672
      vertex 360.8 133.166 442.098
      vertex 360.8 133.607 442.007
    endloop
  endfacet
  facet normal 1 0 0
    outer loop
      vertex 360.8 132.684 443.712
      vertex 360.8 133.166 442.098
      vertex 360.8 133.427 443.672
    endloop
  endfacet
  facet normal 1 0 0
    outer loop
      vertex 360.8 132.684 443.712
      vertex 360.8 132.684 442.128
      vertex 360.8 133.166 442.098
    endloop
  endfacet
  facet normal 1 0 0
    outer loop
      vertex 360.8 132.684 443.712
      vertex 360.8 132.19 442.098
      vertex 360.8 132.684 442.128
    endloop
  endfacet
  facet normal 1 -0 0
    outer loop
      vertex 360.8 131.921 443.672
      vertex 360.8 132.19 442.098
      vertex 360.8 132.684 443.712
    endloop
  endfacet
  facet normal 1 0 0
    outer loop
      vertex 360.8 131.921 443.672
      vertex 360.8 131.738 442.008
      vertex 360.8 132.19 442.098
    endloop
  endfacet
  facet normal 1 -0 0
    outer loop
      vertex 360.8 131.218 443.552
      vertex 360.8 131.738 442.008
      vertex 360.8 131.921 443.672
    endloop
  endfacet
  facet normal 1 0 0
    outer loop
      vertex 360.8 131.738 442.008
      vertex 360.8 131.218 443.552
      vertex 360.8 131.326 441.859
    endloop
  endfacet
  facet normal 1 -0 0
    outer loop
      vertex 360.8 130.577 443.351
      vertex 360.8 131.326 441.859
      vertex 360.8 131.218 443.552
    endloop
  endfacet
  facet normal 1 0 0
    outer loop
      vertex 360.8 131.326 441.859
      vertex 360.8 130.577 443.351
      vertex 360.8 130.957 441.65
    endloop
  endfacet
  facet normal 1 -0 0
    outer loop
      vertex 360.8 129.997 443.071
      vertex 360.8 130.957 441.65
      vertex 360.8 130.577 443.351
    endloop
  endfacet
  facet normal 1 0 0
    outer loop
      vertex 360.8 130.957 441.65
      vertex 360.8 129.997 443.071
      vertex 360.8 130.628 441.381
    endloop
  endfacet
  facet normal 1 -0 0
    outer loop
      vertex 360.8 129.477 442.71
      vertex 360.8 130.628 441.381
      vertex 360.8 129.997 443.071
    endloop
  endfacet
  facet normal 1 -0 0
    outer loop
      vertex 360.8 129.018 442.269
      vertex 360.8 130.628 441.381
      vertex 360.8 129.477 442.71
    endloop
  endfacet
  facet normal 1 0 0
    outer loop
      vertex 360.8 130.628 441.381
      vertex 360.8 129.018 442.269
      vertex 360.8 130.342 441.052
    endloop
  endfacet
  facet normal 1 -0 0
    outer loop
      vertex 360.8 128.621 441.748
      vertex 360.8 130.342 441.052
      vertex 360.8 129.018 442.269
    endloop
  endfacet
  facet normal 1 0 0
    outer loop
      vertex 360.8 130.342 441.052
      vertex 360.8 128.621 441.748
      vertex 360.8 130.096 440.663
    endloop
  endfacet
  facet normal 1 -0 0
    outer loop
      vertex 360.8 128.279 441.147
      vertex 360.8 130.096 440.663
      vertex 360.8 128.621 441.748
    endloop
  endfacet
  facet normal 1 0 0
    outer loop
      vertex 360.8 130.096 440.663
      vertex 360.8 128.279 441.147
      vertex 360.8 129.887 440.206
    endloop
  endfacet
  facet normal 1 -0 0
    outer loop
      vertex 360.8 127.991 440.465
      vertex 360.8 129.887 440.206
      vertex 360.8 128.279 441.147
    endloop
  endfacet
  facet normal 1 0 0
    outer loop
      vertex 360.8 129.887 440.206
      vertex 360.8 127.991 440.465
      vertex 360.8 129.711 439.672
    endloop
  endfacet
  facet normal 1 0 0
    outer loop
      vertex 360.8 127.335 435.846
      vertex 360.8 129.31 435.846
      vertex 360.8 129.326 436.765
    endloop
  endfacet
  facet normal 1 -0 0
    outer loop
      vertex 360.8 127.755 439.702
      vertex 360.8 129.711 439.672
      vertex 360.8 127.991 440.465
    endloop
  endfacet
  facet normal 1 0 0
    outer loop
      vertex 360.8 129.711 439.672
      vertex 360.8 127.755 439.702
      vertex 360.8 129.566 439.061
    endloop
  endfacet
  facet normal 1 0 0
    outer loop
      vertex 360.8 129.31 435.846
      vertex 360.8 127.335 435.846
      vertex 360.8 127.362 434.783
    endloop
  endfacet
  facet normal 1 0 0
    outer loop
      vertex 360.8 127.571 438.859
      vertex 360.8 129.566 439.061
      vertex 360.8 127.755 439.702
    endloop
  endfacet
  facet normal 1 0 0
    outer loop
      vertex 360.8 129.31 435.846
      vertex 360.8 127.362 434.783
      vertex 360.8 127.443 433.795
    endloop
  endfacet
  facet normal 1 0 0
    outer loop
      vertex 360.8 129.566 439.061
      vertex 360.8 127.571 438.859
      vertex 360.8 129.454 438.373
    endloop
  endfacet
  facet normal 1 0 0
    outer loop
      vertex 360.8 129.31 435.846
      vertex 360.8 127.443 433.795
      vertex 360.8 127.578 432.883
    endloop
  endfacet
  facet normal 1 0 0
    outer loop
      vertex 360.8 127.44 437.935
      vertex 360.8 129.454 438.373
      vertex 360.8 127.571 438.859
    endloop
  endfacet
  facet normal 1 0 0
    outer loop
      vertex 360.8 129.31 435.846
      vertex 360.8 127.578 432.883
      vertex 360.8 127.767 432.046
    endloop
  endfacet
  facet normal 1 0 0
    outer loop
      vertex 360.8 129.454 438.373
      vertex 360.8 127.44 437.935
      vertex 360.8 129.374 437.608
    endloop
  endfacet
  facet normal 1 0 0
    outer loop
      vertex 360.8 129.31 435.846
      vertex 360.8 127.767 432.046
      vertex 360.8 128.01 431.284
    endloop
  endfacet
  facet normal 1 0 0
    outer loop
      vertex 360.8 127.361 436.931
      vertex 360.8 129.374 437.608
      vertex 360.8 127.44 437.935
    endloop
  endfacet
  facet normal 1 0 0
    outer loop
      vertex 360.8 129.31 435.846
      vertex 360.8 128.658 429.987
      vertex 360.8 129.063 429.454
    endloop
  endfacet
  facet normal 1 0 0
    outer loop
      vertex 360.8 129.374 437.608
      vertex 360.8 127.361 436.931
      vertex 360.8 129.326 436.765
    endloop
  endfacet
  facet normal 1 0 -0
    outer loop
      vertex 360.8 128.658 429.987
      vertex 360.8 129.31 435.846
      vertex 360.8 128.307 430.598
    endloop
  endfacet
  facet normal 1 0 0
    outer loop
      vertex 360.8 129.326 436.765
      vertex 360.8 127.361 436.931
      vertex 360.8 127.335 435.846
    endloop
  endfacet
  facet normal 1 0 0
    outer loop
      vertex 360.8 129.31 435.846
      vertex 360.8 128.01 431.284
      vertex 360.8 128.307 430.598
    endloop
  endfacet
  facet normal 1 -0 0
    outer loop
      vertex 360.8 135.562 432.13
      vertex 360.8 137.516 432.06
      vertex 360.8 135.709 432.739
    endloop
  endfacet
  facet normal 1 0 0
    outer loop
      vertex 360.8 137.516 432.06
      vertex 360.8 135.562 432.13
      vertex 360.8 137.268 431.299
    endloop
  endfacet
  facet normal 1 -0 0
    outer loop
      vertex 360.8 135.382 431.589
      vertex 360.8 137.268 431.299
      vertex 360.8 135.562 432.13
    endloop
  endfacet
  facet normal 1 0 0
    outer loop
      vertex 360.8 137.268 431.299
      vertex 360.8 135.382 431.589
      vertex 360.8 136.964 430.611
    endloop
  endfacet
  facet normal 1 -0 0
    outer loop
      vertex 360.8 135.169 431.115
      vertex 360.8 136.964 430.611
      vertex 360.8 135.382 431.589
    endloop
  endfacet
  facet normal 1 0 0
    outer loop
      vertex 360.8 136.964 430.611
      vertex 360.8 135.169 431.115
      vertex 360.8 136.606 429.998
    endloop
  endfacet
  facet normal 1 -0 0
    outer loop
      vertex 360.8 134.92 430.706
      vertex 360.8 136.606 429.998
      vertex 360.8 135.169 431.115
    endloop
  endfacet
  facet normal 1 0 0
    outer loop
      vertex 360.8 136.606 429.998
      vertex 360.8 134.92 430.706
      vertex 360.8 136.194 429.462
    endloop
  endfacet
  facet normal 1 -0 0
    outer loop
      vertex 360.8 134.634 430.361
      vertex 360.8 136.194 429.462
      vertex 360.8 134.92 430.706
    endloop
  endfacet
  facet normal 1 0 0
    outer loop
      vertex 360.8 136.194 429.462
      vertex 360.8 134.634 430.361
      vertex 360.8 135.729 429.009
    endloop
  endfacet
  facet normal 1 -0 0
    outer loop
      vertex 360.8 134.311 430.078
      vertex 360.8 135.729 429.009
      vertex 360.8 134.634 430.361
    endloop
  endfacet
  facet normal 1 0 0
    outer loop
      vertex 360.8 135.729 429.009
      vertex 360.8 134.311 430.078
      vertex 360.8 135.212 428.639
    endloop
  endfacet
  facet normal 1 -0 0
    outer loop
      vertex 360.8 133.95 429.858
      vertex 360.8 135.212 428.639
      vertex 360.8 134.311 430.078
    endloop
  endfacet
  facet normal 1 0 0
    outer loop
      vertex 360.8 135.212 428.639
      vertex 360.8 133.95 429.858
      vertex 360.8 134.642 428.35
    endloop
  endfacet
  facet normal 1 0 0
    outer loop
      vertex 360.8 134.642 428.35
      vertex 360.8 133.95 429.858
      vertex 360.8 134.02 428.144
    endloop
  endfacet
  facet normal 1 -0 0
    outer loop
      vertex 360.8 133.551 429.7
      vertex 360.8 134.02 428.144
      vertex 360.8 133.95 429.858
    endloop
  endfacet
  facet normal 1 0 0
    outer loop
      vertex 360.8 133.551 429.7
      vertex 360.8 133.346 428.021
      vertex 360.8 134.02 428.144
    endloop
  endfacet
  facet normal 1 -0 0
    outer loop
      vertex 360.8 133.115 429.606
      vertex 360.8 133.346 428.021
      vertex 360.8 133.551 429.7
    endloop
  endfacet
  facet normal 1 -0 0
    outer loop
      vertex 360.8 132.64 429.575
      vertex 360.8 133.346 428.021
      vertex 360.8 133.115 429.606
    endloop
  endfacet
  facet normal 1 0 0
    outer loop
      vertex 360.8 132.64 429.575
      vertex 360.8 132.619 427.98
      vertex 360.8 133.346 428.021
    endloop
  endfacet
  facet normal 1 0 0
    outer loop
      vertex 360.8 132.164 429.605
      vertex 360.8 132.619 427.98
      vertex 360.8 132.64 429.575
    endloop
  endfacet
  facet normal 1 0 0
    outer loop
      vertex 360.8 132.164 429.605
      vertex 360.8 131.892 428.021
      vertex 360.8 132.619 427.98
    endloop
  endfacet
  facet normal 1 0 0
    outer loop
      vertex 360.8 131.725 429.698
      vertex 360.8 131.892 428.021
      vertex 360.8 132.164 429.605
    endloop
  endfacet
  facet normal 1 0 0
    outer loop
      vertex 360.8 131.219 428.144
      vertex 360.8 131.725 429.698
      vertex 360.8 131.325 429.852
    endloop
  endfacet
  facet normal 1 0 0
    outer loop
      vertex 360.8 131.725 429.698
      vertex 360.8 131.219 428.144
      vertex 360.8 131.892 428.021
    endloop
  endfacet
  facet normal 1 0 0
    outer loop
      vertex 360.8 130.6 428.348
      vertex 360.8 131.325 429.852
      vertex 360.8 130.963 430.067
    endloop
  endfacet
  facet normal 1 0 0
    outer loop
      vertex 360.8 129.522 429.004
      vertex 360.8 130.963 430.067
      vertex 360.8 130.639 430.344
    endloop
  endfacet
  facet normal 1 0 0
    outer loop
      vertex 360.8 131.325 429.852
      vertex 360.8 130.6 428.348
      vertex 360.8 131.219 428.144
    endloop
  endfacet
  facet normal 1 0 0
    outer loop
      vertex 360.8 129.063 429.454
      vertex 360.8 130.639 430.344
      vertex 360.8 130.354 430.683
    endloop
  endfacet
  facet normal 1 0 0
    outer loop
      vertex 360.8 129.063 429.454
      vertex 360.8 130.354 430.683
      vertex 360.8 130.107 431.083
    endloop
  endfacet
  facet normal 1 0 0
    outer loop
      vertex 360.8 130.963 430.067
      vertex 360.8 130.034 428.635
      vertex 360.8 130.6 428.348
    endloop
  endfacet
  facet normal 1 0 0
    outer loop
      vertex 360.8 129.063 429.454
      vertex 360.8 130.107 431.083
      vertex 360.8 129.895 431.549
    endloop
  endfacet
  facet normal 1 0 0
    outer loop
      vertex 360.8 129.063 429.454
      vertex 360.8 129.895 431.549
      vertex 360.8 129.716 432.087
    endloop
  endfacet
  facet normal 1 0 0
    outer loop
      vertex 360.8 129.063 429.454
      vertex 360.8 129.716 432.087
      vertex 360.8 129.57 432.696
    endloop
  endfacet
  facet normal 1 0 0
    outer loop
      vertex 360.8 130.963 430.067
      vertex 360.8 129.522 429.004
      vertex 360.8 130.034 428.635
    endloop
  endfacet
  facet normal 1 0 0
    outer loop
      vertex 360.8 129.063 429.454
      vertex 360.8 129.57 432.696
      vertex 360.8 129.456 433.377
    endloop
  endfacet
  facet normal 1 0 0
    outer loop
      vertex 360.8 129.063 429.454
      vertex 360.8 129.456 433.377
      vertex 360.8 129.375 434.129
    endloop
  endfacet
  facet normal 1 0 0
    outer loop
      vertex 360.8 129.063 429.454
      vertex 360.8 129.375 434.129
      vertex 360.8 129.326 434.952
    endloop
  endfacet
  facet normal 1 0 0
    outer loop
      vertex 360.8 130.639 430.344
      vertex 360.8 129.063 429.454
      vertex 360.8 129.522 429.004
    endloop
  endfacet
  facet normal 1 0 0
    outer loop
      vertex 360.8 129.063 429.454
      vertex 360.8 129.326 434.952
      vertex 360.8 129.31 435.846
    endloop
  endfacet
  facet normal 1 -0 0
    outer loop
      vertex 360.8 154.742 439.807
      vertex 360.8 156.765 439.524
      vertex 360.8 156.739 440.079
    endloop
  endfacet
  facet normal 1 0 0
    outer loop
      vertex 360.8 156.765 439.524
      vertex 360.8 154.757 439.459
      vertex 360.8 156.756 439.27
    endloop
  endfacet
  facet normal 1 0 0
    outer loop
      vertex 360.8 154.749 439.196
      vertex 360.8 156.756 439.27
      vertex 360.8 154.757 439.459
    endloop
  endfacet
  facet normal 1 -0 0
    outer loop
      vertex 360.8 154.697 440.132
      vertex 360.8 156.739 440.079
      vertex 360.8 156.663 440.596
    endloop
  endfacet
  facet normal 1 0 0
    outer loop
      vertex 360.8 156.756 439.27
      vertex 360.8 154.749 439.196
      vertex 360.8 156.731 439.017
    endloop
  endfacet
  facet normal 1 0 0
    outer loop
      vertex 360.8 156.731 439.017
      vertex 360.8 154.749 439.196
      vertex 360.8 156.69 438.763
    endloop
  endfacet
  facet normal 1 0 0
    outer loop
      vertex 360.8 154.622 440.434
      vertex 360.8 156.663 440.596
      vertex 360.8 156.536 441.076
    endloop
  endfacet
  facet normal 1 -0 0
    outer loop
      vertex 360.8 154.722 438.942
      vertex 360.8 156.69 438.763
      vertex 360.8 154.749 439.196
    endloop
  endfacet
  facet normal 1 0 0
    outer loop
      vertex 360.8 154.622 440.434
      vertex 360.8 156.536 441.076
      vertex 360.8 156.359 441.519
    endloop
  endfacet
  facet normal 1 0 0
    outer loop
      vertex 360.8 156.765 439.524
      vertex 360.8 154.742 439.807
      vertex 360.8 154.757 439.459
    endloop
  endfacet
  facet normal 1 0 0
    outer loop
      vertex 360.8 156.632 438.511
      vertex 360.8 154.722 438.942
      vertex 360.8 156.557 438.259
    endloop
  endfacet
  facet normal 1 0 0
    outer loop
      vertex 360.8 154.516 440.713
      vertex 360.8 156.359 441.519
      vertex 360.8 156.131 441.924
    endloop
  endfacet
  facet normal 1 -0 0
    outer loop
      vertex 360.8 154.679 438.695
      vertex 360.8 156.557 438.259
      vertex 360.8 154.722 438.942
    endloop
  endfacet
  facet normal 1 0 0
    outer loop
      vertex 360.8 156.557 438.259
      vertex 360.8 154.679 438.695
      vertex 360.8 156.466 438.007
    endloop
  endfacet
  facet normal 1 0 0
    outer loop
      vertex 360.8 154.381 440.969
      vertex 360.8 156.131 441.924
      vertex 360.8 155.852 442.292
    endloop
  endfacet
  facet normal 1 -0 0
    outer loop
      vertex 360.8 154.617 438.456
      vertex 360.8 156.466 438.007
      vertex 360.8 154.679 438.695
    endloop
  endfacet
  facet normal 1 0 0
    outer loop
      vertex 360.8 156.466 438.007
      vertex 360.8 154.617 438.456
      vertex 360.8 156.358 437.756
    endloop
  endfacet
  facet normal 1 0 0
    outer loop
      vertex 360.8 154.215 441.202
      vertex 360.8 155.852 442.292
      vertex 360.8 155.522 442.622
    endloop
  endfacet
  facet normal 1 0 0
    outer loop
      vertex 360.8 156.358 437.756
      vertex 360.8 154.617 438.456
      vertex 360.8 156.233 437.504
    endloop
  endfacet
  facet normal 1 -0 0
    outer loop
      vertex 360.8 154.539 438.226
      vertex 360.8 156.233 437.504
      vertex 360.8 154.617 438.456
    endloop
  endfacet
  facet normal 1 0 0
    outer loop
      vertex 360.8 154.02 441.412
      vertex 360.8 155.522 442.622
      vertex 360.8 155.146 442.911
    endloop
  endfacet
  facet normal 1 0 0
    outer loop
      vertex 360.8 156.233 437.504
      vertex 360.8 154.539 438.226
      vertex 360.8 156.093 437.253
    endloop
  endfacet
  facet normal 1 -0 0
    outer loop
      vertex 360.8 154.443 438.003
      vertex 360.8 156.093 437.253
      vertex 360.8 154.539 438.226
    endloop
  endfacet
  facet normal 1 0 0
    outer loop
      vertex 360.8 156.69 438.763
      vertex 360.8 154.722 438.942
      vertex 360.8 156.632 438.511
    endloop
  endfacet
  facet normal 1 0 0
    outer loop
      vertex 360.8 153.797 441.596
      vertex 360.8 155.146 442.911
      vertex 360.8 154.725 443.156
    endloop
  endfacet
  facet normal 1 0 0
    outer loop
      vertex 360.8 156.739 440.079
      vertex 360.8 154.697 440.132
      vertex 360.8 154.742 439.807
    endloop
  endfacet
  facet normal 1 0 0
    outer loop
      vertex 360.8 156.663 440.596
      vertex 360.8 154.622 440.434
      vertex 360.8 154.697 440.132
    endloop
  endfacet
  facet normal 1 0 0
    outer loop
      vertex 360.8 156.359 441.519
      vertex 360.8 154.516 440.713
      vertex 360.8 154.622 440.434
    endloop
  endfacet
  facet normal 1 0 0
    outer loop
      vertex 360.8 156.131 441.924
      vertex 360.8 154.381 440.969
      vertex 360.8 154.516 440.713
    endloop
  endfacet
  facet normal 1 0 0
    outer loop
      vertex 360.8 153.551 441.752
      vertex 360.8 154.725 443.156
      vertex 360.8 154.261 443.356
    endloop
  endfacet
  facet normal 1 0 0
    outer loop
      vertex 360.8 155.852 442.292
      vertex 360.8 154.215 441.202
      vertex 360.8 154.381 440.969
    endloop
  endfacet
  facet normal 1 0 0
    outer loop
      vertex 360.8 155.522 442.622
      vertex 360.8 154.02 441.412
      vertex 360.8 154.215 441.202
    endloop
  endfacet
  facet normal 1 0 0
    outer loop
      vertex 360.8 155.146 442.911
      vertex 360.8 153.797 441.596
      vertex 360.8 154.02 441.412
    endloop
  endfacet
  facet normal 1 0 0
    outer loop
      vertex 360.8 153.282 441.88
      vertex 360.8 154.261 443.356
      vertex 360.8 153.754 443.512
    endloop
  endfacet
  facet normal 1 0 0
    outer loop
      vertex 360.8 154.725 443.156
      vertex 360.8 153.551 441.752
      vertex 360.8 153.797 441.596
    endloop
  endfacet
  facet normal 1 0 0
    outer loop
      vertex 360.8 154.261 443.356
      vertex 360.8 153.282 441.88
      vertex 360.8 153.551 441.752
    endloop
  endfacet
  facet normal 1 0 0
    outer loop
      vertex 360.8 152.989 441.979
      vertex 360.8 153.754 443.512
      vertex 360.8 153.202 443.623
    endloop
  endfacet
  facet normal 1 0 0
    outer loop
      vertex 360.8 153.754 443.512
      vertex 360.8 152.989 441.979
      vertex 360.8 153.282 441.88
    endloop
  endfacet
  facet normal 1 0 0
    outer loop
      vertex 360.8 153.202 443.623
      vertex 360.8 152.672 442.05
      vertex 360.8 152.989 441.979
    endloop
  endfacet
  facet normal 1 0 0
    outer loop
      vertex 360.8 152.607 443.69
      vertex 360.8 152.672 442.05
      vertex 360.8 153.202 443.623
    endloop
  endfacet
  facet normal 1 0 0
    outer loop
      vertex 360.8 152.607 443.69
      vertex 360.8 152.332 442.092
      vertex 360.8 152.672 442.05
    endloop
  endfacet
  facet normal 1 0 0
    outer loop
      vertex 360.8 151.969 443.712
      vertex 360.8 152.332 442.092
      vertex 360.8 152.607 443.69
    endloop
  endfacet
  facet normal 1 0 0
    outer loop
      vertex 360.8 151.969 443.712
      vertex 360.8 151.969 442.106
      vertex 360.8 152.332 442.092
    endloop
  endfacet
  facet normal 1 0 0
    outer loop
      vertex 360.8 151.969 443.712
      vertex 360.8 151.621 442.093
      vertex 360.8 151.969 442.106
    endloop
  endfacet
  facet normal 1 -0 0
    outer loop
      vertex 360.8 151.383 443.69
      vertex 360.8 151.621 442.093
      vertex 360.8 151.969 443.712
    endloop
  endfacet
  facet normal 1 0 0
    outer loop
      vertex 360.8 151.383 443.69
      vertex 360.8 151.292 442.051
      vertex 360.8 151.621 442.093
    endloop
  endfacet
  facet normal 1 -0 0
    outer loop
      vertex 360.8 150.829 443.624
      vertex 360.8 151.292 442.051
      vertex 360.8 151.383 443.69
    endloop
  endfacet
  facet normal 1 0 0
    outer loop
      vertex 360.8 151.292 442.051
      vertex 360.8 150.829 443.624
      vertex 360.8 150.98 441.982
    endloop
  endfacet
  facet normal 1 -0 0
    outer loop
      vertex 360.8 150.305 443.513
      vertex 360.8 150.98 441.982
      vertex 360.8 150.829 443.624
    endloop
  endfacet
  facet normal 1 0 0
    outer loop
      vertex 360.8 150.98 441.982
      vertex 360.8 150.305 443.513
      vertex 360.8 150.686 441.885
    endloop
  endfacet
  facet normal 1 -0 0
    outer loop
      vertex 360.8 149.813 443.358
      vertex 360.8 150.686 441.885
      vertex 360.8 150.305 443.513
    endloop
  endfacet
  facet normal 1 0 0
    outer loop
      vertex 360.8 150.686 441.885
      vertex 360.8 149.813 443.358
      vertex 360.8 150.411 441.76
    endloop
  endfacet
  facet normal 1 -0 0
    outer loop
      vertex 360.8 149.352 443.159
      vertex 360.8 150.411 441.76
      vertex 360.8 149.813 443.358
    endloop
  endfacet
  facet normal 1 0 0
    outer loop
      vertex 360.8 150.411 441.76
      vertex 360.8 149.352 443.159
      vertex 360.8 150.153 441.608
    endloop
  endfacet
  facet normal 1 -0 0
    outer loop
      vertex 360.8 148.922 442.915
      vertex 360.8 150.153 441.608
      vertex 360.8 149.352 443.159
    endloop
  endfacet
  facet normal 1 0 0
    outer loop
      vertex 360.8 150.153 441.608
      vertex 360.8 148.922 442.915
      vertex 360.8 149.913 441.428
    endloop
  endfacet
  facet normal 1 -0 0
    outer loop
      vertex 360.8 148.524 442.627
      vertex 360.8 149.913 441.428
      vertex 360.8 148.922 442.915
    endloop
  endfacet
  facet normal 1 0 0
    outer loop
      vertex 360.8 149.913 441.428
      vertex 360.8 148.524 442.627
      vertex 360.8 149.695 441.223
    endloop
  endfacet
  facet normal 1 -0 0
    outer loop
      vertex 360.8 148.164 442.302
      vertex 360.8 149.695 441.223
      vertex 360.8 148.524 442.627
    endloop
  endfacet
  facet normal 1 0 0
    outer loop
      vertex 360.8 149.695 441.223
      vertex 360.8 148.164 442.302
      vertex 360.8 149.505 440.996
    endloop
  endfacet
  facet normal 1 -0 0
    outer loop
      vertex 360.8 147.85 441.946
      vertex 360.8 149.505 440.996
      vertex 360.8 148.164 442.302
    endloop
  endfacet
  facet normal 1 0 0
    outer loop
      vertex 360.8 149.505 440.996
      vertex 360.8 147.85 441.946
      vertex 360.8 149.343 440.746
    endloop
  endfacet
  facet normal 1 -0 0
    outer loop
      vertex 360.8 147.582 441.56
      vertex 360.8 149.343 440.746
      vertex 360.8 147.85 441.946
    endloop
  endfacet
  facet normal 1 0 0
    outer loop
      vertex 360.8 149.343 440.746
      vertex 360.8 147.582 441.56
      vertex 360.8 149.207 440.474
    endloop
  endfacet
  facet normal 1 -0 0
    outer loop
      vertex 360.8 147.359 441.143
      vertex 360.8 149.207 440.474
      vertex 360.8 147.582 441.56
    endloop
  endfacet
  facet normal 1 0 0
    outer loop
      vertex 360.8 149.207 440.474
      vertex 360.8 147.359 441.143
      vertex 360.8 149.099 440.18
    endloop
  endfacet
  facet normal 1 -0 0
    outer loop
      vertex 360.8 147.183 440.695
      vertex 360.8 149.099 440.18
      vertex 360.8 147.359 441.143
    endloop
  endfacet
  facet normal 1 0 0
    outer loop
      vertex 360.8 149.099 440.18
      vertex 360.8 147.183 440.695
      vertex 360.8 149.017 439.863
    endloop
  endfacet
  facet normal 1 -0 0
    outer loop
      vertex 360.8 147.052 440.217
      vertex 360.8 149.017 439.863
      vertex 360.8 147.183 440.695
    endloop
  endfacet
  facet normal 1 0 0
    outer loop
      vertex 360.8 149.017 439.863
      vertex 360.8 147.052 440.217
      vertex 360.8 148.964 439.524
    endloop
  endfacet
  facet normal 1 0 0
    outer loop
      vertex 360.8 148.964 439.524
      vertex 360.8 147.052 440.217
      vertex 360.8 146.967 439.708
    endloop
  endfacet
  facet normal 1 0 0
    outer loop
      vertex 360.8 156.093 437.253
      vertex 360.8 154.443 438.003
      vertex 360.8 155.936 437.002
    endloop
  endfacet
  facet normal 1 -0 0
    outer loop
      vertex 360.8 154.329 437.788
      vertex 360.8 155.936 437.002
      vertex 360.8 154.443 438.003
    endloop
  endfacet
  facet normal 1 0 0
    outer loop
      vertex 360.8 155.936 437.002
      vertex 360.8 154.329 437.788
      vertex 360.8 155.763 436.751
    endloop
  endfacet
  facet normal 1 -0 0
    outer loop
      vertex 360.8 154.201 437.579
      vertex 360.8 155.763 436.751
      vertex 360.8 154.329 437.788
    endloop
  endfacet
  facet normal 1 0 0
    outer loop
      vertex 360.8 155.763 436.751
      vertex 360.8 154.201 437.579
      vertex 360.8 155.574 436.5
    endloop
  endfacet
  facet normal 1 -0 0
    outer loop
      vertex 360.8 154.062 437.372
      vertex 360.8 155.574 436.5
      vertex 360.8 154.201 437.579
    endloop
  endfacet
  facet normal 1 0 0
    outer loop
      vertex 360.8 155.574 436.5
      vertex 360.8 154.062 437.372
      vertex 360.8 155.369 436.249
    endloop
  endfacet
  facet normal 1 -0 0
    outer loop
      vertex 360.8 153.913 437.168
      vertex 360.8 155.369 436.249
      vertex 360.8 154.062 437.372
    endloop
  endfacet
  facet normal 1 0 0
    outer loop
      vertex 360.8 155.369 436.249
      vertex 360.8 153.913 437.168
      vertex 360.8 155.148 435.998
    endloop
  endfacet
  facet normal 1 -0 0
    outer loop
      vertex 360.8 153.752 436.966
      vertex 360.8 155.148 435.998
      vertex 360.8 153.913 437.168
    endloop
  endfacet
  facet normal 1 0 0
    outer loop
      vertex 360.8 155.148 435.998
      vertex 360.8 153.752 436.966
      vertex 360.8 154.889 435.727
    endloop
  endfacet
  facet normal 1 -0 0
    outer loop
      vertex 360.8 153.581 436.767
      vertex 360.8 154.889 435.727
      vertex 360.8 153.752 436.966
    endloop
  endfacet
  facet normal 1 0 0
    outer loop
      vertex 360.8 154.889 435.727
      vertex 360.8 153.581 436.767
      vertex 360.8 154.57 435.417
    endloop
  endfacet
  facet normal 1 -0 0
    outer loop
      vertex 360.8 153.399 436.571
      vertex 360.8 154.57 435.417
      vertex 360.8 153.581 436.767
    endloop
  endfacet
  facet normal 1 -0 0
    outer loop
      vertex 360.8 153.206 436.377
      vertex 360.8 154.57 435.417
      vertex 360.8 153.399 436.571
    endloop
  endfacet
  facet normal 1 0 0
    outer loop
      vertex 360.8 154.57 435.417
      vertex 360.8 153.206 436.377
      vertex 360.8 154.191 435.067
    endloop
  endfacet
  facet normal 1 -0 0
    outer loop
      vertex 360.8 153.004 436.185
      vertex 360.8 154.191 435.067
      vertex 360.8 153.206 436.377
    endloop
  endfacet
  facet normal 1 -0 0
    outer loop
      vertex 360.8 152.795 435.993
      vertex 360.8 154.191 435.067
      vertex 360.8 153.004 436.185
    endloop
  endfacet
  facet normal 1 0 0
    outer loop
      vertex 360.8 154.191 435.067
      vertex 360.8 152.795 435.993
      vertex 360.8 153.752 434.678
    endloop
  endfacet
  facet normal 1 -0 0
    outer loop
      vertex 360.8 152.58 435.801
      vertex 360.8 153.752 434.678
      vertex 360.8 152.795 435.993
    endloop
  endfacet
  facet normal 1 -0 0
    outer loop
      vertex 360.8 152.357 435.609
      vertex 360.8 153.752 434.678
      vertex 360.8 152.58 435.801
    endloop
  endfacet
  facet normal 1 0 0
    outer loop
      vertex 360.8 153.752 434.678
      vertex 360.8 152.357 435.609
      vertex 360.8 153.254 434.25
    endloop
  endfacet
  facet normal 1 -0 0
    outer loop
      vertex 360.8 152.128 435.417
      vertex 360.8 153.254 434.25
      vertex 360.8 152.357 435.609
    endloop
  endfacet
  facet normal 1 -0 0
    outer loop
      vertex 360.8 151.892 435.224
      vertex 360.8 153.254 434.25
      vertex 360.8 152.128 435.417
    endloop
  endfacet
  facet normal 1 0 0
    outer loop
      vertex 360.8 153.254 434.25
      vertex 360.8 151.892 435.224
      vertex 360.8 152.695 433.782
    endloop
  endfacet
  facet normal 1 -0 0
    outer loop
      vertex 360.8 151.649 435.032
      vertex 360.8 152.695 433.782
      vertex 360.8 151.892 435.224
    endloop
  endfacet
  facet normal 1 -0 0
    outer loop
      vertex 360.8 151.402 434.838
      vertex 360.8 152.695 433.782
      vertex 360.8 151.649 435.032
    endloop
  endfacet
  facet normal 1 0 0
    outer loop
      vertex 360.8 152.695 433.782
      vertex 360.8 151.402 434.838
      vertex 360.8 152.077 433.274
    endloop
  endfacet
  facet normal 1 -0 0
    outer loop
      vertex 360.8 151.155 434.639
      vertex 360.8 152.077 433.274
      vertex 360.8 151.402 434.838
    endloop
  endfacet
  facet normal 1 -0 0
    outer loop
      vertex 360.8 150.906 434.435
      vertex 360.8 152.077 433.274
      vertex 360.8 151.155 434.639
    endloop
  endfacet
  facet normal 1 0 0
    outer loop
      vertex 360.8 152.077 433.274
      vertex 360.8 150.906 434.435
      vertex 360.8 151.731 432.987
    endloop
  endfacet
  facet normal 1 -0 0
    outer loop
      vertex 360.8 150.658 434.226
      vertex 360.8 151.731 432.987
      vertex 360.8 150.906 434.435
    endloop
  endfacet
  facet normal 1 -0 0
    outer loop
      vertex 360.8 150.408 434.013
      vertex 360.8 151.731 432.987
      vertex 360.8 150.658 434.226
    endloop
  endfacet
  facet normal 1 0 0
    outer loop
      vertex 360.8 151.731 432.987
      vertex 360.8 150.408 434.013
      vertex 360.8 151.406 432.708
    endloop
  endfacet
  facet normal 1 -0 0
    outer loop
      vertex 360.8 150.158 433.795
      vertex 360.8 151.406 432.708
      vertex 360.8 150.408 434.013
    endloop
  endfacet
  facet normal 1 0 0
    outer loop
      vertex 360.8 151.406 432.708
      vertex 360.8 150.158 433.795
      vertex 360.8 151.102 432.437
    endloop
  endfacet
  facet normal 1 -0 0
    outer loop
      vertex 360.8 149.907 433.573
      vertex 360.8 151.102 432.437
      vertex 360.8 150.158 433.795
    endloop
  endfacet
  facet normal 1 0 0
    outer loop
      vertex 360.8 151.102 432.437
      vertex 360.8 149.907 433.573
      vertex 360.8 150.818 432.174
    endloop
  endfacet
  facet normal 1 -0 0
    outer loop
      vertex 360.8 149.658 433.344
      vertex 360.8 150.818 432.174
      vertex 360.8 149.907 433.573
    endloop
  endfacet
  facet normal 1 0 0
    outer loop
      vertex 360.8 150.818 432.174
      vertex 360.8 149.658 433.344
      vertex 360.8 150.555 431.92
    endloop
  endfacet
  facet normal 1 -0 0
    outer loop
      vertex 360.8 149.412 433.108
      vertex 360.8 150.555 431.92
      vertex 360.8 149.658 433.344
    endloop
  endfacet
  facet normal 1 -0 0
    outer loop
      vertex 360.8 149.169 432.865
      vertex 360.8 150.555 431.92
      vertex 360.8 149.412 433.108
    endloop
  endfacet
  facet normal 1 0 0
    outer loop
      vertex 360.8 150.555 431.92
      vertex 360.8 149.169 432.865
      vertex 360.8 150.313 431.674
    endloop
  endfacet
  facet normal 1 -0 0
    outer loop
      vertex 360.8 148.93 432.614
      vertex 360.8 150.313 431.674
      vertex 360.8 149.169 432.865
    endloop
  endfacet
  facet normal 1 0 0
    outer loop
      vertex 360.8 150.313 431.674
      vertex 360.8 148.93 432.614
      vertex 360.8 150.092 431.435
    endloop
  endfacet
  facet normal 1 -0 0
    outer loop
      vertex 360.8 148.693 432.355
      vertex 360.8 150.092 431.435
      vertex 360.8 148.93 432.614
    endloop
  endfacet
  facet normal 1 0 0
    outer loop
      vertex 360.8 150.092 431.435
      vertex 360.8 148.693 432.355
      vertex 360.8 149.889 431.203
    endloop
  endfacet
  facet normal 1 -0 0
    outer loop
      vertex 360.8 148.461 432.089
      vertex 360.8 149.889 431.203
      vertex 360.8 148.693 432.355
    endloop
  endfacet
  facet normal 1 0 0
    outer loop
      vertex 360.8 149.889 431.203
      vertex 360.8 148.461 432.089
      vertex 360.8 149.704 430.972
    endloop
  endfacet
  facet normal 1 -0 0
    outer loop
      vertex 360.8 148.231 431.815
      vertex 360.8 149.704 430.972
      vertex 360.8 148.461 432.089
    endloop
  endfacet
  facet normal 1 0 0
    outer loop
      vertex 360.8 149.704 430.972
      vertex 360.8 148.231 431.815
      vertex 360.8 149.535 430.744
    endloop
  endfacet
  facet normal 1 -0 0
    outer loop
      vertex 360.8 148.008 431.532
      vertex 360.8 149.535 430.744
      vertex 360.8 148.231 431.815
    endloop
  endfacet
  facet normal 1 -0 0
    outer loop
      vertex 360.8 149.029 429.857
      vertex 360.8 157.003 428.197
      vertex 360.8 157.003 429.857
    endloop
  endfacet
  facet normal 1 0 0
    outer loop
      vertex 360.8 149.535 430.744
      vertex 360.8 148.008 431.532
      vertex 360.8 149.383 430.519
    endloop
  endfacet
  facet normal 1 -0 0
    outer loop
      vertex 360.8 147.795 431.236
      vertex 360.8 149.383 430.519
      vertex 360.8 148.008 431.532
    endloop
  endfacet
  facet normal 1 0 0
    outer loop
      vertex 360.8 149.383 430.519
      vertex 360.8 147.795 431.236
      vertex 360.8 149.248 430.296
    endloop
  endfacet
  facet normal 1 0 0
    outer loop
      vertex 360.8 149.248 430.296
      vertex 360.8 147.795 431.236
      vertex 360.8 149.13 430.075
    endloop
  endfacet
  facet normal 1 -0 0
    outer loop
      vertex 360.8 147.592 430.928
      vertex 360.8 149.13 430.075
      vertex 360.8 147.795 431.236
    endloop
  endfacet
  facet normal 1 0 0
    outer loop
      vertex 360.8 149.13 430.075
      vertex 360.8 147.592 430.928
      vertex 360.8 149.029 429.857
    endloop
  endfacet
  facet normal 1 -0 0
    outer loop
      vertex 360.8 147.399 430.608
      vertex 360.8 149.029 429.857
      vertex 360.8 147.592 430.928
    endloop
  endfacet
  facet normal 1 -0 0
    outer loop
      vertex 360.8 147.216 430.276
      vertex 360.8 149.029 429.857
      vertex 360.8 147.399 430.608
    endloop
  endfacet
  facet normal 1 -0 0
    outer loop
      vertex 360.8 147.043 429.931
      vertex 360.8 149.029 429.857
      vertex 360.8 147.216 430.276
    endloop
  endfacet
  facet normal 1 0 0
    outer loop
      vertex 360.8 146.88 429.575
      vertex 360.8 149.029 429.857
      vertex 360.8 147.043 429.931
    endloop
  endfacet
  facet normal 1 0 0
    outer loop
      vertex 360.8 149.029 429.857
      vertex 360.8 146.88 429.575
      vertex 360.8 146.88 428.197
    endloop
  endfacet
  facet normal 1 0 0
    outer loop
      vertex 360.8 149.029 429.857
      vertex 360.8 146.88 428.197
      vertex 360.8 157.003 428.197
    endloop
  endfacet
  facet normal 1 -0 0
    outer loop
      vertex 360.8 115.875 439.458
      vertex 360.8 117.977 439.112
      vertex 360.8 117.948 439.682
    endloop
  endfacet
  facet normal 1 0 0
    outer loop
      vertex 360.8 117.977 439.112
      vertex 360.8 115.894 439.09
      vertex 360.8 117.957 438.636
    endloop
  endfacet
  facet normal 1 0 0
    outer loop
      vertex 360.8 115.875 439.458
      vertex 360.8 117.948 439.682
      vertex 360.8 117.862 440.216
    endloop
  endfacet
  facet normal 1 -0 0
    outer loop
      vertex 360.8 115.875 438.709
      vertex 360.8 117.957 438.636
      vertex 360.8 115.894 439.09
    endloop
  endfacet
  facet normal 1 0 0
    outer loop
      vertex 360.8 115.82 439.801
      vertex 360.8 117.862 440.216
      vertex 360.8 117.719 440.712
    endloop
  endfacet
  facet normal 1 0 0
    outer loop
      vertex 360.8 117.957 438.636
      vertex 360.8 115.875 438.709
      vertex 360.8 117.896 438.183
    endloop
  endfacet
  facet normal 1 0 0
    outer loop
      vertex 360.8 115.727 440.117
      vertex 360.8 117.719 440.712
      vertex 360.8 117.518 441.172
    endloop
  endfacet
  facet normal 1 -0 0
    outer loop
      vertex 360.8 115.821 438.353
      vertex 360.8 117.896 438.183
      vertex 360.8 115.875 438.709
    endloop
  endfacet
  facet normal 1 0 0
    outer loop
      vertex 360.8 115.598 440.408
      vertex 360.8 117.518 441.172
      vertex 360.8 117.26 441.595
    endloop
  endfacet
  facet normal 1 0 0
    outer loop
      vertex 360.8 117.896 438.183
      vertex 360.8 115.821 438.353
      vertex 360.8 117.794 437.751
    endloop
  endfacet
  facet normal 1 -0 0
    outer loop
      vertex 360.8 115.729 438.022
      vertex 360.8 117.794 437.751
      vertex 360.8 115.821 438.353
    endloop
  endfacet
  facet normal 1 0 0
    outer loop
      vertex 360.8 115.431 440.673
      vertex 360.8 117.26 441.595
      vertex 360.8 116.945 441.98
    endloop
  endfacet
  facet normal 1 0 0
    outer loop
      vertex 360.8 117.794 437.751
      vertex 360.8 115.729 438.022
      vertex 360.8 117.653 437.342
    endloop
  endfacet
  facet normal 1 0 0
    outer loop
      vertex 360.8 115.431 440.673
      vertex 360.8 116.945 441.98
      vertex 360.8 116.572 442.329
    endloop
  endfacet
  facet normal 1 0 0
    outer loop
      vertex 360.8 117.653 437.342
      vertex 360.8 115.729 438.022
      vertex 360.8 117.47 436.955
    endloop
  endfacet
  facet normal 1 0 0
    outer loop
      vertex 360.8 115.228 440.912
      vertex 360.8 116.572 442.329
      vertex 360.8 116.146 442.635
    endloop
  endfacet
  facet normal 1 -0 0
    outer loop
      vertex 360.8 115.601 437.715
      vertex 360.8 117.47 436.955
      vertex 360.8 115.729 438.022
    endloop
  endfacet
  facet normal 1 0 0
    outer loop
      vertex 360.8 117.47 436.955
      vertex 360.8 115.601 437.715
      vertex 360.8 117.247 436.59
    endloop
  endfacet
  facet normal 1 0 0
    outer loop
      vertex 360.8 117.977 439.112
      vertex 360.8 115.875 439.458
      vertex 360.8 115.894 439.09
    endloop
  endfacet
  facet normal 1 0 0
    outer loop
      vertex 360.8 117.862 440.216
      vertex 360.8 115.82 439.801
      vertex 360.8 115.875 439.458
    endloop
  endfacet
  facet normal 1 0 0
    outer loop
      vertex 360.8 117.719 440.712
      vertex 360.8 115.727 440.117
      vertex 360.8 115.82 439.801
    endloop
  endfacet
  facet normal 1 0 0
    outer loop
      vertex 360.8 114.988 441.125
      vertex 360.8 116.146 442.635
      vertex 360.8 115.673 442.895
    endloop
  endfacet
  facet normal 1 0 0
    outer loop
      vertex 360.8 117.518 441.172
      vertex 360.8 115.598 440.408
      vertex 360.8 115.727 440.117
    endloop
  endfacet
  facet normal 1 0 0
    outer loop
      vertex 360.8 117.26 441.595
      vertex 360.8 115.431 440.673
      vertex 360.8 115.598 440.408
    endloop
  endfacet
  facet normal 1 0 0
    outer loop
      vertex 360.8 116.572 442.329
      vertex 360.8 115.228 440.912
      vertex 360.8 115.431 440.673
    endloop
  endfacet
  facet normal 1 0 0
    outer loop
      vertex 360.8 114.712 441.31
      vertex 360.8 115.673 442.895
      vertex 360.8 115.151 443.107
    endloop
  endfacet
  facet normal 1 0 0
    outer loop
      vertex 360.8 116.146 442.635
      vertex 360.8 114.988 441.125
      vertex 360.8 115.228 440.912
    endloop
  endfacet
  facet normal 1 0 0
    outer loop
      vertex 360.8 115.673 442.895
      vertex 360.8 114.712 441.31
      vertex 360.8 114.988 441.125
    endloop
  endfacet
  facet normal 1 0 0
    outer loop
      vertex 360.8 114.405 441.467
      vertex 360.8 115.151 443.107
      vertex 360.8 114.582 443.272
    endloop
  endfacet
  facet normal 1 0 0
    outer loop
      vertex 360.8 115.151 443.107
      vertex 360.8 114.405 441.467
      vertex 360.8 114.712 441.31
    endloop
  endfacet
  facet normal 1 0 0
    outer loop
      vertex 360.8 114.582 443.272
      vertex 360.8 114.065 441.596
      vertex 360.8 114.405 441.467
    endloop
  endfacet
  facet normal 1 0 0
    outer loop
      vertex 360.8 113.964 443.39
      vertex 360.8 114.065 441.596
      vertex 360.8 114.582 443.272
    endloop
  endfacet
  facet normal 1 0 0
    outer loop
      vertex 360.8 113.964 443.39
      vertex 360.8 113.692 441.696
      vertex 360.8 114.065 441.596
    endloop
  endfacet
  facet normal 1 0 0
    outer loop
      vertex 360.8 113.287 441.767
      vertex 360.8 113.964 443.39
      vertex 360.8 113.298 443.461
    endloop
  endfacet
  facet normal 1 0 0
    outer loop
      vertex 360.8 113.964 443.39
      vertex 360.8 113.287 441.767
      vertex 360.8 113.692 441.696
    endloop
  endfacet
  facet normal 1 0 0
    outer loop
      vertex 360.8 113.298 443.461
      vertex 360.8 112.849 441.81
      vertex 360.8 113.287 441.767
    endloop
  endfacet
  facet normal 1 0 0
    outer loop
      vertex 360.8 112.584 443.484
      vertex 360.8 112.849 441.81
      vertex 360.8 113.298 443.461
    endloop
  endfacet
  facet normal 1 0 0
    outer loop
      vertex 360.8 112.584 443.484
      vertex 360.8 112.378 441.824
      vertex 360.8 112.849 441.81
    endloop
  endfacet
  facet normal 1 0 0
    outer loop
      vertex 360.8 112.584 443.484
      vertex 360.8 107.463 441.824
      vertex 360.8 112.378 441.824
    endloop
  endfacet
  facet normal 1 0 0
    outer loop
      vertex 360.8 105.391 443.484
      vertex 360.8 107.463 436.182
      vertex 360.8 107.463 441.824
    endloop
  endfacet
  facet normal 1 0 0
    outer loop
      vertex 360.8 105.391 428.197
      vertex 360.8 107.463 436.182
      vertex 360.8 105.391 443.484
    endloop
  endfacet
  facet normal 1 -0 0
    outer loop
      vertex 360.8 105.391 443.484
      vertex 360.8 107.463 441.824
      vertex 360.8 112.584 443.484
    endloop
  endfacet
  facet normal 1 0 0
    outer loop
      vertex 360.8 107.463 436.182
      vertex 360.8 105.391 428.197
      vertex 360.8 107.463 434.544
    endloop
  endfacet
  facet normal 1 0 0
    outer loop
      vertex 360.8 107.463 434.544
      vertex 360.8 105.391 428.197
      vertex 360.8 107.463 428.197
    endloop
  endfacet
  facet normal 1 -0 0
    outer loop
      vertex 360.8 115.437 437.434
      vertex 360.8 117.247 436.59
      vertex 360.8 115.601 437.715
    endloop
  endfacet
  facet normal 1 0 0
    outer loop
      vertex 360.8 117.247 436.59
      vertex 360.8 115.437 437.434
      vertex 360.8 116.984 436.247
    endloop
  endfacet
  facet normal 1 0 0
    outer loop
      vertex 360.8 116.984 436.247
      vertex 360.8 115.437 437.434
      vertex 360.8 116.685 435.933
    endloop
  endfacet
  facet normal 1 -0 0
    outer loop
      vertex 360.8 115.236 437.178
      vertex 360.8 116.685 435.933
      vertex 360.8 115.437 437.434
    endloop
  endfacet
  facet normal 1 0 0
    outer loop
      vertex 360.8 116.685 435.933
      vertex 360.8 115.236 437.178
      vertex 360.8 116.355 435.654
    endloop
  endfacet
  facet normal 1 -0 0
    outer loop
      vertex 360.8 114.998 436.947
      vertex 360.8 116.355 435.654
      vertex 360.8 115.236 437.178
    endloop
  endfacet
  facet normal 1 0 0
    outer loop
      vertex 360.8 116.355 435.654
      vertex 360.8 114.998 436.947
      vertex 360.8 115.995 435.41
    endloop
  endfacet
  facet normal 1 -0 0
    outer loop
      vertex 360.8 114.728 436.744
      vertex 360.8 115.995 435.41
      vertex 360.8 114.998 436.947
    endloop
  endfacet
  facet normal 1 0 0
    outer loop
      vertex 360.8 115.995 435.41
      vertex 360.8 114.728 436.744
      vertex 360.8 115.603 435.2
    endloop
  endfacet
  facet normal 1 0 0
    outer loop
      vertex 360.8 115.603 435.2
      vertex 360.8 114.728 436.744
      vertex 360.8 115.181 435.026
    endloop
  endfacet
  facet normal 1 -0 0
    outer loop
      vertex 360.8 114.426 436.573
      vertex 360.8 115.181 435.026
      vertex 360.8 114.728 436.744
    endloop
  endfacet
  facet normal 1 0 0
    outer loop
      vertex 360.8 115.181 435.026
      vertex 360.8 114.426 436.573
      vertex 360.8 114.728 434.887
    endloop
  endfacet
  facet normal 1 -0 0
    outer loop
      vertex 360.8 114.095 436.432
      vertex 360.8 114.728 434.887
      vertex 360.8 114.426 436.573
    endloop
  endfacet
  facet normal 1 0 0
    outer loop
      vertex 360.8 114.728 434.887
      vertex 360.8 114.095 436.432
      vertex 360.8 114.245 434.783
    endloop
  endfacet
  facet normal 1 0 0
    outer loop
      vertex 360.8 114.245 434.783
      vertex 360.8 116.197 428.197
      vertex 360.8 118.585 428.197
    endloop
  endfacet
  facet normal 1 -0 0
    outer loop
      vertex 360.8 113.733 436.323
      vertex 360.8 114.245 434.783
      vertex 360.8 114.095 436.432
    endloop
  endfacet
  facet normal 1 -0 0
    outer loop
      vertex 360.8 113.341 436.245
      vertex 360.8 114.245 434.783
      vertex 360.8 113.733 436.323
    endloop
  endfacet
  facet normal 1 -0 0
    outer loop
      vertex 360.8 112.918 436.198
      vertex 360.8 114.245 434.783
      vertex 360.8 113.341 436.245
    endloop
  endfacet
  facet normal 1 0 0
    outer loop
      vertex 360.8 114.245 434.783
      vertex 360.8 112.918 436.198
      vertex 360.8 112.226 434.544
    endloop
  endfacet
  facet normal 1 0 0
    outer loop
      vertex 360.8 112.226 434.544
      vertex 360.8 112.918 436.198
      vertex 360.8 112.465 436.182
    endloop
  endfacet
  facet normal 1 0 0
    outer loop
      vertex 360.8 114.245 434.783
      vertex 360.8 112.226 434.544
      vertex 360.8 116.197 428.197
    endloop
  endfacet
  facet normal 1 -0 0
    outer loop
      vertex 360.8 107.463 436.182
      vertex 360.8 112.226 434.544
      vertex 360.8 112.465 436.182
    endloop
  endfacet
  facet normal 1 0 0
    outer loop
      vertex 360.8 112.226 434.544
      vertex 360.8 107.463 436.182
      vertex 360.8 107.463 434.544
    endloop
  endfacet
  facet normal 1 -0 0
    outer loop
      vertex 360.8 120.227 434.967
      vertex 360.8 125.652 433.231
      vertex 360.8 125.652 434.967
    endloop
  endfacet
  facet normal 1 0 0
    outer loop
      vertex 360.8 125.652 433.231
      vertex 360.8 120.227 434.967
      vertex 360.8 120.227 433.231
    endloop
  endfacet
  facet normal 1 -0 0
    outer loop
      vertex 360.8 139.523 434.967
      vertex 360.8 144.948 433.231
      vertex 360.8 144.948 434.967
    endloop
  endfacet
  facet normal 1 0 0
    outer loop
      vertex 360.8 144.948 433.231
      vertex 360.8 139.523 434.967
      vertex 360.8 139.523 433.231
    endloop
  endfacet
  facet normal 0 -0.179528 0.983753
    outer loop
      vertex 360.8 134.02 428.144
      vertex 361.8 133.346 428.021
      vertex 361.8 134.02 428.144
    endloop
  endfacet
  facet normal 0 -0.179528 0.983753
    outer loop
      vertex 361.8 133.346 428.021
      vertex 360.8 134.02 428.144
      vertex 360.8 133.346 428.021
    endloop
  endfacet
  facet normal 0 -0.314396 0.949292
    outer loop
      vertex 360.8 134.642 428.35
      vertex 361.8 134.02 428.144
      vertex 361.8 134.642 428.35
    endloop
  endfacet
  facet normal 0 -0.314396 0.949292
    outer loop
      vertex 361.8 134.02 428.144
      vertex 360.8 134.642 428.35
      vertex 360.8 134.02 428.144
    endloop
  endfacet
  facet normal 0 -0.452214 0.89191
    outer loop
      vertex 360.8 135.212 428.639
      vertex 361.8 134.642 428.35
      vertex 361.8 135.212 428.639
    endloop
  endfacet
  facet normal 0 -0.452214 0.89191
    outer loop
      vertex 361.8 134.642 428.35
      vertex 360.8 135.212 428.639
      vertex 360.8 134.642 428.35
    endloop
  endfacet
  facet normal 0 -0.581982 0.813202
    outer loop
      vertex 360.8 135.729 429.009
      vertex 361.8 135.212 428.639
      vertex 361.8 135.729 429.009
    endloop
  endfacet
  facet normal 0 -0.581982 0.813202
    outer loop
      vertex 361.8 135.212 428.639
      vertex 360.8 135.729 429.009
      vertex 360.8 135.212 428.639
    endloop
  endfacet
  facet normal 0 -0.697804 0.716289
    outer loop
      vertex 360.8 136.194 429.462
      vertex 361.8 135.729 429.009
      vertex 361.8 136.194 429.462
    endloop
  endfacet
  facet normal 0 -0.697804 0.716289
    outer loop
      vertex 361.8 135.729 429.009
      vertex 360.8 136.194 429.462
      vertex 360.8 135.729 429.009
    endloop
  endfacet
  facet normal 0 -0.792844 0.609425
    outer loop
      vertex 360.8 136.194 429.462
      vertex 361.8 136.606 429.998
      vertex 360.8 136.606 429.998
    endloop
  endfacet
  facet normal 0 -0.792844 0.609425
    outer loop
      vertex 361.8 136.606 429.998
      vertex 360.8 136.194 429.462
      vertex 361.8 136.194 429.462
    endloop
  endfacet
  facet normal 0 -0.863523 0.504309
    outer loop
      vertex 360.8 136.606 429.998
      vertex 361.8 136.964 430.611
      vertex 360.8 136.964 430.611
    endloop
  endfacet
  facet normal 0 -0.863523 0.504309
    outer loop
      vertex 361.8 136.964 430.611
      vertex 360.8 136.606 429.998
      vertex 361.8 136.606 429.998
    endloop
  endfacet
  facet normal 0 -0.914687 0.404164
    outer loop
      vertex 360.8 136.964 430.611
      vertex 361.8 137.268 431.299
      vertex 360.8 137.268 431.299
    endloop
  endfacet
  facet normal 0 -0.914687 0.404164
    outer loop
      vertex 361.8 137.268 431.299
      vertex 360.8 136.964 430.611
      vertex 361.8 136.964 430.611
    endloop
  endfacet
  facet normal 0 -0.950786 0.309849
    outer loop
      vertex 360.8 137.268 431.299
      vertex 361.8 137.516 432.06
      vertex 360.8 137.516 432.06
    endloop
  endfacet
  facet normal 0 -0.950786 0.309849
    outer loop
      vertex 361.8 137.516 432.06
      vertex 360.8 137.268 431.299
      vertex 361.8 137.268 431.299
    endloop
  endfacet
  facet normal 0 -0.974372 0.224945
    outer loop
      vertex 360.8 137.516 432.06
      vertex 361.8 137.709 432.896
      vertex 360.8 137.709 432.896
    endloop
  endfacet
  facet normal 0 -0.974372 0.224945
    outer loop
      vertex 361.8 137.709 432.896
      vertex 360.8 137.516 432.06
      vertex 361.8 137.516 432.06
    endloop
  endfacet
  facet normal 0 -0.988672 0.150095
    outer loop
      vertex 360.8 137.709 432.896
      vertex 361.8 137.847 433.805
      vertex 360.8 137.847 433.805
    endloop
  endfacet
  facet normal 0 -0.988672 0.150095
    outer loop
      vertex 361.8 137.847 433.805
      vertex 360.8 137.709 432.896
      vertex 361.8 137.709 432.896
    endloop
  endfacet
  facet normal 0 -0.996546 0.0830455
    outer loop
      vertex 360.8 137.847 433.805
      vertex 361.8 137.929 434.789
      vertex 360.8 137.929 434.789
    endloop
  endfacet
  facet normal 0 -0.996546 0.0830455
    outer loop
      vertex 361.8 137.929 434.789
      vertex 360.8 137.847 433.805
      vertex 361.8 137.847 433.805
    endloop
  endfacet
  facet normal 0 -0.999649 0.0264808
    outer loop
      vertex 360.8 137.929 434.789
      vertex 361.8 137.957 435.846
      vertex 360.8 137.957 435.846
    endloop
  endfacet
  facet normal 0 -0.999649 0.0264808
    outer loop
      vertex 361.8 137.957 435.846
      vertex 360.8 137.929 434.789
      vertex 361.8 137.929 434.789
    endloop
  endfacet
  facet normal 0 -0.999707 -0.0242015
    outer loop
      vertex 360.8 137.957 435.846
      vertex 361.8 137.931 436.92
      vertex 360.8 137.931 436.92
    endloop
  endfacet
  facet normal 0 -0.999707 -0.0242015
    outer loop
      vertex 361.8 137.931 436.92
      vertex 360.8 137.957 435.846
      vertex 361.8 137.957 435.846
    endloop
  endfacet
  facet normal 0 -0.996869 -0.0790689
    outer loop
      vertex 360.8 137.931 436.92
      vertex 361.8 137.852 437.916
      vertex 360.8 137.852 437.916
    endloop
  endfacet
  facet normal 0 -0.996869 -0.0790689
    outer loop
      vertex 361.8 137.852 437.916
      vertex 360.8 137.931 436.92
      vertex 361.8 137.931 436.92
    endloop
  endfacet
  facet normal 0 -0.989971 -0.14127
    outer loop
      vertex 360.8 137.852 437.916
      vertex 361.8 137.721 438.834
      vertex 360.8 137.721 438.834
    endloop
  endfacet
  facet normal 0 -0.989971 -0.14127
    outer loop
      vertex 361.8 137.721 438.834
      vertex 360.8 137.852 437.916
      vertex 361.8 137.852 437.916
    endloop
  endfacet
  facet normal 0 -0.976839 -0.213974
    outer loop
      vertex 360.8 137.721 438.834
      vertex 361.8 137.537 439.674
      vertex 360.8 137.537 439.674
    endloop
  endfacet
  facet normal 0 -0.976839 -0.213974
    outer loop
      vertex 361.8 137.537 439.674
      vertex 360.8 137.721 438.834
      vertex 361.8 137.721 438.834
    endloop
  endfacet
  facet normal 0 -0.955235 -0.295847
    outer loop
      vertex 360.8 137.537 439.674
      vertex 361.8 137.301 440.436
      vertex 360.8 137.301 440.436
    endloop
  endfacet
  facet normal 0 -0.955235 -0.295847
    outer loop
      vertex 361.8 137.301 440.436
      vertex 360.8 137.537 439.674
      vertex 361.8 137.537 439.674
    endloop
  endfacet
  facet normal 0 -0.921153 -0.389201
    outer loop
      vertex 360.8 137.301 440.436
      vertex 361.8 137.012 441.12
      vertex 360.8 137.012 441.12
    endloop
  endfacet
  facet normal 0 -0.921153 -0.389201
    outer loop
      vertex 361.8 137.012 441.12
      vertex 360.8 137.301 440.436
      vertex 361.8 137.301 440.436
    endloop
  endfacet
  facet normal 0 -0.871844 -0.489784
    outer loop
      vertex 360.8 137.012 441.12
      vertex 361.8 136.671 441.727
      vertex 360.8 136.671 441.727
    endloop
  endfacet
  facet normal 0 -0.871844 -0.489784
    outer loop
      vertex 361.8 136.671 441.727
      vertex 360.8 137.012 441.12
      vertex 361.8 137.012 441.12
    endloop
  endfacet
  facet normal 0 -0.798905 -0.601457
    outer loop
      vertex 360.8 136.671 441.727
      vertex 361.8 136.275 442.253
      vertex 360.8 136.275 442.253
    endloop
  endfacet
  facet normal 0 -0.798905 -0.601457
    outer loop
      vertex 361.8 136.275 442.253
      vertex 360.8 136.671 441.727
      vertex 361.8 136.671 441.727
    endloop
  endfacet
  facet normal 0 -0.700794 -0.713364
    outer loop
      vertex 360.8 135.821 442.699
      vertex 361.8 136.275 442.253
      vertex 361.8 135.821 442.699
    endloop
  endfacet
  facet normal -0 -0.700794 -0.713364
    outer loop
      vertex 361.8 136.275 442.253
      vertex 360.8 135.821 442.699
      vertex 360.8 136.275 442.253
    endloop
  endfacet
  facet normal 0 -0.580486 -0.81427
    outer loop
      vertex 360.8 135.309 443.064
      vertex 361.8 135.821 442.699
      vertex 361.8 135.309 443.064
    endloop
  endfacet
  facet normal -0 -0.580486 -0.81427
    outer loop
      vertex 361.8 135.821 442.699
      vertex 360.8 135.309 443.064
      vertex 360.8 135.821 442.699
    endloop
  endfacet
  facet normal 0 -0.444698 -0.895681
    outer loop
      vertex 360.8 134.739 443.347
      vertex 361.8 135.309 443.064
      vertex 361.8 134.739 443.347
    endloop
  endfacet
  facet normal -0 -0.444698 -0.895681
    outer loop
      vertex 361.8 135.309 443.064
      vertex 360.8 134.739 443.347
      vertex 360.8 135.309 443.064
    endloop
  endfacet
  facet normal 0 -0.308022 -0.951379
    outer loop
      vertex 360.8 134.112 443.55
      vertex 361.8 134.739 443.347
      vertex 361.8 134.112 443.55
    endloop
  endfacet
  facet normal -0 -0.308022 -0.951379
    outer loop
      vertex 361.8 134.739 443.347
      vertex 360.8 134.112 443.55
      vertex 360.8 134.739 443.347
    endloop
  endfacet
  facet normal 0 -0.175343 -0.984507
    outer loop
      vertex 360.8 133.427 443.672
      vertex 361.8 134.112 443.55
      vertex 361.8 133.427 443.672
    endloop
  endfacet
  facet normal -0 -0.175343 -0.984507
    outer loop
      vertex 361.8 134.112 443.55
      vertex 360.8 133.427 443.672
      vertex 360.8 134.112 443.55
    endloop
  endfacet
  facet normal 0 -0.053758 -0.998554
    outer loop
      vertex 360.8 132.684 443.712
      vertex 361.8 133.427 443.672
      vertex 361.8 132.684 443.712
    endloop
  endfacet
  facet normal -0 -0.053758 -0.998554
    outer loop
      vertex 361.8 133.427 443.672
      vertex 360.8 132.684 443.712
      vertex 360.8 133.427 443.672
    endloop
  endfacet
  facet normal 0 0.0523527 -0.998629
    outer loop
      vertex 360.8 131.921 443.672
      vertex 361.8 132.684 443.712
      vertex 361.8 131.921 443.672
    endloop
  endfacet
  facet normal 0 0.0523527 -0.998629
    outer loop
      vertex 361.8 132.684 443.712
      vertex 360.8 131.921 443.672
      vertex 360.8 132.684 443.712
    endloop
  endfacet
  facet normal 0 0.168263 -0.985742
    outer loop
      vertex 360.8 131.218 443.552
      vertex 361.8 131.921 443.672
      vertex 361.8 131.218 443.552
    endloop
  endfacet
  facet normal 0 0.168263 -0.985742
    outer loop
      vertex 361.8 131.921 443.672
      vertex 360.8 131.218 443.552
      vertex 360.8 131.921 443.672
    endloop
  endfacet
  facet normal 0 0.299207 -0.954188
    outer loop
      vertex 360.8 130.577 443.351
      vertex 361.8 131.218 443.552
      vertex 361.8 130.577 443.351
    endloop
  endfacet
  facet normal 0 0.299207 -0.954188
    outer loop
      vertex 361.8 131.218 443.552
      vertex 360.8 130.577 443.351
      vertex 360.8 131.218 443.552
    endloop
  endfacet
  facet normal 0 0.434749 -0.900552
    outer loop
      vertex 360.8 129.997 443.071
      vertex 361.8 130.577 443.351
      vertex 361.8 129.997 443.071
    endloop
  endfacet
  facet normal 0 0.434749 -0.900552
    outer loop
      vertex 361.8 130.577 443.351
      vertex 360.8 129.997 443.071
      vertex 360.8 130.577 443.351
    endloop
  endfacet
  facet normal 0 0.570277 -0.821452
    outer loop
      vertex 360.8 129.477 442.71
      vertex 361.8 129.997 443.071
      vertex 361.8 129.477 442.71
    endloop
  endfacet
  facet normal 0 0.570277 -0.821452
    outer loop
      vertex 361.8 129.997 443.071
      vertex 360.8 129.477 442.71
      vertex 360.8 129.997 443.071
    endloop
  endfacet
  facet normal 0 0.692826 -0.721105
    outer loop
      vertex 360.8 129.018 442.269
      vertex 361.8 129.477 442.71
      vertex 361.8 129.018 442.269
    endloop
  endfacet
  facet normal 0 0.692826 -0.721105
    outer loop
      vertex 361.8 129.477 442.71
      vertex 360.8 129.018 442.269
      vertex 360.8 129.477 442.71
    endloop
  endfacet
  facet normal 0 0.795397 -0.606089
    outer loop
      vertex 361.8 128.621 441.748
      vertex 360.8 129.018 442.269
      vertex 361.8 129.018 442.269
    endloop
  endfacet
  facet normal 0 0.795397 -0.606089
    outer loop
      vertex 360.8 129.018 442.269
      vertex 361.8 128.621 441.748
      vertex 360.8 128.621 441.748
    endloop
  endfacet
  facet normal 0 0.869132 -0.494581
    outer loop
      vertex 361.8 128.279 441.147
      vertex 360.8 128.621 441.748
      vertex 361.8 128.621 441.748
    endloop
  endfacet
  facet normal 0 0.869132 -0.494581
    outer loop
      vertex 360.8 128.621 441.748
      vertex 361.8 128.279 441.147
      vertex 360.8 128.279 441.147
    endloop
  endfacet
  facet normal 0 0.921228 -0.389023
    outer loop
      vertex 361.8 127.991 440.465
      vertex 360.8 128.279 441.147
      vertex 361.8 128.279 441.147
    endloop
  endfacet
  facet normal 0 0.921228 -0.389023
    outer loop
      vertex 360.8 128.279 441.147
      vertex 361.8 127.991 440.465
      vertex 360.8 127.991 440.465
    endloop
  endfacet
  facet normal 0 0.955345 -0.295493
    outer loop
      vertex 361.8 127.755 439.702
      vertex 360.8 127.991 440.465
      vertex 361.8 127.991 440.465
    endloop
  endfacet
  facet normal 0 0.955345 -0.295493
    outer loop
      vertex 360.8 127.991 440.465
      vertex 361.8 127.755 439.702
      vertex 360.8 127.755 439.702
    endloop
  endfacet
  facet normal 0 0.976998 -0.213248
    outer loop
      vertex 361.8 127.571 438.859
      vertex 360.8 127.755 439.702
      vertex 361.8 127.755 439.702
    endloop
  endfacet
  facet normal 0 0.976998 -0.213248
    outer loop
      vertex 360.8 127.755 439.702
      vertex 361.8 127.571 438.859
      vertex 360.8 127.571 438.859
    endloop
  endfacet
  facet normal 0 0.990099 -0.140371
    outer loop
      vertex 361.8 127.44 437.935
      vertex 360.8 127.571 438.859
      vertex 361.8 127.571 438.859
    endloop
  endfacet
  facet normal 0 0.990099 -0.140371
    outer loop
      vertex 360.8 127.571 438.859
      vertex 361.8 127.44 437.935
      vertex 360.8 127.44 437.935
    endloop
  endfacet
  facet normal 0 0.996919 -0.0784428
    outer loop
      vertex 361.8 127.361 436.931
      vertex 360.8 127.44 437.935
      vertex 361.8 127.44 437.935
    endloop
  endfacet
  facet normal 0 0.996919 -0.0784428
    outer loop
      vertex 360.8 127.44 437.935
      vertex 361.8 127.361 436.931
      vertex 360.8 127.361 436.931
    endloop
  endfacet
  facet normal 0 0.999713 -0.0239563
    outer loop
      vertex 361.8 127.335 435.846
      vertex 360.8 127.361 436.931
      vertex 361.8 127.361 436.931
    endloop
  endfacet
  facet normal 0 0.999713 -0.0239563
    outer loop
      vertex 360.8 127.361 436.931
      vertex 361.8 127.335 435.846
      vertex 360.8 127.335 435.846
    endloop
  endfacet
  facet normal 0 0.999678 0.0253916
    outer loop
      vertex 361.8 127.362 434.783
      vertex 360.8 127.335 435.846
      vertex 361.8 127.335 435.846
    endloop
  endfacet
  facet normal 0 0.999678 0.0253916
    outer loop
      vertex 360.8 127.335 435.846
      vertex 361.8 127.362 434.783
      vertex 360.8 127.362 434.783
    endloop
  endfacet
  facet normal 0 0.996656 0.0817097
    outer loop
      vertex 361.8 127.443 433.795
      vertex 360.8 127.362 434.783
      vertex 361.8 127.362 434.783
    endloop
  endfacet
  facet normal 0 0.996656 0.0817097
    outer loop
      vertex 360.8 127.362 434.783
      vertex 361.8 127.443 433.795
      vertex 360.8 127.443 433.795
    endloop
  endfacet
  facet normal 0 0.989221 0.146431
    outer loop
      vertex 361.8 127.578 432.883
      vertex 360.8 127.443 433.795
      vertex 361.8 127.443 433.795
    endloop
  endfacet
  facet normal 0 0.989221 0.146431
    outer loop
      vertex 360.8 127.443 433.795
      vertex 361.8 127.578 432.883
      vertex 360.8 127.578 432.883
    endloop
  endfacet
  facet normal 0 0.975441 0.220261
    outer loop
      vertex 361.8 127.767 432.046
      vertex 360.8 127.578 432.883
      vertex 361.8 127.578 432.883
    endloop
  endfacet
  facet normal 0 0.975441 0.220261
    outer loop
      vertex 360.8 127.578 432.883
      vertex 361.8 127.767 432.046
      vertex 360.8 127.767 432.046
    endloop
  endfacet
  facet normal 0 0.952729 0.303823
    outer loop
      vertex 361.8 128.01 431.284
      vertex 360.8 127.767 432.046
      vertex 361.8 127.767 432.046
    endloop
  endfacet
  facet normal 0 0.952729 0.303823
    outer loop
      vertex 360.8 127.767 432.046
      vertex 361.8 128.01 431.284
      vertex 360.8 128.01 431.284
    endloop
  endfacet
  facet normal 0 0.917686 0.397307
    outer loop
      vertex 361.8 128.307 430.598
      vertex 360.8 128.01 431.284
      vertex 361.8 128.01 431.284
    endloop
  endfacet
  facet normal 0 0.917686 0.397307
    outer loop
      vertex 360.8 128.01 431.284
      vertex 361.8 128.307 430.598
      vertex 360.8 128.307 430.598
    endloop
  endfacet
  facet normal 0 0.867106 0.498124
    outer loop
      vertex 361.8 128.658 429.987
      vertex 360.8 128.307 430.598
      vertex 361.8 128.307 430.598
    endloop
  endfacet
  facet normal 0 0.867106 0.498124
    outer loop
      vertex 360.8 128.307 430.598
      vertex 361.8 128.658 429.987
      vertex 360.8 128.658 429.987
    endloop
  endfacet
  facet normal 0 0.79622 0.605008
    outer loop
      vertex 361.8 129.063 429.454
      vertex 360.8 128.658 429.987
      vertex 361.8 128.658 429.987
    endloop
  endfacet
  facet normal 0 0.79622 0.605008
    outer loop
      vertex 360.8 128.658 429.987
      vertex 361.8 129.063 429.454
      vertex 360.8 129.063 429.454
    endloop
  endfacet
  facet normal -0 0.700071 0.714073
    outer loop
      vertex 360.8 129.522 429.004
      vertex 361.8 129.063 429.454
      vertex 361.8 129.522 429.004
    endloop
  endfacet
  facet normal 0 0.700071 0.714073
    outer loop
      vertex 361.8 129.063 429.454
      vertex 360.8 129.522 429.004
      vertex 360.8 129.063 429.454
    endloop
  endfacet
  facet normal -0 0.58468 0.811264
    outer loop
      vertex 360.8 130.034 428.635
      vertex 361.8 129.522 429.004
      vertex 361.8 130.034 428.635
    endloop
  endfacet
  facet normal 0 0.58468 0.811264
    outer loop
      vertex 361.8 129.522 429.004
      vertex 360.8 130.034 428.635
      vertex 360.8 129.522 429.004
    endloop
  endfacet
  facet normal -0 0.452249 0.891892
    outer loop
      vertex 360.8 130.6 428.348
      vertex 361.8 130.034 428.635
      vertex 361.8 130.6 428.348
    endloop
  endfacet
  facet normal 0 0.452249 0.891892
    outer loop
      vertex 361.8 130.034 428.635
      vertex 360.8 130.6 428.348
      vertex 360.8 130.034 428.635
    endloop
  endfacet
  facet normal -0 0.313004 0.949752
    outer loop
      vertex 360.8 131.219 428.144
      vertex 361.8 130.6 428.348
      vertex 361.8 131.219 428.144
    endloop
  endfacet
  facet normal 0 0.313004 0.949752
    outer loop
      vertex 361.8 130.6 428.348
      vertex 360.8 131.219 428.144
      vertex 360.8 130.6 428.348
    endloop
  endfacet
  facet normal -0 0.179786 0.983706
    outer loop
      vertex 360.8 131.892 428.021
      vertex 361.8 131.219 428.144
      vertex 361.8 131.892 428.021
    endloop
  endfacet
  facet normal 0 0.179786 0.983706
    outer loop
      vertex 361.8 131.219 428.144
      vertex 360.8 131.892 428.021
      vertex 360.8 131.219 428.144
    endloop
  endfacet
  facet normal -0 0.0563067 0.998414
    outer loop
      vertex 360.8 132.619 427.98
      vertex 361.8 131.892 428.021
      vertex 361.8 132.619 427.98
    endloop
  endfacet
  facet normal 0 0.0563067 0.998414
    outer loop
      vertex 361.8 131.892 428.021
      vertex 360.8 132.619 427.98
      vertex 360.8 131.892 428.021
    endloop
  endfacet
  facet normal 0 -0.0563067 0.998414
    outer loop
      vertex 360.8 133.346 428.021
      vertex 361.8 132.619 427.98
      vertex 361.8 133.346 428.021
    endloop
  endfacet
  facet normal 0 -0.0563067 0.998414
    outer loop
      vertex 361.8 132.619 427.98
      vertex 360.8 133.346 428.021
      vertex 360.8 132.619 427.98
    endloop
  endfacet
  facet normal 0 -0.207246 -0.978289
    outer loop
      vertex 360.8 131.725 429.698
      vertex 361.8 132.164 429.605
      vertex 361.8 131.725 429.698
    endloop
  endfacet
  facet normal -0 -0.207246 -0.978289
    outer loop
      vertex 361.8 132.164 429.605
      vertex 360.8 131.725 429.698
      vertex 360.8 132.164 429.605
    endloop
  endfacet
  facet normal 0 -0.359292 -0.933225
    outer loop
      vertex 360.8 131.325 429.852
      vertex 361.8 131.725 429.698
      vertex 361.8 131.325 429.852
    endloop
  endfacet
  facet normal -0 -0.359292 -0.933225
    outer loop
      vertex 361.8 131.725 429.698
      vertex 360.8 131.325 429.852
      vertex 360.8 131.725 429.698
    endloop
  endfacet
  facet normal 0 -0.510649 -0.85979
    outer loop
      vertex 360.8 130.963 430.067
      vertex 361.8 131.325 429.852
      vertex 361.8 130.963 430.067
    endloop
  endfacet
  facet normal -0 -0.510649 -0.85979
    outer loop
      vertex 361.8 131.325 429.852
      vertex 360.8 130.963 430.067
      vertex 360.8 131.325 429.852
    endloop
  endfacet
  facet normal 0 -0.649825 -0.760084
    outer loop
      vertex 360.8 130.639 430.344
      vertex 361.8 130.963 430.067
      vertex 361.8 130.639 430.344
    endloop
  endfacet
  facet normal -0 -0.649825 -0.760084
    outer loop
      vertex 361.8 130.963 430.067
      vertex 360.8 130.639 430.344
      vertex 360.8 130.963 430.067
    endloop
  endfacet
  facet normal 0 -0.765438 -0.64351
    outer loop
      vertex 360.8 130.639 430.344
      vertex 361.8 130.354 430.683
      vertex 360.8 130.354 430.683
    endloop
  endfacet
  facet normal 0 -0.765438 -0.64351
    outer loop
      vertex 361.8 130.354 430.683
      vertex 360.8 130.639 430.344
      vertex 361.8 130.639 430.344
    endloop
  endfacet
  facet normal 0 -0.850854 -0.525402
    outer loop
      vertex 360.8 130.354 430.683
      vertex 361.8 130.107 431.083
      vertex 360.8 130.107 431.083
    endloop
  endfacet
  facet normal 0 -0.850854 -0.525402
    outer loop
      vertex 361.8 130.107 431.083
      vertex 360.8 130.354 430.683
      vertex 361.8 130.354 430.683
    endloop
  endfacet
  facet normal 0 -0.910233 -0.414097
    outer loop
      vertex 360.8 130.107 431.083
      vertex 361.8 129.895 431.549
      vertex 360.8 129.895 431.549
    endloop
  endfacet
  facet normal 0 -0.910233 -0.414097
    outer loop
      vertex 361.8 129.895 431.549
      vertex 360.8 130.107 431.083
      vertex 361.8 130.107 431.083
    endloop
  endfacet
  facet normal 0 -0.94886 -0.315699
    outer loop
      vertex 360.8 129.895 431.549
      vertex 361.8 129.716 432.087
      vertex 360.8 129.716 432.087
    endloop
  endfacet
  facet normal 0 -0.94886 -0.315699
    outer loop
      vertex 361.8 129.716 432.087
      vertex 360.8 129.895 431.549
      vertex 361.8 129.895 431.549
    endloop
  endfacet
  facet normal 0 -0.972445 -0.233131
    outer loop
      vertex 360.8 129.716 432.087
      vertex 361.8 129.57 432.696
      vertex 360.8 129.57 432.696
    endloop
  endfacet
  facet normal 0 -0.972445 -0.233131
    outer loop
      vertex 361.8 129.57 432.696
      vertex 360.8 129.716 432.087
      vertex 361.8 129.716 432.087
    endloop
  endfacet
  facet normal 0 -0.986276 -0.165104
    outer loop
      vertex 360.8 129.57 432.696
      vertex 361.8 129.456 433.377
      vertex 360.8 129.456 433.377
    endloop
  endfacet
  facet normal 0 -0.986276 -0.165104
    outer loop
      vertex 361.8 129.456 433.377
      vertex 360.8 129.57 432.696
      vertex 361.8 129.57 432.696
    endloop
  endfacet
  facet normal 0 -0.994249 -0.107093
    outer loop
      vertex 360.8 129.456 433.377
      vertex 361.8 129.375 434.129
      vertex 360.8 129.375 434.129
    endloop
  endfacet
  facet normal 0 -0.994249 -0.107093
    outer loop
      vertex 361.8 129.375 434.129
      vertex 360.8 129.456 433.377
      vertex 361.8 129.456 433.377
    endloop
  endfacet
  facet normal 0 -0.998232 -0.059433
    outer loop
      vertex 360.8 129.375 434.129
      vertex 361.8 129.326 434.952
      vertex 360.8 129.326 434.952
    endloop
  endfacet
  facet normal 0 -0.998232 -0.059433
    outer loop
      vertex 361.8 129.326 434.952
      vertex 360.8 129.375 434.129
      vertex 361.8 129.375 434.129
    endloop
  endfacet
  facet normal 0 -0.99984 -0.0178942
    outer loop
      vertex 360.8 129.326 434.952
      vertex 361.8 129.31 435.846
      vertex 360.8 129.31 435.846
    endloop
  endfacet
  facet normal 0 -0.99984 -0.0178942
    outer loop
      vertex 361.8 129.31 435.846
      vertex 360.8 129.326 434.952
      vertex 361.8 129.326 434.952
    endloop
  endfacet
  facet normal 0 -0.999848 0.0174076
    outer loop
      vertex 360.8 129.31 435.846
      vertex 361.8 129.326 436.765
      vertex 360.8 129.326 436.765
    endloop
  endfacet
  facet normal 0 -0.999848 0.0174076
    outer loop
      vertex 361.8 129.326 436.765
      vertex 360.8 129.31 435.846
      vertex 361.8 129.31 435.846
    endloop
  endfacet
  facet normal 0 -0.998383 0.0568474
    outer loop
      vertex 360.8 129.326 436.765
      vertex 361.8 129.374 437.608
      vertex 360.8 129.374 437.608
    endloop
  endfacet
  facet normal 0 -0.998383 0.0568474
    outer loop
      vertex 361.8 129.374 437.608
      vertex 360.8 129.326 436.765
      vertex 361.8 129.326 436.765
    endloop
  endfacet
  facet normal 0 -0.994576 0.104008
    outer loop
      vertex 360.8 129.374 437.608
      vertex 361.8 129.454 438.373
      vertex 360.8 129.454 438.373
    endloop
  endfacet
  facet normal 0 -0.994576 0.104008
    outer loop
      vertex 361.8 129.454 438.373
      vertex 360.8 129.374 437.608
      vertex 361.8 129.374 437.608
    endloop
  endfacet
  facet normal 0 -0.987007 0.160676
    outer loop
      vertex 360.8 129.454 438.373
      vertex 361.8 129.566 439.061
      vertex 360.8 129.566 439.061
    endloop
  endfacet
  facet normal 0 -0.987007 0.160676
    outer loop
      vertex 361.8 129.566 439.061
      vertex 360.8 129.454 438.373
      vertex 361.8 129.454 438.373
    endloop
  endfacet
  facet normal 0 -0.972977 0.230903
    outer loop
      vertex 360.8 129.566 439.061
      vertex 361.8 129.711 439.672
      vertex 360.8 129.711 439.672
    endloop
  endfacet
  facet normal 0 -0.972977 0.230903
    outer loop
      vertex 361.8 129.711 439.672
      vertex 360.8 129.566 439.061
      vertex 361.8 129.566 439.061
    endloop
  endfacet
  facet normal 0 -0.949745 0.313025
    outer loop
      vertex 360.8 129.711 439.672
      vertex 361.8 129.887 440.206
      vertex 360.8 129.887 440.206
    endloop
  endfacet
  facet normal 0 -0.949745 0.313025
    outer loop
      vertex 361.8 129.887 440.206
      vertex 360.8 129.711 439.672
      vertex 361.8 129.711 439.672
    endloop
  endfacet
  facet normal 0 -0.90941 0.415901
    outer loop
      vertex 360.8 129.887 440.206
      vertex 361.8 130.096 440.663
      vertex 360.8 130.096 440.663
    endloop
  endfacet
  facet normal 0 -0.90941 0.415901
    outer loop
      vertex 361.8 130.096 440.663
      vertex 360.8 129.887 440.206
      vertex 361.8 129.887 440.206
    endloop
  endfacet
  facet normal 0 -0.845179 0.534483
    outer loop
      vertex 360.8 130.096 440.663
      vertex 361.8 130.342 441.052
      vertex 360.8 130.342 441.052
    endloop
  endfacet
  facet normal 0 -0.845179 0.534483
    outer loop
      vertex 361.8 130.342 441.052
      vertex 360.8 130.096 440.663
      vertex 361.8 130.096 440.663
    endloop
  endfacet
  facet normal 0 -0.754704 0.656065
    outer loop
      vertex 360.8 130.342 441.052
      vertex 361.8 130.628 441.381
      vertex 360.8 130.628 441.381
    endloop
  endfacet
  facet normal 0 -0.754704 0.656065
    outer loop
      vertex 361.8 130.628 441.381
      vertex 360.8 130.342 441.052
      vertex 361.8 130.342 441.052
    endloop
  endfacet
  facet normal 0 -0.632981 0.774167
    outer loop
      vertex 360.8 130.957 441.65
      vertex 361.8 130.628 441.381
      vertex 361.8 130.957 441.65
    endloop
  endfacet
  facet normal 0 -0.632981 0.774167
    outer loop
      vertex 361.8 130.628 441.381
      vertex 360.8 130.957 441.65
      vertex 360.8 130.628 441.381
    endloop
  endfacet
  facet normal 0 -0.492834 0.870123
    outer loop
      vertex 360.8 131.326 441.859
      vertex 361.8 130.957 441.65
      vertex 361.8 131.326 441.859
    endloop
  endfacet
  facet normal 0 -0.492834 0.870123
    outer loop
      vertex 361.8 130.957 441.65
      vertex 360.8 131.326 441.859
      vertex 360.8 130.957 441.65
    endloop
  endfacet
  facet normal 0 -0.340093 0.940392
    outer loop
      vertex 360.8 131.738 442.008
      vertex 361.8 131.326 441.859
      vertex 361.8 131.738 442.008
    endloop
  endfacet
  facet normal 0 -0.340093 0.940392
    outer loop
      vertex 361.8 131.326 441.859
      vertex 360.8 131.738 442.008
      vertex 360.8 131.326 441.859
    endloop
  endfacet
  facet normal 0 -0.195282 0.980747
    outer loop
      vertex 360.8 132.19 442.098
      vertex 361.8 131.738 442.008
      vertex 361.8 132.19 442.098
    endloop
  endfacet
  facet normal 0 -0.195282 0.980747
    outer loop
      vertex 361.8 131.738 442.008
      vertex 360.8 132.19 442.098
      vertex 360.8 131.738 442.008
    endloop
  endfacet
  facet normal 0 -0.0606171 0.998161
    outer loop
      vertex 360.8 132.684 442.128
      vertex 361.8 132.19 442.098
      vertex 361.8 132.684 442.128
    endloop
  endfacet
  facet normal 0 -0.0606171 0.998161
    outer loop
      vertex 361.8 132.19 442.098
      vertex 360.8 132.684 442.128
      vertex 360.8 132.19 442.098
    endloop
  endfacet
  facet normal -0 0.0621205 0.998069
    outer loop
      vertex 360.8 133.166 442.098
      vertex 361.8 132.684 442.128
      vertex 361.8 133.166 442.098
    endloop
  endfacet
  facet normal 0 0.0621205 0.998069
    outer loop
      vertex 361.8 132.684 442.128
      vertex 360.8 133.166 442.098
      vertex 360.8 132.684 442.128
    endloop
  endfacet
  facet normal -0 0.202092 0.979367
    outer loop
      vertex 360.8 133.607 442.007
      vertex 361.8 133.166 442.098
      vertex 361.8 133.607 442.007
    endloop
  endfacet
  facet normal 0 0.202092 0.979367
    outer loop
      vertex 361.8 133.166 442.098
      vertex 360.8 133.607 442.007
      vertex 360.8 133.166 442.098
    endloop
  endfacet
  facet normal -0 0.354443 0.935077
    outer loop
      vertex 360.8 134.008 441.855
      vertex 361.8 133.607 442.007
      vertex 361.8 134.008 441.855
    endloop
  endfacet
  facet normal 0 0.354443 0.935077
    outer loop
      vertex 361.8 133.607 442.007
      vertex 360.8 134.008 441.855
      vertex 360.8 133.607 442.007
    endloop
  endfacet
  facet normal -0 0.507438 0.861688
    outer loop
      vertex 360.8 134.368 441.643
      vertex 361.8 134.008 441.855
      vertex 361.8 134.368 441.643
    endloop
  endfacet
  facet normal 0 0.507438 0.861688
    outer loop
      vertex 361.8 134.008 441.855
      vertex 360.8 134.368 441.643
      vertex 360.8 134.008 441.855
    endloop
  endfacet
  facet normal -0 0.649028 0.760765
    outer loop
      vertex 360.8 134.688 441.37
      vertex 361.8 134.368 441.643
      vertex 361.8 134.688 441.37
    endloop
  endfacet
  facet normal 0 0.649028 0.760765
    outer loop
      vertex 361.8 134.368 441.643
      vertex 360.8 134.688 441.37
      vertex 360.8 134.368 441.643
    endloop
  endfacet
  facet normal 0 0.766337 0.642438
    outer loop
      vertex 361.8 134.968 441.036
      vertex 360.8 134.688 441.37
      vertex 361.8 134.688 441.37
    endloop
  endfacet
  facet normal 0 0.766337 0.642438
    outer loop
      vertex 360.8 134.688 441.37
      vertex 361.8 134.968 441.036
      vertex 360.8 134.968 441.036
    endloop
  endfacet
  facet normal 0 0.855956 0.517049
    outer loop
      vertex 361.8 135.206 440.642
      vertex 360.8 134.968 441.036
      vertex 361.8 134.968 441.036
    endloop
  endfacet
  facet normal 0 0.855956 0.517049
    outer loop
      vertex 360.8 134.968 441.036
      vertex 361.8 135.206 440.642
      vertex 360.8 135.206 440.642
    endloop
  endfacet
  facet normal 0 0.915519 0.402274
    outer loop
      vertex 361.8 135.409 440.18
      vertex 360.8 135.206 440.642
      vertex 361.8 135.206 440.642
    endloop
  endfacet
  facet normal 0 0.915519 0.402274
    outer loop
      vertex 360.8 135.206 440.642
      vertex 361.8 135.409 440.18
      vertex 360.8 135.409 440.18
    endloop
  endfacet
  facet normal 0 0.952342 0.305033
    outer loop
      vertex 361.8 135.581 439.643
      vertex 360.8 135.409 440.18
      vertex 361.8 135.409 440.18
    endloop
  endfacet
  facet normal 0 0.952342 0.305033
    outer loop
      vertex 360.8 135.409 440.18
      vertex 361.8 135.581 439.643
      vertex 360.8 135.581 439.643
    endloop
  endfacet
  facet normal 0 0.97431 0.225209
    outer loop
      vertex 361.8 135.722 439.033
      vertex 360.8 135.581 439.643
      vertex 361.8 135.581 439.643
    endloop
  endfacet
  facet normal 0 0.97431 0.225209
    outer loop
      vertex 360.8 135.581 439.643
      vertex 361.8 135.722 439.033
      vertex 360.8 135.722 439.033
    endloop
  endfacet
  facet normal 0 0.987575 0.157147
    outer loop
      vertex 361.8 135.831 438.348
      vertex 360.8 135.722 439.033
      vertex 361.8 135.722 439.033
    endloop
  endfacet
  facet normal 0 0.987575 0.157147
    outer loop
      vertex 360.8 135.722 439.033
      vertex 361.8 135.831 438.348
      vertex 360.8 135.831 438.348
    endloop
  endfacet
  facet normal 0 0.994775 0.102095
    outer loop
      vertex 361.8 135.909 437.588
      vertex 360.8 135.831 438.348
      vertex 361.8 135.831 438.348
    endloop
  endfacet
  facet normal 0 0.994775 0.102095
    outer loop
      vertex 360.8 135.831 438.348
      vertex 361.8 135.909 437.588
      vertex 360.8 135.909 437.588
    endloop
  endfacet
  facet normal 0 0.998416 0.0562656
    outer loop
      vertex 361.8 135.956 436.754
      vertex 360.8 135.909 437.588
      vertex 361.8 135.909 437.588
    endloop
  endfacet
  facet normal 0 0.998416 0.0562656
    outer loop
      vertex 360.8 135.909 437.588
      vertex 361.8 135.956 436.754
      vertex 360.8 135.956 436.754
    endloop
  endfacet
  facet normal 0 0.999864 0.0165176
    outer loop
      vertex 361.8 135.971 435.846
      vertex 360.8 135.956 436.754
      vertex 361.8 135.956 436.754
    endloop
  endfacet
  facet normal 0 0.999864 0.0165176
    outer loop
      vertex 360.8 135.956 436.754
      vertex 361.8 135.971 435.846
      vertex 360.8 135.971 435.846
    endloop
  endfacet
  facet normal 0 0.999834 -0.0182202
    outer loop
      vertex 361.8 135.955 434.968
      vertex 360.8 135.971 435.846
      vertex 361.8 135.971 435.846
    endloop
  endfacet
  facet normal 0 0.999834 -0.0182202
    outer loop
      vertex 360.8 135.971 435.846
      vertex 361.8 135.955 434.968
      vertex 360.8 135.955 434.968
    endloop
  endfacet
  facet normal 0 0.998175 -0.0603834
    outer loop
      vertex 361.8 135.906 434.158
      vertex 360.8 135.955 434.968
      vertex 361.8 135.955 434.968
    endloop
  endfacet
  facet normal 0 0.998175 -0.0603834
    outer loop
      vertex 360.8 135.955 434.968
      vertex 361.8 135.906 434.158
      vertex 360.8 135.906 434.158
    endloop
  endfacet
  facet normal 0 0.993965 -0.109697
    outer loop
      vertex 361.8 135.824 433.415
      vertex 360.8 135.906 434.158
      vertex 361.8 135.906 434.158
    endloop
  endfacet
  facet normal 0 0.993965 -0.109697
    outer loop
      vertex 360.8 135.906 434.158
      vertex 361.8 135.824 433.415
      vertex 360.8 135.824 433.415
    endloop
  endfacet
  facet normal 0 0.985837 -0.167709
    outer loop
      vertex 361.8 135.709 432.739
      vertex 360.8 135.824 433.415
      vertex 361.8 135.824 433.415
    endloop
  endfacet
  facet normal 0 0.985837 -0.167709
    outer loop
      vertex 360.8 135.824 433.415
      vertex 361.8 135.709 432.739
      vertex 360.8 135.709 432.739
    endloop
  endfacet
  facet normal 0 0.972082 -0.234641
    outer loop
      vertex 361.8 135.562 432.13
      vertex 360.8 135.709 432.739
      vertex 361.8 135.709 432.739
    endloop
  endfacet
  facet normal 0 0.972082 -0.234641
    outer loop
      vertex 360.8 135.709 432.739
      vertex 361.8 135.562 432.13
      vertex 360.8 135.562 432.13
    endloop
  endfacet
  facet normal 0 0.948859 -0.315702
    outer loop
      vertex 361.8 135.382 431.589
      vertex 360.8 135.562 432.13
      vertex 361.8 135.562 432.13
    endloop
  endfacet
  facet normal 0 0.948859 -0.315702
    outer loop
      vertex 360.8 135.562 432.13
      vertex 361.8 135.382 431.589
      vertex 360.8 135.382 431.589
    endloop
  endfacet
  facet normal 0 0.912137 -0.409885
    outer loop
      vertex 361.8 135.169 431.115
      vertex 360.8 135.382 431.589
      vertex 361.8 135.382 431.589
    endloop
  endfacet
  facet normal 0 0.912137 -0.409885
    outer loop
      vertex 360.8 135.382 431.589
      vertex 361.8 135.169 431.115
      vertex 360.8 135.169 431.115
    endloop
  endfacet
  facet normal 0 0.854158 -0.520013
    outer loop
      vertex 361.8 134.92 430.706
      vertex 360.8 135.169 431.115
      vertex 361.8 135.169 431.115
    endloop
  endfacet
  facet normal 0 0.854158 -0.520013
    outer loop
      vertex 360.8 135.169 431.115
      vertex 361.8 134.92 430.706
      vertex 360.8 134.92 430.706
    endloop
  endfacet
  facet normal 0 0.769865 -0.638207
    outer loop
      vertex 361.8 134.634 430.361
      vertex 360.8 134.92 430.706
      vertex 361.8 134.92 430.706
    endloop
  endfacet
  facet normal 0 0.769865 -0.638207
    outer loop
      vertex 360.8 134.92 430.706
      vertex 361.8 134.634 430.361
      vertex 360.8 134.634 430.361
    endloop
  endfacet
  facet normal 0 0.658999 -0.752144
    outer loop
      vertex 360.8 134.311 430.078
      vertex 361.8 134.634 430.361
      vertex 361.8 134.311 430.078
    endloop
  endfacet
  facet normal 0 0.658999 -0.752144
    outer loop
      vertex 361.8 134.634 430.361
      vertex 360.8 134.311 430.078
      vertex 360.8 134.634 430.361
    endloop
  endfacet
  facet normal 0 0.520397 -0.853924
    outer loop
      vertex 360.8 133.95 429.858
      vertex 361.8 134.311 430.078
      vertex 361.8 133.95 429.858
    endloop
  endfacet
  facet normal 0 0.520397 -0.853924
    outer loop
      vertex 361.8 134.311 430.078
      vertex 360.8 133.95 429.858
      vertex 360.8 134.311 430.078
    endloop
  endfacet
  facet normal 0 0.368174 -0.929757
    outer loop
      vertex 360.8 133.551 429.7
      vertex 361.8 133.95 429.858
      vertex 361.8 133.551 429.7
    endloop
  endfacet
  facet normal 0 0.368174 -0.929757
    outer loop
      vertex 361.8 133.95 429.858
      vertex 360.8 133.551 429.7
      vertex 360.8 133.95 429.858
    endloop
  endfacet
  facet normal 0 0.210754 -0.977539
    outer loop
      vertex 360.8 133.115 429.606
      vertex 361.8 133.551 429.7
      vertex 361.8 133.115 429.606
    endloop
  endfacet
  facet normal 0 0.210754 -0.977539
    outer loop
      vertex 361.8 133.551 429.7
      vertex 360.8 133.115 429.606
      vertex 360.8 133.551 429.7
    endloop
  endfacet
  facet normal 0 0.0651246 -0.997877
    outer loop
      vertex 360.8 132.64 429.575
      vertex 361.8 133.115 429.606
      vertex 361.8 132.64 429.575
    endloop
  endfacet
  facet normal 0 0.0651246 -0.997877
    outer loop
      vertex 361.8 133.115 429.606
      vertex 360.8 132.64 429.575
      vertex 360.8 133.115 429.606
    endloop
  endfacet
  facet normal 0 -0.0629004 -0.99802
    outer loop
      vertex 360.8 132.164 429.605
      vertex 361.8 132.64 429.575
      vertex 361.8 132.164 429.605
    endloop
  endfacet
  facet normal -0 -0.0629004 -0.99802
    outer loop
      vertex 361.8 132.64 429.575
      vertex 360.8 132.164 429.605
      vertex 360.8 132.64 429.575
    endloop
  endfacet
  facet normal 0 0 -1
    outer loop
      vertex 360.8 149.029 429.857
      vertex 361.8 157.003 429.857
      vertex 361.8 149.029 429.857
    endloop
  endfacet
  facet normal -0 0 -1
    outer loop
      vertex 361.8 157.003 429.857
      vertex 360.8 149.029 429.857
      vertex 360.8 157.003 429.857
    endloop
  endfacet
  facet normal 0 -0.907349 0.420377
    outer loop
      vertex 360.8 149.029 429.857
      vertex 361.8 149.13 430.075
      vertex 360.8 149.13 430.075
    endloop
  endfacet
  facet normal 0 -0.907349 0.420377
    outer loop
      vertex 361.8 149.13 430.075
      vertex 360.8 149.029 429.857
      vertex 361.8 149.029 429.857
    endloop
  endfacet
  facet normal 0 -0.882132 0.471003
    outer loop
      vertex 360.8 149.13 430.075
      vertex 361.8 149.248 430.296
      vertex 360.8 149.248 430.296
    endloop
  endfacet
  facet normal 0 -0.882132 0.471003
    outer loop
      vertex 361.8 149.248 430.296
      vertex 360.8 149.13 430.075
      vertex 361.8 149.13 430.075
    endloop
  endfacet
  facet normal 0 -0.855455 0.517877
    outer loop
      vertex 360.8 149.248 430.296
      vertex 361.8 149.383 430.519
      vertex 360.8 149.383 430.519
    endloop
  endfacet
  facet normal 0 -0.855455 0.517877
    outer loop
      vertex 361.8 149.383 430.519
      vertex 360.8 149.248 430.296
      vertex 361.8 149.248 430.296
    endloop
  endfacet
  facet normal 0 -0.828635 0.559789
    outer loop
      vertex 360.8 149.383 430.519
      vertex 361.8 149.535 430.744
      vertex 360.8 149.535 430.744
    endloop
  endfacet
  facet normal 0 -0.828635 0.559789
    outer loop
      vertex 361.8 149.535 430.744
      vertex 360.8 149.383 430.519
      vertex 361.8 149.383 430.519
    endloop
  endfacet
  facet normal 0 -0.80337 0.59548
    outer loop
      vertex 360.8 149.535 430.744
      vertex 361.8 149.704 430.972
      vertex 360.8 149.704 430.972
    endloop
  endfacet
  facet normal 0 -0.80337 0.59548
    outer loop
      vertex 361.8 149.704 430.972
      vertex 360.8 149.535 430.744
      vertex 361.8 149.535 430.744
    endloop
  endfacet
  facet normal 0 -0.780539 0.625107
    outer loop
      vertex 360.8 149.704 430.972
      vertex 361.8 149.889 431.203
      vertex 360.8 149.889 431.203
    endloop
  endfacet
  facet normal 0 -0.780539 0.625107
    outer loop
      vertex 361.8 149.889 431.203
      vertex 360.8 149.704 430.972
      vertex 361.8 149.704 430.972
    endloop
  endfacet
  facet normal 0 -0.752577 0.658505
    outer loop
      vertex 360.8 149.889 431.203
      vertex 361.8 150.092 431.435
      vertex 360.8 150.092 431.435
    endloop
  endfacet
  facet normal 0 -0.752577 0.658505
    outer loop
      vertex 361.8 150.092 431.435
      vertex 360.8 149.889 431.203
      vertex 361.8 149.889 431.203
    endloop
  endfacet
  facet normal 0 -0.734214 0.678918
    outer loop
      vertex 360.8 150.092 431.435
      vertex 361.8 150.313 431.674
      vertex 360.8 150.313 431.674
    endloop
  endfacet
  facet normal 0 -0.734214 0.678918
    outer loop
      vertex 361.8 150.313 431.674
      vertex 360.8 150.092 431.435
      vertex 361.8 150.092 431.435
    endloop
  endfacet
  facet normal 0 -0.712879 0.701287
    outer loop
      vertex 360.8 150.313 431.674
      vertex 361.8 150.555 431.92
      vertex 360.8 150.555 431.92
    endloop
  endfacet
  facet normal 0 -0.712879 0.701287
    outer loop
      vertex 361.8 150.555 431.92
      vertex 360.8 150.313 431.674
      vertex 361.8 150.313 431.674
    endloop
  endfacet
  facet normal 0 -0.694692 0.719307
    outer loop
      vertex 360.8 150.818 432.174
      vertex 361.8 150.555 431.92
      vertex 361.8 150.818 432.174
    endloop
  endfacet
  facet normal 0 -0.694692 0.719307
    outer loop
      vertex 361.8 150.555 431.92
      vertex 360.8 150.818 432.174
      vertex 360.8 150.555 431.92
    endloop
  endfacet
  facet normal 0 -0.67946 0.733713
    outer loop
      vertex 360.8 151.102 432.437
      vertex 361.8 150.818 432.174
      vertex 361.8 151.102 432.437
    endloop
  endfacet
  facet normal 0 -0.67946 0.733713
    outer loop
      vertex 361.8 150.818 432.174
      vertex 360.8 151.102 432.437
      vertex 360.8 150.818 432.174
    endloop
  endfacet
  facet normal 0 -0.66543 0.74646
    outer loop
      vertex 360.8 151.406 432.708
      vertex 361.8 151.102 432.437
      vertex 361.8 151.406 432.708
    endloop
  endfacet
  facet normal 0 -0.66543 0.74646
    outer loop
      vertex 361.8 151.102 432.437
      vertex 360.8 151.406 432.708
      vertex 360.8 151.102 432.437
    endloop
  endfacet
  facet normal 0 -0.651368 0.758762
    outer loop
      vertex 360.8 151.731 432.987
      vertex 361.8 151.406 432.708
      vertex 361.8 151.731 432.987
    endloop
  endfacet
  facet normal 0 -0.651368 0.758762
    outer loop
      vertex 361.8 151.406 432.708
      vertex 360.8 151.731 432.987
      vertex 360.8 151.406 432.708
    endloop
  endfacet
  facet normal 0 -0.638432 0.769678
    outer loop
      vertex 360.8 152.077 433.274
      vertex 361.8 151.731 432.987
      vertex 361.8 152.077 433.274
    endloop
  endfacet
  facet normal 0 -0.638432 0.769678
    outer loop
      vertex 361.8 151.731 432.987
      vertex 360.8 152.077 433.274
      vertex 360.8 151.731 432.987
    endloop
  endfacet
  facet normal 0 -0.635006 0.772507
    outer loop
      vertex 360.8 152.695 433.782
      vertex 361.8 152.077 433.274
      vertex 361.8 152.695 433.782
    endloop
  endfacet
  facet normal 0 -0.635006 0.772507
    outer loop
      vertex 361.8 152.077 433.274
      vertex 360.8 152.695 433.782
      vertex 360.8 152.077 433.274
    endloop
  endfacet
  facet normal 0 -0.641937 0.766758
    outer loop
      vertex 360.8 153.254 434.25
      vertex 361.8 152.695 433.782
      vertex 361.8 153.254 434.25
    endloop
  endfacet
  facet normal 0 -0.641937 0.766758
    outer loop
      vertex 361.8 152.695 433.782
      vertex 360.8 153.254 434.25
      vertex 360.8 152.695 433.782
    endloop
  endfacet
  facet normal 0 -0.651794 0.758396
    outer loop
      vertex 360.8 153.752 434.678
      vertex 361.8 153.254 434.25
      vertex 361.8 153.752 434.678
    endloop
  endfacet
  facet normal 0 -0.651794 0.758396
    outer loop
      vertex 361.8 153.254 434.25
      vertex 360.8 153.752 434.678
      vertex 360.8 153.254 434.25
    endloop
  endfacet
  facet normal 0 -0.663199 0.748443
    outer loop
      vertex 360.8 154.191 435.067
      vertex 361.8 153.752 434.678
      vertex 361.8 154.191 435.067
    endloop
  endfacet
  facet normal 0 -0.663199 0.748443
    outer loop
      vertex 361.8 153.752 434.678
      vertex 360.8 154.191 435.067
      vertex 360.8 153.752 434.678
    endloop
  endfacet
  facet normal 0 -0.678441 0.734655
    outer loop
      vertex 360.8 154.57 435.417
      vertex 361.8 154.191 435.067
      vertex 361.8 154.57 435.417
    endloop
  endfacet
  facet normal 0 -0.678441 0.734655
    outer loop
      vertex 361.8 154.191 435.067
      vertex 360.8 154.57 435.417
      vertex 360.8 154.191 435.067
    endloop
  endfacet
  facet normal 0 -0.696918 0.717151
    outer loop
      vertex 360.8 154.889 435.727
      vertex 361.8 154.57 435.417
      vertex 361.8 154.889 435.727
    endloop
  endfacet
  facet normal 0 -0.696918 0.717151
    outer loop
      vertex 361.8 154.57 435.417
      vertex 360.8 154.889 435.727
      vertex 360.8 154.57 435.417
    endloop
  endfacet
  facet normal 0 -0.722931 0.69092
    outer loop
      vertex 360.8 154.889 435.727
      vertex 361.8 155.148 435.998
      vertex 360.8 155.148 435.998
    endloop
  endfacet
  facet normal 0 -0.722931 0.69092
    outer loop
      vertex 361.8 155.148 435.998
      vertex 360.8 154.889 435.727
      vertex 361.8 154.889 435.727
    endloop
  endfacet
  facet normal 0 -0.750536 0.66083
    outer loop
      vertex 360.8 155.148 435.998
      vertex 361.8 155.369 436.249
      vertex 360.8 155.369 436.249
    endloop
  endfacet
  facet normal 0 -0.750536 0.66083
    outer loop
      vertex 361.8 155.369 436.249
      vertex 360.8 155.148 435.998
      vertex 361.8 155.148 435.998
    endloop
  endfacet
  facet normal 0 -0.774507 0.632565
    outer loop
      vertex 360.8 155.369 436.249
      vertex 361.8 155.574 436.5
      vertex 360.8 155.574 436.5
    endloop
  endfacet
  facet normal 0 -0.774507 0.632565
    outer loop
      vertex 361.8 155.574 436.5
      vertex 360.8 155.369 436.249
      vertex 361.8 155.369 436.249
    endloop
  endfacet
  facet normal 0 -0.798853 0.601527
    outer loop
      vertex 360.8 155.574 436.5
      vertex 361.8 155.763 436.751
      vertex 360.8 155.763 436.751
    endloop
  endfacet
  facet normal 0 -0.798853 0.601527
    outer loop
      vertex 361.8 155.763 436.751
      vertex 360.8 155.574 436.5
      vertex 361.8 155.574 436.5
    endloop
  endfacet
  facet normal 0 -0.823371 0.567503
    outer loop
      vertex 360.8 155.763 436.751
      vertex 361.8 155.936 437.002
      vertex 360.8 155.936 437.002
    endloop
  endfacet
  facet normal 0 -0.823371 0.567503
    outer loop
      vertex 361.8 155.936 437.002
      vertex 360.8 155.763 436.751
      vertex 361.8 155.763 436.751
    endloop
  endfacet
  facet normal 0 -0.847808 0.530303
    outer loop
      vertex 360.8 155.936 437.002
      vertex 361.8 156.093 437.253
      vertex 360.8 156.093 437.253
    endloop
  endfacet
  facet normal 0 -0.847808 0.530303
    outer loop
      vertex 361.8 156.093 437.253
      vertex 360.8 155.936 437.002
      vertex 361.8 155.936 437.002
    endloop
  endfacet
  facet normal 0 -0.873335 0.487119
    outer loop
      vertex 360.8 156.093 437.253
      vertex 361.8 156.233 437.504
      vertex 360.8 156.233 437.504
    endloop
  endfacet
  facet normal 0 -0.873335 0.487119
    outer loop
      vertex 361.8 156.233 437.504
      vertex 360.8 156.093 437.253
      vertex 361.8 156.093 437.253
    endloop
  endfacet
  facet normal 0 -0.895845 0.444367
    outer loop
      vertex 360.8 156.233 437.504
      vertex 361.8 156.358 437.756
      vertex 360.8 156.358 437.756
    endloop
  endfacet
  facet normal 0 -0.895845 0.444367
    outer loop
      vertex 361.8 156.358 437.756
      vertex 360.8 156.233 437.504
      vertex 361.8 156.233 437.504
    endloop
  endfacet
  facet normal 0 -0.918576 0.395244
    outer loop
      vertex 360.8 156.358 437.756
      vertex 361.8 156.466 438.007
      vertex 360.8 156.466 438.007
    endloop
  endfacet
  facet normal 0 -0.918576 0.395244
    outer loop
      vertex 361.8 156.466 438.007
      vertex 360.8 156.358 437.756
      vertex 361.8 156.358 437.756
    endloop
  endfacet
  facet normal 0 -0.940554 0.339644
    outer loop
      vertex 360.8 156.466 438.007
      vertex 361.8 156.557 438.259
      vertex 360.8 156.557 438.259
    endloop
  endfacet
  facet normal 0 -0.940554 0.339644
    outer loop
      vertex 361.8 156.557 438.259
      vertex 360.8 156.466 438.007
      vertex 361.8 156.466 438.007
    endloop
  endfacet
  facet normal 0 -0.958452 0.285254
    outer loop
      vertex 360.8 156.557 438.259
      vertex 361.8 156.632 438.511
      vertex 360.8 156.632 438.511
    endloop
  endfacet
  facet normal 0 -0.958452 0.285254
    outer loop
      vertex 361.8 156.632 438.511
      vertex 360.8 156.557 438.259
      vertex 361.8 156.557 438.259
    endloop
  endfacet
  facet normal 0 -0.974521 0.224295
    outer loop
      vertex 360.8 156.632 438.511
      vertex 361.8 156.69 438.763
      vertex 360.8 156.69 438.763
    endloop
  endfacet
  facet normal 0 -0.974521 0.224295
    outer loop
      vertex 361.8 156.69 438.763
      vertex 360.8 156.632 438.511
      vertex 361.8 156.632 438.511
    endloop
  endfacet
  facet normal 0 -0.987221 0.159355
    outer loop
      vertex 360.8 156.69 438.763
      vertex 361.8 156.731 439.017
      vertex 360.8 156.731 439.017
    endloop
  endfacet
  facet normal 0 -0.987221 0.159355
    outer loop
      vertex 361.8 156.731 439.017
      vertex 360.8 156.69 438.763
      vertex 361.8 156.69 438.763
    endloop
  endfacet
  facet normal 0 -0.995153 0.0983353
    outer loop
      vertex 360.8 156.731 439.017
      vertex 361.8 156.756 439.27
      vertex 360.8 156.756 439.27
    endloop
  endfacet
  facet normal 0 -0.995153 0.0983353
    outer loop
      vertex 361.8 156.756 439.27
      vertex 360.8 156.731 439.017
      vertex 361.8 156.731 439.017
    endloop
  endfacet
  facet normal 0 -0.999373 0.0354108
    outer loop
      vertex 360.8 156.756 439.27
      vertex 361.8 156.765 439.524
      vertex 360.8 156.765 439.524
    endloop
  endfacet
  facet normal 0 -0.999373 0.0354108
    outer loop
      vertex 361.8 156.765 439.524
      vertex 360.8 156.756 439.27
      vertex 361.8 156.756 439.27
    endloop
  endfacet
  facet normal 0 -0.998904 -0.0467955
    outer loop
      vertex 360.8 156.765 439.524
      vertex 361.8 156.739 440.079
      vertex 360.8 156.739 440.079
    endloop
  endfacet
  facet normal 0 -0.998904 -0.0467955
    outer loop
      vertex 361.8 156.739 440.079
      vertex 360.8 156.765 439.524
      vertex 361.8 156.765 439.524
    endloop
  endfacet
  facet normal 0 -0.989367 -0.145439
    outer loop
      vertex 360.8 156.739 440.079
      vertex 361.8 156.663 440.596
      vertex 360.8 156.663 440.596
    endloop
  endfacet
  facet normal 0 -0.989367 -0.145439
    outer loop
      vertex 361.8 156.663 440.596
      vertex 360.8 156.739 440.079
      vertex 361.8 156.739 440.079
    endloop
  endfacet
  facet normal 0 -0.966735 -0.255782
    outer loop
      vertex 360.8 156.663 440.596
      vertex 361.8 156.536 441.076
      vertex 360.8 156.536 441.076
    endloop
  endfacet
  facet normal 0 -0.966735 -0.255782
    outer loop
      vertex 361.8 156.536 441.076
      vertex 360.8 156.663 440.596
      vertex 361.8 156.663 440.596
    endloop
  endfacet
  facet normal 0 -0.928621 -0.371029
    outer loop
      vertex 360.8 156.536 441.076
      vertex 361.8 156.359 441.519
      vertex 360.8 156.359 441.519
    endloop
  endfacet
  facet normal 0 -0.928621 -0.371029
    outer loop
      vertex 361.8 156.359 441.519
      vertex 360.8 156.536 441.076
      vertex 361.8 156.536 441.076
    endloop
  endfacet
  facet normal 0 -0.871403 -0.490568
    outer loop
      vertex 360.8 156.359 441.519
      vertex 361.8 156.131 441.924
      vertex 360.8 156.131 441.924
    endloop
  endfacet
  facet normal 0 -0.871403 -0.490568
    outer loop
      vertex 361.8 156.131 441.924
      vertex 360.8 156.359 441.519
      vertex 361.8 156.359 441.519
    endloop
  endfacet
  facet normal 0 -0.796871 -0.604149
    outer loop
      vertex 360.8 156.131 441.924
      vertex 361.8 155.852 442.292
      vertex 360.8 155.852 442.292
    endloop
  endfacet
  facet normal 0 -0.796871 -0.604149
    outer loop
      vertex 361.8 155.852 442.292
      vertex 360.8 156.131 441.924
      vertex 361.8 156.131 441.924
    endloop
  endfacet
  facet normal 0 -0.707107 -0.707107
    outer loop
      vertex 360.8 155.852 442.292
      vertex 361.8 155.522 442.622
      vertex 360.8 155.522 442.622
    endloop
  endfacet
  facet normal 0 -0.707107 -0.707107
    outer loop
      vertex 361.8 155.522 442.622
      vertex 360.8 155.852 442.292
      vertex 361.8 155.852 442.292
    endloop
  endfacet
  facet normal 0 -0.609405 -0.792859
    outer loop
      vertex 360.8 155.146 442.911
      vertex 361.8 155.522 442.622
      vertex 361.8 155.146 442.911
    endloop
  endfacet
  facet normal -0 -0.609405 -0.792859
    outer loop
      vertex 361.8 155.522 442.622
      vertex 360.8 155.146 442.911
      vertex 360.8 155.522 442.622
    endloop
  endfacet
  facet normal 0 -0.502977 -0.8643
    outer loop
      vertex 360.8 154.725 443.156
      vertex 361.8 155.146 442.911
      vertex 361.8 154.725 443.156
    endloop
  endfacet
  facet normal -0 -0.502977 -0.8643
    outer loop
      vertex 361.8 155.146 442.911
      vertex 360.8 154.725 443.156
      vertex 360.8 155.146 442.911
    endloop
  endfacet
  facet normal 0 -0.395829 -0.918324
    outer loop
      vertex 360.8 154.261 443.356
      vertex 361.8 154.725 443.156
      vertex 361.8 154.261 443.356
    endloop
  endfacet
  facet normal -0 -0.395829 -0.918324
    outer loop
      vertex 361.8 154.725 443.156
      vertex 360.8 154.261 443.356
      vertex 360.8 154.725 443.156
    endloop
  endfacet
  facet normal 0 -0.294086 -0.955779
    outer loop
      vertex 360.8 153.754 443.512
      vertex 361.8 154.261 443.356
      vertex 361.8 153.754 443.512
    endloop
  endfacet
  facet normal -0 -0.294086 -0.955779
    outer loop
      vertex 361.8 154.261 443.356
      vertex 360.8 153.754 443.512
      vertex 360.8 154.261 443.356
    endloop
  endfacet
  facet normal 0 -0.197141 -0.980375
    outer loop
      vertex 360.8 153.202 443.623
      vertex 361.8 153.754 443.512
      vertex 361.8 153.202 443.623
    endloop
  endfacet
  facet normal -0 -0.197141 -0.980375
    outer loop
      vertex 361.8 153.754 443.512
      vertex 360.8 153.202 443.623
      vertex 360.8 153.754 443.512
    endloop
  endfacet
  facet normal 0 -0.111898 -0.99372
    outer loop
      vertex 360.8 152.607 443.69
      vertex 361.8 153.202 443.623
      vertex 361.8 152.607 443.69
    endloop
  endfacet
  facet normal -0 -0.111898 -0.99372
    outer loop
      vertex 361.8 153.202 443.623
      vertex 360.8 152.607 443.69
      vertex 360.8 153.202 443.623
    endloop
  endfacet
  facet normal 0 -0.0344623 -0.999406
    outer loop
      vertex 360.8 151.969 443.712
      vertex 361.8 152.607 443.69
      vertex 361.8 151.969 443.712
    endloop
  endfacet
  facet normal -0 -0.0344623 -0.999406
    outer loop
      vertex 361.8 152.607 443.69
      vertex 360.8 151.969 443.712
      vertex 360.8 152.607 443.69
    endloop
  endfacet
  facet normal 0 0.0375162 -0.999296
    outer loop
      vertex 360.8 151.383 443.69
      vertex 361.8 151.969 443.712
      vertex 361.8 151.383 443.69
    endloop
  endfacet
  facet normal 0 0.0375162 -0.999296
    outer loop
      vertex 361.8 151.969 443.712
      vertex 360.8 151.383 443.69
      vertex 360.8 151.969 443.712
    endloop
  endfacet
  facet normal 0 0.118297 -0.992978
    outer loop
      vertex 360.8 150.829 443.624
      vertex 361.8 151.383 443.69
      vertex 361.8 150.829 443.624
    endloop
  endfacet
  facet normal 0 0.118297 -0.992978
    outer loop
      vertex 361.8 151.383 443.69
      vertex 360.8 150.829 443.624
      vertex 360.8 151.383 443.69
    endloop
  endfacet
  facet normal 0 0.207234 -0.978292
    outer loop
      vertex 360.8 150.305 443.513
      vertex 361.8 150.829 443.624
      vertex 361.8 150.305 443.513
    endloop
  endfacet
  facet normal 0 0.207234 -0.978292
    outer loop
      vertex 361.8 150.829 443.624
      vertex 360.8 150.305 443.513
      vertex 360.8 150.829 443.624
    endloop
  endfacet
  facet normal 0 0.300482 -0.953788
    outer loop
      vertex 360.8 149.813 443.358
      vertex 361.8 150.305 443.513
      vertex 361.8 149.813 443.358
    endloop
  endfacet
  facet normal 0 0.300482 -0.953788
    outer loop
      vertex 361.8 150.305 443.513
      vertex 360.8 149.813 443.358
      vertex 360.8 150.305 443.513
    endloop
  endfacet
  facet normal 0 0.396322 -0.918112
    outer loop
      vertex 360.8 149.352 443.159
      vertex 361.8 149.813 443.358
      vertex 361.8 149.352 443.159
    endloop
  endfacet
  facet normal 0 0.396322 -0.918112
    outer loop
      vertex 361.8 149.813 443.358
      vertex 360.8 149.352 443.159
      vertex 360.8 149.813 443.358
    endloop
  endfacet
  facet normal 0 0.493523 -0.869733
    outer loop
      vertex 360.8 148.922 442.915
      vertex 361.8 149.352 443.159
      vertex 361.8 148.922 442.915
    endloop
  endfacet
  facet normal 0 0.493523 -0.869733
    outer loop
      vertex 361.8 149.352 443.159
      vertex 360.8 148.922 442.915
      vertex 360.8 149.352 443.159
    endloop
  endfacet
  facet normal 0 0.586234 -0.810142
    outer loop
      vertex 360.8 148.524 442.627
      vertex 361.8 148.922 442.915
      vertex 361.8 148.524 442.627
    endloop
  endfacet
  facet normal 0 0.586234 -0.810142
    outer loop
      vertex 361.8 148.922 442.915
      vertex 360.8 148.524 442.627
      vertex 360.8 148.922 442.915
    endloop
  endfacet
  facet normal 0 0.670103 -0.742268
    outer loop
      vertex 360.8 148.164 442.302
      vertex 361.8 148.524 442.627
      vertex 361.8 148.164 442.302
    endloop
  endfacet
  facet normal 0 0.670103 -0.742268
    outer loop
      vertex 361.8 148.524 442.627
      vertex 360.8 148.164 442.302
      vertex 360.8 148.524 442.627
    endloop
  endfacet
  facet normal 0 0.749961 -0.661482
    outer loop
      vertex 361.8 147.85 441.946
      vertex 360.8 148.164 442.302
      vertex 361.8 148.164 442.302
    endloop
  endfacet
  facet normal 0 0.749961 -0.661482
    outer loop
      vertex 360.8 148.164 442.302
      vertex 361.8 147.85 441.946
      vertex 360.8 147.85 441.946
    endloop
  endfacet
  facet normal 0 0.821425 -0.570316
    outer loop
      vertex 361.8 147.582 441.56
      vertex 360.8 147.85 441.946
      vertex 361.8 147.85 441.946
    endloop
  endfacet
  facet normal 0 0.821425 -0.570316
    outer loop
      vertex 360.8 147.85 441.946
      vertex 361.8 147.582 441.56
      vertex 360.8 147.582 441.56
    endloop
  endfacet
  facet normal 0 0.881826 -0.471576
    outer loop
      vertex 361.8 147.359 441.143
      vertex 360.8 147.582 441.56
      vertex 361.8 147.582 441.56
    endloop
  endfacet
  facet normal 0 0.881826 -0.471576
    outer loop
      vertex 360.8 147.582 441.56
      vertex 361.8 147.359 441.143
      vertex 360.8 147.359 441.143
    endloop
  endfacet
  facet normal 0 0.930751 -0.365652
    outer loop
      vertex 361.8 147.183 440.695
      vertex 360.8 147.359 441.143
      vertex 361.8 147.359 441.143
    endloop
  endfacet
  facet normal 0 0.930751 -0.365652
    outer loop
      vertex 360.8 147.359 441.143
      vertex 361.8 147.183 440.695
      vertex 360.8 147.183 440.695
    endloop
  endfacet
  facet normal 0 0.964437 -0.264312
    outer loop
      vertex 361.8 147.052 440.217
      vertex 360.8 147.183 440.695
      vertex 361.8 147.183 440.695
    endloop
  endfacet
  facet normal 0 0.964437 -0.264312
    outer loop
      vertex 360.8 147.183 440.695
      vertex 361.8 147.052 440.217
      vertex 360.8 147.052 440.217
    endloop
  endfacet
  facet normal 0 0.986342 -0.164713
    outer loop
      vertex 361.8 146.967 439.708
      vertex 360.8 147.052 440.217
      vertex 361.8 147.052 440.217
    endloop
  endfacet
  facet normal 0 0.986342 -0.164713
    outer loop
      vertex 360.8 147.052 440.217
      vertex 361.8 146.967 439.708
      vertex 360.8 146.967 439.708
    endloop
  endfacet
  facet normal -0 0.0917496 0.995782
    outer loop
      vertex 360.8 148.964 439.524
      vertex 361.8 146.967 439.708
      vertex 361.8 148.964 439.524
    endloop
  endfacet
  facet normal 0 0.0917496 0.995782
    outer loop
      vertex 361.8 146.967 439.708
      vertex 360.8 148.964 439.524
      vertex 360.8 146.967 439.708
    endloop
  endfacet
  facet normal 0 -0.987998 0.154466
    outer loop
      vertex 360.8 148.964 439.524
      vertex 361.8 149.017 439.863
      vertex 360.8 149.017 439.863
    endloop
  endfacet
  facet normal 0 -0.987998 0.154466
    outer loop
      vertex 361.8 149.017 439.863
      vertex 360.8 148.964 439.524
      vertex 361.8 148.964 439.524
    endloop
  endfacet
  facet normal 0 -0.968134 0.250432
    outer loop
      vertex 360.8 149.017 439.863
      vertex 361.8 149.099 440.18
      vertex 360.8 149.099 440.18
    endloop
  endfacet
  facet normal 0 -0.968134 0.250432
    outer loop
      vertex 361.8 149.099 440.18
      vertex 360.8 149.017 439.863
      vertex 361.8 149.017 439.863
    endloop
  endfacet
  facet normal 0 -0.93867 0.344817
    outer loop
      vertex 360.8 149.099 440.18
      vertex 361.8 149.207 440.474
      vertex 360.8 149.207 440.474
    endloop
  endfacet
  facet normal 0 -0.93867 0.344817
    outer loop
      vertex 361.8 149.207 440.474
      vertex 360.8 149.099 440.18
      vertex 361.8 149.099 440.18
    endloop
  endfacet
  facet normal 0 -0.894427 0.447214
    outer loop
      vertex 360.8 149.207 440.474
      vertex 361.8 149.343 440.746
      vertex 360.8 149.343 440.746
    endloop
  endfacet
  facet normal 0 -0.894427 0.447214
    outer loop
      vertex 361.8 149.343 440.746
      vertex 360.8 149.207 440.474
      vertex 361.8 149.207 440.474
    endloop
  endfacet
  facet normal 0 -0.83921 0.543808
    outer loop
      vertex 360.8 149.343 440.746
      vertex 361.8 149.505 440.996
      vertex 360.8 149.505 440.996
    endloop
  endfacet
  facet normal 0 -0.83921 0.543808
    outer loop
      vertex 361.8 149.505 440.996
      vertex 360.8 149.343 440.746
      vertex 361.8 149.343 440.746
    endloop
  endfacet
  facet normal 0 -0.766835 0.641844
    outer loop
      vertex 360.8 149.505 440.996
      vertex 361.8 149.695 441.223
      vertex 360.8 149.695 441.223
    endloop
  endfacet
  facet normal 0 -0.766835 0.641844
    outer loop
      vertex 361.8 149.695 441.223
      vertex 360.8 149.505 440.996
      vertex 361.8 149.505 440.996
    endloop
  endfacet
  facet normal 0 -0.685052 0.728494
    outer loop
      vertex 360.8 149.913 441.428
      vertex 361.8 149.695 441.223
      vertex 361.8 149.913 441.428
    endloop
  endfacet
  facet normal 0 -0.685052 0.728494
    outer loop
      vertex 361.8 149.695 441.223
      vertex 360.8 149.913 441.428
      vertex 360.8 149.695 441.223
    endloop
  endfacet
  facet normal 0 -0.6 0.8
    outer loop
      vertex 360.8 150.153 441.608
      vertex 361.8 149.913 441.428
      vertex 361.8 150.153 441.608
    endloop
  endfacet
  facet normal 0 -0.6 0.8
    outer loop
      vertex 361.8 149.913 441.428
      vertex 360.8 150.153 441.608
      vertex 360.8 149.913 441.428
    endloop
  endfacet
  facet normal 0 -0.507604 0.861591
    outer loop
      vertex 360.8 150.411 441.76
      vertex 361.8 150.153 441.608
      vertex 361.8 150.411 441.76
    endloop
  endfacet
  facet normal 0 -0.507604 0.861591
    outer loop
      vertex 361.8 150.153 441.608
      vertex 360.8 150.411 441.76
      vertex 360.8 150.153 441.608
    endloop
  endfacet
  facet normal 0 -0.413803 0.910366
    outer loop
      vertex 360.8 150.686 441.885
      vertex 361.8 150.411 441.76
      vertex 361.8 150.686 441.885
    endloop
  endfacet
  facet normal 0 -0.413803 0.910366
    outer loop
      vertex 361.8 150.411 441.76
      vertex 360.8 150.686 441.885
      vertex 360.8 150.411 441.76
    endloop
  endfacet
  facet normal 0 -0.313319 0.949648
    outer loop
      vertex 360.8 150.98 441.982
      vertex 361.8 150.686 441.885
      vertex 361.8 150.98 441.982
    endloop
  endfacet
  facet normal 0 -0.313319 0.949648
    outer loop
      vertex 361.8 150.686 441.885
      vertex 360.8 150.98 441.982
      vertex 360.8 150.686 441.885
    endloop
  endfacet
  facet normal 0 -0.215936 0.976407
    outer loop
      vertex 360.8 151.292 442.051
      vertex 361.8 150.98 441.982
      vertex 361.8 151.292 442.051
    endloop
  endfacet
  facet normal 0 -0.215936 0.976407
    outer loop
      vertex 361.8 150.98 441.982
      vertex 360.8 151.292 442.051
      vertex 360.8 150.98 441.982
    endloop
  endfacet
  facet normal 0 -0.126632 0.99195
    outer loop
      vertex 360.8 151.621 442.093
      vertex 361.8 151.292 442.051
      vertex 361.8 151.621 442.093
    endloop
  endfacet
  facet normal 0 -0.126632 0.99195
    outer loop
      vertex 361.8 151.292 442.051
      vertex 360.8 151.621 442.093
      vertex 360.8 151.292 442.051
    endloop
  endfacet
  facet normal 0 -0.0373303 0.999303
    outer loop
      vertex 360.8 151.969 442.106
      vertex 361.8 151.621 442.093
      vertex 361.8 151.969 442.106
    endloop
  endfacet
  facet normal 0 -0.0373303 0.999303
    outer loop
      vertex 361.8 151.621 442.093
      vertex 360.8 151.969 442.106
      vertex 360.8 151.621 442.093
    endloop
  endfacet
  facet normal -0 0.0385388 0.999257
    outer loop
      vertex 360.8 152.332 442.092
      vertex 361.8 151.969 442.106
      vertex 361.8 152.332 442.092
    endloop
  endfacet
  facet normal 0 0.0385388 0.999257
    outer loop
      vertex 361.8 151.969 442.106
      vertex 360.8 152.332 442.092
      vertex 360.8 151.969 442.106
    endloop
  endfacet
  facet normal -0 0.122598 0.992456
    outer loop
      vertex 360.8 152.672 442.05
      vertex 361.8 152.332 442.092
      vertex 361.8 152.672 442.05
    endloop
  endfacet
  facet normal 0 0.122598 0.992456
    outer loop
      vertex 361.8 152.332 442.092
      vertex 360.8 152.672 442.05
      vertex 360.8 152.332 442.092
    endloop
  endfacet
  facet normal -0 0.21856 0.975824
    outer loop
      vertex 360.8 152.989 441.979
      vertex 361.8 152.672 442.05
      vertex 361.8 152.989 441.979
    endloop
  endfacet
  facet normal 0 0.21856 0.975824
    outer loop
      vertex 361.8 152.672 442.05
      vertex 360.8 152.989 441.979
      vertex 360.8 152.672 442.05
    endloop
  endfacet
  facet normal -0 0.320105 0.947382
    outer loop
      vertex 360.8 153.282 441.88
      vertex 361.8 152.989 441.979
      vertex 361.8 153.282 441.88
    endloop
  endfacet
  facet normal 0 0.320105 0.947382
    outer loop
      vertex 361.8 152.989 441.979
      vertex 360.8 153.282 441.88
      vertex 360.8 152.989 441.979
    endloop
  endfacet
  facet normal -0 0.429673 0.902985
    outer loop
      vertex 360.8 153.551 441.752
      vertex 361.8 153.282 441.88
      vertex 361.8 153.551 441.752
    endloop
  endfacet
  facet normal 0 0.429673 0.902985
    outer loop
      vertex 361.8 153.282 441.88
      vertex 360.8 153.551 441.752
      vertex 360.8 153.282 441.88
    endloop
  endfacet
  facet normal -0 0.535542 0.844509
    outer loop
      vertex 360.8 153.797 441.596
      vertex 361.8 153.551 441.752
      vertex 361.8 153.797 441.596
    endloop
  endfacet
  facet normal 0 0.535542 0.844509
    outer loop
      vertex 361.8 153.551 441.752
      vertex 360.8 153.797 441.596
      vertex 360.8 153.551 441.752
    endloop
  endfacet
  facet normal -0 0.636434 0.771331
    outer loop
      vertex 360.8 154.02 441.412
      vertex 361.8 153.797 441.596
      vertex 361.8 154.02 441.412
    endloop
  endfacet
  facet normal 0 0.636434 0.771331
    outer loop
      vertex 361.8 153.797 441.596
      vertex 360.8 154.02 441.412
      vertex 360.8 153.797 441.596
    endloop
  endfacet
  facet normal 0 0.732793 0.680451
    outer loop
      vertex 361.8 154.215 441.202
      vertex 360.8 154.02 441.412
      vertex 361.8 154.02 441.412
    endloop
  endfacet
  facet normal 0 0.732793 0.680451
    outer loop
      vertex 360.8 154.02 441.412
      vertex 361.8 154.215 441.202
      vertex 360.8 154.215 441.202
    endloop
  endfacet
  facet normal 0 0.814441 0.580246
    outer loop
      vertex 361.8 154.381 440.969
      vertex 360.8 154.215 441.202
      vertex 361.8 154.215 441.202
    endloop
  endfacet
  facet normal 0 0.814441 0.580246
    outer loop
      vertex 360.8 154.215 441.202
      vertex 361.8 154.381 440.969
      vertex 360.8 154.381 440.969
    endloop
  endfacet
  facet normal 0 0.884543 0.466458
    outer loop
      vertex 361.8 154.516 440.713
      vertex 360.8 154.381 440.969
      vertex 361.8 154.381 440.969
    endloop
  endfacet
  facet normal 0 0.884543 0.466458
    outer loop
      vertex 360.8 154.381 440.969
      vertex 361.8 154.516 440.713
      vertex 360.8 154.516 440.713
    endloop
  endfacet
  facet normal 0 0.934806 0.355159
    outer loop
      vertex 361.8 154.622 440.434
      vertex 360.8 154.516 440.713
      vertex 361.8 154.516 440.713
    endloop
  endfacet
  facet normal 0 0.934806 0.355159
    outer loop
      vertex 360.8 154.516 440.713
      vertex 361.8 154.622 440.434
      vertex 360.8 154.622 440.434
    endloop
  endfacet
  facet normal 0 0.970519 0.241023
    outer loop
      vertex 361.8 154.697 440.132
      vertex 360.8 154.622 440.434
      vertex 361.8 154.622 440.434
    endloop
  endfacet
  facet normal 0 0.970519 0.241023
    outer loop
      vertex 360.8 154.622 440.434
      vertex 361.8 154.697 440.132
      vertex 360.8 154.697 440.132
    endloop
  endfacet
  facet normal 0 0.99055 0.137153
    outer loop
      vertex 361.8 154.742 439.807
      vertex 360.8 154.697 440.132
      vertex 361.8 154.697 440.132
    endloop
  endfacet
  facet normal 0 0.99055 0.137153
    outer loop
      vertex 360.8 154.697 440.132
      vertex 361.8 154.742 439.807
      vertex 360.8 154.742 439.807
    endloop
  endfacet
  facet normal 0 0.999072 0.0430635
    outer loop
      vertex 361.8 154.757 439.459
      vertex 360.8 154.742 439.807
      vertex 361.8 154.742 439.807
    endloop
  endfacet
  facet normal 0 0.999072 0.0430635
    outer loop
      vertex 360.8 154.742 439.807
      vertex 361.8 154.757 439.459
      vertex 360.8 154.757 439.459
    endloop
  endfacet
  facet normal 0 0.999538 -0.0304042
    outer loop
      vertex 361.8 154.749 439.196
      vertex 360.8 154.757 439.459
      vertex 361.8 154.757 439.459
    endloop
  endfacet
  facet normal 0 0.999538 -0.0304042
    outer loop
      vertex 360.8 154.757 439.459
      vertex 361.8 154.749 439.196
      vertex 360.8 154.749 439.196
    endloop
  endfacet
  facet normal 0 0.994398 -0.105704
    outer loop
      vertex 361.8 154.722 438.942
      vertex 360.8 154.749 439.196
      vertex 361.8 154.749 439.196
    endloop
  endfacet
  facet normal 0 0.994398 -0.105704
    outer loop
      vertex 360.8 154.749 439.196
      vertex 361.8 154.722 438.942
      vertex 360.8 154.722 438.942
    endloop
  endfacet
  facet normal 0 0.985182 -0.171509
    outer loop
      vertex 361.8 154.679 438.695
      vertex 360.8 154.722 438.942
      vertex 361.8 154.722 438.942
    endloop
  endfacet
  facet normal 0 0.985182 -0.171509
    outer loop
      vertex 360.8 154.722 438.942
      vertex 361.8 154.679 438.695
      vertex 360.8 154.679 438.695
    endloop
  endfacet
  facet normal 0 0.96796 -0.251103
    outer loop
      vertex 361.8 154.617 438.456
      vertex 360.8 154.679 438.695
      vertex 361.8 154.679 438.695
    endloop
  endfacet
  facet normal 0 0.96796 -0.251103
    outer loop
      vertex 360.8 154.679 438.695
      vertex 361.8 154.617 438.456
      vertex 360.8 154.617 438.456
    endloop
  endfacet
  facet normal 0 0.947023 -0.321164
    outer loop
      vertex 361.8 154.539 438.226
      vertex 360.8 154.617 438.456
      vertex 361.8 154.617 438.456
    endloop
  endfacet
  facet normal 0 0.947023 -0.321164
    outer loop
      vertex 360.8 154.617 438.456
      vertex 361.8 154.539 438.226
      vertex 360.8 154.539 438.226
    endloop
  endfacet
  facet normal 0 0.918505 -0.39541
    outer loop
      vertex 361.8 154.443 438.003
      vertex 360.8 154.539 438.226
      vertex 361.8 154.539 438.226
    endloop
  endfacet
  facet normal 0 0.918505 -0.39541
    outer loop
      vertex 360.8 154.539 438.226
      vertex 361.8 154.443 438.003
      vertex 360.8 154.443 438.003
    endloop
  endfacet
  facet normal 0 0.883488 -0.468454
    outer loop
      vertex 361.8 154.329 437.788
      vertex 360.8 154.443 438.003
      vertex 361.8 154.443 438.003
    endloop
  endfacet
  facet normal 0 0.883488 -0.468454
    outer loop
      vertex 360.8 154.443 438.003
      vertex 361.8 154.329 437.788
      vertex 360.8 154.329 437.788
    endloop
  endfacet
  facet normal 0 0.852777 -0.522275
    outer loop
      vertex 361.8 154.201 437.579
      vertex 360.8 154.329 437.788
      vertex 361.8 154.329 437.788
    endloop
  endfacet
  facet normal 0 0.852777 -0.522275
    outer loop
      vertex 360.8 154.329 437.788
      vertex 361.8 154.201 437.579
      vertex 360.8 154.201 437.579
    endloop
  endfacet
  facet normal 0 0.830195 -0.557474
    outer loop
      vertex 361.8 154.062 437.372
      vertex 360.8 154.201 437.579
      vertex 361.8 154.201 437.579
    endloop
  endfacet
  facet normal 0 0.830195 -0.557474
    outer loop
      vertex 360.8 154.201 437.579
      vertex 361.8 154.062 437.372
      vertex 360.8 154.062 437.372
    endloop
  endfacet
  facet normal 0 0.807536 -0.589818
    outer loop
      vertex 361.8 153.913 437.168
      vertex 360.8 154.062 437.372
      vertex 361.8 154.062 437.372
    endloop
  endfacet
  facet normal 0 0.807536 -0.589818
    outer loop
      vertex 360.8 154.062 437.372
      vertex 361.8 153.913 437.168
      vertex 360.8 153.913 437.168
    endloop
  endfacet
  facet normal 0 0.782001 -0.623278
    outer loop
      vertex 361.8 153.752 436.966
      vertex 360.8 153.913 437.168
      vertex 361.8 153.913 437.168
    endloop
  endfacet
  facet normal 0 0.782001 -0.623278
    outer loop
      vertex 360.8 153.913 437.168
      vertex 361.8 153.752 436.966
      vertex 360.8 153.752 436.966
    endloop
  endfacet
  facet normal 0 0.758449 -0.651732
    outer loop
      vertex 361.8 153.581 436.767
      vertex 360.8 153.752 436.966
      vertex 361.8 153.752 436.966
    endloop
  endfacet
  facet normal 0 0.758449 -0.651732
    outer loop
      vertex 360.8 153.752 436.966
      vertex 361.8 153.581 436.767
      vertex 360.8 153.581 436.767
    endloop
  endfacet
  facet normal 0 0.732793 -0.680451
    outer loop
      vertex 361.8 153.399 436.571
      vertex 360.8 153.581 436.767
      vertex 361.8 153.581 436.767
    endloop
  endfacet
  facet normal 0 0.732793 -0.680451
    outer loop
      vertex 360.8 153.581 436.767
      vertex 361.8 153.399 436.571
      vertex 360.8 153.399 436.571
    endloop
  endfacet
  facet normal 0 0.708932 -0.705277
    outer loop
      vertex 361.8 153.206 436.377
      vertex 360.8 153.399 436.571
      vertex 361.8 153.399 436.571
    endloop
  endfacet
  facet normal 0 0.708932 -0.705277
    outer loop
      vertex 360.8 153.399 436.571
      vertex 361.8 153.206 436.377
      vertex 360.8 153.206 436.377
    endloop
  endfacet
  facet normal 0 0.688938 -0.72482
    outer loop
      vertex 360.8 153.004 436.185
      vertex 361.8 153.206 436.377
      vertex 361.8 153.004 436.185
    endloop
  endfacet
  facet normal 0 0.688938 -0.72482
    outer loop
      vertex 361.8 153.206 436.377
      vertex 360.8 153.004 436.185
      vertex 360.8 153.206 436.377
    endloop
  endfacet
  facet normal 0 0.676522 -0.736422
    outer loop
      vertex 360.8 152.795 435.993
      vertex 361.8 153.004 436.185
      vertex 361.8 152.795 435.993
    endloop
  endfacet
  facet normal 0 0.676522 -0.736422
    outer loop
      vertex 361.8 153.004 436.185
      vertex 360.8 152.795 435.993
      vertex 360.8 153.004 436.185
    endloop
  endfacet
  facet normal 0 0.666085 -0.745876
    outer loop
      vertex 360.8 152.58 435.801
      vertex 361.8 152.795 435.993
      vertex 361.8 152.58 435.801
    endloop
  endfacet
  facet normal 0 0.666085 -0.745876
    outer loop
      vertex 361.8 152.795 435.993
      vertex 360.8 152.58 435.801
      vertex 360.8 152.795 435.993
    endloop
  endfacet
  facet normal 0 0.652469 -0.757815
    outer loop
      vertex 360.8 152.357 435.609
      vertex 361.8 152.58 435.801
      vertex 361.8 152.357 435.609
    endloop
  endfacet
  facet normal 0 0.652469 -0.757815
    outer loop
      vertex 361.8 152.58 435.801
      vertex 360.8 152.357 435.609
      vertex 360.8 152.58 435.801
    endloop
  endfacet
  facet normal 0 0.642486 -0.766298
    outer loop
      vertex 360.8 152.128 435.417
      vertex 361.8 152.357 435.609
      vertex 361.8 152.128 435.417
    endloop
  endfacet
  facet normal 0 0.642486 -0.766298
    outer loop
      vertex 361.8 152.357 435.609
      vertex 360.8 152.128 435.417
      vertex 360.8 152.357 435.609
    endloop
  endfacet
  facet normal 0 0.633059 -0.774103
    outer loop
      vertex 360.8 151.892 435.224
      vertex 361.8 152.128 435.417
      vertex 361.8 151.892 435.224
    endloop
  endfacet
  facet normal 0 0.633059 -0.774103
    outer loop
      vertex 361.8 152.128 435.417
      vertex 360.8 151.892 435.224
      vertex 360.8 152.128 435.417
    endloop
  endfacet
  facet normal 0 0.619958 -0.784635
    outer loop
      vertex 360.8 151.649 435.032
      vertex 361.8 151.892 435.224
      vertex 361.8 151.649 435.032
    endloop
  endfacet
  facet normal 0 0.619958 -0.784635
    outer loop
      vertex 361.8 151.892 435.224
      vertex 360.8 151.649 435.032
      vertex 360.8 151.892 435.224
    endloop
  endfacet
  facet normal 0 0.617681 -0.786429
    outer loop
      vertex 360.8 151.402 434.838
      vertex 361.8 151.649 435.032
      vertex 361.8 151.402 434.838
    endloop
  endfacet
  facet normal 0 0.617681 -0.786429
    outer loop
      vertex 361.8 151.649 435.032
      vertex 360.8 151.402 434.838
      vertex 360.8 151.649 435.032
    endloop
  endfacet
  facet normal 0 0.627383 -0.778711
    outer loop
      vertex 360.8 151.155 434.639
      vertex 361.8 151.402 434.838
      vertex 361.8 151.155 434.639
    endloop
  endfacet
  facet normal 0 0.627383 -0.778711
    outer loop
      vertex 361.8 151.402 434.838
      vertex 360.8 151.155 434.639
      vertex 360.8 151.402 434.838
    endloop
  endfacet
  facet normal 0 0.633745 -0.773542
    outer loop
      vertex 360.8 150.906 434.435
      vertex 361.8 151.155 434.639
      vertex 361.8 150.906 434.435
    endloop
  endfacet
  facet normal 0 0.633745 -0.773542
    outer loop
      vertex 361.8 151.155 434.639
      vertex 360.8 150.906 434.435
      vertex 360.8 151.155 434.639
    endloop
  endfacet
  facet normal 0 0.644421 -0.764671
    outer loop
      vertex 360.8 150.658 434.226
      vertex 361.8 150.906 434.435
      vertex 361.8 150.658 434.226
    endloop
  endfacet
  facet normal 0 0.644421 -0.764671
    outer loop
      vertex 361.8 150.906 434.435
      vertex 360.8 150.658 434.226
      vertex 360.8 150.906 434.435
    endloop
  endfacet
  facet normal 0 0.648532 -0.761188
    outer loop
      vertex 360.8 150.408 434.013
      vertex 361.8 150.658 434.226
      vertex 361.8 150.408 434.013
    endloop
  endfacet
  facet normal 0 0.648532 -0.761188
    outer loop
      vertex 361.8 150.658 434.226
      vertex 360.8 150.408 434.013
      vertex 360.8 150.658 434.226
    endloop
  endfacet
  facet normal 0 0.657223 -0.753696
    outer loop
      vertex 360.8 150.158 433.795
      vertex 361.8 150.408 434.013
      vertex 361.8 150.158 433.795
    endloop
  endfacet
  facet normal 0 0.657223 -0.753696
    outer loop
      vertex 361.8 150.408 434.013
      vertex 360.8 150.158 433.795
      vertex 360.8 150.408 434.013
    endloop
  endfacet
  facet normal 0 0.662509 -0.749054
    outer loop
      vertex 360.8 149.907 433.573
      vertex 361.8 150.158 433.795
      vertex 361.8 149.907 433.573
    endloop
  endfacet
  facet normal 0 0.662509 -0.749054
    outer loop
      vertex 361.8 150.158 433.795
      vertex 360.8 149.907 433.573
      vertex 360.8 150.158 433.795
    endloop
  endfacet
  facet normal 0 0.676928 -0.736049
    outer loop
      vertex 360.8 149.658 433.344
      vertex 361.8 149.907 433.573
      vertex 361.8 149.658 433.344
    endloop
  endfacet
  facet normal 0 0.676928 -0.736049
    outer loop
      vertex 361.8 149.907 433.573
      vertex 360.8 149.658 433.344
      vertex 360.8 149.907 433.573
    endloop
  endfacet
  facet normal 0 0.692288 -0.721622
    outer loop
      vertex 360.8 149.412 433.108
      vertex 361.8 149.658 433.344
      vertex 361.8 149.412 433.108
    endloop
  endfacet
  facet normal 0 0.692288 -0.721622
    outer loop
      vertex 361.8 149.658 433.344
      vertex 360.8 149.412 433.108
      vertex 360.8 149.658 433.344
    endloop
  endfacet
  facet normal 0 0.707107 -0.707107
    outer loop
      vertex 361.8 149.169 432.865
      vertex 360.8 149.412 433.108
      vertex 361.8 149.412 433.108
    endloop
  endfacet
  facet normal 0 0.707107 -0.707107
    outer loop
      vertex 360.8 149.412 433.108
      vertex 361.8 149.169 432.865
      vertex 360.8 149.169 432.865
    endloop
  endfacet
  facet normal 0 0.724207 -0.689583
    outer loop
      vertex 361.8 148.93 432.614
      vertex 360.8 149.169 432.865
      vertex 361.8 149.169 432.865
    endloop
  endfacet
  facet normal 0 0.724207 -0.689583
    outer loop
      vertex 360.8 149.169 432.865
      vertex 361.8 148.93 432.614
      vertex 360.8 148.93 432.614
    endloop
  endfacet
  facet normal 0 0.737745 -0.675079
    outer loop
      vertex 361.8 148.693 432.355
      vertex 360.8 148.93 432.614
      vertex 361.8 148.93 432.614
    endloop
  endfacet
  facet normal 0 0.737745 -0.675079
    outer loop
      vertex 360.8 148.93 432.614
      vertex 361.8 148.693 432.355
      vertex 360.8 148.693 432.355
    endloop
  endfacet
  facet normal 0 0.753629 -0.6573
    outer loop
      vertex 361.8 148.461 432.089
      vertex 360.8 148.693 432.355
      vertex 361.8 148.693 432.355
    endloop
  endfacet
  facet normal 0 0.753629 -0.6573
    outer loop
      vertex 360.8 148.693 432.355
      vertex 361.8 148.461 432.089
      vertex 360.8 148.461 432.089
    endloop
  endfacet
  facet normal 0 0.765925 -0.64293
    outer loop
      vertex 361.8 148.231 431.815
      vertex 360.8 148.461 432.089
      vertex 361.8 148.461 432.089
    endloop
  endfacet
  facet normal 0 0.765925 -0.64293
    outer loop
      vertex 360.8 148.461 432.089
      vertex 361.8 148.231 431.815
      vertex 360.8 148.231 431.815
    endloop
  endfacet
  facet normal 0 0.785451 -0.618924
    outer loop
      vertex 361.8 148.008 431.532
      vertex 360.8 148.231 431.815
      vertex 361.8 148.231 431.815
    endloop
  endfacet
  facet normal 0 0.785451 -0.618924
    outer loop
      vertex 360.8 148.231 431.815
      vertex 361.8 148.008 431.532
      vertex 360.8 148.008 431.532
    endloop
  endfacet
  facet normal 0 0.81169 -0.584088
    outer loop
      vertex 361.8 147.795 431.236
      vertex 360.8 148.008 431.532
      vertex 361.8 148.008 431.532
    endloop
  endfacet
  facet normal 0 0.81169 -0.584088
    outer loop
      vertex 360.8 148.008 431.532
      vertex 361.8 147.795 431.236
      vertex 360.8 147.795 431.236
    endloop
  endfacet
  facet normal 0 0.834958 -0.550313
    outer loop
      vertex 361.8 147.592 430.928
      vertex 360.8 147.795 431.236
      vertex 361.8 147.795 431.236
    endloop
  endfacet
  facet normal 0 0.834958 -0.550313
    outer loop
      vertex 360.8 147.795 431.236
      vertex 361.8 147.592 430.928
      vertex 360.8 147.592 430.928
    endloop
  endfacet
  facet normal 0 0.85631 -0.516462
    outer loop
      vertex 361.8 147.399 430.608
      vertex 360.8 147.592 430.928
      vertex 361.8 147.592 430.928
    endloop
  endfacet
  facet normal 0 0.85631 -0.516462
    outer loop
      vertex 360.8 147.592 430.928
      vertex 361.8 147.399 430.608
      vertex 360.8 147.399 430.608
    endloop
  endfacet
  facet normal 0 0.87577 -0.482729
    outer loop
      vertex 361.8 147.216 430.276
      vertex 360.8 147.399 430.608
      vertex 361.8 147.399 430.608
    endloop
  endfacet
  facet normal 0 0.87577 -0.482729
    outer loop
      vertex 360.8 147.399 430.608
      vertex 361.8 147.216 430.276
      vertex 360.8 147.216 430.276
    endloop
  endfacet
  facet normal 0 0.893908 -0.44825
    outer loop
      vertex 361.8 147.043 429.931
      vertex 360.8 147.216 430.276
      vertex 361.8 147.216 430.276
    endloop
  endfacet
  facet normal 0 0.893908 -0.44825
    outer loop
      vertex 360.8 147.216 430.276
      vertex 361.8 147.043 429.931
      vertex 360.8 147.043 429.931
    endloop
  endfacet
  facet normal 0 0.909226 -0.416303
    outer loop
      vertex 361.8 146.88 429.575
      vertex 360.8 147.043 429.931
      vertex 361.8 147.043 429.931
    endloop
  endfacet
  facet normal 0 0.909226 -0.416303
    outer loop
      vertex 360.8 147.043 429.931
      vertex 361.8 146.88 429.575
      vertex 360.8 146.88 429.575
    endloop
  endfacet
  facet normal 0 1 -0
    outer loop
      vertex 361.8 146.88 428.197
      vertex 360.8 146.88 429.575
      vertex 361.8 146.88 429.575
    endloop
  endfacet
  facet normal 0 1 0
    outer loop
      vertex 360.8 146.88 429.575
      vertex 361.8 146.88 428.197
      vertex 360.8 146.88 428.197
    endloop
  endfacet
  facet normal -0 0 1
    outer loop
      vertex 360.8 157.003 428.197
      vertex 361.8 146.88 428.197
      vertex 361.8 157.003 428.197
    endloop
  endfacet
  facet normal 0 0 1
    outer loop
      vertex 361.8 146.88 428.197
      vertex 360.8 157.003 428.197
      vertex 360.8 146.88 428.197
    endloop
  endfacet
  facet normal 0 -1 0
    outer loop
      vertex 360.8 157.003 428.197
      vertex 361.8 157.003 429.857
      vertex 360.8 157.003 429.857
    endloop
  endfacet
  facet normal 0 -1 -0
    outer loop
      vertex 361.8 157.003 429.857
      vertex 360.8 157.003 428.197
      vertex 361.8 157.003 428.197
    endloop
  endfacet
  facet normal -0 0 1
    outer loop
      vertex 360.8 112.226 434.544
      vertex 361.8 107.463 434.544
      vertex 361.8 112.226 434.544
    endloop
  endfacet
  facet normal 0 0 1
    outer loop
      vertex 361.8 107.463 434.544
      vertex 360.8 112.226 434.544
      vertex 360.8 107.463 434.544
    endloop
  endfacet
  facet normal 0 0.847751 0.530395
    outer loop
      vertex 361.8 116.197 428.197
      vertex 360.8 112.226 434.544
      vertex 361.8 112.226 434.544
    endloop
  endfacet
  facet normal 0 0.847751 0.530395
    outer loop
      vertex 360.8 112.226 434.544
      vertex 361.8 116.197 428.197
      vertex 360.8 116.197 428.197
    endloop
  endfacet
  facet normal -0 0 1
    outer loop
      vertex 360.8 118.585 428.197
      vertex 361.8 116.197 428.197
      vertex 361.8 118.585 428.197
    endloop
  endfacet
  facet normal 0 0 1
    outer loop
      vertex 361.8 116.197 428.197
      vertex 360.8 118.585 428.197
      vertex 360.8 116.197 428.197
    endloop
  endfacet
  facet normal 0 -0.835003 -0.550245
    outer loop
      vertex 360.8 118.585 428.197
      vertex 361.8 114.245 434.783
      vertex 360.8 114.245 434.783
    endloop
  endfacet
  facet normal 0 -0.835003 -0.550245
    outer loop
      vertex 361.8 114.245 434.783
      vertex 360.8 118.585 428.197
      vertex 361.8 118.585 428.197
    endloop
  endfacet
  facet normal 0 -0.210497 0.977595
    outer loop
      vertex 360.8 114.728 434.887
      vertex 361.8 114.245 434.783
      vertex 361.8 114.728 434.887
    endloop
  endfacet
  facet normal 0 -0.210497 0.977595
    outer loop
      vertex 361.8 114.245 434.783
      vertex 360.8 114.728 434.887
      vertex 360.8 114.245 434.783
    endloop
  endfacet
  facet normal 0 -0.293344 0.956007
    outer loop
      vertex 360.8 115.181 435.026
      vertex 361.8 114.728 434.887
      vertex 361.8 115.181 435.026
    endloop
  endfacet
  facet normal 0 -0.293344 0.956007
    outer loop
      vertex 361.8 114.728 434.887
      vertex 360.8 115.181 435.026
      vertex 360.8 114.728 434.887
    endloop
  endfacet
  facet normal 0 -0.381191 0.924497
    outer loop
      vertex 360.8 115.603 435.2
      vertex 361.8 115.181 435.026
      vertex 361.8 115.603 435.2
    endloop
  endfacet
  facet normal 0 -0.381191 0.924497
    outer loop
      vertex 361.8 115.181 435.026
      vertex 360.8 115.603 435.2
      vertex 360.8 115.181 435.026
    endloop
  endfacet
  facet normal 0 -0.472221 0.88148
    outer loop
      vertex 360.8 115.995 435.41
      vertex 361.8 115.603 435.2
      vertex 361.8 115.995 435.41
    endloop
  endfacet
  facet normal 0 -0.472221 0.88148
    outer loop
      vertex 361.8 115.603 435.2
      vertex 360.8 115.995 435.41
      vertex 360.8 115.603 435.2
    endloop
  endfacet
  facet normal 0 -0.561051 0.827781
    outer loop
      vertex 360.8 116.355 435.654
      vertex 361.8 115.995 435.41
      vertex 361.8 116.355 435.654
    endloop
  endfacet
  facet normal 0 -0.561051 0.827781
    outer loop
      vertex 361.8 115.995 435.41
      vertex 360.8 116.355 435.654
      vertex 360.8 115.995 435.41
    endloop
  endfacet
  facet normal 0 -0.645631 0.76365
    outer loop
      vertex 360.8 116.685 435.933
      vertex 361.8 116.355 435.654
      vertex 361.8 116.685 435.933
    endloop
  endfacet
  facet normal 0 -0.645631 0.76365
    outer loop
      vertex 361.8 116.355 435.654
      vertex 360.8 116.685 435.933
      vertex 360.8 116.355 435.654
    endloop
  endfacet
  facet normal 0 -0.724193 0.689598
    outer loop
      vertex 360.8 116.685 435.933
      vertex 361.8 116.984 436.247
      vertex 360.8 116.984 436.247
    endloop
  endfacet
  facet normal 0 -0.724193 0.689598
    outer loop
      vertex 361.8 116.984 436.247
      vertex 360.8 116.685 435.933
      vertex 361.8 116.685 435.933
    endloop
  endfacet
  facet normal 0 -0.793569 0.60848
    outer loop
      vertex 360.8 116.984 436.247
      vertex 361.8 117.247 436.59
      vertex 360.8 117.247 436.59
    endloop
  endfacet
  facet normal 0 -0.793569 0.60848
    outer loop
      vertex 361.8 117.247 436.59
      vertex 360.8 116.984 436.247
      vertex 361.8 116.984 436.247
    endloop
  endfacet
  facet normal 0 -0.85334 0.521355
    outer loop
      vertex 360.8 117.247 436.59
      vertex 361.8 117.47 436.955
      vertex 360.8 117.47 436.955
    endloop
  endfacet
  facet normal 0 -0.85334 0.521355
    outer loop
      vertex 361.8 117.47 436.955
      vertex 360.8 117.247 436.59
      vertex 361.8 117.247 436.59
    endloop
  endfacet
  facet normal 0 -0.904023 0.427484
    outer loop
      vertex 360.8 117.47 436.955
      vertex 361.8 117.653 437.342
      vertex 360.8 117.653 437.342
    endloop
  endfacet
  facet normal 0 -0.904023 0.427484
    outer loop
      vertex 361.8 117.653 437.342
      vertex 360.8 117.47 436.955
      vertex 361.8 117.47 436.955
    endloop
  endfacet
  facet normal 0 -0.945398 0.325919
    outer loop
      vertex 360.8 117.653 437.342
      vertex 361.8 117.794 437.751
      vertex 360.8 117.794 437.751
    endloop
  endfacet
  facet normal 0 -0.945398 0.325919
    outer loop
      vertex 361.8 117.794 437.751
      vertex 360.8 117.653 437.342
      vertex 361.8 117.653 437.342
    endloop
  endfacet
  facet normal 0 -0.97324 0.229793
    outer loop
      vertex 360.8 117.794 437.751
      vertex 361.8 117.896 438.183
      vertex 360.8 117.896 438.183
    endloop
  endfacet
  facet normal 0 -0.97324 0.229793
    outer loop
      vertex 361.8 117.896 438.183
      vertex 360.8 117.794 437.751
      vertex 361.8 117.794 437.751
    endloop
  endfacet
  facet normal 0 -0.991055 0.133453
    outer loop
      vertex 360.8 117.896 438.183
      vertex 361.8 117.957 438.636
      vertex 360.8 117.957 438.636
    endloop
  endfacet
  facet normal 0 -0.991055 0.133453
    outer loop
      vertex 361.8 117.957 438.636
      vertex 360.8 117.896 438.183
      vertex 361.8 117.896 438.183
    endloop
  endfacet
  facet normal 0 -0.999118 0.0419798
    outer loop
      vertex 360.8 117.957 438.636
      vertex 361.8 117.977 439.112
      vertex 360.8 117.977 439.112
    endloop
  endfacet
  facet normal 0 -0.999118 0.0419798
    outer loop
      vertex 361.8 117.977 439.112
      vertex 360.8 117.957 438.636
      vertex 361.8 117.957 438.636
    endloop
  endfacet
  facet normal 0 -0.998708 -0.0508115
    outer loop
      vertex 360.8 117.977 439.112
      vertex 361.8 117.948 439.682
      vertex 360.8 117.948 439.682
    endloop
  endfacet
  facet normal 0 -0.998708 -0.0508115
    outer loop
      vertex 361.8 117.948 439.682
      vertex 360.8 117.977 439.112
      vertex 361.8 117.977 439.112
    endloop
  endfacet
  facet normal 0 -0.987279 -0.159
    outer loop
      vertex 360.8 117.948 439.682
      vertex 361.8 117.862 440.216
      vertex 360.8 117.862 440.216
    endloop
  endfacet
  facet normal 0 -0.987279 -0.159
    outer loop
      vertex 361.8 117.862 440.216
      vertex 360.8 117.948 439.682
      vertex 361.8 117.948 439.682
    endloop
  endfacet
  facet normal 0 -0.960863 -0.277023
    outer loop
      vertex 360.8 117.862 440.216
      vertex 361.8 117.719 440.712
      vertex 360.8 117.719 440.712
    endloop
  endfacet
  facet normal 0 -0.960863 -0.277023
    outer loop
      vertex 361.8 117.719 440.712
      vertex 360.8 117.862 440.216
      vertex 361.8 117.862 440.216
    endloop
  endfacet
  facet normal 0 -0.91634 -0.400401
    outer loop
      vertex 360.8 117.719 440.712
      vertex 361.8 117.518 441.172
      vertex 360.8 117.518 441.172
    endloop
  endfacet
  facet normal 0 -0.91634 -0.400401
    outer loop
      vertex 361.8 117.518 441.172
      vertex 360.8 117.719 440.712
      vertex 361.8 117.719 440.712
    endloop
  endfacet
  facet normal 0 -0.853731 -0.520715
    outer loop
      vertex 360.8 117.518 441.172
      vertex 361.8 117.26 441.595
      vertex 360.8 117.26 441.595
    endloop
  endfacet
  facet normal 0 -0.853731 -0.520715
    outer loop
      vertex 361.8 117.26 441.595
      vertex 360.8 117.518 441.172
      vertex 361.8 117.518 441.172
    endloop
  endfacet
  facet normal 0 -0.773957 -0.633238
    outer loop
      vertex 360.8 117.26 441.595
      vertex 361.8 116.945 441.98
      vertex 360.8 116.945 441.98
    endloop
  endfacet
  facet normal 0 -0.773957 -0.633238
    outer loop
      vertex 361.8 116.945 441.98
      vertex 360.8 117.26 441.595
      vertex 361.8 117.26 441.595
    endloop
  endfacet
  facet normal 0 -0.683224 -0.730208
    outer loop
      vertex 360.8 116.572 442.329
      vertex 361.8 116.945 441.98
      vertex 361.8 116.572 442.329
    endloop
  endfacet
  facet normal -0 -0.683224 -0.730208
    outer loop
      vertex 361.8 116.945 441.98
      vertex 360.8 116.572 442.329
      vertex 360.8 116.945 441.98
    endloop
  endfacet
  facet normal 0 -0.5834 -0.812185
    outer loop
      vertex 360.8 116.146 442.635
      vertex 361.8 116.572 442.329
      vertex 361.8 116.146 442.635
    endloop
  endfacet
  facet normal -0 -0.5834 -0.812185
    outer loop
      vertex 361.8 116.572 442.329
      vertex 360.8 116.146 442.635
      vertex 360.8 116.572 442.329
    endloop
  endfacet
  facet normal 0 -0.481705 -0.876333
    outer loop
      vertex 360.8 115.673 442.895
      vertex 361.8 116.146 442.635
      vertex 361.8 115.673 442.895
    endloop
  endfacet
  facet normal -0 -0.481705 -0.876333
    outer loop
      vertex 361.8 116.146 442.635
      vertex 360.8 115.673 442.895
      vertex 360.8 116.146 442.635
    endloop
  endfacet
  facet normal 0 -0.376282 -0.926505
    outer loop
      vertex 360.8 115.151 443.107
      vertex 361.8 115.673 442.895
      vertex 361.8 115.151 443.107
    endloop
  endfacet
  facet normal -0 -0.376282 -0.926505
    outer loop
      vertex 361.8 115.673 442.895
      vertex 360.8 115.151 443.107
      vertex 360.8 115.673 442.895
    endloop
  endfacet
  facet normal 0 -0.278509 -0.960434
    outer loop
      vertex 360.8 114.582 443.272
      vertex 361.8 115.151 443.107
      vertex 361.8 114.582 443.272
    endloop
  endfacet
  facet normal -0 -0.278509 -0.960434
    outer loop
      vertex 361.8 115.151 443.107
      vertex 360.8 114.582 443.272
      vertex 360.8 115.151 443.107
    endloop
  endfacet
  facet normal 0 -0.18755 -0.982255
    outer loop
      vertex 360.8 113.964 443.39
      vertex 361.8 114.582 443.272
      vertex 361.8 113.964 443.39
    endloop
  endfacet
  facet normal -0 -0.18755 -0.982255
    outer loop
      vertex 361.8 114.582 443.272
      vertex 360.8 113.964 443.39
      vertex 360.8 114.582 443.272
    endloop
  endfacet
  facet normal 0 -0.106006 -0.994365
    outer loop
      vertex 360.8 113.298 443.461
      vertex 361.8 113.964 443.39
      vertex 361.8 113.298 443.461
    endloop
  endfacet
  facet normal -0 -0.106006 -0.994365
    outer loop
      vertex 361.8 113.964 443.39
      vertex 360.8 113.298 443.461
      vertex 360.8 113.964 443.39
    endloop
  endfacet
  facet normal 0 -0.0321962 -0.999482
    outer loop
      vertex 360.8 112.584 443.484
      vertex 361.8 113.298 443.461
      vertex 361.8 112.584 443.484
    endloop
  endfacet
  facet normal -0 -0.0321962 -0.999482
    outer loop
      vertex 361.8 113.298 443.461
      vertex 360.8 112.584 443.484
      vertex 360.8 113.298 443.461
    endloop
  endfacet
  facet normal 0 0 -1
    outer loop
      vertex 360.8 105.391 443.484
      vertex 361.8 112.584 443.484
      vertex 361.8 105.391 443.484
    endloop
  endfacet
  facet normal -0 0 -1
    outer loop
      vertex 361.8 112.584 443.484
      vertex 360.8 105.391 443.484
      vertex 360.8 112.584 443.484
    endloop
  endfacet
  facet normal 0 1 -0
    outer loop
      vertex 361.8 105.391 428.197
      vertex 360.8 105.391 443.484
      vertex 361.8 105.391 443.484
    endloop
  endfacet
  facet normal 0 1 0
    outer loop
      vertex 360.8 105.391 443.484
      vertex 361.8 105.391 428.197
      vertex 360.8 105.391 428.197
    endloop
  endfacet
  facet normal -0 0 1
    outer loop
      vertex 360.8 107.463 428.197
      vertex 361.8 105.391 428.197
      vertex 361.8 107.463 428.197
    endloop
  endfacet
  facet normal 0 0 1
    outer loop
      vertex 361.8 105.391 428.197
      vertex 360.8 107.463 428.197
      vertex 360.8 105.391 428.197
    endloop
  endfacet
  facet normal 0 -1 0
    outer loop
      vertex 360.8 107.463 428.197
      vertex 361.8 107.463 434.544
      vertex 360.8 107.463 434.544
    endloop
  endfacet
  facet normal 0 -1 -0
    outer loop
      vertex 361.8 107.463 434.544
      vertex 360.8 107.463 428.197
      vertex 361.8 107.463 428.197
    endloop
  endfacet
  facet normal 0 -1 0
    outer loop
      vertex 360.8 107.463 436.182
      vertex 361.8 107.463 441.824
      vertex 360.8 107.463 441.824
    endloop
  endfacet
  facet normal 0 -1 -0
    outer loop
      vertex 361.8 107.463 441.824
      vertex 360.8 107.463 436.182
      vertex 361.8 107.463 436.182
    endloop
  endfacet
  facet normal -0 0 1
    outer loop
      vertex 360.8 112.378 441.824
      vertex 361.8 107.463 441.824
      vertex 361.8 112.378 441.824
    endloop
  endfacet
  facet normal 0 0 1
    outer loop
      vertex 361.8 107.463 441.824
      vertex 360.8 112.378 441.824
      vertex 360.8 107.463 441.824
    endloop
  endfacet
  facet normal -0 0.0297109 0.999559
    outer loop
      vertex 360.8 112.849 441.81
      vertex 361.8 112.378 441.824
      vertex 361.8 112.849 441.81
    endloop
  endfacet
  facet normal 0 0.0297109 0.999559
    outer loop
      vertex 361.8 112.378 441.824
      vertex 360.8 112.849 441.81
      vertex 360.8 112.378 441.824
    endloop
  endfacet
  facet normal -0 0.0977038 0.995216
    outer loop
      vertex 360.8 113.287 441.767
      vertex 361.8 112.849 441.81
      vertex 361.8 113.287 441.767
    endloop
  endfacet
  facet normal 0 0.0977038 0.995216
    outer loop
      vertex 361.8 112.849 441.81
      vertex 360.8 113.287 441.767
      vertex 360.8 112.849 441.81
    endloop
  endfacet
  facet normal -0 0.172675 0.984979
    outer loop
      vertex 360.8 113.692 441.696
      vertex 361.8 113.287 441.767
      vertex 361.8 113.692 441.696
    endloop
  endfacet
  facet normal 0 0.172675 0.984979
    outer loop
      vertex 361.8 113.287 441.767
      vertex 360.8 113.692 441.696
      vertex 360.8 113.287 441.767
    endloop
  endfacet
  facet normal -0 0.258952 0.96589
    outer loop
      vertex 360.8 114.065 441.596
      vertex 361.8 113.692 441.696
      vertex 361.8 114.065 441.596
    endloop
  endfacet
  facet normal 0 0.258952 0.96589
    outer loop
      vertex 361.8 113.692 441.696
      vertex 360.8 114.065 441.596
      vertex 360.8 113.692 441.696
    endloop
  endfacet
  facet normal -0 0.354737 0.934966
    outer loop
      vertex 360.8 114.405 441.467
      vertex 361.8 114.065 441.596
      vertex 361.8 114.405 441.467
    endloop
  endfacet
  facet normal 0 0.354737 0.934966
    outer loop
      vertex 361.8 114.065 441.596
      vertex 360.8 114.405 441.467
      vertex 360.8 114.065 441.596
    endloop
  endfacet
  facet normal -0 0.455315 0.89033
    outer loop
      vertex 360.8 114.712 441.31
      vertex 361.8 114.405 441.467
      vertex 361.8 114.712 441.31
    endloop
  endfacet
  facet normal 0 0.455315 0.89033
    outer loop
      vertex 361.8 114.405 441.467
      vertex 360.8 114.712 441.31
      vertex 360.8 114.405 441.467
    endloop
  endfacet
  facet normal -0 0.556782 0.830659
    outer loop
      vertex 360.8 114.988 441.125
      vertex 361.8 114.712 441.31
      vertex 361.8 114.988 441.125
    endloop
  endfacet
  facet normal 0 0.556782 0.830659
    outer loop
      vertex 361.8 114.712 441.31
      vertex 360.8 114.988 441.125
      vertex 360.8 114.712 441.31
    endloop
  endfacet
  facet normal -0 0.663783 0.747925
    outer loop
      vertex 360.8 115.228 440.912
      vertex 361.8 114.988 441.125
      vertex 361.8 115.228 440.912
    endloop
  endfacet
  facet normal 0 0.663783 0.747925
    outer loop
      vertex 361.8 114.988 441.125
      vertex 360.8 115.228 440.912
      vertex 360.8 114.988 441.125
    endloop
  endfacet
  facet normal 0 0.762175 0.647371
    outer loop
      vertex 361.8 115.431 440.673
      vertex 360.8 115.228 440.912
      vertex 361.8 115.228 440.912
    endloop
  endfacet
  facet normal 0 0.762175 0.647371
    outer loop
      vertex 360.8 115.228 440.912
      vertex 361.8 115.431 440.673
      vertex 360.8 115.431 440.673
    endloop
  endfacet
  facet normal 0 0.84602 0.533152
    outer loop
      vertex 361.8 115.598 440.408
      vertex 360.8 115.431 440.673
      vertex 361.8 115.431 440.673
    endloop
  endfacet
  facet normal 0 0.84602 0.533152
    outer loop
      vertex 360.8 115.431 440.673
      vertex 361.8 115.598 440.408
      vertex 360.8 115.598 440.408
    endloop
  endfacet
  facet normal 0 0.9142 0.405264
    outer loop
      vertex 361.8 115.727 440.117
      vertex 360.8 115.598 440.408
      vertex 361.8 115.598 440.408
    endloop
  endfacet
  facet normal 0 0.9142 0.405264
    outer loop
      vertex 360.8 115.598 440.408
      vertex 361.8 115.727 440.117
      vertex 360.8 115.727 440.117
    endloop
  endfacet
  facet normal 0 0.959317 0.282331
    outer loop
      vertex 361.8 115.82 439.801
      vertex 360.8 115.727 440.117
      vertex 361.8 115.727 440.117
    endloop
  endfacet
  facet normal 0 0.959317 0.282331
    outer loop
      vertex 360.8 115.727 440.117
      vertex 361.8 115.82 439.801
      vertex 360.8 115.82 439.801
    endloop
  endfacet
  facet normal 0 0.987387 0.158327
    outer loop
      vertex 361.8 115.875 439.458
      vertex 360.8 115.82 439.801
      vertex 361.8 115.82 439.801
    endloop
  endfacet
  facet normal 0 0.987387 0.158327
    outer loop
      vertex 360.8 115.82 439.801
      vertex 361.8 115.875 439.458
      vertex 360.8 115.875 439.458
    endloop
  endfacet
  facet normal 0 0.99867 0.0515618
    outer loop
      vertex 361.8 115.894 439.09
      vertex 360.8 115.875 439.458
      vertex 361.8 115.875 439.458
    endloop
  endfacet
  facet normal 0 0.99867 0.0515618
    outer loop
      vertex 360.8 115.875 439.458
      vertex 361.8 115.894 439.09
      vertex 360.8 115.894 439.09
    endloop
  endfacet
  facet normal 0 0.998759 -0.0498069
    outer loop
      vertex 361.8 115.875 438.709
      vertex 360.8 115.894 439.09
      vertex 361.8 115.894 439.09
    endloop
  endfacet
  facet normal 0 0.998759 -0.0498069
    outer loop
      vertex 360.8 115.894 439.09
      vertex 361.8 115.875 438.709
      vertex 360.8 115.875 438.709
    endloop
  endfacet
  facet normal 0 0.988691 -0.14997
    outer loop
      vertex 361.8 115.821 438.353
      vertex 360.8 115.875 438.709
      vertex 361.8 115.875 438.709
    endloop
  endfacet
  facet normal 0 0.988691 -0.14997
    outer loop
      vertex 360.8 115.875 438.709
      vertex 361.8 115.821 438.353
      vertex 360.8 115.821 438.353
    endloop
  endfacet
  facet normal 0 0.963476 -0.267794
    outer loop
      vertex 361.8 115.729 438.022
      vertex 360.8 115.821 438.353
      vertex 361.8 115.821 438.353
    endloop
  endfacet
  facet normal 0 0.963476 -0.267794
    outer loop
      vertex 360.8 115.821 438.353
      vertex 361.8 115.729 438.022
      vertex 360.8 115.729 438.022
    endloop
  endfacet
  facet normal 0 0.922988 -0.384829
    outer loop
      vertex 361.8 115.601 437.715
      vertex 360.8 115.729 438.022
      vertex 361.8 115.729 438.022
    endloop
  endfacet
  facet normal 0 0.922988 -0.384829
    outer loop
      vertex 360.8 115.729 438.022
      vertex 361.8 115.601 437.715
      vertex 360.8 115.601 437.715
    endloop
  endfacet
  facet normal 0 0.863667 -0.504062
    outer loop
      vertex 361.8 115.437 437.434
      vertex 360.8 115.601 437.715
      vertex 361.8 115.601 437.715
    endloop
  endfacet
  facet normal 0 0.863667 -0.504062
    outer loop
      vertex 360.8 115.601 437.715
      vertex 361.8 115.437 437.434
      vertex 360.8 115.437 437.434
    endloop
  endfacet
  facet normal 0 0.786532 -0.61755
    outer loop
      vertex 361.8 115.236 437.178
      vertex 360.8 115.437 437.434
      vertex 361.8 115.437 437.434
    endloop
  endfacet
  facet normal 0 0.786532 -0.61755
    outer loop
      vertex 360.8 115.437 437.434
      vertex 361.8 115.236 437.178
      vertex 360.8 115.236 437.178
    endloop
  endfacet
  facet normal 0 0.696475 -0.717581
    outer loop
      vertex 360.8 114.998 436.947
      vertex 361.8 115.236 437.178
      vertex 361.8 114.998 436.947
    endloop
  endfacet
  facet normal 0 0.696475 -0.717581
    outer loop
      vertex 361.8 115.236 437.178
      vertex 360.8 114.998 436.947
      vertex 360.8 115.236 437.178
    endloop
  endfacet
  facet normal 0 0.600947 -0.799289
    outer loop
      vertex 360.8 114.728 436.744
      vertex 361.8 114.998 436.947
      vertex 361.8 114.728 436.744
    endloop
  endfacet
  facet normal 0 0.600947 -0.799289
    outer loop
      vertex 361.8 114.998 436.947
      vertex 360.8 114.728 436.744
      vertex 360.8 114.998 436.947
    endloop
  endfacet
  facet normal 0 0.492722 -0.870187
    outer loop
      vertex 360.8 114.426 436.573
      vertex 361.8 114.728 436.744
      vertex 361.8 114.426 436.573
    endloop
  endfacet
  facet normal 0 0.492722 -0.870187
    outer loop
      vertex 361.8 114.728 436.744
      vertex 360.8 114.426 436.573
      vertex 360.8 114.728 436.744
    endloop
  endfacet
  facet normal 0 0.391906 -0.920005
    outer loop
      vertex 360.8 114.095 436.432
      vertex 361.8 114.426 436.573
      vertex 361.8 114.095 436.432
    endloop
  endfacet
  facet normal 0 0.391906 -0.920005
    outer loop
      vertex 361.8 114.426 436.573
      vertex 360.8 114.095 436.432
      vertex 360.8 114.426 436.573
    endloop
  endfacet
  facet normal 0 0.288318 -0.957535
    outer loop
      vertex 360.8 113.733 436.323
      vertex 361.8 114.095 436.432
      vertex 361.8 113.733 436.323
    endloop
  endfacet
  facet normal 0 0.288318 -0.957535
    outer loop
      vertex 361.8 114.095 436.432
      vertex 360.8 113.733 436.323
      vertex 360.8 114.095 436.432
    endloop
  endfacet
  facet normal 0 0.195154 -0.980773
    outer loop
      vertex 360.8 113.341 436.245
      vertex 361.8 113.733 436.323
      vertex 361.8 113.341 436.245
    endloop
  endfacet
  facet normal 0 0.195154 -0.980773
    outer loop
      vertex 361.8 113.733 436.323
      vertex 360.8 113.341 436.245
      vertex 360.8 113.733 436.323
    endloop
  endfacet
  facet normal 0 0.110432 -0.993884
    outer loop
      vertex 360.8 112.918 436.198
      vertex 361.8 113.341 436.245
      vertex 361.8 112.918 436.198
    endloop
  endfacet
  facet normal 0 0.110432 -0.993884
    outer loop
      vertex 361.8 113.341 436.245
      vertex 360.8 112.918 436.198
      vertex 360.8 113.341 436.245
    endloop
  endfacet
  facet normal 0 0.0352981 -0.999377
    outer loop
      vertex 360.8 112.465 436.182
      vertex 361.8 112.918 436.198
      vertex 361.8 112.465 436.182
    endloop
  endfacet
  facet normal 0 0.0352981 -0.999377
    outer loop
      vertex 361.8 112.918 436.198
      vertex 360.8 112.465 436.182
      vertex 360.8 112.918 436.198
    endloop
  endfacet
  facet normal 0 0 -1
    outer loop
      vertex 360.8 107.463 436.182
      vertex 361.8 112.465 436.182
      vertex 361.8 107.463 436.182
    endloop
  endfacet
  facet normal -0 0 -1
    outer loop
      vertex 361.8 112.465 436.182
      vertex 360.8 107.463 436.182
      vertex 360.8 112.465 436.182
    endloop
  endfacet
  facet normal 0 0 -1
    outer loop
      vertex 360.8 120.227 434.967
      vertex 361.8 125.652 434.967
      vertex 361.8 120.227 434.967
    endloop
  endfacet
  facet normal -0 0 -1
    outer loop
      vertex 361.8 125.652 434.967
      vertex 360.8 120.227 434.967
      vertex 360.8 125.652 434.967
    endloop
  endfacet
  facet normal 0 1 -0
    outer loop
      vertex 361.8 120.227 433.231
      vertex 360.8 120.227 434.967
      vertex 361.8 120.227 434.967
    endloop
  endfacet
  facet normal 0 1 0
    outer loop
      vertex 360.8 120.227 434.967
      vertex 361.8 120.227 433.231
      vertex 360.8 120.227 433.231
    endloop
  endfacet
  facet normal -0 0 1
    outer loop
      vertex 360.8 125.652 433.231
      vertex 361.8 120.227 433.231
      vertex 361.8 125.652 433.231
    endloop
  endfacet
  facet normal 0 0 1
    outer loop
      vertex 361.8 120.227 433.231
      vertex 360.8 125.652 433.231
      vertex 360.8 120.227 433.231
    endloop
  endfacet
  facet normal 0 -1 0
    outer loop
      vertex 360.8 125.652 433.231
      vertex 361.8 125.652 434.967
      vertex 360.8 125.652 434.967
    endloop
  endfacet
  facet normal 0 -1 -0
    outer loop
      vertex 361.8 125.652 434.967
      vertex 360.8 125.652 433.231
      vertex 361.8 125.652 433.231
    endloop
  endfacet
  facet normal 0 0 -1
    outer loop
      vertex 360.8 139.523 434.967
      vertex 361.8 144.948 434.967
      vertex 361.8 139.523 434.967
    endloop
  endfacet
  facet normal -0 0 -1
    outer loop
      vertex 361.8 144.948 434.967
      vertex 360.8 139.523 434.967
      vertex 360.8 144.948 434.967
    endloop
  endfacet
  facet normal 0 1 -0
    outer loop
      vertex 361.8 139.523 433.231
      vertex 360.8 139.523 434.967
      vertex 361.8 139.523 434.967
    endloop
  endfacet
  facet normal 0 1 0
    outer loop
      vertex 360.8 139.523 434.967
      vertex 361.8 139.523 433.231
      vertex 360.8 139.523 433.231
    endloop
  endfacet
  facet normal -0 0 1
    outer loop
      vertex 360.8 144.948 433.231
      vertex 361.8 139.523 433.231
      vertex 361.8 144.948 433.231
    endloop
  endfacet
  facet normal 0 0 1
    outer loop
      vertex 361.8 139.523 433.231
      vertex 360.8 144.948 433.231
      vertex 360.8 139.523 433.231
    endloop
  endfacet
  facet normal 0 -1 0
    outer loop
      vertex 360.8 144.948 433.231
      vertex 361.8 144.948 434.967
      vertex 360.8 144.948 434.967
    endloop
  endfacet
  facet normal 0 -1 -0
    outer loop
      vertex 361.8 144.948 434.967
      vertex 360.8 144.948 433.231
      vertex 361.8 144.948 433.231
    endloop
  endfacet
  facet normal 0 -1 0
    outer loop
      vertex 344.8 20 529.78
      vertex 358.8 20 529.8
      vertex 344.8 20 529.8
    endloop
  endfacet
  facet normal 0 -1 0
    outer loop
      vertex 344.8 20 529.78
      vertex 358.8 20 529.78
      vertex 358.8 20 529.8
    endloop
  endfacet
  facet normal 0 -1 0
    outer loop
      vertex 347.054 20 518.8
      vertex 358.8 20 529.78
      vertex 344.8 20 529.78
    endloop
  endfacet
  facet normal 0 -1 0
    outer loop
      vertex 358.8 20 529.78
      vertex 347.054 20 518.8
      vertex 356.546 20 518.8
    endloop
  endfacet
  facet normal 0.979573 0 -0.201089
    outer loop
      vertex 358.8 20 529.78
      vertex 356.546 241.4 518.8
      vertex 358.8 241.4 529.78
    endloop
  endfacet
  facet normal 0.979573 0 -0.201089
    outer loop
      vertex 356.546 241.4 518.8
      vertex 358.8 20 529.78
      vertex 356.546 20 518.8
    endloop
  endfacet
  facet normal -1 0 0
    outer loop
      vertex 344.8 20 529.78
      vertex 344.8 241.4 529.8
      vertex 344.8 241.4 529.78
    endloop
  endfacet
  facet normal -1 -0 0
    outer loop
      vertex 344.8 241.4 529.8
      vertex 344.8 20 529.78
      vertex 344.8 20 529.8
    endloop
  endfacet
  facet normal -0 0 1
    outer loop
      vertex 344.8 241.4 529.8
      vertex 358.8 20 529.8
      vertex 358.8 241.4 529.8
    endloop
  endfacet
  facet normal 0 0 1
    outer loop
      vertex 358.8 20 529.8
      vertex 344.8 241.4 529.8
      vertex 344.8 20 529.8
    endloop
  endfacet
  facet normal 1 -0 0
    outer loop
      vertex 358.8 20 529.8
      vertex 358.8 241.4 529.78
      vertex 358.8 241.4 529.8
    endloop
  endfacet
  facet normal 1 0 0
    outer loop
      vertex 358.8 241.4 529.78
      vertex 358.8 20 529.8
      vertex 358.8 20 529.78
    endloop
  endfacet
  facet normal -0.979573 0 -0.201089
    outer loop
      vertex 347.054 20 518.8
      vertex 344.8 241.4 529.78
      vertex 347.054 241.4 518.8
    endloop
  endfacet
  facet normal -0.979573 -0 -0.201089
    outer loop
      vertex 344.8 241.4 529.78
      vertex 347.054 20 518.8
      vertex 344.8 20 529.78
    endloop
  endfacet
  facet normal -0 0 1
    outer loop
      vertex 347.054 20 518.8
      vertex 358.8 9.02 518.8
      vertex 356.546 20 518.8
    endloop
  endfacet
  facet normal 0 0 1
    outer loop
      vertex 344.8 9.02 518.8
      vertex 358.8 9.02 518.8
      vertex 347.054 20 518.8
    endloop
  endfacet
  facet normal 0 0 1
    outer loop
      vertex 358.8 9.02 518.8
      vertex 344.8 9.02 518.8
      vertex 358.8 9 518.8
    endloop
  endfacet
  facet normal 0 0 1
    outer loop
      vertex 358.8 9 518.8
      vertex 344.8 9.02 518.8
      vertex 344.8 9 518.8
    endloop
  endfacet
  facet normal 0 1 0
    outer loop
      vertex 356.3 21.2 366.883
      vertex 347.3 21.2 353.25
      vertex 347.3 21.2 366.883
    endloop
  endfacet
  facet normal 0 1 -0
    outer loop
      vertex 356.3 21.2 353.25
      vertex 347.3 21.2 353.25
      vertex 356.3 21.2 366.883
    endloop
  endfacet
  facet normal 0 1 -0
    outer loop
      vertex 356.15 21.2 352.533
      vertex 347.3 21.2 353.25
      vertex 356.3 21.2 353.25
    endloop
  endfacet
  facet normal 0 1 0
    outer loop
      vertex 347.3 21.2 353.25
      vertex 356.15 21.2 352.533
      vertex 347.45 21.2 352.533
    endloop
  endfacet
  facet normal 0.979573 0.201089 0
    outer loop
      vertex 358.8 9.02 518.8
      vertex 356.546 20 366.883
      vertex 356.546 20 518.8
    endloop
  endfacet
  facet normal 0.979573 0.201089 -0
    outer loop
      vertex 358.8 9.02 352.533
      vertex 356.546 20 366.883
      vertex 358.8 9.02 518.8
    endloop
  endfacet
  facet normal 0.979573 0.201089 0
    outer loop
      vertex 356.546 20 366.883
      vertex 358.8 9.02 352.533
      vertex 356.546 20 354.426
    endloop
  endfacet
  facet normal 0.979573 0.201089 0
    outer loop
      vertex 356.546 20 354.426
      vertex 358.8 9.02 352.533
      vertex 356.546 20 352.533
    endloop
  endfacet
  facet normal 0.979627 0.200824 -0
    outer loop
      vertex 356.546 20 354.426
      vertex 356.3 21.2 366.883
      vertex 356.546 20 366.883
    endloop
  endfacet
  facet normal 0.979627 0.200824 0
    outer loop
      vertex 356.3 21.2 366.883
      vertex 356.546 20 354.426
      vertex 356.3 21.2 353.25
    endloop
  endfacet
  facet normal -1 0 0
    outer loop
      vertex 344.8 9 352.533
      vertex 344.8 9.02 518.8
      vertex 344.8 9.02 352.533
    endloop
  endfacet
  facet normal -1 -0 0
    outer loop
      vertex 344.8 9.02 518.8
      vertex 344.8 9 352.533
      vertex 344.8 9 518.8
    endloop
  endfacet
  facet normal 0 -1 0
    outer loop
      vertex 344.8 9 352.533
      vertex 358.8 9 518.8
      vertex 344.8 9 518.8
    endloop
  endfacet
  facet normal 0 -1 -0
    outer loop
      vertex 358.8 9 518.8
      vertex 344.8 9 352.533
      vertex 358.8 9 352.533
    endloop
  endfacet
  facet normal 1 -0 0
    outer loop
      vertex 358.8 9 518.8
      vertex 358.8 9.02 352.533
      vertex 358.8 9.02 518.8
    endloop
  endfacet
  facet normal 1 0 0
    outer loop
      vertex 358.8 9.02 352.533
      vertex 358.8 9 518.8
      vertex 358.8 9 352.533
    endloop
  endfacet
  facet normal -0.979573 0.201089 0
    outer loop
      vertex 344.8 9.02 352.533
      vertex 347.054 20 354.426
      vertex 347.054 20 352.533
    endloop
  endfacet
  facet normal -0.979573 0.201089 0
    outer loop
      vertex 347.054 20 354.426
      vertex 344.8 9.02 352.533
      vertex 347.054 20 366.883
    endloop
  endfacet
  facet normal -0.979573 0.201089 0
    outer loop
      vertex 344.8 9.02 518.8
      vertex 347.054 20 366.883
      vertex 344.8 9.02 352.533
    endloop
  endfacet
  facet normal -0.979573 0.201089 0
    outer loop
      vertex 347.054 20 366.883
      vertex 344.8 9.02 518.8
      vertex 347.054 20 518.8
    endloop
  endfacet
  facet normal -0.979627 0.200824 0
    outer loop
      vertex 347.054 20 354.426
      vertex 347.3 21.2 366.883
      vertex 347.3 21.2 353.25
    endloop
  endfacet
  facet normal -0.979627 0.200824 0
    outer loop
      vertex 347.3 21.2 366.883
      vertex 347.054 20 354.426
      vertex 347.054 20 366.883
    endloop
  endfacet
endsolid OpenSCAD_Model
