solid OpenSCAD_Model
  facet normal 0 1 -0
    outer loop
      vertex 359.15 462.8 366.883
      vertex 356.546 462.8 518.8
      vertex 361.8 462.8 518.8
    endloop
  endfacet
  facet normal 0 1 0
    outer loop
      vertex 356.546 462.8 518.8
      vertex 359.15 462.8 366.883
      vertex 347.054 462.8 518.8
    endloop
  endfacet
  facet normal 0 1 0
    outer loop
      vertex 344.45 462.8 366.883
      vertex 347.054 462.8 518.8
      vertex 359.15 462.8 366.883
    endloop
  endfacet
  facet normal 0 1 -0
    outer loop
      vertex 361.8 462.8 352.533
      vertex 359.15 462.8 366.883
      vertex 361.8 462.8 518.8
    endloop
  endfacet
  facet normal 0 1 0
    outer loop
      vertex 359.15 462.8 366.883
      vertex 361.8 462.8 352.533
      vertex 359.15 462.8 366.863
    endloop
  endfacet
  facet normal 0 1 0
    outer loop
      vertex 359.15 462.8 366.863
      vertex 361.8 462.8 352.533
      vertex 356.15 462.8 352.533
    endloop
  endfacet
  facet normal 0 1 -0
    outer loop
      vertex 358.8 462.8 529.78
      vertex 344.8 462.8 529.8
      vertex 358.8 462.8 529.8
    endloop
  endfacet
  facet normal 0 1 0
    outer loop
      vertex 358.8 462.8 529.78
      vertex 344.8 462.8 529.78
      vertex 344.8 462.8 529.8
    endloop
  endfacet
  facet normal 0 1 -0
    outer loop
      vertex 356.546 462.8 518.8
      vertex 344.8 462.8 529.78
      vertex 358.8 462.8 529.78
    endloop
  endfacet
  facet normal 0 1 0
    outer loop
      vertex 344.8 462.8 529.78
      vertex 356.546 462.8 518.8
      vertex 347.054 462.8 518.8
    endloop
  endfacet
  facet normal 0 1 0
    outer loop
      vertex 347.054 462.8 518.8
      vertex 344.45 462.8 366.883
      vertex 341.8 462.8 518.8
    endloop
  endfacet
  facet normal 0 1 0
    outer loop
      vertex 341.8 462.8 352.533
      vertex 344.45 462.8 366.883
      vertex 344.45 462.8 366.863
    endloop
  endfacet
  facet normal 0 1 0
    outer loop
      vertex 344.45 462.8 366.883
      vertex 341.8 462.8 352.533
      vertex 341.8 462.8 518.8
    endloop
  endfacet
  facet normal 0 1 0
    outer loop
      vertex 341.8 462.8 352.533
      vertex 344.45 462.8 366.863
      vertex 347.45 462.8 352.533
    endloop
  endfacet
  facet normal 1 0 0
    outer loop
      vertex 361.8 462.8 518.8
      vertex 361.8 378.403 429.747
      vertex 361.8 462.8 352.533
    endloop
  endfacet
  facet normal 1 0 0
    outer loop
      vertex 361.8 462.8 518.8
      vertex 361.8 378.165 439.414
      vertex 361.8 378.403 429.747
    endloop
  endfacet
  facet normal 1 0 0
    outer loop
      vertex 361.8 462.8 518.8
      vertex 361.8 378.139 439.969
      vertex 361.8 378.165 439.414
    endloop
  endfacet
  facet normal 1 0 0
    outer loop
      vertex 361.8 462.8 518.8
      vertex 361.8 378.063 440.486
      vertex 361.8 378.139 439.969
    endloop
  endfacet
  facet normal 1 0 0
    outer loop
      vertex 361.8 462.8 518.8
      vertex 361.8 377.936 440.966
      vertex 361.8 378.063 440.486
    endloop
  endfacet
  facet normal 1 0 0
    outer loop
      vertex 361.8 462.8 518.8
      vertex 361.8 377.759 441.409
      vertex 361.8 377.936 440.966
    endloop
  endfacet
  facet normal 1 0 0
    outer loop
      vertex 361.8 462.8 518.8
      vertex 361.8 377.531 441.814
      vertex 361.8 377.759 441.409
    endloop
  endfacet
  facet normal 1 0 0
    outer loop
      vertex 361.8 462.8 518.8
      vertex 361.8 377.252 442.182
      vertex 361.8 377.531 441.814
    endloop
  endfacet
  facet normal 1 0 0
    outer loop
      vertex 361.8 462.8 518.8
      vertex 361.8 376.922 442.512
      vertex 361.8 377.252 442.182
    endloop
  endfacet
  facet normal 1 0 0
    outer loop
      vertex 361.8 462.8 518.8
      vertex 361.8 376.546 442.801
      vertex 361.8 376.922 442.512
    endloop
  endfacet
  facet normal 1 0 0
    outer loop
      vertex 361.8 462.8 518.8
      vertex 361.8 376.125 443.046
      vertex 361.8 376.546 442.801
    endloop
  endfacet
  facet normal 1 0 0
    outer loop
      vertex 361.8 462.8 518.8
      vertex 361.8 375.661 443.246
      vertex 361.8 376.125 443.046
    endloop
  endfacet
  facet normal 1 0 0
    outer loop
      vertex 361.8 462.8 518.8
      vertex 361.8 375.154 443.402
      vertex 361.8 375.661 443.246
    endloop
  endfacet
  facet normal 1 0 0
    outer loop
      vertex 361.8 462.8 518.8
      vertex 361.8 374.602 443.513
      vertex 361.8 375.154 443.402
    endloop
  endfacet
  facet normal 1 0 0
    outer loop
      vertex 361.8 462.8 518.8
      vertex 361.8 374.007 443.58
      vertex 361.8 374.602 443.513
    endloop
  endfacet
  facet normal 1 0 0
    outer loop
      vertex 361.8 462.8 518.8
      vertex 361.8 373.369 443.602
      vertex 361.8 374.007 443.58
    endloop
  endfacet
  facet normal 1 0 0
    outer loop
      vertex 361.8 462.8 518.8
      vertex 361.8 372.783 443.58
      vertex 361.8 373.369 443.602
    endloop
  endfacet
  facet normal 1 0 0
    outer loop
      vertex 361.8 355.418 443.374
      vertex 361.8 372.783 443.58
      vertex 361.8 462.8 518.8
    endloop
  endfacet
  facet normal 1 0 0
    outer loop
      vertex 361.8 372.783 443.58
      vertex 361.8 355.418 443.374
      vertex 361.8 372.229 443.514
    endloop
  endfacet
  facet normal 1 0 0
    outer loop
      vertex 361.8 372.229 443.514
      vertex 361.8 355.418 443.374
      vertex 361.8 371.705 443.403
    endloop
  endfacet
  facet normal 1 0 0
    outer loop
      vertex 361.8 371.705 443.403
      vertex 361.8 355.418 443.374
      vertex 361.8 371.213 443.248
    endloop
  endfacet
  facet normal 1 0 0
    outer loop
      vertex 361.8 371.213 443.248
      vertex 361.8 355.418 443.374
      vertex 361.8 370.752 443.049
    endloop
  endfacet
  facet normal 1 0 0
    outer loop
      vertex 361.8 370.752 443.049
      vertex 361.8 355.418 443.374
      vertex 361.8 370.322 442.805
    endloop
  endfacet
  facet normal 1 0 0
    outer loop
      vertex 361.8 368.443 429.821
      vertex 361.8 366.348 433.121
      vertex 361.8 368.28 429.465
    endloop
  endfacet
  facet normal 1 0 0
    outer loop
      vertex 361.8 368.616 430.166
      vertex 361.8 366.348 433.121
      vertex 361.8 368.443 429.821
    endloop
  endfacet
  facet normal 1 0 0
    outer loop
      vertex 361.8 360.923 434.857
      vertex 361.8 368.367 439.599
      vertex 361.8 368.452 440.107
    endloop
  endfacet
  facet normal 1 0 0
    outer loop
      vertex 361.8 355.418 443.374
      vertex 361.8 368.452 440.107
      vertex 361.8 368.583 440.585
    endloop
  endfacet
  facet normal 1 0 0
    outer loop
      vertex 361.8 368.367 439.599
      vertex 361.8 360.923 434.857
      vertex 361.8 366.348 434.857
    endloop
  endfacet
  facet normal 1 0 0
    outer loop
      vertex 361.8 355.418 443.374
      vertex 361.8 368.583 440.585
      vertex 361.8 368.759 441.033
    endloop
  endfacet
  facet normal 1 0 0
    outer loop
      vertex 361.8 355.418 443.374
      vertex 361.8 368.759 441.033
      vertex 361.8 368.982 441.45
    endloop
  endfacet
  facet normal 1 0 0
    outer loop
      vertex 361.8 355.418 443.374
      vertex 361.8 368.982 441.45
      vertex 361.8 369.25 441.836
    endloop
  endfacet
  facet normal 1 0 0
    outer loop
      vertex 361.8 355.418 443.374
      vertex 361.8 369.25 441.836
      vertex 361.8 369.564 442.192
    endloop
  endfacet
  facet normal 1 0 0
    outer loop
      vertex 361.8 355.418 443.374
      vertex 361.8 369.564 442.192
      vertex 361.8 369.924 442.517
    endloop
  endfacet
  facet normal 1 0 0
    outer loop
      vertex 361.8 355.418 429.747
      vertex 361.8 360.923 433.121
      vertex 361.8 360.923 434.857
    endloop
  endfacet
  facet normal 1 0 0
    outer loop
      vertex 361.8 355.418 429.747
      vertex 361.8 360.923 434.857
      vertex 361.8 355.418 443.374
    endloop
  endfacet
  facet normal 1 0 0
    outer loop
      vertex 361.8 368.452 440.107
      vertex 361.8 355.418 443.374
      vertex 361.8 360.923 434.857
    endloop
  endfacet
  facet normal 1 0 0
    outer loop
      vertex 361.8 370.322 442.805
      vertex 361.8 355.418 443.374
      vertex 361.8 369.924 442.517
    endloop
  endfacet
  facet normal 1 0 0
    outer loop
      vertex 361.8 462.8 518.8
      vertex 361.8 353.617 443.374
      vertex 361.8 355.418 443.374
    endloop
  endfacet
  facet normal 1 -0 0
    outer loop
      vertex 361.8 241.4 518.8
      vertex 361.8 353.617 443.374
      vertex 361.8 462.8 518.8
    endloop
  endfacet
  facet normal 1 -0 0
    outer loop
      vertex 361.8 339.348 439.572
      vertex 361.8 350.004 439.045
      vertex 361.8 350.004 440.89
    endloop
  endfacet
  facet normal 1 -0 0
    outer loop
      vertex 361.8 347.052 433.121
      vertex 361.8 349.559 429.747
      vertex 361.8 347.052 434.857
    endloop
  endfacet
  facet normal 1 0 0
    outer loop
      vertex 361.8 350.004 439.045
      vertex 361.8 347.052 434.857
      vertex 361.8 349.559 429.747
    endloop
  endfacet
  facet normal 1 0 0
    outer loop
      vertex 361.8 350.004 439.045
      vertex 361.8 339.348 439.572
      vertex 361.8 347.052 434.857
    endloop
  endfacet
  facet normal 1 0 0
    outer loop
      vertex 361.8 338.085 435.823
      vertex 361.8 341.627 433.121
      vertex 361.8 341.627 434.857
    endloop
  endfacet
  facet normal 1 -0 0
    outer loop
      vertex 361.8 339.357 438.526
      vertex 361.8 341.627 434.857
      vertex 361.8 339.377 439.002
    endloop
  endfacet
  facet normal 1 0 0
    outer loop
      vertex 361.8 347.052 434.857
      vertex 361.8 339.377 439.002
      vertex 361.8 341.627 434.857
    endloop
  endfacet
  facet normal 1 0 -0
    outer loop
      vertex 361.8 336.551 442.997
      vertex 361.8 353.617 443.374
      vertex 361.8 335.982 443.162
    endloop
  endfacet
  facet normal 1 0 0
    outer loop
      vertex 361.8 347.052 434.857
      vertex 361.8 339.348 439.572
      vertex 361.8 339.377 439.002
    endloop
  endfacet
  facet normal 1 0 0
    outer loop
      vertex 361.8 350.004 440.89
      vertex 361.8 339.262 440.106
      vertex 361.8 339.348 439.572
    endloop
  endfacet
  facet normal 1 0 0
    outer loop
      vertex 361.8 350.004 440.89
      vertex 361.8 339.119 440.602
      vertex 361.8 339.262 440.106
    endloop
  endfacet
  facet normal 1 0 0
    outer loop
      vertex 361.8 350.004 440.89
      vertex 361.8 338.918 441.062
      vertex 361.8 339.119 440.602
    endloop
  endfacet
  facet normal 1 0 0
    outer loop
      vertex 361.8 350.004 440.89
      vertex 361.8 338.66 441.485
      vertex 361.8 338.918 441.062
    endloop
  endfacet
  facet normal 1 0 0
    outer loop
      vertex 361.8 350.004 440.89
      vertex 361.8 338.345 441.87
      vertex 361.8 338.66 441.485
    endloop
  endfacet
  facet normal 1 0 0
    outer loop
      vertex 361.8 350.004 440.89
      vertex 361.8 337.972 442.219
      vertex 361.8 338.345 441.87
    endloop
  endfacet
  facet normal 1 0 0
    outer loop
      vertex 361.8 353.617 443.374
      vertex 361.8 337.972 442.219
      vertex 361.8 350.004 440.89
    endloop
  endfacet
  facet normal 1 0 -0
    outer loop
      vertex 361.8 337.972 442.219
      vertex 361.8 353.617 443.374
      vertex 361.8 337.546 442.525
    endloop
  endfacet
  facet normal 1 0 -0
    outer loop
      vertex 361.8 337.546 442.525
      vertex 361.8 353.617 443.374
      vertex 361.8 337.073 442.785
    endloop
  endfacet
  facet normal 1 0 -0
    outer loop
      vertex 361.8 337.073 442.785
      vertex 361.8 353.617 443.374
      vertex 361.8 336.551 442.997
    endloop
  endfacet
  facet normal 1 0 0
    outer loop
      vertex 361.8 353.617 443.374
      vertex 361.8 335.364 443.28
      vertex 361.8 335.982 443.162
    endloop
  endfacet
  facet normal 1 0 -0
    outer loop
      vertex 361.8 334.698 443.351
      vertex 361.8 353.617 443.374
      vertex 361.8 241.4 518.8
    endloop
  endfacet
  facet normal 1 0 0
    outer loop
      vertex 361.8 353.617 443.374
      vertex 361.8 334.698 443.351
      vertex 361.8 335.364 443.28
    endloop
  endfacet
  facet normal 1 0 0
    outer loop
      vertex 361.8 334.698 443.351
      vertex 361.8 241.4 518.8
      vertex 361.8 333.984 443.374
    endloop
  endfacet
  facet normal 1 0 0
    outer loop
      vertex 361.8 326.791 443.374
      vertex 361.8 241.4 518.8
      vertex 361.8 326.791 428.087
    endloop
  endfacet
  facet normal 1 0 0
    outer loop
      vertex 361.8 333.984 443.374
      vertex 361.8 241.4 518.8
      vertex 361.8 326.791 443.374
    endloop
  endfacet
  facet normal 1 -0 0
    outer loop
      vertex 361.8 378.403 428.087
      vertex 361.8 462.8 352.533
      vertex 361.8 378.403 429.747
    endloop
  endfacet
  facet normal 1 -0 0
    outer loop
      vertex 361.8 368.28 428.087
      vertex 361.8 462.8 352.533
      vertex 361.8 378.403 428.087
    endloop
  endfacet
  facet normal 1 -0 0
    outer loop
      vertex 361.8 359.14 429.747
      vertex 361.8 368.28 429.465
      vertex 361.8 366.348 433.121
    endloop
  endfacet
  facet normal 1 0 0
    outer loop
      vertex 361.8 359.14 429.747
      vertex 361.8 366.348 433.121
      vertex 361.8 360.923 433.121
    endloop
  endfacet
  facet normal 1 0 0
    outer loop
      vertex 361.8 359.14 428.087
      vertex 361.8 368.28 429.465
      vertex 361.8 359.14 429.747
    endloop
  endfacet
  facet normal 1 0 0
    outer loop
      vertex 361.8 368.28 429.465
      vertex 361.8 359.14 428.087
      vertex 361.8 368.28 428.087
    endloop
  endfacet
  facet normal 1 0 0
    outer loop
      vertex 361.8 368.28 428.087
      vertex 361.8 359.14 428.087
      vertex 361.8 462.8 352.533
    endloop
  endfacet
  facet normal 1 -0 0
    outer loop
      vertex 361.8 349.559 428.087
      vertex 361.8 462.8 352.533
      vertex 361.8 359.14 428.087
    endloop
  endfacet
  facet normal 1 0 0
    outer loop
      vertex 361.8 349.559 429.747
      vertex 361.8 347.052 433.121
      vertex 361.8 349.559 428.087
    endloop
  endfacet
  facet normal 1 0 0
    outer loop
      vertex 361.8 339.985 428.087
      vertex 361.8 347.052 433.121
      vertex 361.8 341.627 433.121
    endloop
  endfacet
  facet normal 1 0 0
    outer loop
      vertex 361.8 347.052 433.121
      vertex 361.8 339.985 428.087
      vertex 361.8 349.559 428.087
    endloop
  endfacet
  facet normal 1 0 0
    outer loop
      vertex 361.8 241.4 352.533
      vertex 361.8 349.559 428.087
      vertex 361.8 339.985 428.087
    endloop
  endfacet
  facet normal 1 0 0
    outer loop
      vertex 361.8 241.4 352.533
      vertex 361.8 339.985 428.087
      vertex 361.8 337.598 428.087
    endloop
  endfacet
  facet normal 1 0 0
    outer loop
      vertex 361.8 328.863 428.087
      vertex 361.8 333.626 434.434
      vertex 361.8 328.863 434.434
    endloop
  endfacet
  facet normal 1 0 0
    outer loop
      vertex 361.8 333.626 434.434
      vertex 361.8 328.863 428.087
      vertex 361.8 337.598 428.087
    endloop
  endfacet
  facet normal 1 0 0
    outer loop
      vertex 361.8 241.4 352.533
      vertex 361.8 337.598 428.087
      vertex 361.8 328.863 428.087
    endloop
  endfacet
  facet normal 1 0 0
    outer loop
      vertex 361.8 241.4 352.533
      vertex 361.8 328.863 428.087
      vertex 361.8 326.791 428.087
    endloop
  endfacet
  facet normal 1 0 0
    outer loop
      vertex 361.8 349.559 428.087
      vertex 361.8 241.4 352.533
      vertex 361.8 462.8 352.533
    endloop
  endfacet
  facet normal 1 0 0
    outer loop
      vertex 361.8 241.4 352.533
      vertex 361.8 326.791 428.087
      vertex 361.8 241.4 518.8
    endloop
  endfacet
  facet normal 1 -0 0
    outer loop
      vertex 361.8 378.156 439.16
      vertex 361.8 378.403 429.747
      vertex 361.8 378.165 439.414
    endloop
  endfacet
  facet normal 1 -0 0
    outer loop
      vertex 361.8 378.131 438.907
      vertex 361.8 378.403 429.747
      vertex 361.8 378.156 439.16
    endloop
  endfacet
  facet normal 1 -0 0
    outer loop
      vertex 361.8 378.09 438.653
      vertex 361.8 378.403 429.747
      vertex 361.8 378.131 438.907
    endloop
  endfacet
  facet normal 1 -0 0
    outer loop
      vertex 361.8 378.032 438.401
      vertex 361.8 378.403 429.747
      vertex 361.8 378.09 438.653
    endloop
  endfacet
  facet normal 1 -0 0
    outer loop
      vertex 361.8 377.957 438.149
      vertex 361.8 378.403 429.747
      vertex 361.8 378.032 438.401
    endloop
  endfacet
  facet normal 1 -0 0
    outer loop
      vertex 361.8 377.866 437.897
      vertex 361.8 378.403 429.747
      vertex 361.8 377.957 438.149
    endloop
  endfacet
  facet normal 1 -0 0
    outer loop
      vertex 361.8 377.758 437.646
      vertex 361.8 378.403 429.747
      vertex 361.8 377.866 437.897
    endloop
  endfacet
  facet normal 1 -0 0
    outer loop
      vertex 361.8 377.633 437.394
      vertex 361.8 378.403 429.747
      vertex 361.8 377.758 437.646
    endloop
  endfacet
  facet normal 1 -0 0
    outer loop
      vertex 361.8 377.493 437.143
      vertex 361.8 378.403 429.747
      vertex 361.8 377.633 437.394
    endloop
  endfacet
  facet normal 1 -0 0
    outer loop
      vertex 361.8 377.336 436.892
      vertex 361.8 378.403 429.747
      vertex 361.8 377.493 437.143
    endloop
  endfacet
  facet normal 1 -0 0
    outer loop
      vertex 361.8 377.163 436.641
      vertex 361.8 378.403 429.747
      vertex 361.8 377.336 436.892
    endloop
  endfacet
  facet normal 1 -0 0
    outer loop
      vertex 361.8 376.974 436.39
      vertex 361.8 378.403 429.747
      vertex 361.8 377.163 436.641
    endloop
  endfacet
  facet normal 1 -0 0
    outer loop
      vertex 361.8 376.769 436.139
      vertex 361.8 378.403 429.747
      vertex 361.8 376.974 436.39
    endloop
  endfacet
  facet normal 1 -0 0
    outer loop
      vertex 361.8 376.548 435.888
      vertex 361.8 378.403 429.747
      vertex 361.8 376.769 436.139
    endloop
  endfacet
  facet normal 1 -0 0
    outer loop
      vertex 361.8 376.289 435.617
      vertex 361.8 378.403 429.747
      vertex 361.8 376.548 435.888
    endloop
  endfacet
  facet normal 1 -0 0
    outer loop
      vertex 361.8 375.97 435.307
      vertex 361.8 378.403 429.747
      vertex 361.8 376.289 435.617
    endloop
  endfacet
  facet normal 1 -0 0
    outer loop
      vertex 361.8 375.591 434.957
      vertex 361.8 378.403 429.747
      vertex 361.8 375.97 435.307
    endloop
  endfacet
  facet normal 1 -0 0
    outer loop
      vertex 361.8 375.152 434.568
      vertex 361.8 378.403 429.747
      vertex 361.8 375.591 434.957
    endloop
  endfacet
  facet normal 1 -0 0
    outer loop
      vertex 361.8 374.654 434.14
      vertex 361.8 378.403 429.747
      vertex 361.8 375.152 434.568
    endloop
  endfacet
  facet normal 1 -0 0
    outer loop
      vertex 361.8 374.095 433.672
      vertex 361.8 378.403 429.747
      vertex 361.8 374.654 434.14
    endloop
  endfacet
  facet normal 1 -0 0
    outer loop
      vertex 361.8 373.477 433.164
      vertex 361.8 378.403 429.747
      vertex 361.8 374.095 433.672
    endloop
  endfacet
  facet normal 1 -0 0
    outer loop
      vertex 361.8 373.131 432.877
      vertex 361.8 378.403 429.747
      vertex 361.8 373.477 433.164
    endloop
  endfacet
  facet normal 1 -0 0
    outer loop
      vertex 361.8 372.806 432.598
      vertex 361.8 378.403 429.747
      vertex 361.8 373.131 432.877
    endloop
  endfacet
  facet normal 1 -0 0
    outer loop
      vertex 361.8 372.502 432.327
      vertex 361.8 378.403 429.747
      vertex 361.8 372.806 432.598
    endloop
  endfacet
  facet normal 1 -0 0
    outer loop
      vertex 361.8 372.218 432.064
      vertex 361.8 378.403 429.747
      vertex 361.8 372.502 432.327
    endloop
  endfacet
  facet normal 1 -0 0
    outer loop
      vertex 361.8 371.955 431.81
      vertex 361.8 378.403 429.747
      vertex 361.8 372.218 432.064
    endloop
  endfacet
  facet normal 1 -0 0
    outer loop
      vertex 361.8 371.713 431.564
      vertex 361.8 378.403 429.747
      vertex 361.8 371.955 431.81
    endloop
  endfacet
  facet normal 1 -0 0
    outer loop
      vertex 361.8 371.492 431.325
      vertex 361.8 378.403 429.747
      vertex 361.8 371.713 431.564
    endloop
  endfacet
  facet normal 1 -0 0
    outer loop
      vertex 361.8 371.289 431.093
      vertex 361.8 378.403 429.747
      vertex 361.8 371.492 431.325
    endloop
  endfacet
  facet normal 1 -0 0
    outer loop
      vertex 361.8 371.104 430.862
      vertex 361.8 378.403 429.747
      vertex 361.8 371.289 431.093
    endloop
  endfacet
  facet normal 1 -0 0
    outer loop
      vertex 361.8 370.935 430.634
      vertex 361.8 378.403 429.747
      vertex 361.8 371.104 430.862
    endloop
  endfacet
  facet normal 1 -0 0
    outer loop
      vertex 361.8 370.783 430.409
      vertex 361.8 378.403 429.747
      vertex 361.8 370.935 430.634
    endloop
  endfacet
  facet normal 1 -0 0
    outer loop
      vertex 361.8 370.648 430.186
      vertex 361.8 378.403 429.747
      vertex 361.8 370.783 430.409
    endloop
  endfacet
  facet normal 1 -0 0
    outer loop
      vertex 361.8 370.53 429.965
      vertex 361.8 378.403 429.747
      vertex 361.8 370.648 430.186
    endloop
  endfacet
  facet normal 1 0 0
    outer loop
      vertex 361.8 378.403 429.747
      vertex 361.8 370.53 429.965
      vertex 361.8 370.429 429.747
    endloop
  endfacet
  facet normal 1 0 0
    outer loop
      vertex 361.8 373.732 441.982
      vertex 361.8 376.157 439.349
      vertex 361.8 376.142 439.697
    endloop
  endfacet
  facet normal 1 0 0
    outer loop
      vertex 361.8 376.157 439.349
      vertex 361.8 373.732 441.982
      vertex 361.8 376.149 439.086
    endloop
  endfacet
  facet normal 1 0 0
    outer loop
      vertex 361.8 374.072 441.94
      vertex 361.8 376.142 439.697
      vertex 361.8 376.097 440.022
    endloop
  endfacet
  facet normal 1 0 0
    outer loop
      vertex 361.8 373.369 441.996
      vertex 361.8 376.149 439.086
      vertex 361.8 373.732 441.982
    endloop
  endfacet
  facet normal 1 0 0
    outer loop
      vertex 361.8 374.389 441.869
      vertex 361.8 376.097 440.022
      vertex 361.8 376.022 440.324
    endloop
  endfacet
  facet normal 1 0 0
    outer loop
      vertex 361.8 376.149 439.086
      vertex 361.8 373.369 441.996
      vertex 361.8 376.122 438.832
    endloop
  endfacet
  facet normal 1 0 0
    outer loop
      vertex 361.8 376.122 438.832
      vertex 361.8 373.369 441.996
      vertex 361.8 376.079 438.585
    endloop
  endfacet
  facet normal 1 0 0
    outer loop
      vertex 361.8 374.389 441.869
      vertex 361.8 376.022 440.324
      vertex 361.8 375.917 440.603
    endloop
  endfacet
  facet normal 1 0 0
    outer loop
      vertex 361.8 376.142 439.697
      vertex 361.8 374.072 441.94
      vertex 361.8 373.732 441.982
    endloop
  endfacet
  facet normal 1 0 0
    outer loop
      vertex 361.8 374.389 441.869
      vertex 361.8 375.917 440.603
      vertex 361.8 375.781 440.859
    endloop
  endfacet
  facet normal 1 0 0
    outer loop
      vertex 361.8 376.079 438.585
      vertex 361.8 373.369 441.996
      vertex 361.8 376.017 438.346
    endloop
  endfacet
  facet normal 1 0 0
    outer loop
      vertex 361.8 374.389 441.869
      vertex 361.8 375.781 440.859
      vertex 361.8 375.615 441.092
    endloop
  endfacet
  facet normal 1 0 0
    outer loop
      vertex 361.8 376.017 438.346
      vertex 361.8 373.369 441.996
      vertex 361.8 375.939 438.116
    endloop
  endfacet
  facet normal 1 -0 0
    outer loop
      vertex 361.8 373.021 441.983
      vertex 361.8 375.939 438.116
      vertex 361.8 373.369 441.996
    endloop
  endfacet
  facet normal 1 0 0
    outer loop
      vertex 361.8 374.389 441.869
      vertex 361.8 375.615 441.092
      vertex 361.8 375.42 441.302
    endloop
  endfacet
  facet normal 1 0 0
    outer loop
      vertex 361.8 376.097 440.022
      vertex 361.8 374.389 441.869
      vertex 361.8 374.072 441.94
    endloop
  endfacet
  facet normal 1 0 0
    outer loop
      vertex 361.8 374.389 441.869
      vertex 361.8 375.42 441.302
      vertex 361.8 375.197 441.486
    endloop
  endfacet
  facet normal 1 0 0
    outer loop
      vertex 361.8 375.939 438.116
      vertex 361.8 373.021 441.983
      vertex 361.8 375.843 437.893
    endloop
  endfacet
  facet normal 1 0 0
    outer loop
      vertex 361.8 375.843 437.893
      vertex 361.8 373.021 441.983
      vertex 361.8 375.729 437.678
    endloop
  endfacet
  facet normal 1 0 0
    outer loop
      vertex 361.8 374.389 441.869
      vertex 361.8 375.197 441.486
      vertex 361.8 374.951 441.642
    endloop
  endfacet
  facet normal 1 -0 0
    outer loop
      vertex 361.8 370.364 439.414
      vertex 361.8 375.729 437.678
      vertex 361.8 373.021 441.983
    endloop
  endfacet
  facet normal 1 0 0
    outer loop
      vertex 361.8 374.389 441.869
      vertex 361.8 374.951 441.642
      vertex 361.8 374.682 441.77
    endloop
  endfacet
  facet normal 1 0 0
    outer loop
      vertex 361.8 375.729 437.678
      vertex 361.8 370.364 439.414
      vertex 361.8 375.601 437.469
    endloop
  endfacet
  facet normal 1 0 0
    outer loop
      vertex 361.8 375.601 437.469
      vertex 361.8 370.364 439.414
      vertex 361.8 375.462 437.262
    endloop
  endfacet
  facet normal 1 0 0
    outer loop
      vertex 361.8 375.462 437.262
      vertex 361.8 370.364 439.414
      vertex 361.8 375.313 437.058
    endloop
  endfacet
  facet normal 1 0 0
    outer loop
      vertex 361.8 375.313 437.058
      vertex 361.8 370.364 439.414
      vertex 361.8 375.152 436.856
    endloop
  endfacet
  facet normal 1 0 0
    outer loop
      vertex 361.8 374.981 436.657
      vertex 361.8 370.364 439.414
      vertex 361.8 374.799 436.461
    endloop
  endfacet
  facet normal 1 0 0
    outer loop
      vertex 361.8 374.799 436.461
      vertex 361.8 370.364 439.414
      vertex 361.8 374.606 436.267
    endloop
  endfacet
  facet normal 1 0 0
    outer loop
      vertex 361.8 374.195 435.883
      vertex 361.8 370.364 439.414
      vertex 361.8 373.98 435.691
    endloop
  endfacet
  facet normal 1 0 0
    outer loop
      vertex 361.8 374.404 436.075
      vertex 361.8 370.364 439.414
      vertex 361.8 374.195 435.883
    endloop
  endfacet
  facet normal 1 0 0
    outer loop
      vertex 361.8 373.98 435.691
      vertex 361.8 370.364 439.414
      vertex 361.8 373.757 435.499
    endloop
  endfacet
  facet normal 1 0 0
    outer loop
      vertex 361.8 374.606 436.267
      vertex 361.8 370.364 439.414
      vertex 361.8 374.404 436.075
    endloop
  endfacet
  facet normal 1 0 0
    outer loop
      vertex 361.8 373.757 435.499
      vertex 361.8 370.364 439.414
      vertex 361.8 373.528 435.307
    endloop
  endfacet
  facet normal 1 0 0
    outer loop
      vertex 361.8 373.528 435.307
      vertex 361.8 370.364 439.414
      vertex 361.8 373.292 435.114
    endloop
  endfacet
  facet normal 1 0 0
    outer loop
      vertex 361.8 375.152 436.856
      vertex 361.8 370.364 439.414
      vertex 361.8 374.981 436.657
    endloop
  endfacet
  facet normal 1 0 0
    outer loop
      vertex 361.8 373.292 435.114
      vertex 361.8 370.364 439.414
      vertex 361.8 373.049 434.922
    endloop
  endfacet
  facet normal 1 0 0
    outer loop
      vertex 361.8 370.364 439.414
      vertex 361.8 373.021 441.983
      vertex 361.8 372.692 441.941
    endloop
  endfacet
  facet normal 1 0 0
    outer loop
      vertex 361.8 373.049 434.922
      vertex 361.8 370.364 439.414
      vertex 361.8 372.802 434.728
    endloop
  endfacet
  facet normal 1 0 0
    outer loop
      vertex 361.8 370.417 439.753
      vertex 361.8 372.692 441.941
      vertex 361.8 372.38 441.872
    endloop
  endfacet
  facet normal 1 0 0
    outer loop
      vertex 361.8 372.802 434.728
      vertex 361.8 370.364 439.414
      vertex 361.8 372.555 434.529
    endloop
  endfacet
  facet normal 1 0 0
    outer loop
      vertex 361.8 370.417 439.753
      vertex 361.8 372.38 441.872
      vertex 361.8 372.086 441.775
    endloop
  endfacet
  facet normal 1 0 0
    outer loop
      vertex 361.8 372.555 434.529
      vertex 361.8 370.364 439.414
      vertex 361.8 372.306 434.325
    endloop
  endfacet
  facet normal 1 0 0
    outer loop
      vertex 361.8 370.499 440.07
      vertex 361.8 372.086 441.775
      vertex 361.8 371.811 441.65
    endloop
  endfacet
  facet normal 1 0 0
    outer loop
      vertex 361.8 372.306 434.325
      vertex 361.8 370.364 439.414
      vertex 361.8 372.058 434.116
    endloop
  endfacet
  facet normal 1 0 0
    outer loop
      vertex 361.8 372.058 434.116
      vertex 361.8 370.364 439.414
      vertex 361.8 371.808 433.903
    endloop
  endfacet
  facet normal 1 0 0
    outer loop
      vertex 361.8 370.499 440.07
      vertex 361.8 371.811 441.65
      vertex 361.8 371.553 441.498
    endloop
  endfacet
  facet normal 1 0 0
    outer loop
      vertex 361.8 370.499 440.07
      vertex 361.8 371.553 441.498
      vertex 361.8 371.313 441.318
    endloop
  endfacet
  facet normal 1 0 0
    outer loop
      vertex 361.8 371.808 433.903
      vertex 361.8 370.364 439.414
      vertex 361.8 371.558 433.685
    endloop
  endfacet
  facet normal 1 0 0
    outer loop
      vertex 361.8 370.499 440.07
      vertex 361.8 371.313 441.318
      vertex 361.8 371.095 441.113
    endloop
  endfacet
  facet normal 1 -0 0
    outer loop
      vertex 361.8 366.348 434.857
      vertex 361.8 371.558 433.685
      vertex 361.8 370.364 439.414
    endloop
  endfacet
  facet normal 1 0 0
    outer loop
      vertex 361.8 370.499 440.07
      vertex 361.8 371.095 441.113
      vertex 361.8 370.905 440.886
    endloop
  endfacet
  facet normal 1 0 0
    outer loop
      vertex 361.8 366.348 434.857
      vertex 361.8 370.364 439.414
      vertex 361.8 368.367 439.599
    endloop
  endfacet
  facet normal 1 0 0
    outer loop
      vertex 361.8 370.499 440.07
      vertex 361.8 370.905 440.886
      vertex 361.8 370.743 440.636
    endloop
  endfacet
  facet normal 1 0 0
    outer loop
      vertex 361.8 370.499 440.07
      vertex 361.8 370.743 440.636
      vertex 361.8 370.607 440.364
    endloop
  endfacet
  facet normal 1 0 0
    outer loop
      vertex 361.8 371.558 433.685
      vertex 361.8 366.348 434.857
      vertex 361.8 371.307 433.463
    endloop
  endfacet
  facet normal 1 0 0
    outer loop
      vertex 361.8 372.086 441.775
      vertex 361.8 370.499 440.07
      vertex 361.8 370.417 439.753
    endloop
  endfacet
  facet normal 1 0 0
    outer loop
      vertex 361.8 372.692 441.941
      vertex 361.8 370.417 439.753
      vertex 361.8 370.364 439.414
    endloop
  endfacet
  facet normal 1 0 0
    outer loop
      vertex 361.8 371.307 433.463
      vertex 361.8 366.348 434.857
      vertex 361.8 371.058 433.234
    endloop
  endfacet
  facet normal 1 0 0
    outer loop
      vertex 361.8 371.058 433.234
      vertex 361.8 366.348 434.857
      vertex 361.8 370.812 432.998
    endloop
  endfacet
  facet normal 1 0 0
    outer loop
      vertex 361.8 370.812 432.998
      vertex 361.8 366.348 434.857
      vertex 361.8 370.569 432.755
    endloop
  endfacet
  facet normal 1 0 0
    outer loop
      vertex 361.8 370.569 432.755
      vertex 361.8 366.348 434.857
      vertex 361.8 370.33 432.504
    endloop
  endfacet
  facet normal 1 -0 0
    outer loop
      vertex 361.8 366.348 433.121
      vertex 361.8 370.33 432.504
      vertex 361.8 366.348 434.857
    endloop
  endfacet
  facet normal 1 0 0
    outer loop
      vertex 361.8 370.33 432.504
      vertex 361.8 366.348 433.121
      vertex 361.8 370.093 432.245
    endloop
  endfacet
  facet normal 1 0 0
    outer loop
      vertex 361.8 370.093 432.245
      vertex 361.8 366.348 433.121
      vertex 361.8 369.861 431.979
    endloop
  endfacet
  facet normal 1 0 0
    outer loop
      vertex 361.8 369.861 431.979
      vertex 361.8 366.348 433.121
      vertex 361.8 369.631 431.705
    endloop
  endfacet
  facet normal 1 0 0
    outer loop
      vertex 361.8 369.631 431.705
      vertex 361.8 366.348 433.121
      vertex 361.8 369.408 431.422
    endloop
  endfacet
  facet normal 1 0 0
    outer loop
      vertex 361.8 369.408 431.422
      vertex 361.8 366.348 433.121
      vertex 361.8 369.195 431.126
    endloop
  endfacet
  facet normal 1 0 0
    outer loop
      vertex 361.8 369.195 431.126
      vertex 361.8 366.348 433.121
      vertex 361.8 368.992 430.818
    endloop
  endfacet
  facet normal 1 0 0
    outer loop
      vertex 361.8 368.992 430.818
      vertex 361.8 366.348 433.121
      vertex 361.8 368.799 430.498
    endloop
  endfacet
  facet normal 1 0 0
    outer loop
      vertex 361.8 368.799 430.498
      vertex 361.8 366.348 433.121
      vertex 361.8 368.616 430.166
    endloop
  endfacet
  facet normal 1 0 0
    outer loop
      vertex 361.8 360.923 433.121
      vertex 361.8 355.418 429.747
      vertex 361.8 359.14 429.747
    endloop
  endfacet
  facet normal 1 -0 0
    outer loop
      vertex 361.8 350.004 439.045
      vertex 361.8 353.454 429.747
      vertex 361.8 353.454 441.508
    endloop
  endfacet
  facet normal 1 0 0
    outer loop
      vertex 361.8 353.454 429.747
      vertex 361.8 350.004 439.045
      vertex 361.8 349.559 429.747
    endloop
  endfacet
  facet normal 1 -0 0
    outer loop
      vertex 361.8 339.296 438.073
      vertex 361.8 341.627 434.857
      vertex 361.8 339.357 438.526
    endloop
  endfacet
  facet normal 1 -0 0
    outer loop
      vertex 361.8 339.194 437.641
      vertex 361.8 341.627 434.857
      vertex 361.8 339.296 438.073
    endloop
  endfacet
  facet normal 1 -0 0
    outer loop
      vertex 361.8 339.053 437.232
      vertex 361.8 341.627 434.857
      vertex 361.8 339.194 437.641
    endloop
  endfacet
  facet normal 1 -0 0
    outer loop
      vertex 361.8 338.87 436.845
      vertex 361.8 341.627 434.857
      vertex 361.8 339.053 437.232
    endloop
  endfacet
  facet normal 1 -0 0
    outer loop
      vertex 361.8 338.647 436.48
      vertex 361.8 341.627 434.857
      vertex 361.8 338.87 436.845
    endloop
  endfacet
  facet normal 1 -0 0
    outer loop
      vertex 361.8 338.384 436.137
      vertex 361.8 341.627 434.857
      vertex 361.8 338.647 436.48
    endloop
  endfacet
  facet normal 1 -0 0
    outer loop
      vertex 361.8 338.085 435.823
      vertex 361.8 341.627 434.857
      vertex 361.8 338.384 436.137
    endloop
  endfacet
  facet normal 1 0 0
    outer loop
      vertex 361.8 341.627 433.121
      vertex 361.8 338.085 435.823
      vertex 361.8 337.755 435.544
    endloop
  endfacet
  facet normal 1 0 0
    outer loop
      vertex 361.8 341.627 433.121
      vertex 361.8 337.755 435.544
      vertex 361.8 337.395 435.3
    endloop
  endfacet
  facet normal 1 -0 0
    outer loop
      vertex 361.8 337.003 435.09
      vertex 361.8 341.627 433.121
      vertex 361.8 337.395 435.3
    endloop
  endfacet
  facet normal 1 -0 0
    outer loop
      vertex 361.8 336.581 434.916
      vertex 361.8 341.627 433.121
      vertex 361.8 337.003 435.09
    endloop
  endfacet
  facet normal 1 0 0
    outer loop
      vertex 361.8 341.627 433.121
      vertex 361.8 336.581 434.916
      vertex 361.8 339.985 428.087
    endloop
  endfacet
  facet normal 1 -0 0
    outer loop
      vertex 361.8 336.128 434.777
      vertex 361.8 339.985 428.087
      vertex 361.8 336.581 434.916
    endloop
  endfacet
  facet normal 1 0 0
    outer loop
      vertex 361.8 339.985 428.087
      vertex 361.8 336.128 434.777
      vertex 361.8 335.645 434.673
    endloop
  endfacet
  facet normal 1 0 0
    outer loop
      vertex 361.8 335.465 441.486
      vertex 361.8 337.294 438.98
      vertex 361.8 337.275 439.348
    endloop
  endfacet
  facet normal 1 0 0
    outer loop
      vertex 361.8 337.294 438.98
      vertex 361.8 335.465 441.486
      vertex 361.8 337.275 438.599
    endloop
  endfacet
  facet normal 1 0 0
    outer loop
      vertex 361.8 335.805 441.357
      vertex 361.8 337.275 439.348
      vertex 361.8 337.22 439.691
    endloop
  endfacet
  facet normal 1 0 -0
    outer loop
      vertex 361.8 335.495 436.322
      vertex 361.8 337.275 438.599
      vertex 361.8 335.465 441.486
    endloop
  endfacet
  facet normal 1 0 0
    outer loop
      vertex 361.8 336.112 441.2
      vertex 361.8 337.22 439.691
      vertex 361.8 337.127 440.007
    endloop
  endfacet
  facet normal 1 0 0
    outer loop
      vertex 361.8 337.275 439.348
      vertex 361.8 335.805 441.357
      vertex 361.8 335.465 441.486
    endloop
  endfacet
  facet normal 1 0 0
    outer loop
      vertex 361.8 336.388 441.014
      vertex 361.8 337.127 440.007
      vertex 361.8 336.998 440.298
    endloop
  endfacet
  facet normal 1 0 0
    outer loop
      vertex 361.8 337.275 438.599
      vertex 361.8 335.495 436.322
      vertex 361.8 337.221 438.243
    endloop
  endfacet
  facet normal 1 0 0
    outer loop
      vertex 361.8 336.388 441.014
      vertex 361.8 336.998 440.298
      vertex 361.8 336.831 440.563
    endloop
  endfacet
  facet normal 1 0 0
    outer loop
      vertex 361.8 337.22 439.691
      vertex 361.8 336.112 441.2
      vertex 361.8 335.805 441.357
    endloop
  endfacet
  facet normal 1 0 0
    outer loop
      vertex 361.8 336.388 441.014
      vertex 361.8 336.831 440.563
      vertex 361.8 336.628 440.802
    endloop
  endfacet
  facet normal 1 0 0
    outer loop
      vertex 361.8 337.127 440.007
      vertex 361.8 336.388 441.014
      vertex 361.8 336.112 441.2
    endloop
  endfacet
  facet normal 1 0 0
    outer loop
      vertex 361.8 337.221 438.243
      vertex 361.8 335.826 436.463
      vertex 361.8 337.129 437.912
    endloop
  endfacet
  facet normal 1 0 -0
    outer loop
      vertex 361.8 336.128 436.634
      vertex 361.8 337.129 437.912
      vertex 361.8 335.826 436.463
    endloop
  endfacet
  facet normal 1 0 0
    outer loop
      vertex 361.8 337.001 437.605
      vertex 361.8 336.128 436.634
      vertex 361.8 336.837 437.324
    endloop
  endfacet
  facet normal 1 0 0
    outer loop
      vertex 361.8 336.837 437.324
      vertex 361.8 336.398 436.837
      vertex 361.8 336.636 437.068
    endloop
  endfacet
  facet normal 1 0 0
    outer loop
      vertex 361.8 336.837 437.324
      vertex 361.8 336.128 436.634
      vertex 361.8 336.398 436.837
    endloop
  endfacet
  facet normal 1 0 0
    outer loop
      vertex 361.8 337.129 437.912
      vertex 361.8 336.128 436.634
      vertex 361.8 337.001 437.605
    endloop
  endfacet
  facet normal 1 0 0
    outer loop
      vertex 361.8 337.221 438.243
      vertex 361.8 335.495 436.322
      vertex 361.8 335.826 436.463
    endloop
  endfacet
  facet normal 1 0 0
    outer loop
      vertex 361.8 335.092 441.586
      vertex 361.8 335.495 436.322
      vertex 361.8 335.465 441.486
    endloop
  endfacet
  facet normal 1 0 0
    outer loop
      vertex 361.8 335.495 436.322
      vertex 361.8 335.092 441.586
      vertex 361.8 335.133 436.213
    endloop
  endfacet
  facet normal 1 0 0
    outer loop
      vertex 361.8 335.092 441.586
      vertex 361.8 334.741 436.135
      vertex 361.8 335.133 436.213
    endloop
  endfacet
  facet normal 1 0 0
    outer loop
      vertex 361.8 334.687 441.657
      vertex 361.8 334.741 436.135
      vertex 361.8 335.092 441.586
    endloop
  endfacet
  facet normal 1 0 0
    outer loop
      vertex 361.8 334.687 441.657
      vertex 361.8 334.318 436.088
      vertex 361.8 334.741 436.135
    endloop
  endfacet
  facet normal 1 0 0
    outer loop
      vertex 361.8 334.249 441.7
      vertex 361.8 334.318 436.088
      vertex 361.8 334.687 441.657
    endloop
  endfacet
  facet normal 1 0 0
    outer loop
      vertex 361.8 334.249 441.7
      vertex 361.8 333.865 436.072
      vertex 361.8 334.318 436.088
    endloop
  endfacet
  facet normal 1 0 0
    outer loop
      vertex 361.8 333.778 441.714
      vertex 361.8 333.865 436.072
      vertex 361.8 334.249 441.7
    endloop
  endfacet
  facet normal 1 0 0
    outer loop
      vertex 361.8 328.863 436.072
      vertex 361.8 333.778 441.714
      vertex 361.8 328.863 441.714
    endloop
  endfacet
  facet normal 1 0 0
    outer loop
      vertex 361.8 333.778 441.714
      vertex 361.8 328.863 436.072
      vertex 361.8 333.865 436.072
    endloop
  endfacet
  facet normal -1 0 0
    outer loop
      vertex 341.8 241.4 352.533
      vertex 341.8 462.8 518.8
      vertex 341.8 462.8 352.533
    endloop
  endfacet
  facet normal -1 -0 0
    outer loop
      vertex 341.8 462.8 518.8
      vertex 341.8 241.4 352.533
      vertex 341.8 241.4 518.8
    endloop
  endfacet
  facet normal 0 -1 0
    outer loop
      vertex 347.45 241.4 517.6
      vertex 347.054 241.4 518.8
      vertex 341.8 241.4 518.8
    endloop
  endfacet
  facet normal 0 -1 0
    outer loop
      vertex 347.054 241.4 518.8
      vertex 347.45 241.4 517.6
      vertex 356.546 241.4 518.8
    endloop
  endfacet
  facet normal 0 -1 0
    outer loop
      vertex 356.15 241.4 517.6
      vertex 356.546 241.4 518.8
      vertex 347.45 241.4 517.6
    endloop
  endfacet
  facet normal 0 -1 0
    outer loop
      vertex 341.8 241.4 518.8
      vertex 344.45 241.4 366.883
      vertex 347.45 241.4 517.6
    endloop
  endfacet
  facet normal 0 -1 0
    outer loop
      vertex 341.8 241.4 352.533
      vertex 344.45 241.4 366.883
      vertex 341.8 241.4 518.8
    endloop
  endfacet
  facet normal 0 -1 -0
    outer loop
      vertex 344.45 241.4 366.883
      vertex 341.8 241.4 352.533
      vertex 344.45 241.4 366.863
    endloop
  endfacet
  facet normal 0 -1 -0
    outer loop
      vertex 344.45 241.4 366.863
      vertex 341.8 241.4 352.533
      vertex 347.45 241.4 352.533
    endloop
  endfacet
  facet normal 0 -1 0
    outer loop
      vertex 344.8 241.4 529.78
      vertex 358.8 241.4 529.8
      vertex 344.8 241.4 529.8
    endloop
  endfacet
  facet normal 0 -1 0
    outer loop
      vertex 344.8 241.4 529.78
      vertex 358.8 241.4 529.78
      vertex 358.8 241.4 529.8
    endloop
  endfacet
  facet normal 0 -1 0
    outer loop
      vertex 347.054 241.4 518.8
      vertex 358.8 241.4 529.78
      vertex 344.8 241.4 529.78
    endloop
  endfacet
  facet normal 0 -1 0
    outer loop
      vertex 358.8 241.4 529.78
      vertex 347.054 241.4 518.8
      vertex 356.546 241.4 518.8
    endloop
  endfacet
  facet normal 0 -1 -0
    outer loop
      vertex 356.546 241.4 518.8
      vertex 356.15 241.4 517.6
      vertex 361.8 241.4 518.8
    endloop
  endfacet
  facet normal 0 -1 0
    outer loop
      vertex 359.15 241.4 366.883
      vertex 356.15 241.4 517.6
      vertex 356.15 241.4 366.883
    endloop
  endfacet
  facet normal 0 -1 0
    outer loop
      vertex 356.15 241.4 517.6
      vertex 359.15 241.4 366.883
      vertex 361.8 241.4 518.8
    endloop
  endfacet
  facet normal 0 -1 0
    outer loop
      vertex 361.8 241.4 352.533
      vertex 359.15 241.4 366.883
      vertex 359.15 241.4 366.863
    endloop
  endfacet
  facet normal 0 -1 0
    outer loop
      vertex 359.15 241.4 366.883
      vertex 361.8 241.4 352.533
      vertex 361.8 241.4 518.8
    endloop
  endfacet
  facet normal 0 -1 0
    outer loop
      vertex 361.8 241.4 352.533
      vertex 359.15 241.4 366.863
      vertex 356.15 241.4 352.533
    endloop
  endfacet
  facet normal 0 -1 -0
    outer loop
      vertex 347.45 241.4 517.6
      vertex 344.45 241.4 366.883
      vertex 347.45 241.4 366.883
    endloop
  endfacet
  facet normal 0 0 1
    outer loop
      vertex 361.8 462.8 518.8
      vertex 359.15 255.75 518.8
      vertex 361.8 241.4 518.8
    endloop
  endfacet
  facet normal -0 0 1
    outer loop
      vertex 356.546 462.8 518.8
      vertex 359.15 255.75 518.8
      vertex 361.8 462.8 518.8
    endloop
  endfacet
  facet normal 0 0 1
    outer loop
      vertex 359.15 255.75 518.8
      vertex 356.546 462.8 518.8
      vertex 356.546 255.75 518.8
    endloop
  endfacet
  facet normal -0 0 1
    outer loop
      vertex 359.15 255.73 518.8
      vertex 361.8 241.4 518.8
      vertex 359.15 255.75 518.8
    endloop
  endfacet
  facet normal -0 0 1
    outer loop
      vertex 356.546 243.293 518.8
      vertex 361.8 241.4 518.8
      vertex 359.15 255.73 518.8
    endloop
  endfacet
  facet normal 0 0 1
    outer loop
      vertex 361.8 241.4 518.8
      vertex 356.546 243.293 518.8
      vertex 356.546 241.4 518.8
    endloop
  endfacet
  facet normal 0 0 1
    outer loop
      vertex 347.054 462.8 518.8
      vertex 344.45 255.75 518.8
      vertex 347.054 255.75 518.8
    endloop
  endfacet
  facet normal 0 0 1
    outer loop
      vertex 341.8 241.4 518.8
      vertex 344.45 255.75 518.8
      vertex 341.8 462.8 518.8
    endloop
  endfacet
  facet normal -0 0 1
    outer loop
      vertex 341.8 462.8 518.8
      vertex 344.45 255.75 518.8
      vertex 347.054 462.8 518.8
    endloop
  endfacet
  facet normal 0 0 1
    outer loop
      vertex 341.8 241.4 518.8
      vertex 347.054 243.293 518.8
      vertex 344.45 255.73 518.8
    endloop
  endfacet
  facet normal 0 0 1
    outer loop
      vertex 347.054 243.293 518.8
      vertex 341.8 241.4 518.8
      vertex 347.054 241.4 518.8
    endloop
  endfacet
  facet normal 0 0 1
    outer loop
      vertex 344.45 255.75 518.8
      vertex 341.8 241.4 518.8
      vertex 344.45 255.73 518.8
    endloop
  endfacet
  facet normal 0 0 -1
    outer loop
      vertex 359.15 255.75 352.533
      vertex 361.8 241.4 352.533
      vertex 359.15 255.73 352.533
    endloop
  endfacet
  facet normal 0 -0 -1
    outer loop
      vertex 359.15 255.73 352.533
      vertex 361.8 241.4 352.533
      vertex 356.15 241.4 352.533
    endloop
  endfacet
  facet normal 0 0 -1
    outer loop
      vertex 361.8 241.4 352.533
      vertex 359.15 255.75 352.533
      vertex 361.8 462.8 352.533
    endloop
  endfacet
  facet normal 0 0 -1
    outer loop
      vertex 356.15 462.8 352.533
      vertex 359.15 255.75 352.533
      vertex 356.15 255.75 352.533
    endloop
  endfacet
  facet normal 0 0 -1
    outer loop
      vertex 359.15 255.75 352.533
      vertex 356.15 462.8 352.533
      vertex 361.8 462.8 352.533
    endloop
  endfacet
  facet normal -0 0 -1
    outer loop
      vertex 344.45 255.73 352.533
      vertex 341.8 241.4 352.533
      vertex 344.45 255.75 352.533
    endloop
  endfacet
  facet normal 0 0 -1
    outer loop
      vertex 341.8 241.4 352.533
      vertex 344.45 255.73 352.533
      vertex 347.45 241.4 352.533
    endloop
  endfacet
  facet normal 0 0 -1
    outer loop
      vertex 344.45 255.75 352.533
      vertex 347.45 462.8 352.533
      vertex 347.45 255.75 352.533
    endloop
  endfacet
  facet normal 0 0 -1
    outer loop
      vertex 341.8 462.8 352.533
      vertex 344.45 255.75 352.533
      vertex 341.8 241.4 352.533
    endloop
  endfacet
  facet normal 0 0 -1
    outer loop
      vertex 344.45 255.75 352.533
      vertex 341.8 462.8 352.533
      vertex 347.45 462.8 352.533
    endloop
  endfacet
  facet normal 0 -1 0
    outer loop
      vertex 344.45 255.75 518.8
      vertex 347.3 255.75 517.6
      vertex 347.054 255.75 518.8
    endloop
  endfacet
  facet normal 0 -1 -0
    outer loop
      vertex 347.3 255.75 517.6
      vertex 344.45 255.75 366.883
      vertex 356.3 255.75 517.6
    endloop
  endfacet
  facet normal 0 -1 0
    outer loop
      vertex 344.45 255.75 366.883
      vertex 347.3 255.75 517.6
      vertex 344.45 255.75 518.8
    endloop
  endfacet
  facet normal 0 -1 0
    outer loop
      vertex 356.3 255.75 517.6
      vertex 359.15 255.75 518.8
      vertex 356.546 255.75 518.8
    endloop
  endfacet
  facet normal 0 -1 0
    outer loop
      vertex 359.15 255.75 366.883
      vertex 356.3 255.75 517.6
      vertex 344.45 255.75 366.883
    endloop
  endfacet
  facet normal 0 -1 0
    outer loop
      vertex 356.3 255.75 517.6
      vertex 359.15 255.75 366.883
      vertex 359.15 255.75 518.8
    endloop
  endfacet
  facet normal 0 -1 0
    outer loop
      vertex 359.15 255.75 352.533
      vertex 359.15 255.75 366.863
      vertex 356.15 255.75 352.533
    endloop
  endfacet
  facet normal 0 -1 0
    outer loop
      vertex 347.45 255.75 352.533
      vertex 344.45 255.75 366.863
      vertex 344.45 255.75 352.533
    endloop
  endfacet
  facet normal 0.978776 0.204932 -0.000183762
    outer loop
      vertex 347.3 242.117 517.6
      vertex 344.45 255.73 518.8
      vertex 347.054 243.293 518.8
    endloop
  endfacet
  facet normal 0.97878 0.204916 0
    outer loop
      vertex 344.45 255.73 518.8
      vertex 347.3 242.117 517.6
      vertex 344.45 255.73 366.883
    endloop
  endfacet
  facet normal 0.97881 0.204772 -0
    outer loop
      vertex 347.45 241.4 366.883
      vertex 347.3 242.117 517.6
      vertex 347.45 241.4 517.6
    endloop
  endfacet
  facet normal 0.978781 0.204909 -6.7978e-07
    outer loop
      vertex 347.3 242.117 517.6
      vertex 347.45 241.4 366.883
      vertex 344.45 255.73 366.883
    endloop
  endfacet
  facet normal 0.978781 0.204909 0
    outer loop
      vertex 344.45 255.73 366.863
      vertex 347.45 241.4 352.533
      vertex 344.45 255.73 352.533
    endloop
  endfacet
  facet normal 1 -0 0
    outer loop
      vertex 344.45 241.4 366.883
      vertex 344.45 255.73 366.863
      vertex 344.45 255.73 366.883
    endloop
  endfacet
  facet normal 1 0 0
    outer loop
      vertex 344.45 255.73 366.863
      vertex 344.45 241.4 366.883
      vertex 344.45 241.4 366.863
    endloop
  endfacet
  facet normal 1 0 0
    outer loop
      vertex 344.45 255.73 366.883
      vertex 344.45 255.75 366.883
      vertex 344.45 255.75 518.8
    endloop
  endfacet
  facet normal 1 0 0
    outer loop
      vertex 344.45 255.75 366.883
      vertex 344.45 255.73 366.883
      vertex 344.45 255.75 366.863
    endloop
  endfacet
  facet normal 1 0 0
    outer loop
      vertex 344.45 255.73 366.883
      vertex 344.45 255.75 518.8
      vertex 344.45 255.73 518.8
    endloop
  endfacet
  facet normal 1 0 0
    outer loop
      vertex 344.45 255.73 366.863
      vertex 344.45 255.75 366.863
      vertex 344.45 255.73 366.883
    endloop
  endfacet
  facet normal 1 0 0
    outer loop
      vertex 344.45 255.75 366.863
      vertex 344.45 255.73 366.863
      vertex 344.45 255.75 352.533
    endloop
  endfacet
  facet normal 1 0 0
    outer loop
      vertex 344.45 255.75 352.533
      vertex 344.45 255.73 366.863
      vertex 344.45 255.73 352.533
    endloop
  endfacet
  facet normal 1 -0 0
    outer loop
      vertex 344.45 255.75 366.883
      vertex 344.45 462.8 366.863
      vertex 344.45 462.8 366.883
    endloop
  endfacet
  facet normal 1 0 0
    outer loop
      vertex 344.45 462.8 366.863
      vertex 344.45 255.75 366.883
      vertex 344.45 255.75 366.863
    endloop
  endfacet
  facet normal -0.97878 0.204916 0
    outer loop
      vertex 356.3 242.117 517.6
      vertex 359.15 255.73 518.8
      vertex 359.15 255.73 366.883
    endloop
  endfacet
  facet normal -0.978776 0.204932 -0.000183762
    outer loop
      vertex 359.15 255.73 518.8
      vertex 356.3 242.117 517.6
      vertex 356.546 243.293 518.8
    endloop
  endfacet
  facet normal -0.978781 0.204909 -6.7978e-07
    outer loop
      vertex 356.15 241.4 366.883
      vertex 356.3 242.117 517.6
      vertex 359.15 255.73 366.883
    endloop
  endfacet
  facet normal -0.97881 0.204772 0
    outer loop
      vertex 356.3 242.117 517.6
      vertex 356.15 241.4 366.883
      vertex 356.15 241.4 517.6
    endloop
  endfacet
  facet normal -0.978781 0.204909 0
    outer loop
      vertex 359.15 255.73 366.863
      vertex 359.15 255.73 352.533
      vertex 356.15 241.4 352.533
    endloop
  endfacet
  facet normal -1 0 0
    outer loop
      vertex 359.15 241.4 366.863
      vertex 359.15 255.73 366.883
      vertex 359.15 255.73 366.863
    endloop
  endfacet
  facet normal -1 -0 0
    outer loop
      vertex 359.15 255.73 366.883
      vertex 359.15 241.4 366.863
      vertex 359.15 241.4 366.883
    endloop
  endfacet
  facet normal -1 0 0
    outer loop
      vertex 359.15 255.73 366.863
      vertex 359.15 255.75 366.863
      vertex 359.15 255.75 352.533
    endloop
  endfacet
  facet normal -1 0 0
    outer loop
      vertex 359.15 255.75 366.863
      vertex 359.15 255.73 366.863
      vertex 359.15 255.75 366.883
    endloop
  endfacet
  facet normal -1 0 0
    outer loop
      vertex 359.15 255.73 366.863
      vertex 359.15 255.75 352.533
      vertex 359.15 255.73 352.533
    endloop
  endfacet
  facet normal -1 0 0
    outer loop
      vertex 359.15 255.73 366.883
      vertex 359.15 255.75 366.883
      vertex 359.15 255.73 366.863
    endloop
  endfacet
  facet normal -1 0 0
    outer loop
      vertex 359.15 255.75 366.883
      vertex 359.15 255.73 366.883
      vertex 359.15 255.75 518.8
    endloop
  endfacet
  facet normal -1 -0 0
    outer loop
      vertex 359.15 255.75 518.8
      vertex 359.15 255.73 366.883
      vertex 359.15 255.73 518.8
    endloop
  endfacet
  facet normal -1 0 0
    outer loop
      vertex 359.15 255.75 366.863
      vertex 359.15 462.8 366.883
      vertex 359.15 462.8 366.863
    endloop
  endfacet
  facet normal -1 -0 0
    outer loop
      vertex 359.15 462.8 366.883
      vertex 359.15 255.75 366.863
      vertex 359.15 255.75 366.883
    endloop
  endfacet
  facet normal -0.978781 0 0.204909
    outer loop
      vertex 359.15 241.4 366.863
      vertex 359.15 255.73 366.863
      vertex 356.15 241.4 352.533
    endloop
  endfacet
  facet normal -0.978781 0 0.204909
    outer loop
      vertex 356.15 255.75 352.533
      vertex 359.15 462.8 366.863
      vertex 356.15 462.8 352.533
    endloop
  endfacet
  facet normal -0.978781 0 0.204909
    outer loop
      vertex 359.15 462.8 366.863
      vertex 356.15 255.75 352.533
      vertex 359.15 255.75 366.863
    endloop
  endfacet
  facet normal 0 0 -1
    outer loop
      vertex 344.45 255.73 366.883
      vertex 347.45 241.4 366.883
      vertex 344.45 241.4 366.883
    endloop
  endfacet
  facet normal 0 0 -1
    outer loop
      vertex 344.45 255.75 366.883
      vertex 359.15 462.8 366.883
      vertex 359.15 255.75 366.883
    endloop
  endfacet
  facet normal -0 0 -1
    outer loop
      vertex 359.15 462.8 366.883
      vertex 344.45 255.75 366.883
      vertex 344.45 462.8 366.883
    endloop
  endfacet
  facet normal 0 -0 -1
    outer loop
      vertex 359.15 255.73 366.883
      vertex 359.15 241.4 366.883
      vertex 356.15 241.4 366.883
    endloop
  endfacet
  facet normal 0.978781 0 0.204909
    outer loop
      vertex 347.45 241.4 352.533
      vertex 344.45 255.73 366.863
      vertex 344.45 241.4 366.863
    endloop
  endfacet
  facet normal 0.978781 -0 0.204909
    outer loop
      vertex 344.45 255.75 366.863
      vertex 347.45 462.8 352.533
      vertex 344.45 462.8 366.863
    endloop
  endfacet
  facet normal 0.978781 0 0.204909
    outer loop
      vertex 347.45 462.8 352.533
      vertex 344.45 255.75 366.863
      vertex 347.45 255.75 352.533
    endloop
  endfacet
  facet normal 1 -0 0
    outer loop
      vertex 360.8 376.142 439.697
      vertex 360.8 378.165 439.414
      vertex 360.8 378.139 439.969
    endloop
  endfacet
  facet normal 1 0 0
    outer loop
      vertex 360.8 378.165 439.414
      vertex 360.8 376.157 439.349
      vertex 360.8 378.156 439.16
    endloop
  endfacet
  facet normal 1 0 0
    outer loop
      vertex 360.8 376.149 439.086
      vertex 360.8 378.156 439.16
      vertex 360.8 376.157 439.349
    endloop
  endfacet
  facet normal 1 -0 0
    outer loop
      vertex 360.8 376.097 440.022
      vertex 360.8 378.139 439.969
      vertex 360.8 378.063 440.486
    endloop
  endfacet
  facet normal 1 0 0
    outer loop
      vertex 360.8 378.156 439.16
      vertex 360.8 376.149 439.086
      vertex 360.8 378.131 438.907
    endloop
  endfacet
  facet normal 1 0 0
    outer loop
      vertex 360.8 378.131 438.907
      vertex 360.8 376.149 439.086
      vertex 360.8 378.09 438.653
    endloop
  endfacet
  facet normal 1 0 0
    outer loop
      vertex 360.8 376.022 440.324
      vertex 360.8 378.063 440.486
      vertex 360.8 377.936 440.966
    endloop
  endfacet
  facet normal 1 -0 0
    outer loop
      vertex 360.8 376.122 438.832
      vertex 360.8 378.09 438.653
      vertex 360.8 376.149 439.086
    endloop
  endfacet
  facet normal 1 0 0
    outer loop
      vertex 360.8 376.022 440.324
      vertex 360.8 377.936 440.966
      vertex 360.8 377.759 441.409
    endloop
  endfacet
  facet normal 1 0 0
    outer loop
      vertex 360.8 378.165 439.414
      vertex 360.8 376.142 439.697
      vertex 360.8 376.157 439.349
    endloop
  endfacet
  facet normal 1 0 0
    outer loop
      vertex 360.8 378.032 438.401
      vertex 360.8 376.122 438.832
      vertex 360.8 377.957 438.149
    endloop
  endfacet
  facet normal 1 0 0
    outer loop
      vertex 360.8 375.917 440.603
      vertex 360.8 377.759 441.409
      vertex 360.8 377.531 441.814
    endloop
  endfacet
  facet normal 1 -0 0
    outer loop
      vertex 360.8 376.079 438.585
      vertex 360.8 377.957 438.149
      vertex 360.8 376.122 438.832
    endloop
  endfacet
  facet normal 1 0 0
    outer loop
      vertex 360.8 377.957 438.149
      vertex 360.8 376.079 438.585
      vertex 360.8 377.866 437.897
    endloop
  endfacet
  facet normal 1 0 0
    outer loop
      vertex 360.8 375.781 440.859
      vertex 360.8 377.531 441.814
      vertex 360.8 377.252 442.182
    endloop
  endfacet
  facet normal 1 -0 0
    outer loop
      vertex 360.8 376.017 438.346
      vertex 360.8 377.866 437.897
      vertex 360.8 376.079 438.585
    endloop
  endfacet
  facet normal 1 0 0
    outer loop
      vertex 360.8 377.866 437.897
      vertex 360.8 376.017 438.346
      vertex 360.8 377.758 437.646
    endloop
  endfacet
  facet normal 1 0 0
    outer loop
      vertex 360.8 375.615 441.092
      vertex 360.8 377.252 442.182
      vertex 360.8 376.922 442.512
    endloop
  endfacet
  facet normal 1 0 0
    outer loop
      vertex 360.8 377.758 437.646
      vertex 360.8 376.017 438.346
      vertex 360.8 377.633 437.394
    endloop
  endfacet
  facet normal 1 -0 0
    outer loop
      vertex 360.8 375.939 438.116
      vertex 360.8 377.633 437.394
      vertex 360.8 376.017 438.346
    endloop
  endfacet
  facet normal 1 0 0
    outer loop
      vertex 360.8 375.42 441.302
      vertex 360.8 376.922 442.512
      vertex 360.8 376.546 442.801
    endloop
  endfacet
  facet normal 1 0 0
    outer loop
      vertex 360.8 377.633 437.394
      vertex 360.8 375.939 438.116
      vertex 360.8 377.493 437.143
    endloop
  endfacet
  facet normal 1 -0 0
    outer loop
      vertex 360.8 375.843 437.893
      vertex 360.8 377.493 437.143
      vertex 360.8 375.939 438.116
    endloop
  endfacet
  facet normal 1 0 0
    outer loop
      vertex 360.8 378.09 438.653
      vertex 360.8 376.122 438.832
      vertex 360.8 378.032 438.401
    endloop
  endfacet
  facet normal 1 0 0
    outer loop
      vertex 360.8 375.197 441.486
      vertex 360.8 376.546 442.801
      vertex 360.8 376.125 443.046
    endloop
  endfacet
  facet normal 1 0 0
    outer loop
      vertex 360.8 378.139 439.969
      vertex 360.8 376.097 440.022
      vertex 360.8 376.142 439.697
    endloop
  endfacet
  facet normal 1 0 0
    outer loop
      vertex 360.8 378.063 440.486
      vertex 360.8 376.022 440.324
      vertex 360.8 376.097 440.022
    endloop
  endfacet
  facet normal 1 0 0
    outer loop
      vertex 360.8 377.759 441.409
      vertex 360.8 375.917 440.603
      vertex 360.8 376.022 440.324
    endloop
  endfacet
  facet normal 1 0 0
    outer loop
      vertex 360.8 377.531 441.814
      vertex 360.8 375.781 440.859
      vertex 360.8 375.917 440.603
    endloop
  endfacet
  facet normal 1 0 0
    outer loop
      vertex 360.8 374.951 441.642
      vertex 360.8 376.125 443.046
      vertex 360.8 375.661 443.246
    endloop
  endfacet
  facet normal 1 0 0
    outer loop
      vertex 360.8 377.252 442.182
      vertex 360.8 375.615 441.092
      vertex 360.8 375.781 440.859
    endloop
  endfacet
  facet normal 1 0 0
    outer loop
      vertex 360.8 376.922 442.512
      vertex 360.8 375.42 441.302
      vertex 360.8 375.615 441.092
    endloop
  endfacet
  facet normal 1 0 0
    outer loop
      vertex 360.8 376.546 442.801
      vertex 360.8 375.197 441.486
      vertex 360.8 375.42 441.302
    endloop
  endfacet
  facet normal 1 0 0
    outer loop
      vertex 360.8 374.682 441.77
      vertex 360.8 375.661 443.246
      vertex 360.8 375.154 443.402
    endloop
  endfacet
  facet normal 1 0 0
    outer loop
      vertex 360.8 376.125 443.046
      vertex 360.8 374.951 441.642
      vertex 360.8 375.197 441.486
    endloop
  endfacet
  facet normal 1 0 0
    outer loop
      vertex 360.8 375.661 443.246
      vertex 360.8 374.682 441.77
      vertex 360.8 374.951 441.642
    endloop
  endfacet
  facet normal 1 0 0
    outer loop
      vertex 360.8 374.389 441.869
      vertex 360.8 375.154 443.402
      vertex 360.8 374.602 443.513
    endloop
  endfacet
  facet normal 1 0 0
    outer loop
      vertex 360.8 375.154 443.402
      vertex 360.8 374.389 441.869
      vertex 360.8 374.682 441.77
    endloop
  endfacet
  facet normal 1 0 0
    outer loop
      vertex 360.8 374.602 443.513
      vertex 360.8 374.072 441.94
      vertex 360.8 374.389 441.869
    endloop
  endfacet
  facet normal 1 0 0
    outer loop
      vertex 360.8 374.007 443.58
      vertex 360.8 374.072 441.94
      vertex 360.8 374.602 443.513
    endloop
  endfacet
  facet normal 1 0 0
    outer loop
      vertex 360.8 374.007 443.58
      vertex 360.8 373.732 441.982
      vertex 360.8 374.072 441.94
    endloop
  endfacet
  facet normal 1 0 0
    outer loop
      vertex 360.8 373.369 443.602
      vertex 360.8 373.732 441.982
      vertex 360.8 374.007 443.58
    endloop
  endfacet
  facet normal 1 0 0
    outer loop
      vertex 360.8 373.369 443.602
      vertex 360.8 373.369 441.996
      vertex 360.8 373.732 441.982
    endloop
  endfacet
  facet normal 1 0 0
    outer loop
      vertex 360.8 373.369 443.602
      vertex 360.8 373.021 441.983
      vertex 360.8 373.369 441.996
    endloop
  endfacet
  facet normal 1 -0 0
    outer loop
      vertex 360.8 372.783 443.58
      vertex 360.8 373.021 441.983
      vertex 360.8 373.369 443.602
    endloop
  endfacet
  facet normal 1 0 0
    outer loop
      vertex 360.8 372.783 443.58
      vertex 360.8 372.692 441.941
      vertex 360.8 373.021 441.983
    endloop
  endfacet
  facet normal 1 -0 0
    outer loop
      vertex 360.8 372.229 443.514
      vertex 360.8 372.692 441.941
      vertex 360.8 372.783 443.58
    endloop
  endfacet
  facet normal 1 0 0
    outer loop
      vertex 360.8 372.692 441.941
      vertex 360.8 372.229 443.514
      vertex 360.8 372.38 441.872
    endloop
  endfacet
  facet normal 1 -0 0
    outer loop
      vertex 360.8 371.705 443.403
      vertex 360.8 372.38 441.872
      vertex 360.8 372.229 443.514
    endloop
  endfacet
  facet normal 1 0 0
    outer loop
      vertex 360.8 372.38 441.872
      vertex 360.8 371.705 443.403
      vertex 360.8 372.086 441.775
    endloop
  endfacet
  facet normal 1 -0 0
    outer loop
      vertex 360.8 371.213 443.248
      vertex 360.8 372.086 441.775
      vertex 360.8 371.705 443.403
    endloop
  endfacet
  facet normal 1 0 0
    outer loop
      vertex 360.8 372.086 441.775
      vertex 360.8 371.213 443.248
      vertex 360.8 371.811 441.65
    endloop
  endfacet
  facet normal 1 -0 0
    outer loop
      vertex 360.8 370.752 443.049
      vertex 360.8 371.811 441.65
      vertex 360.8 371.213 443.248
    endloop
  endfacet
  facet normal 1 0 0
    outer loop
      vertex 360.8 371.811 441.65
      vertex 360.8 370.752 443.049
      vertex 360.8 371.553 441.498
    endloop
  endfacet
  facet normal 1 -0 0
    outer loop
      vertex 360.8 370.322 442.805
      vertex 360.8 371.553 441.498
      vertex 360.8 370.752 443.049
    endloop
  endfacet
  facet normal 1 0 0
    outer loop
      vertex 360.8 371.553 441.498
      vertex 360.8 370.322 442.805
      vertex 360.8 371.313 441.318
    endloop
  endfacet
  facet normal 1 -0 0
    outer loop
      vertex 360.8 369.924 442.517
      vertex 360.8 371.313 441.318
      vertex 360.8 370.322 442.805
    endloop
  endfacet
  facet normal 1 0 0
    outer loop
      vertex 360.8 371.313 441.318
      vertex 360.8 369.924 442.517
      vertex 360.8 371.095 441.113
    endloop
  endfacet
  facet normal 1 -0 0
    outer loop
      vertex 360.8 369.564 442.192
      vertex 360.8 371.095 441.113
      vertex 360.8 369.924 442.517
    endloop
  endfacet
  facet normal 1 0 0
    outer loop
      vertex 360.8 371.095 441.113
      vertex 360.8 369.564 442.192
      vertex 360.8 370.905 440.886
    endloop
  endfacet
  facet normal 1 -0 0
    outer loop
      vertex 360.8 369.25 441.836
      vertex 360.8 370.905 440.886
      vertex 360.8 369.564 442.192
    endloop
  endfacet
  facet normal 1 0 0
    outer loop
      vertex 360.8 370.905 440.886
      vertex 360.8 369.25 441.836
      vertex 360.8 370.743 440.636
    endloop
  endfacet
  facet normal 1 -0 0
    outer loop
      vertex 360.8 368.982 441.45
      vertex 360.8 370.743 440.636
      vertex 360.8 369.25 441.836
    endloop
  endfacet
  facet normal 1 0 0
    outer loop
      vertex 360.8 370.743 440.636
      vertex 360.8 368.982 441.45
      vertex 360.8 370.607 440.364
    endloop
  endfacet
  facet normal 1 -0 0
    outer loop
      vertex 360.8 368.759 441.033
      vertex 360.8 370.607 440.364
      vertex 360.8 368.982 441.45
    endloop
  endfacet
  facet normal 1 0 0
    outer loop
      vertex 360.8 370.607 440.364
      vertex 360.8 368.759 441.033
      vertex 360.8 370.499 440.07
    endloop
  endfacet
  facet normal 1 -0 0
    outer loop
      vertex 360.8 368.583 440.585
      vertex 360.8 370.499 440.07
      vertex 360.8 368.759 441.033
    endloop
  endfacet
  facet normal 1 0 0
    outer loop
      vertex 360.8 370.499 440.07
      vertex 360.8 368.583 440.585
      vertex 360.8 370.417 439.753
    endloop
  endfacet
  facet normal 1 -0 0
    outer loop
      vertex 360.8 368.452 440.107
      vertex 360.8 370.417 439.753
      vertex 360.8 368.583 440.585
    endloop
  endfacet
  facet normal 1 0 0
    outer loop
      vertex 360.8 370.417 439.753
      vertex 360.8 368.452 440.107
      vertex 360.8 370.364 439.414
    endloop
  endfacet
  facet normal 1 0 0
    outer loop
      vertex 360.8 370.364 439.414
      vertex 360.8 368.452 440.107
      vertex 360.8 368.367 439.599
    endloop
  endfacet
  facet normal 1 0 0
    outer loop
      vertex 360.8 377.493 437.143
      vertex 360.8 375.843 437.893
      vertex 360.8 377.336 436.892
    endloop
  endfacet
  facet normal 1 -0 0
    outer loop
      vertex 360.8 375.729 437.678
      vertex 360.8 377.336 436.892
      vertex 360.8 375.843 437.893
    endloop
  endfacet
  facet normal 1 0 0
    outer loop
      vertex 360.8 377.336 436.892
      vertex 360.8 375.729 437.678
      vertex 360.8 377.163 436.641
    endloop
  endfacet
  facet normal 1 -0 0
    outer loop
      vertex 360.8 375.601 437.469
      vertex 360.8 377.163 436.641
      vertex 360.8 375.729 437.678
    endloop
  endfacet
  facet normal 1 0 0
    outer loop
      vertex 360.8 377.163 436.641
      vertex 360.8 375.601 437.469
      vertex 360.8 376.974 436.39
    endloop
  endfacet
  facet normal 1 -0 0
    outer loop
      vertex 360.8 375.462 437.262
      vertex 360.8 376.974 436.39
      vertex 360.8 375.601 437.469
    endloop
  endfacet
  facet normal 1 0 0
    outer loop
      vertex 360.8 376.974 436.39
      vertex 360.8 375.462 437.262
      vertex 360.8 376.769 436.139
    endloop
  endfacet
  facet normal 1 -0 0
    outer loop
      vertex 360.8 375.313 437.058
      vertex 360.8 376.769 436.139
      vertex 360.8 375.462 437.262
    endloop
  endfacet
  facet normal 1 0 0
    outer loop
      vertex 360.8 376.769 436.139
      vertex 360.8 375.313 437.058
      vertex 360.8 376.548 435.888
    endloop
  endfacet
  facet normal 1 -0 0
    outer loop
      vertex 360.8 375.152 436.856
      vertex 360.8 376.548 435.888
      vertex 360.8 375.313 437.058
    endloop
  endfacet
  facet normal 1 0 0
    outer loop
      vertex 360.8 376.548 435.888
      vertex 360.8 375.152 436.856
      vertex 360.8 376.289 435.617
    endloop
  endfacet
  facet normal 1 -0 0
    outer loop
      vertex 360.8 374.981 436.657
      vertex 360.8 376.289 435.617
      vertex 360.8 375.152 436.856
    endloop
  endfacet
  facet normal 1 0 0
    outer loop
      vertex 360.8 376.289 435.617
      vertex 360.8 374.981 436.657
      vertex 360.8 375.97 435.307
    endloop
  endfacet
  facet normal 1 -0 0
    outer loop
      vertex 360.8 374.799 436.461
      vertex 360.8 375.97 435.307
      vertex 360.8 374.981 436.657
    endloop
  endfacet
  facet normal 1 -0 0
    outer loop
      vertex 360.8 374.606 436.267
      vertex 360.8 375.97 435.307
      vertex 360.8 374.799 436.461
    endloop
  endfacet
  facet normal 1 0 0
    outer loop
      vertex 360.8 375.97 435.307
      vertex 360.8 374.606 436.267
      vertex 360.8 375.591 434.957
    endloop
  endfacet
  facet normal 1 -0 0
    outer loop
      vertex 360.8 374.404 436.075
      vertex 360.8 375.591 434.957
      vertex 360.8 374.606 436.267
    endloop
  endfacet
  facet normal 1 -0 0
    outer loop
      vertex 360.8 374.195 435.883
      vertex 360.8 375.591 434.957
      vertex 360.8 374.404 436.075
    endloop
  endfacet
  facet normal 1 0 0
    outer loop
      vertex 360.8 375.591 434.957
      vertex 360.8 374.195 435.883
      vertex 360.8 375.152 434.568
    endloop
  endfacet
  facet normal 1 -0 0
    outer loop
      vertex 360.8 373.98 435.691
      vertex 360.8 375.152 434.568
      vertex 360.8 374.195 435.883
    endloop
  endfacet
  facet normal 1 -0 0
    outer loop
      vertex 360.8 373.757 435.499
      vertex 360.8 375.152 434.568
      vertex 360.8 373.98 435.691
    endloop
  endfacet
  facet normal 1 0 0
    outer loop
      vertex 360.8 375.152 434.568
      vertex 360.8 373.757 435.499
      vertex 360.8 374.654 434.14
    endloop
  endfacet
  facet normal 1 -0 0
    outer loop
      vertex 360.8 373.528 435.307
      vertex 360.8 374.654 434.14
      vertex 360.8 373.757 435.499
    endloop
  endfacet
  facet normal 1 -0 0
    outer loop
      vertex 360.8 373.292 435.114
      vertex 360.8 374.654 434.14
      vertex 360.8 373.528 435.307
    endloop
  endfacet
  facet normal 1 0 0
    outer loop
      vertex 360.8 374.654 434.14
      vertex 360.8 373.292 435.114
      vertex 360.8 374.095 433.672
    endloop
  endfacet
  facet normal 1 -0 0
    outer loop
      vertex 360.8 373.049 434.922
      vertex 360.8 374.095 433.672
      vertex 360.8 373.292 435.114
    endloop
  endfacet
  facet normal 1 -0 0
    outer loop
      vertex 360.8 372.802 434.728
      vertex 360.8 374.095 433.672
      vertex 360.8 373.049 434.922
    endloop
  endfacet
  facet normal 1 0 0
    outer loop
      vertex 360.8 374.095 433.672
      vertex 360.8 372.802 434.728
      vertex 360.8 373.477 433.164
    endloop
  endfacet
  facet normal 1 -0 0
    outer loop
      vertex 360.8 372.555 434.529
      vertex 360.8 373.477 433.164
      vertex 360.8 372.802 434.728
    endloop
  endfacet
  facet normal 1 -0 0
    outer loop
      vertex 360.8 372.306 434.325
      vertex 360.8 373.477 433.164
      vertex 360.8 372.555 434.529
    endloop
  endfacet
  facet normal 1 0 0
    outer loop
      vertex 360.8 373.477 433.164
      vertex 360.8 372.306 434.325
      vertex 360.8 373.131 432.877
    endloop
  endfacet
  facet normal 1 -0 0
    outer loop
      vertex 360.8 372.058 434.116
      vertex 360.8 373.131 432.877
      vertex 360.8 372.306 434.325
    endloop
  endfacet
  facet normal 1 -0 0
    outer loop
      vertex 360.8 371.808 433.903
      vertex 360.8 373.131 432.877
      vertex 360.8 372.058 434.116
    endloop
  endfacet
  facet normal 1 0 0
    outer loop
      vertex 360.8 373.131 432.877
      vertex 360.8 371.808 433.903
      vertex 360.8 372.806 432.598
    endloop
  endfacet
  facet normal 1 -0 0
    outer loop
      vertex 360.8 371.558 433.685
      vertex 360.8 372.806 432.598
      vertex 360.8 371.808 433.903
    endloop
  endfacet
  facet normal 1 0 0
    outer loop
      vertex 360.8 372.806 432.598
      vertex 360.8 371.558 433.685
      vertex 360.8 372.502 432.327
    endloop
  endfacet
  facet normal 1 -0 0
    outer loop
      vertex 360.8 371.307 433.463
      vertex 360.8 372.502 432.327
      vertex 360.8 371.558 433.685
    endloop
  endfacet
  facet normal 1 0 0
    outer loop
      vertex 360.8 372.502 432.327
      vertex 360.8 371.307 433.463
      vertex 360.8 372.218 432.064
    endloop
  endfacet
  facet normal 1 -0 0
    outer loop
      vertex 360.8 371.058 433.234
      vertex 360.8 372.218 432.064
      vertex 360.8 371.307 433.463
    endloop
  endfacet
  facet normal 1 0 0
    outer loop
      vertex 360.8 372.218 432.064
      vertex 360.8 371.058 433.234
      vertex 360.8 371.955 431.81
    endloop
  endfacet
  facet normal 1 -0 0
    outer loop
      vertex 360.8 370.812 432.998
      vertex 360.8 371.955 431.81
      vertex 360.8 371.058 433.234
    endloop
  endfacet
  facet normal 1 -0 0
    outer loop
      vertex 360.8 370.569 432.755
      vertex 360.8 371.955 431.81
      vertex 360.8 370.812 432.998
    endloop
  endfacet
  facet normal 1 0 0
    outer loop
      vertex 360.8 371.955 431.81
      vertex 360.8 370.569 432.755
      vertex 360.8 371.713 431.564
    endloop
  endfacet
  facet normal 1 -0 0
    outer loop
      vertex 360.8 370.33 432.504
      vertex 360.8 371.713 431.564
      vertex 360.8 370.569 432.755
    endloop
  endfacet
  facet normal 1 0 0
    outer loop
      vertex 360.8 371.713 431.564
      vertex 360.8 370.33 432.504
      vertex 360.8 371.492 431.325
    endloop
  endfacet
  facet normal 1 -0 0
    outer loop
      vertex 360.8 370.093 432.245
      vertex 360.8 371.492 431.325
      vertex 360.8 370.33 432.504
    endloop
  endfacet
  facet normal 1 0 0
    outer loop
      vertex 360.8 371.492 431.325
      vertex 360.8 370.093 432.245
      vertex 360.8 371.289 431.093
    endloop
  endfacet
  facet normal 1 -0 0
    outer loop
      vertex 360.8 369.861 431.979
      vertex 360.8 371.289 431.093
      vertex 360.8 370.093 432.245
    endloop
  endfacet
  facet normal 1 0 0
    outer loop
      vertex 360.8 371.289 431.093
      vertex 360.8 369.861 431.979
      vertex 360.8 371.104 430.862
    endloop
  endfacet
  facet normal 1 -0 0
    outer loop
      vertex 360.8 369.631 431.705
      vertex 360.8 371.104 430.862
      vertex 360.8 369.861 431.979
    endloop
  endfacet
  facet normal 1 0 0
    outer loop
      vertex 360.8 371.104 430.862
      vertex 360.8 369.631 431.705
      vertex 360.8 370.935 430.634
    endloop
  endfacet
  facet normal 1 -0 0
    outer loop
      vertex 360.8 369.408 431.422
      vertex 360.8 370.935 430.634
      vertex 360.8 369.631 431.705
    endloop
  endfacet
  facet normal 1 -0 0
    outer loop
      vertex 360.8 370.429 429.747
      vertex 360.8 378.403 428.087
      vertex 360.8 378.403 429.747
    endloop
  endfacet
  facet normal 1 0 0
    outer loop
      vertex 360.8 370.935 430.634
      vertex 360.8 369.408 431.422
      vertex 360.8 370.783 430.409
    endloop
  endfacet
  facet normal 1 -0 0
    outer loop
      vertex 360.8 369.195 431.126
      vertex 360.8 370.783 430.409
      vertex 360.8 369.408 431.422
    endloop
  endfacet
  facet normal 1 0 0
    outer loop
      vertex 360.8 370.783 430.409
      vertex 360.8 369.195 431.126
      vertex 360.8 370.648 430.186
    endloop
  endfacet
  facet normal 1 0 0
    outer loop
      vertex 360.8 370.648 430.186
      vertex 360.8 369.195 431.126
      vertex 360.8 370.53 429.965
    endloop
  endfacet
  facet normal 1 -0 0
    outer loop
      vertex 360.8 368.992 430.818
      vertex 360.8 370.53 429.965
      vertex 360.8 369.195 431.126
    endloop
  endfacet
  facet normal 1 0 0
    outer loop
      vertex 360.8 370.53 429.965
      vertex 360.8 368.992 430.818
      vertex 360.8 370.429 429.747
    endloop
  endfacet
  facet normal 1 -0 0
    outer loop
      vertex 360.8 368.799 430.498
      vertex 360.8 370.429 429.747
      vertex 360.8 368.992 430.818
    endloop
  endfacet
  facet normal 1 -0 0
    outer loop
      vertex 360.8 368.616 430.166
      vertex 360.8 370.429 429.747
      vertex 360.8 368.799 430.498
    endloop
  endfacet
  facet normal 1 -0 0
    outer loop
      vertex 360.8 368.443 429.821
      vertex 360.8 370.429 429.747
      vertex 360.8 368.616 430.166
    endloop
  endfacet
  facet normal 1 0 0
    outer loop
      vertex 360.8 368.28 429.465
      vertex 360.8 370.429 429.747
      vertex 360.8 368.443 429.821
    endloop
  endfacet
  facet normal 1 0 0
    outer loop
      vertex 360.8 370.429 429.747
      vertex 360.8 368.28 429.465
      vertex 360.8 368.28 428.087
    endloop
  endfacet
  facet normal 1 0 0
    outer loop
      vertex 360.8 370.429 429.747
      vertex 360.8 368.28 428.087
      vertex 360.8 378.403 428.087
    endloop
  endfacet
  facet normal 1 -0 0
    outer loop
      vertex 360.8 337.275 439.348
      vertex 360.8 339.377 439.002
      vertex 360.8 339.348 439.572
    endloop
  endfacet
  facet normal 1 0 0
    outer loop
      vertex 360.8 339.377 439.002
      vertex 360.8 337.294 438.98
      vertex 360.8 339.357 438.526
    endloop
  endfacet
  facet normal 1 0 0
    outer loop
      vertex 360.8 337.275 439.348
      vertex 360.8 339.348 439.572
      vertex 360.8 339.262 440.106
    endloop
  endfacet
  facet normal 1 -0 0
    outer loop
      vertex 360.8 337.275 438.599
      vertex 360.8 339.357 438.526
      vertex 360.8 337.294 438.98
    endloop
  endfacet
  facet normal 1 0 0
    outer loop
      vertex 360.8 337.22 439.691
      vertex 360.8 339.262 440.106
      vertex 360.8 339.119 440.602
    endloop
  endfacet
  facet normal 1 0 0
    outer loop
      vertex 360.8 339.357 438.526
      vertex 360.8 337.275 438.599
      vertex 360.8 339.296 438.073
    endloop
  endfacet
  facet normal 1 0 0
    outer loop
      vertex 360.8 337.127 440.007
      vertex 360.8 339.119 440.602
      vertex 360.8 338.918 441.062
    endloop
  endfacet
  facet normal 1 -0 0
    outer loop
      vertex 360.8 337.221 438.243
      vertex 360.8 339.296 438.073
      vertex 360.8 337.275 438.599
    endloop
  endfacet
  facet normal 1 0 0
    outer loop
      vertex 360.8 336.998 440.298
      vertex 360.8 338.918 441.062
      vertex 360.8 338.66 441.485
    endloop
  endfacet
  facet normal 1 0 0
    outer loop
      vertex 360.8 339.296 438.073
      vertex 360.8 337.221 438.243
      vertex 360.8 339.194 437.641
    endloop
  endfacet
  facet normal 1 -0 0
    outer loop
      vertex 360.8 337.129 437.912
      vertex 360.8 339.194 437.641
      vertex 360.8 337.221 438.243
    endloop
  endfacet
  facet normal 1 0 0
    outer loop
      vertex 360.8 336.831 440.563
      vertex 360.8 338.66 441.485
      vertex 360.8 338.345 441.87
    endloop
  endfacet
  facet normal 1 0 0
    outer loop
      vertex 360.8 339.194 437.641
      vertex 360.8 337.129 437.912
      vertex 360.8 339.053 437.232
    endloop
  endfacet
  facet normal 1 0 0
    outer loop
      vertex 360.8 336.831 440.563
      vertex 360.8 338.345 441.87
      vertex 360.8 337.972 442.219
    endloop
  endfacet
  facet normal 1 0 0
    outer loop
      vertex 360.8 339.053 437.232
      vertex 360.8 337.129 437.912
      vertex 360.8 338.87 436.845
    endloop
  endfacet
  facet normal 1 0 0
    outer loop
      vertex 360.8 336.628 440.802
      vertex 360.8 337.972 442.219
      vertex 360.8 337.546 442.525
    endloop
  endfacet
  facet normal 1 -0 0
    outer loop
      vertex 360.8 337.001 437.605
      vertex 360.8 338.87 436.845
      vertex 360.8 337.129 437.912
    endloop
  endfacet
  facet normal 1 0 0
    outer loop
      vertex 360.8 338.87 436.845
      vertex 360.8 337.001 437.605
      vertex 360.8 338.647 436.48
    endloop
  endfacet
  facet normal 1 0 0
    outer loop
      vertex 360.8 339.377 439.002
      vertex 360.8 337.275 439.348
      vertex 360.8 337.294 438.98
    endloop
  endfacet
  facet normal 1 0 0
    outer loop
      vertex 360.8 339.262 440.106
      vertex 360.8 337.22 439.691
      vertex 360.8 337.275 439.348
    endloop
  endfacet
  facet normal 1 0 0
    outer loop
      vertex 360.8 339.119 440.602
      vertex 360.8 337.127 440.007
      vertex 360.8 337.22 439.691
    endloop
  endfacet
  facet normal 1 0 0
    outer loop
      vertex 360.8 336.388 441.014
      vertex 360.8 337.546 442.525
      vertex 360.8 337.073 442.785
    endloop
  endfacet
  facet normal 1 0 0
    outer loop
      vertex 360.8 338.918 441.062
      vertex 360.8 336.998 440.298
      vertex 360.8 337.127 440.007
    endloop
  endfacet
  facet normal 1 0 0
    outer loop
      vertex 360.8 338.66 441.485
      vertex 360.8 336.831 440.563
      vertex 360.8 336.998 440.298
    endloop
  endfacet
  facet normal 1 0 0
    outer loop
      vertex 360.8 337.972 442.219
      vertex 360.8 336.628 440.802
      vertex 360.8 336.831 440.563
    endloop
  endfacet
  facet normal 1 0 0
    outer loop
      vertex 360.8 336.112 441.2
      vertex 360.8 337.073 442.785
      vertex 360.8 336.551 442.997
    endloop
  endfacet
  facet normal 1 0 0
    outer loop
      vertex 360.8 337.546 442.525
      vertex 360.8 336.388 441.014
      vertex 360.8 336.628 440.802
    endloop
  endfacet
  facet normal 1 0 0
    outer loop
      vertex 360.8 337.073 442.785
      vertex 360.8 336.112 441.2
      vertex 360.8 336.388 441.014
    endloop
  endfacet
  facet normal 1 0 0
    outer loop
      vertex 360.8 335.805 441.357
      vertex 360.8 336.551 442.997
      vertex 360.8 335.982 443.162
    endloop
  endfacet
  facet normal 1 0 0
    outer loop
      vertex 360.8 336.551 442.997
      vertex 360.8 335.805 441.357
      vertex 360.8 336.112 441.2
    endloop
  endfacet
  facet normal 1 0 0
    outer loop
      vertex 360.8 335.982 443.162
      vertex 360.8 335.465 441.486
      vertex 360.8 335.805 441.357
    endloop
  endfacet
  facet normal 1 0 0
    outer loop
      vertex 360.8 335.364 443.28
      vertex 360.8 335.465 441.486
      vertex 360.8 335.982 443.162
    endloop
  endfacet
  facet normal 1 0 0
    outer loop
      vertex 360.8 335.364 443.28
      vertex 360.8 335.092 441.586
      vertex 360.8 335.465 441.486
    endloop
  endfacet
  facet normal 1 0 0
    outer loop
      vertex 360.8 334.687 441.657
      vertex 360.8 335.364 443.28
      vertex 360.8 334.698 443.351
    endloop
  endfacet
  facet normal 1 0 0
    outer loop
      vertex 360.8 335.364 443.28
      vertex 360.8 334.687 441.657
      vertex 360.8 335.092 441.586
    endloop
  endfacet
  facet normal 1 0 0
    outer loop
      vertex 360.8 334.698 443.351
      vertex 360.8 334.249 441.7
      vertex 360.8 334.687 441.657
    endloop
  endfacet
  facet normal 1 0 0
    outer loop
      vertex 360.8 333.984 443.374
      vertex 360.8 334.249 441.7
      vertex 360.8 334.698 443.351
    endloop
  endfacet
  facet normal 1 0 0
    outer loop
      vertex 360.8 333.984 443.374
      vertex 360.8 333.778 441.714
      vertex 360.8 334.249 441.7
    endloop
  endfacet
  facet normal 1 0 0
    outer loop
      vertex 360.8 333.984 443.374
      vertex 360.8 328.863 441.714
      vertex 360.8 333.778 441.714
    endloop
  endfacet
  facet normal 1 0 0
    outer loop
      vertex 360.8 326.791 443.374
      vertex 360.8 328.863 436.072
      vertex 360.8 328.863 441.714
    endloop
  endfacet
  facet normal 1 0 0
    outer loop
      vertex 360.8 326.791 428.087
      vertex 360.8 328.863 436.072
      vertex 360.8 326.791 443.374
    endloop
  endfacet
  facet normal 1 -0 0
    outer loop
      vertex 360.8 326.791 443.374
      vertex 360.8 328.863 441.714
      vertex 360.8 333.984 443.374
    endloop
  endfacet
  facet normal 1 0 0
    outer loop
      vertex 360.8 328.863 436.072
      vertex 360.8 326.791 428.087
      vertex 360.8 328.863 434.434
    endloop
  endfacet
  facet normal 1 0 0
    outer loop
      vertex 360.8 328.863 434.434
      vertex 360.8 326.791 428.087
      vertex 360.8 328.863 428.087
    endloop
  endfacet
  facet normal 1 -0 0
    outer loop
      vertex 360.8 336.837 437.324
      vertex 360.8 338.647 436.48
      vertex 360.8 337.001 437.605
    endloop
  endfacet
  facet normal 1 0 0
    outer loop
      vertex 360.8 338.647 436.48
      vertex 360.8 336.837 437.324
      vertex 360.8 338.384 436.137
    endloop
  endfacet
  facet normal 1 0 0
    outer loop
      vertex 360.8 338.384 436.137
      vertex 360.8 336.837 437.324
      vertex 360.8 338.085 435.823
    endloop
  endfacet
  facet normal 1 -0 0
    outer loop
      vertex 360.8 336.636 437.068
      vertex 360.8 338.085 435.823
      vertex 360.8 336.837 437.324
    endloop
  endfacet
  facet normal 1 0 0
    outer loop
      vertex 360.8 338.085 435.823
      vertex 360.8 336.636 437.068
      vertex 360.8 337.755 435.544
    endloop
  endfacet
  facet normal 1 -0 0
    outer loop
      vertex 360.8 336.398 436.837
      vertex 360.8 337.755 435.544
      vertex 360.8 336.636 437.068
    endloop
  endfacet
  facet normal 1 0 0
    outer loop
      vertex 360.8 337.755 435.544
      vertex 360.8 336.398 436.837
      vertex 360.8 337.395 435.3
    endloop
  endfacet
  facet normal 1 -0 0
    outer loop
      vertex 360.8 336.128 436.634
      vertex 360.8 337.395 435.3
      vertex 360.8 336.398 436.837
    endloop
  endfacet
  facet normal 1 0 0
    outer loop
      vertex 360.8 337.395 435.3
      vertex 360.8 336.128 436.634
      vertex 360.8 337.003 435.09
    endloop
  endfacet
  facet normal 1 0 0
    outer loop
      vertex 360.8 337.003 435.09
      vertex 360.8 336.128 436.634
      vertex 360.8 336.581 434.916
    endloop
  endfacet
  facet normal 1 -0 0
    outer loop
      vertex 360.8 335.826 436.463
      vertex 360.8 336.581 434.916
      vertex 360.8 336.128 436.634
    endloop
  endfacet
  facet normal 1 0 0
    outer loop
      vertex 360.8 336.581 434.916
      vertex 360.8 335.826 436.463
      vertex 360.8 336.128 434.777
    endloop
  endfacet
  facet normal 1 -0 0
    outer loop
      vertex 360.8 335.495 436.322
      vertex 360.8 336.128 434.777
      vertex 360.8 335.826 436.463
    endloop
  endfacet
  facet normal 1 0 0
    outer loop
      vertex 360.8 336.128 434.777
      vertex 360.8 335.495 436.322
      vertex 360.8 335.645 434.673
    endloop
  endfacet
  facet normal 1 0 0
    outer loop
      vertex 360.8 335.645 434.673
      vertex 360.8 337.598 428.087
      vertex 360.8 339.985 428.087
    endloop
  endfacet
  facet normal 1 -0 0
    outer loop
      vertex 360.8 335.133 436.213
      vertex 360.8 335.645 434.673
      vertex 360.8 335.495 436.322
    endloop
  endfacet
  facet normal 1 -0 0
    outer loop
      vertex 360.8 334.741 436.135
      vertex 360.8 335.645 434.673
      vertex 360.8 335.133 436.213
    endloop
  endfacet
  facet normal 1 -0 0
    outer loop
      vertex 360.8 334.318 436.088
      vertex 360.8 335.645 434.673
      vertex 360.8 334.741 436.135
    endloop
  endfacet
  facet normal 1 0 0
    outer loop
      vertex 360.8 335.645 434.673
      vertex 360.8 334.318 436.088
      vertex 360.8 333.626 434.434
    endloop
  endfacet
  facet normal 1 0 0
    outer loop
      vertex 360.8 333.626 434.434
      vertex 360.8 334.318 436.088
      vertex 360.8 333.865 436.072
    endloop
  endfacet
  facet normal 1 0 0
    outer loop
      vertex 360.8 335.645 434.673
      vertex 360.8 333.626 434.434
      vertex 360.8 337.598 428.087
    endloop
  endfacet
  facet normal 1 -0 0
    outer loop
      vertex 360.8 328.863 436.072
      vertex 360.8 333.626 434.434
      vertex 360.8 333.865 436.072
    endloop
  endfacet
  facet normal 1 0 0
    outer loop
      vertex 360.8 333.626 434.434
      vertex 360.8 328.863 436.072
      vertex 360.8 328.863 434.434
    endloop
  endfacet
  facet normal 1 0 0
    outer loop
      vertex 360.8 353.454 441.508
      vertex 360.8 355.418 443.374
      vertex 360.8 353.617 443.374
    endloop
  endfacet
  facet normal 1 -0 0
    outer loop
      vertex 360.8 355.418 429.747
      vertex 360.8 359.14 428.087
      vertex 360.8 359.14 429.747
    endloop
  endfacet
  facet normal 1 0 0
    outer loop
      vertex 360.8 355.418 443.374
      vertex 360.8 353.454 441.508
      vertex 360.8 355.418 429.747
    endloop
  endfacet
  facet normal 1 0 0
    outer loop
      vertex 360.8 353.454 429.747
      vertex 360.8 355.418 429.747
      vertex 360.8 353.454 441.508
    endloop
  endfacet
  facet normal 1 -0 0
    outer loop
      vertex 360.8 353.454 429.747
      vertex 360.8 359.14 428.087
      vertex 360.8 355.418 429.747
    endloop
  endfacet
  facet normal 1 0 0
    outer loop
      vertex 360.8 349.559 428.087
      vertex 360.8 353.454 429.747
      vertex 360.8 349.559 429.747
    endloop
  endfacet
  facet normal 1 0 0
    outer loop
      vertex 360.8 353.454 429.747
      vertex 360.8 349.559 428.087
      vertex 360.8 359.14 428.087
    endloop
  endfacet
  facet normal 1 0 0
    outer loop
      vertex 360.8 350.004 440.89
      vertex 360.8 353.454 441.508
      vertex 360.8 353.617 443.374
    endloop
  endfacet
  facet normal 1 0 0
    outer loop
      vertex 360.8 353.454 441.508
      vertex 360.8 350.004 440.89
      vertex 360.8 350.004 439.045
    endloop
  endfacet
  facet normal 1 -0 0
    outer loop
      vertex 360.8 341.627 434.857
      vertex 360.8 347.052 433.121
      vertex 360.8 347.052 434.857
    endloop
  endfacet
  facet normal 1 0 0
    outer loop
      vertex 360.8 347.052 433.121
      vertex 360.8 341.627 434.857
      vertex 360.8 341.627 433.121
    endloop
  endfacet
  facet normal 1 -0 0
    outer loop
      vertex 360.8 360.923 434.857
      vertex 360.8 366.348 433.121
      vertex 360.8 366.348 434.857
    endloop
  endfacet
  facet normal 1 0 0
    outer loop
      vertex 360.8 366.348 433.121
      vertex 360.8 360.923 434.857
      vertex 360.8 360.923 433.121
    endloop
  endfacet
  facet normal 0 0 -1
    outer loop
      vertex 360.8 370.429 429.747
      vertex 361.8 378.403 429.747
      vertex 361.8 370.429 429.747
    endloop
  endfacet
  facet normal -0 0 -1
    outer loop
      vertex 361.8 378.403 429.747
      vertex 360.8 370.429 429.747
      vertex 360.8 378.403 429.747
    endloop
  endfacet
  facet normal 0 -0.907349 0.420377
    outer loop
      vertex 360.8 370.429 429.747
      vertex 361.8 370.53 429.965
      vertex 360.8 370.53 429.965
    endloop
  endfacet
  facet normal 0 -0.907349 0.420377
    outer loop
      vertex 361.8 370.53 429.965
      vertex 360.8 370.429 429.747
      vertex 361.8 370.429 429.747
    endloop
  endfacet
  facet normal 0 -0.882132 0.471003
    outer loop
      vertex 360.8 370.53 429.965
      vertex 361.8 370.648 430.186
      vertex 360.8 370.648 430.186
    endloop
  endfacet
  facet normal 0 -0.882132 0.471003
    outer loop
      vertex 361.8 370.648 430.186
      vertex 360.8 370.53 429.965
      vertex 361.8 370.53 429.965
    endloop
  endfacet
  facet normal 0 -0.855455 0.517877
    outer loop
      vertex 360.8 370.648 430.186
      vertex 361.8 370.783 430.409
      vertex 360.8 370.783 430.409
    endloop
  endfacet
  facet normal 0 -0.855455 0.517877
    outer loop
      vertex 361.8 370.783 430.409
      vertex 360.8 370.648 430.186
      vertex 361.8 370.648 430.186
    endloop
  endfacet
  facet normal 0 -0.828635 0.559789
    outer loop
      vertex 360.8 370.783 430.409
      vertex 361.8 370.935 430.634
      vertex 360.8 370.935 430.634
    endloop
  endfacet
  facet normal 0 -0.828635 0.559789
    outer loop
      vertex 361.8 370.935 430.634
      vertex 360.8 370.783 430.409
      vertex 361.8 370.783 430.409
    endloop
  endfacet
  facet normal 0 -0.80337 0.59548
    outer loop
      vertex 360.8 370.935 430.634
      vertex 361.8 371.104 430.862
      vertex 360.8 371.104 430.862
    endloop
  endfacet
  facet normal 0 -0.80337 0.59548
    outer loop
      vertex 361.8 371.104 430.862
      vertex 360.8 370.935 430.634
      vertex 361.8 370.935 430.634
    endloop
  endfacet
  facet normal 0 -0.780539 0.625107
    outer loop
      vertex 360.8 371.104 430.862
      vertex 361.8 371.289 431.093
      vertex 360.8 371.289 431.093
    endloop
  endfacet
  facet normal 0 -0.780539 0.625107
    outer loop
      vertex 361.8 371.289 431.093
      vertex 360.8 371.104 430.862
      vertex 361.8 371.104 430.862
    endloop
  endfacet
  facet normal 0 -0.752577 0.658505
    outer loop
      vertex 360.8 371.289 431.093
      vertex 361.8 371.492 431.325
      vertex 360.8 371.492 431.325
    endloop
  endfacet
  facet normal 0 -0.752577 0.658505
    outer loop
      vertex 361.8 371.492 431.325
      vertex 360.8 371.289 431.093
      vertex 361.8 371.289 431.093
    endloop
  endfacet
  facet normal 0 -0.734214 0.678918
    outer loop
      vertex 360.8 371.492 431.325
      vertex 361.8 371.713 431.564
      vertex 360.8 371.713 431.564
    endloop
  endfacet
  facet normal 0 -0.734214 0.678918
    outer loop
      vertex 361.8 371.713 431.564
      vertex 360.8 371.492 431.325
      vertex 361.8 371.492 431.325
    endloop
  endfacet
  facet normal 0 -0.712879 0.701287
    outer loop
      vertex 360.8 371.713 431.564
      vertex 361.8 371.955 431.81
      vertex 360.8 371.955 431.81
    endloop
  endfacet
  facet normal 0 -0.712879 0.701287
    outer loop
      vertex 361.8 371.955 431.81
      vertex 360.8 371.713 431.564
      vertex 361.8 371.713 431.564
    endloop
  endfacet
  facet normal 0 -0.694692 0.719307
    outer loop
      vertex 360.8 372.218 432.064
      vertex 361.8 371.955 431.81
      vertex 361.8 372.218 432.064
    endloop
  endfacet
  facet normal 0 -0.694692 0.719307
    outer loop
      vertex 361.8 371.955 431.81
      vertex 360.8 372.218 432.064
      vertex 360.8 371.955 431.81
    endloop
  endfacet
  facet normal 0 -0.67946 0.733713
    outer loop
      vertex 360.8 372.502 432.327
      vertex 361.8 372.218 432.064
      vertex 361.8 372.502 432.327
    endloop
  endfacet
  facet normal 0 -0.67946 0.733713
    outer loop
      vertex 361.8 372.218 432.064
      vertex 360.8 372.502 432.327
      vertex 360.8 372.218 432.064
    endloop
  endfacet
  facet normal 0 -0.66543 0.74646
    outer loop
      vertex 360.8 372.806 432.598
      vertex 361.8 372.502 432.327
      vertex 361.8 372.806 432.598
    endloop
  endfacet
  facet normal 0 -0.66543 0.74646
    outer loop
      vertex 361.8 372.502 432.327
      vertex 360.8 372.806 432.598
      vertex 360.8 372.502 432.327
    endloop
  endfacet
  facet normal 0 -0.651368 0.758762
    outer loop
      vertex 360.8 373.131 432.877
      vertex 361.8 372.806 432.598
      vertex 361.8 373.131 432.877
    endloop
  endfacet
  facet normal 0 -0.651368 0.758762
    outer loop
      vertex 361.8 372.806 432.598
      vertex 360.8 373.131 432.877
      vertex 360.8 372.806 432.598
    endloop
  endfacet
  facet normal 0 -0.638432 0.769678
    outer loop
      vertex 360.8 373.477 433.164
      vertex 361.8 373.131 432.877
      vertex 361.8 373.477 433.164
    endloop
  endfacet
  facet normal 0 -0.638432 0.769678
    outer loop
      vertex 361.8 373.131 432.877
      vertex 360.8 373.477 433.164
      vertex 360.8 373.131 432.877
    endloop
  endfacet
  facet normal 0 -0.635006 0.772507
    outer loop
      vertex 360.8 374.095 433.672
      vertex 361.8 373.477 433.164
      vertex 361.8 374.095 433.672
    endloop
  endfacet
  facet normal 0 -0.635006 0.772507
    outer loop
      vertex 361.8 373.477 433.164
      vertex 360.8 374.095 433.672
      vertex 360.8 373.477 433.164
    endloop
  endfacet
  facet normal 0 -0.641937 0.766758
    outer loop
      vertex 360.8 374.654 434.14
      vertex 361.8 374.095 433.672
      vertex 361.8 374.654 434.14
    endloop
  endfacet
  facet normal 0 -0.641937 0.766758
    outer loop
      vertex 361.8 374.095 433.672
      vertex 360.8 374.654 434.14
      vertex 360.8 374.095 433.672
    endloop
  endfacet
  facet normal 0 -0.651794 0.758396
    outer loop
      vertex 360.8 375.152 434.568
      vertex 361.8 374.654 434.14
      vertex 361.8 375.152 434.568
    endloop
  endfacet
  facet normal 0 -0.651794 0.758396
    outer loop
      vertex 361.8 374.654 434.14
      vertex 360.8 375.152 434.568
      vertex 360.8 374.654 434.14
    endloop
  endfacet
  facet normal 0 -0.663199 0.748443
    outer loop
      vertex 360.8 375.591 434.957
      vertex 361.8 375.152 434.568
      vertex 361.8 375.591 434.957
    endloop
  endfacet
  facet normal 0 -0.663199 0.748443
    outer loop
      vertex 361.8 375.152 434.568
      vertex 360.8 375.591 434.957
      vertex 360.8 375.152 434.568
    endloop
  endfacet
  facet normal 0 -0.678441 0.734655
    outer loop
      vertex 360.8 375.97 435.307
      vertex 361.8 375.591 434.957
      vertex 361.8 375.97 435.307
    endloop
  endfacet
  facet normal 0 -0.678441 0.734655
    outer loop
      vertex 361.8 375.591 434.957
      vertex 360.8 375.97 435.307
      vertex 360.8 375.591 434.957
    endloop
  endfacet
  facet normal 0 -0.696918 0.717151
    outer loop
      vertex 360.8 376.289 435.617
      vertex 361.8 375.97 435.307
      vertex 361.8 376.289 435.617
    endloop
  endfacet
  facet normal 0 -0.696918 0.717151
    outer loop
      vertex 361.8 375.97 435.307
      vertex 360.8 376.289 435.617
      vertex 360.8 375.97 435.307
    endloop
  endfacet
  facet normal 0 -0.722931 0.69092
    outer loop
      vertex 360.8 376.289 435.617
      vertex 361.8 376.548 435.888
      vertex 360.8 376.548 435.888
    endloop
  endfacet
  facet normal 0 -0.722931 0.69092
    outer loop
      vertex 361.8 376.548 435.888
      vertex 360.8 376.289 435.617
      vertex 361.8 376.289 435.617
    endloop
  endfacet
  facet normal 0 -0.750536 0.66083
    outer loop
      vertex 360.8 376.548 435.888
      vertex 361.8 376.769 436.139
      vertex 360.8 376.769 436.139
    endloop
  endfacet
  facet normal 0 -0.750536 0.66083
    outer loop
      vertex 361.8 376.769 436.139
      vertex 360.8 376.548 435.888
      vertex 361.8 376.548 435.888
    endloop
  endfacet
  facet normal 0 -0.774507 0.632565
    outer loop
      vertex 360.8 376.769 436.139
      vertex 361.8 376.974 436.39
      vertex 360.8 376.974 436.39
    endloop
  endfacet
  facet normal 0 -0.774507 0.632565
    outer loop
      vertex 361.8 376.974 436.39
      vertex 360.8 376.769 436.139
      vertex 361.8 376.769 436.139
    endloop
  endfacet
  facet normal 0 -0.798853 0.601527
    outer loop
      vertex 360.8 376.974 436.39
      vertex 361.8 377.163 436.641
      vertex 360.8 377.163 436.641
    endloop
  endfacet
  facet normal 0 -0.798853 0.601527
    outer loop
      vertex 361.8 377.163 436.641
      vertex 360.8 376.974 436.39
      vertex 361.8 376.974 436.39
    endloop
  endfacet
  facet normal 0 -0.823371 0.567503
    outer loop
      vertex 360.8 377.163 436.641
      vertex 361.8 377.336 436.892
      vertex 360.8 377.336 436.892
    endloop
  endfacet
  facet normal 0 -0.823371 0.567503
    outer loop
      vertex 361.8 377.336 436.892
      vertex 360.8 377.163 436.641
      vertex 361.8 377.163 436.641
    endloop
  endfacet
  facet normal 0 -0.847808 0.530303
    outer loop
      vertex 360.8 377.336 436.892
      vertex 361.8 377.493 437.143
      vertex 360.8 377.493 437.143
    endloop
  endfacet
  facet normal 0 -0.847808 0.530303
    outer loop
      vertex 361.8 377.493 437.143
      vertex 360.8 377.336 436.892
      vertex 361.8 377.336 436.892
    endloop
  endfacet
  facet normal 0 -0.873335 0.487119
    outer loop
      vertex 360.8 377.493 437.143
      vertex 361.8 377.633 437.394
      vertex 360.8 377.633 437.394
    endloop
  endfacet
  facet normal 0 -0.873335 0.487119
    outer loop
      vertex 361.8 377.633 437.394
      vertex 360.8 377.493 437.143
      vertex 361.8 377.493 437.143
    endloop
  endfacet
  facet normal 0 -0.895845 0.444367
    outer loop
      vertex 360.8 377.633 437.394
      vertex 361.8 377.758 437.646
      vertex 360.8 377.758 437.646
    endloop
  endfacet
  facet normal 0 -0.895845 0.444367
    outer loop
      vertex 361.8 377.758 437.646
      vertex 360.8 377.633 437.394
      vertex 361.8 377.633 437.394
    endloop
  endfacet
  facet normal 0 -0.918576 0.395244
    outer loop
      vertex 360.8 377.758 437.646
      vertex 361.8 377.866 437.897
      vertex 360.8 377.866 437.897
    endloop
  endfacet
  facet normal 0 -0.918576 0.395244
    outer loop
      vertex 361.8 377.866 437.897
      vertex 360.8 377.758 437.646
      vertex 361.8 377.758 437.646
    endloop
  endfacet
  facet normal 0 -0.940554 0.339644
    outer loop
      vertex 360.8 377.866 437.897
      vertex 361.8 377.957 438.149
      vertex 360.8 377.957 438.149
    endloop
  endfacet
  facet normal 0 -0.940554 0.339644
    outer loop
      vertex 361.8 377.957 438.149
      vertex 360.8 377.866 437.897
      vertex 361.8 377.866 437.897
    endloop
  endfacet
  facet normal 0 -0.958452 0.285254
    outer loop
      vertex 360.8 377.957 438.149
      vertex 361.8 378.032 438.401
      vertex 360.8 378.032 438.401
    endloop
  endfacet
  facet normal 0 -0.958452 0.285254
    outer loop
      vertex 361.8 378.032 438.401
      vertex 360.8 377.957 438.149
      vertex 361.8 377.957 438.149
    endloop
  endfacet
  facet normal 0 -0.974521 0.224295
    outer loop
      vertex 360.8 378.032 438.401
      vertex 361.8 378.09 438.653
      vertex 360.8 378.09 438.653
    endloop
  endfacet
  facet normal 0 -0.974521 0.224295
    outer loop
      vertex 361.8 378.09 438.653
      vertex 360.8 378.032 438.401
      vertex 361.8 378.032 438.401
    endloop
  endfacet
  facet normal 0 -0.987221 0.159355
    outer loop
      vertex 360.8 378.09 438.653
      vertex 361.8 378.131 438.907
      vertex 360.8 378.131 438.907
    endloop
  endfacet
  facet normal 0 -0.987221 0.159355
    outer loop
      vertex 361.8 378.131 438.907
      vertex 360.8 378.09 438.653
      vertex 361.8 378.09 438.653
    endloop
  endfacet
  facet normal 0 -0.995153 0.0983353
    outer loop
      vertex 360.8 378.131 438.907
      vertex 361.8 378.156 439.16
      vertex 360.8 378.156 439.16
    endloop
  endfacet
  facet normal 0 -0.995153 0.0983353
    outer loop
      vertex 361.8 378.156 439.16
      vertex 360.8 378.131 438.907
      vertex 361.8 378.131 438.907
    endloop
  endfacet
  facet normal 0 -0.999373 0.0354108
    outer loop
      vertex 360.8 378.156 439.16
      vertex 361.8 378.165 439.414
      vertex 360.8 378.165 439.414
    endloop
  endfacet
  facet normal 0 -0.999373 0.0354108
    outer loop
      vertex 361.8 378.165 439.414
      vertex 360.8 378.156 439.16
      vertex 361.8 378.156 439.16
    endloop
  endfacet
  facet normal 0 -0.998904 -0.0467955
    outer loop
      vertex 360.8 378.165 439.414
      vertex 361.8 378.139 439.969
      vertex 360.8 378.139 439.969
    endloop
  endfacet
  facet normal 0 -0.998904 -0.0467955
    outer loop
      vertex 361.8 378.139 439.969
      vertex 360.8 378.165 439.414
      vertex 361.8 378.165 439.414
    endloop
  endfacet
  facet normal 0 -0.989367 -0.145439
    outer loop
      vertex 360.8 378.139 439.969
      vertex 361.8 378.063 440.486
      vertex 360.8 378.063 440.486
    endloop
  endfacet
  facet normal 0 -0.989367 -0.145439
    outer loop
      vertex 361.8 378.063 440.486
      vertex 360.8 378.139 439.969
      vertex 361.8 378.139 439.969
    endloop
  endfacet
  facet normal 0 -0.966735 -0.255782
    outer loop
      vertex 360.8 378.063 440.486
      vertex 361.8 377.936 440.966
      vertex 360.8 377.936 440.966
    endloop
  endfacet
  facet normal 0 -0.966735 -0.255782
    outer loop
      vertex 361.8 377.936 440.966
      vertex 360.8 378.063 440.486
      vertex 361.8 378.063 440.486
    endloop
  endfacet
  facet normal 0 -0.928621 -0.371029
    outer loop
      vertex 360.8 377.936 440.966
      vertex 361.8 377.759 441.409
      vertex 360.8 377.759 441.409
    endloop
  endfacet
  facet normal 0 -0.928621 -0.371029
    outer loop
      vertex 361.8 377.759 441.409
      vertex 360.8 377.936 440.966
      vertex 361.8 377.936 440.966
    endloop
  endfacet
  facet normal 0 -0.871403 -0.490568
    outer loop
      vertex 360.8 377.759 441.409
      vertex 361.8 377.531 441.814
      vertex 360.8 377.531 441.814
    endloop
  endfacet
  facet normal 0 -0.871403 -0.490568
    outer loop
      vertex 361.8 377.531 441.814
      vertex 360.8 377.759 441.409
      vertex 361.8 377.759 441.409
    endloop
  endfacet
  facet normal 0 -0.796871 -0.604149
    outer loop
      vertex 360.8 377.531 441.814
      vertex 361.8 377.252 442.182
      vertex 360.8 377.252 442.182
    endloop
  endfacet
  facet normal 0 -0.796871 -0.604149
    outer loop
      vertex 361.8 377.252 442.182
      vertex 360.8 377.531 441.814
      vertex 361.8 377.531 441.814
    endloop
  endfacet
  facet normal 0 -0.707107 -0.707107
    outer loop
      vertex 360.8 377.252 442.182
      vertex 361.8 376.922 442.512
      vertex 360.8 376.922 442.512
    endloop
  endfacet
  facet normal 0 -0.707107 -0.707107
    outer loop
      vertex 361.8 376.922 442.512
      vertex 360.8 377.252 442.182
      vertex 361.8 377.252 442.182
    endloop
  endfacet
  facet normal 0 -0.609405 -0.792859
    outer loop
      vertex 360.8 376.546 442.801
      vertex 361.8 376.922 442.512
      vertex 361.8 376.546 442.801
    endloop
  endfacet
  facet normal -0 -0.609405 -0.792859
    outer loop
      vertex 361.8 376.922 442.512
      vertex 360.8 376.546 442.801
      vertex 360.8 376.922 442.512
    endloop
  endfacet
  facet normal 0 -0.502977 -0.8643
    outer loop
      vertex 360.8 376.125 443.046
      vertex 361.8 376.546 442.801
      vertex 361.8 376.125 443.046
    endloop
  endfacet
  facet normal -0 -0.502977 -0.8643
    outer loop
      vertex 361.8 376.546 442.801
      vertex 360.8 376.125 443.046
      vertex 360.8 376.546 442.801
    endloop
  endfacet
  facet normal 0 -0.395829 -0.918324
    outer loop
      vertex 360.8 375.661 443.246
      vertex 361.8 376.125 443.046
      vertex 361.8 375.661 443.246
    endloop
  endfacet
  facet normal -0 -0.395829 -0.918324
    outer loop
      vertex 361.8 376.125 443.046
      vertex 360.8 375.661 443.246
      vertex 360.8 376.125 443.046
    endloop
  endfacet
  facet normal 0 -0.294086 -0.955779
    outer loop
      vertex 360.8 375.154 443.402
      vertex 361.8 375.661 443.246
      vertex 361.8 375.154 443.402
    endloop
  endfacet
  facet normal -0 -0.294086 -0.955779
    outer loop
      vertex 361.8 375.661 443.246
      vertex 360.8 375.154 443.402
      vertex 360.8 375.661 443.246
    endloop
  endfacet
  facet normal 0 -0.197141 -0.980375
    outer loop
      vertex 360.8 374.602 443.513
      vertex 361.8 375.154 443.402
      vertex 361.8 374.602 443.513
    endloop
  endfacet
  facet normal -0 -0.197141 -0.980375
    outer loop
      vertex 361.8 375.154 443.402
      vertex 360.8 374.602 443.513
      vertex 360.8 375.154 443.402
    endloop
  endfacet
  facet normal 0 -0.111898 -0.99372
    outer loop
      vertex 360.8 374.007 443.58
      vertex 361.8 374.602 443.513
      vertex 361.8 374.007 443.58
    endloop
  endfacet
  facet normal -0 -0.111898 -0.99372
    outer loop
      vertex 361.8 374.602 443.513
      vertex 360.8 374.007 443.58
      vertex 360.8 374.602 443.513
    endloop
  endfacet
  facet normal 0 -0.0344623 -0.999406
    outer loop
      vertex 360.8 373.369 443.602
      vertex 361.8 374.007 443.58
      vertex 361.8 373.369 443.602
    endloop
  endfacet
  facet normal -0 -0.0344623 -0.999406
    outer loop
      vertex 361.8 374.007 443.58
      vertex 360.8 373.369 443.602
      vertex 360.8 374.007 443.58
    endloop
  endfacet
  facet normal 0 0.0375162 -0.999296
    outer loop
      vertex 360.8 372.783 443.58
      vertex 361.8 373.369 443.602
      vertex 361.8 372.783 443.58
    endloop
  endfacet
  facet normal 0 0.0375162 -0.999296
    outer loop
      vertex 361.8 373.369 443.602
      vertex 360.8 372.783 443.58
      vertex 360.8 373.369 443.602
    endloop
  endfacet
  facet normal 0 0.118297 -0.992978
    outer loop
      vertex 360.8 372.229 443.514
      vertex 361.8 372.783 443.58
      vertex 361.8 372.229 443.514
    endloop
  endfacet
  facet normal 0 0.118297 -0.992978
    outer loop
      vertex 361.8 372.783 443.58
      vertex 360.8 372.229 443.514
      vertex 360.8 372.783 443.58
    endloop
  endfacet
  facet normal 0 0.207234 -0.978292
    outer loop
      vertex 360.8 371.705 443.403
      vertex 361.8 372.229 443.514
      vertex 361.8 371.705 443.403
    endloop
  endfacet
  facet normal 0 0.207234 -0.978292
    outer loop
      vertex 361.8 372.229 443.514
      vertex 360.8 371.705 443.403
      vertex 360.8 372.229 443.514
    endloop
  endfacet
  facet normal 0 0.300482 -0.953788
    outer loop
      vertex 360.8 371.213 443.248
      vertex 361.8 371.705 443.403
      vertex 361.8 371.213 443.248
    endloop
  endfacet
  facet normal 0 0.300482 -0.953788
    outer loop
      vertex 361.8 371.705 443.403
      vertex 360.8 371.213 443.248
      vertex 360.8 371.705 443.403
    endloop
  endfacet
  facet normal 0 0.396322 -0.918112
    outer loop
      vertex 360.8 370.752 443.049
      vertex 361.8 371.213 443.248
      vertex 361.8 370.752 443.049
    endloop
  endfacet
  facet normal 0 0.396322 -0.918112
    outer loop
      vertex 361.8 371.213 443.248
      vertex 360.8 370.752 443.049
      vertex 360.8 371.213 443.248
    endloop
  endfacet
  facet normal 0 0.493523 -0.869733
    outer loop
      vertex 360.8 370.322 442.805
      vertex 361.8 370.752 443.049
      vertex 361.8 370.322 442.805
    endloop
  endfacet
  facet normal 0 0.493523 -0.869733
    outer loop
      vertex 361.8 370.752 443.049
      vertex 360.8 370.322 442.805
      vertex 360.8 370.752 443.049
    endloop
  endfacet
  facet normal 0 0.586234 -0.810142
    outer loop
      vertex 360.8 369.924 442.517
      vertex 361.8 370.322 442.805
      vertex 361.8 369.924 442.517
    endloop
  endfacet
  facet normal 0 0.586234 -0.810142
    outer loop
      vertex 361.8 370.322 442.805
      vertex 360.8 369.924 442.517
      vertex 360.8 370.322 442.805
    endloop
  endfacet
  facet normal 0 0.670103 -0.742268
    outer loop
      vertex 360.8 369.564 442.192
      vertex 361.8 369.924 442.517
      vertex 361.8 369.564 442.192
    endloop
  endfacet
  facet normal 0 0.670103 -0.742268
    outer loop
      vertex 361.8 369.924 442.517
      vertex 360.8 369.564 442.192
      vertex 360.8 369.924 442.517
    endloop
  endfacet
  facet normal 0 0.749961 -0.661482
    outer loop
      vertex 361.8 369.25 441.836
      vertex 360.8 369.564 442.192
      vertex 361.8 369.564 442.192
    endloop
  endfacet
  facet normal 0 0.749961 -0.661482
    outer loop
      vertex 360.8 369.564 442.192
      vertex 361.8 369.25 441.836
      vertex 360.8 369.25 441.836
    endloop
  endfacet
  facet normal 0 0.821425 -0.570316
    outer loop
      vertex 361.8 368.982 441.45
      vertex 360.8 369.25 441.836
      vertex 361.8 369.25 441.836
    endloop
  endfacet
  facet normal 0 0.821425 -0.570316
    outer loop
      vertex 360.8 369.25 441.836
      vertex 361.8 368.982 441.45
      vertex 360.8 368.982 441.45
    endloop
  endfacet
  facet normal 0 0.881826 -0.471576
    outer loop
      vertex 361.8 368.759 441.033
      vertex 360.8 368.982 441.45
      vertex 361.8 368.982 441.45
    endloop
  endfacet
  facet normal 0 0.881826 -0.471576
    outer loop
      vertex 360.8 368.982 441.45
      vertex 361.8 368.759 441.033
      vertex 360.8 368.759 441.033
    endloop
  endfacet
  facet normal 0 0.930751 -0.365652
    outer loop
      vertex 361.8 368.583 440.585
      vertex 360.8 368.759 441.033
      vertex 361.8 368.759 441.033
    endloop
  endfacet
  facet normal 0 0.930751 -0.365652
    outer loop
      vertex 360.8 368.759 441.033
      vertex 361.8 368.583 440.585
      vertex 360.8 368.583 440.585
    endloop
  endfacet
  facet normal 0 0.964437 -0.264312
    outer loop
      vertex 361.8 368.452 440.107
      vertex 360.8 368.583 440.585
      vertex 361.8 368.583 440.585
    endloop
  endfacet
  facet normal 0 0.964437 -0.264312
    outer loop
      vertex 360.8 368.583 440.585
      vertex 361.8 368.452 440.107
      vertex 360.8 368.452 440.107
    endloop
  endfacet
  facet normal 0 0.986289 -0.165029
    outer loop
      vertex 361.8 368.367 439.599
      vertex 360.8 368.452 440.107
      vertex 361.8 368.452 440.107
    endloop
  endfacet
  facet normal 0 0.986289 -0.165029
    outer loop
      vertex 360.8 368.452 440.107
      vertex 361.8 368.367 439.599
      vertex 360.8 368.367 439.599
    endloop
  endfacet
  facet normal -0 0.092244 0.995736
    outer loop
      vertex 360.8 370.364 439.414
      vertex 361.8 368.367 439.599
      vertex 361.8 370.364 439.414
    endloop
  endfacet
  facet normal 0 0.092244 0.995736
    outer loop
      vertex 361.8 368.367 439.599
      vertex 360.8 370.364 439.414
      vertex 360.8 368.367 439.599
    endloop
  endfacet
  facet normal 0 -0.987998 0.154466
    outer loop
      vertex 360.8 370.364 439.414
      vertex 361.8 370.417 439.753
      vertex 360.8 370.417 439.753
    endloop
  endfacet
  facet normal 0 -0.987998 0.154466
    outer loop
      vertex 361.8 370.417 439.753
      vertex 360.8 370.364 439.414
      vertex 361.8 370.364 439.414
    endloop
  endfacet
  facet normal 0 -0.968134 0.250432
    outer loop
      vertex 360.8 370.417 439.753
      vertex 361.8 370.499 440.07
      vertex 360.8 370.499 440.07
    endloop
  endfacet
  facet normal 0 -0.968134 0.250432
    outer loop
      vertex 361.8 370.499 440.07
      vertex 360.8 370.417 439.753
      vertex 361.8 370.417 439.753
    endloop
  endfacet
  facet normal 0 -0.93867 0.344817
    outer loop
      vertex 360.8 370.499 440.07
      vertex 361.8 370.607 440.364
      vertex 360.8 370.607 440.364
    endloop
  endfacet
  facet normal 0 -0.93867 0.344817
    outer loop
      vertex 361.8 370.607 440.364
      vertex 360.8 370.499 440.07
      vertex 361.8 370.499 440.07
    endloop
  endfacet
  facet normal 0 -0.894427 0.447214
    outer loop
      vertex 360.8 370.607 440.364
      vertex 361.8 370.743 440.636
      vertex 360.8 370.743 440.636
    endloop
  endfacet
  facet normal 0 -0.894427 0.447214
    outer loop
      vertex 361.8 370.743 440.636
      vertex 360.8 370.607 440.364
      vertex 361.8 370.607 440.364
    endloop
  endfacet
  facet normal 0 -0.83921 0.543808
    outer loop
      vertex 360.8 370.743 440.636
      vertex 361.8 370.905 440.886
      vertex 360.8 370.905 440.886
    endloop
  endfacet
  facet normal 0 -0.83921 0.543808
    outer loop
      vertex 361.8 370.905 440.886
      vertex 360.8 370.743 440.636
      vertex 361.8 370.743 440.636
    endloop
  endfacet
  facet normal 0 -0.766835 0.641844
    outer loop
      vertex 360.8 370.905 440.886
      vertex 361.8 371.095 441.113
      vertex 360.8 371.095 441.113
    endloop
  endfacet
  facet normal 0 -0.766835 0.641844
    outer loop
      vertex 361.8 371.095 441.113
      vertex 360.8 370.905 440.886
      vertex 361.8 370.905 440.886
    endloop
  endfacet
  facet normal 0 -0.685052 0.728494
    outer loop
      vertex 360.8 371.313 441.318
      vertex 361.8 371.095 441.113
      vertex 361.8 371.313 441.318
    endloop
  endfacet
  facet normal 0 -0.685052 0.728494
    outer loop
      vertex 361.8 371.095 441.113
      vertex 360.8 371.313 441.318
      vertex 360.8 371.095 441.113
    endloop
  endfacet
  facet normal 0 -0.6 0.8
    outer loop
      vertex 360.8 371.553 441.498
      vertex 361.8 371.313 441.318
      vertex 361.8 371.553 441.498
    endloop
  endfacet
  facet normal 0 -0.6 0.8
    outer loop
      vertex 361.8 371.313 441.318
      vertex 360.8 371.553 441.498
      vertex 360.8 371.313 441.318
    endloop
  endfacet
  facet normal 0 -0.507604 0.861591
    outer loop
      vertex 360.8 371.811 441.65
      vertex 361.8 371.553 441.498
      vertex 361.8 371.811 441.65
    endloop
  endfacet
  facet normal 0 -0.507604 0.861591
    outer loop
      vertex 361.8 371.553 441.498
      vertex 360.8 371.811 441.65
      vertex 360.8 371.553 441.498
    endloop
  endfacet
  facet normal 0 -0.413803 0.910366
    outer loop
      vertex 360.8 372.086 441.775
      vertex 361.8 371.811 441.65
      vertex 361.8 372.086 441.775
    endloop
  endfacet
  facet normal 0 -0.413803 0.910366
    outer loop
      vertex 361.8 371.811 441.65
      vertex 360.8 372.086 441.775
      vertex 360.8 371.811 441.65
    endloop
  endfacet
  facet normal 0 -0.313319 0.949648
    outer loop
      vertex 360.8 372.38 441.872
      vertex 361.8 372.086 441.775
      vertex 361.8 372.38 441.872
    endloop
  endfacet
  facet normal 0 -0.313319 0.949648
    outer loop
      vertex 361.8 372.086 441.775
      vertex 360.8 372.38 441.872
      vertex 360.8 372.086 441.775
    endloop
  endfacet
  facet normal 0 -0.215936 0.976407
    outer loop
      vertex 360.8 372.692 441.941
      vertex 361.8 372.38 441.872
      vertex 361.8 372.692 441.941
    endloop
  endfacet
  facet normal 0 -0.215936 0.976407
    outer loop
      vertex 361.8 372.38 441.872
      vertex 360.8 372.692 441.941
      vertex 360.8 372.38 441.872
    endloop
  endfacet
  facet normal 0 -0.126632 0.99195
    outer loop
      vertex 360.8 373.021 441.983
      vertex 361.8 372.692 441.941
      vertex 361.8 373.021 441.983
    endloop
  endfacet
  facet normal 0 -0.126632 0.99195
    outer loop
      vertex 361.8 372.692 441.941
      vertex 360.8 373.021 441.983
      vertex 360.8 372.692 441.941
    endloop
  endfacet
  facet normal 0 -0.0373303 0.999303
    outer loop
      vertex 360.8 373.369 441.996
      vertex 361.8 373.021 441.983
      vertex 361.8 373.369 441.996
    endloop
  endfacet
  facet normal 0 -0.0373303 0.999303
    outer loop
      vertex 361.8 373.021 441.983
      vertex 360.8 373.369 441.996
      vertex 360.8 373.021 441.983
    endloop
  endfacet
  facet normal -0 0.0385388 0.999257
    outer loop
      vertex 360.8 373.732 441.982
      vertex 361.8 373.369 441.996
      vertex 361.8 373.732 441.982
    endloop
  endfacet
  facet normal 0 0.0385388 0.999257
    outer loop
      vertex 361.8 373.369 441.996
      vertex 360.8 373.732 441.982
      vertex 360.8 373.369 441.996
    endloop
  endfacet
  facet normal -0 0.122598 0.992456
    outer loop
      vertex 360.8 374.072 441.94
      vertex 361.8 373.732 441.982
      vertex 361.8 374.072 441.94
    endloop
  endfacet
  facet normal 0 0.122598 0.992456
    outer loop
      vertex 361.8 373.732 441.982
      vertex 360.8 374.072 441.94
      vertex 360.8 373.732 441.982
    endloop
  endfacet
  facet normal -0 0.21856 0.975824
    outer loop
      vertex 360.8 374.389 441.869
      vertex 361.8 374.072 441.94
      vertex 361.8 374.389 441.869
    endloop
  endfacet
  facet normal 0 0.21856 0.975824
    outer loop
      vertex 361.8 374.072 441.94
      vertex 360.8 374.389 441.869
      vertex 360.8 374.072 441.94
    endloop
  endfacet
  facet normal -0 0.320105 0.947382
    outer loop
      vertex 360.8 374.682 441.77
      vertex 361.8 374.389 441.869
      vertex 361.8 374.682 441.77
    endloop
  endfacet
  facet normal 0 0.320105 0.947382
    outer loop
      vertex 361.8 374.389 441.869
      vertex 360.8 374.682 441.77
      vertex 360.8 374.389 441.869
    endloop
  endfacet
  facet normal -0 0.429673 0.902985
    outer loop
      vertex 360.8 374.951 441.642
      vertex 361.8 374.682 441.77
      vertex 361.8 374.951 441.642
    endloop
  endfacet
  facet normal 0 0.429673 0.902985
    outer loop
      vertex 361.8 374.682 441.77
      vertex 360.8 374.951 441.642
      vertex 360.8 374.682 441.77
    endloop
  endfacet
  facet normal -0 0.535542 0.844509
    outer loop
      vertex 360.8 375.197 441.486
      vertex 361.8 374.951 441.642
      vertex 361.8 375.197 441.486
    endloop
  endfacet
  facet normal 0 0.535542 0.844509
    outer loop
      vertex 361.8 374.951 441.642
      vertex 360.8 375.197 441.486
      vertex 360.8 374.951 441.642
    endloop
  endfacet
  facet normal -0 0.636434 0.771331
    outer loop
      vertex 360.8 375.42 441.302
      vertex 361.8 375.197 441.486
      vertex 361.8 375.42 441.302
    endloop
  endfacet
  facet normal 0 0.636434 0.771331
    outer loop
      vertex 361.8 375.197 441.486
      vertex 360.8 375.42 441.302
      vertex 360.8 375.197 441.486
    endloop
  endfacet
  facet normal 0 0.732793 0.680451
    outer loop
      vertex 361.8 375.615 441.092
      vertex 360.8 375.42 441.302
      vertex 361.8 375.42 441.302
    endloop
  endfacet
  facet normal 0 0.732793 0.680451
    outer loop
      vertex 360.8 375.42 441.302
      vertex 361.8 375.615 441.092
      vertex 360.8 375.615 441.092
    endloop
  endfacet
  facet normal 0 0.814441 0.580246
    outer loop
      vertex 361.8 375.781 440.859
      vertex 360.8 375.615 441.092
      vertex 361.8 375.615 441.092
    endloop
  endfacet
  facet normal 0 0.814441 0.580246
    outer loop
      vertex 360.8 375.615 441.092
      vertex 361.8 375.781 440.859
      vertex 360.8 375.781 440.859
    endloop
  endfacet
  facet normal 0 0.883116 0.469155
    outer loop
      vertex 361.8 375.917 440.603
      vertex 360.8 375.781 440.859
      vertex 361.8 375.781 440.859
    endloop
  endfacet
  facet normal 0 0.883116 0.469155
    outer loop
      vertex 360.8 375.781 440.859
      vertex 361.8 375.917 440.603
      vertex 360.8 375.917 440.603
    endloop
  endfacet
  facet normal 0 0.935915 0.352226
    outer loop
      vertex 361.8 376.022 440.324
      vertex 360.8 375.917 440.603
      vertex 361.8 375.917 440.603
    endloop
  endfacet
  facet normal 0 0.935915 0.352226
    outer loop
      vertex 360.8 375.917 440.603
      vertex 361.8 376.022 440.324
      vertex 360.8 376.022 440.324
    endloop
  endfacet
  facet normal 0 0.970519 0.241023
    outer loop
      vertex 361.8 376.097 440.022
      vertex 360.8 376.022 440.324
      vertex 361.8 376.022 440.324
    endloop
  endfacet
  facet normal 0 0.970519 0.241023
    outer loop
      vertex 360.8 376.022 440.324
      vertex 361.8 376.097 440.022
      vertex 360.8 376.097 440.022
    endloop
  endfacet
  facet normal 0 0.99055 0.137153
    outer loop
      vertex 361.8 376.142 439.697
      vertex 360.8 376.097 440.022
      vertex 361.8 376.097 440.022
    endloop
  endfacet
  facet normal 0 0.99055 0.137153
    outer loop
      vertex 360.8 376.097 440.022
      vertex 361.8 376.142 439.697
      vertex 360.8 376.142 439.697
    endloop
  endfacet
  facet normal 0 0.999072 0.0430635
    outer loop
      vertex 361.8 376.157 439.349
      vertex 360.8 376.142 439.697
      vertex 361.8 376.142 439.697
    endloop
  endfacet
  facet normal 0 0.999072 0.0430635
    outer loop
      vertex 360.8 376.142 439.697
      vertex 361.8 376.157 439.349
      vertex 360.8 376.157 439.349
    endloop
  endfacet
  facet normal 0 0.999538 -0.0304042
    outer loop
      vertex 361.8 376.149 439.086
      vertex 360.8 376.157 439.349
      vertex 361.8 376.157 439.349
    endloop
  endfacet
  facet normal 0 0.999538 -0.0304042
    outer loop
      vertex 360.8 376.157 439.349
      vertex 361.8 376.149 439.086
      vertex 360.8 376.149 439.086
    endloop
  endfacet
  facet normal 0 0.994398 -0.105704
    outer loop
      vertex 361.8 376.122 438.832
      vertex 360.8 376.149 439.086
      vertex 361.8 376.149 439.086
    endloop
  endfacet
  facet normal 0 0.994398 -0.105704
    outer loop
      vertex 360.8 376.149 439.086
      vertex 361.8 376.122 438.832
      vertex 360.8 376.122 438.832
    endloop
  endfacet
  facet normal 0 0.985182 -0.171509
    outer loop
      vertex 361.8 376.079 438.585
      vertex 360.8 376.122 438.832
      vertex 361.8 376.122 438.832
    endloop
  endfacet
  facet normal 0 0.985182 -0.171509
    outer loop
      vertex 360.8 376.122 438.832
      vertex 361.8 376.079 438.585
      vertex 360.8 376.079 438.585
    endloop
  endfacet
  facet normal 0 0.96796 -0.251103
    outer loop
      vertex 361.8 376.017 438.346
      vertex 360.8 376.079 438.585
      vertex 361.8 376.079 438.585
    endloop
  endfacet
  facet normal 0 0.96796 -0.251103
    outer loop
      vertex 360.8 376.079 438.585
      vertex 361.8 376.017 438.346
      vertex 360.8 376.017 438.346
    endloop
  endfacet
  facet normal 0 0.947023 -0.321164
    outer loop
      vertex 361.8 375.939 438.116
      vertex 360.8 376.017 438.346
      vertex 361.8 376.017 438.346
    endloop
  endfacet
  facet normal 0 0.947023 -0.321164
    outer loop
      vertex 360.8 376.017 438.346
      vertex 361.8 375.939 438.116
      vertex 360.8 375.939 438.116
    endloop
  endfacet
  facet normal 0 0.918505 -0.39541
    outer loop
      vertex 361.8 375.843 437.893
      vertex 360.8 375.939 438.116
      vertex 361.8 375.939 438.116
    endloop
  endfacet
  facet normal 0 0.918505 -0.39541
    outer loop
      vertex 360.8 375.939 438.116
      vertex 361.8 375.843 437.893
      vertex 360.8 375.843 437.893
    endloop
  endfacet
  facet normal 0 0.883488 -0.468454
    outer loop
      vertex 361.8 375.729 437.678
      vertex 360.8 375.843 437.893
      vertex 361.8 375.843 437.893
    endloop
  endfacet
  facet normal 0 0.883488 -0.468454
    outer loop
      vertex 360.8 375.843 437.893
      vertex 361.8 375.729 437.678
      vertex 360.8 375.729 437.678
    endloop
  endfacet
  facet normal 0 0.852777 -0.522275
    outer loop
      vertex 361.8 375.601 437.469
      vertex 360.8 375.729 437.678
      vertex 361.8 375.729 437.678
    endloop
  endfacet
  facet normal 0 0.852777 -0.522275
    outer loop
      vertex 360.8 375.729 437.678
      vertex 361.8 375.601 437.469
      vertex 360.8 375.601 437.469
    endloop
  endfacet
  facet normal 0 0.830195 -0.557474
    outer loop
      vertex 361.8 375.462 437.262
      vertex 360.8 375.601 437.469
      vertex 361.8 375.601 437.469
    endloop
  endfacet
  facet normal 0 0.830195 -0.557474
    outer loop
      vertex 360.8 375.601 437.469
      vertex 361.8 375.462 437.262
      vertex 360.8 375.462 437.262
    endloop
  endfacet
  facet normal 0 0.807536 -0.589818
    outer loop
      vertex 361.8 375.313 437.058
      vertex 360.8 375.462 437.262
      vertex 361.8 375.462 437.262
    endloop
  endfacet
  facet normal 0 0.807536 -0.589818
    outer loop
      vertex 360.8 375.462 437.262
      vertex 361.8 375.313 437.058
      vertex 360.8 375.313 437.058
    endloop
  endfacet
  facet normal 0 0.782001 -0.623278
    outer loop
      vertex 361.8 375.152 436.856
      vertex 360.8 375.313 437.058
      vertex 361.8 375.313 437.058
    endloop
  endfacet
  facet normal 0 0.782001 -0.623278
    outer loop
      vertex 360.8 375.313 437.058
      vertex 361.8 375.152 436.856
      vertex 360.8 375.152 436.856
    endloop
  endfacet
  facet normal 0 0.758449 -0.651732
    outer loop
      vertex 361.8 374.981 436.657
      vertex 360.8 375.152 436.856
      vertex 361.8 375.152 436.856
    endloop
  endfacet
  facet normal 0 0.758449 -0.651732
    outer loop
      vertex 360.8 375.152 436.856
      vertex 361.8 374.981 436.657
      vertex 360.8 374.981 436.657
    endloop
  endfacet
  facet normal 0 0.732793 -0.680451
    outer loop
      vertex 361.8 374.799 436.461
      vertex 360.8 374.981 436.657
      vertex 361.8 374.981 436.657
    endloop
  endfacet
  facet normal 0 0.732793 -0.680451
    outer loop
      vertex 360.8 374.981 436.657
      vertex 361.8 374.799 436.461
      vertex 360.8 374.799 436.461
    endloop
  endfacet
  facet normal 0 0.708932 -0.705277
    outer loop
      vertex 361.8 374.606 436.267
      vertex 360.8 374.799 436.461
      vertex 361.8 374.799 436.461
    endloop
  endfacet
  facet normal 0 0.708932 -0.705277
    outer loop
      vertex 360.8 374.799 436.461
      vertex 361.8 374.606 436.267
      vertex 360.8 374.606 436.267
    endloop
  endfacet
  facet normal 0 0.688938 -0.72482
    outer loop
      vertex 360.8 374.404 436.075
      vertex 361.8 374.606 436.267
      vertex 361.8 374.404 436.075
    endloop
  endfacet
  facet normal 0 0.688938 -0.72482
    outer loop
      vertex 361.8 374.606 436.267
      vertex 360.8 374.404 436.075
      vertex 360.8 374.606 436.267
    endloop
  endfacet
  facet normal 0 0.676522 -0.736422
    outer loop
      vertex 360.8 374.195 435.883
      vertex 361.8 374.404 436.075
      vertex 361.8 374.195 435.883
    endloop
  endfacet
  facet normal 0 0.676522 -0.736422
    outer loop
      vertex 361.8 374.404 436.075
      vertex 360.8 374.195 435.883
      vertex 360.8 374.404 436.075
    endloop
  endfacet
  facet normal 0 0.666085 -0.745876
    outer loop
      vertex 360.8 373.98 435.691
      vertex 361.8 374.195 435.883
      vertex 361.8 373.98 435.691
    endloop
  endfacet
  facet normal 0 0.666085 -0.745876
    outer loop
      vertex 361.8 374.195 435.883
      vertex 360.8 373.98 435.691
      vertex 360.8 374.195 435.883
    endloop
  endfacet
  facet normal 0 0.652469 -0.757815
    outer loop
      vertex 360.8 373.757 435.499
      vertex 361.8 373.98 435.691
      vertex 361.8 373.757 435.499
    endloop
  endfacet
  facet normal 0 0.652469 -0.757815
    outer loop
      vertex 361.8 373.98 435.691
      vertex 360.8 373.757 435.499
      vertex 360.8 373.98 435.691
    endloop
  endfacet
  facet normal 0 0.642486 -0.766298
    outer loop
      vertex 360.8 373.528 435.307
      vertex 361.8 373.757 435.499
      vertex 361.8 373.528 435.307
    endloop
  endfacet
  facet normal 0 0.642486 -0.766298
    outer loop
      vertex 361.8 373.757 435.499
      vertex 360.8 373.528 435.307
      vertex 360.8 373.757 435.499
    endloop
  endfacet
  facet normal 0 0.633059 -0.774103
    outer loop
      vertex 360.8 373.292 435.114
      vertex 361.8 373.528 435.307
      vertex 361.8 373.292 435.114
    endloop
  endfacet
  facet normal 0 0.633059 -0.774103
    outer loop
      vertex 361.8 373.528 435.307
      vertex 360.8 373.292 435.114
      vertex 360.8 373.528 435.307
    endloop
  endfacet
  facet normal 0 0.619958 -0.784635
    outer loop
      vertex 360.8 373.049 434.922
      vertex 361.8 373.292 435.114
      vertex 361.8 373.049 434.922
    endloop
  endfacet
  facet normal 0 0.619958 -0.784635
    outer loop
      vertex 361.8 373.292 435.114
      vertex 360.8 373.049 434.922
      vertex 360.8 373.292 435.114
    endloop
  endfacet
  facet normal 0 0.617681 -0.786429
    outer loop
      vertex 360.8 372.802 434.728
      vertex 361.8 373.049 434.922
      vertex 361.8 372.802 434.728
    endloop
  endfacet
  facet normal 0 0.617681 -0.786429
    outer loop
      vertex 361.8 373.049 434.922
      vertex 360.8 372.802 434.728
      vertex 360.8 373.049 434.922
    endloop
  endfacet
  facet normal 0 0.627383 -0.778711
    outer loop
      vertex 360.8 372.555 434.529
      vertex 361.8 372.802 434.728
      vertex 361.8 372.555 434.529
    endloop
  endfacet
  facet normal 0 0.627383 -0.778711
    outer loop
      vertex 361.8 372.802 434.728
      vertex 360.8 372.555 434.529
      vertex 360.8 372.802 434.728
    endloop
  endfacet
  facet normal 0 0.633745 -0.773542
    outer loop
      vertex 360.8 372.306 434.325
      vertex 361.8 372.555 434.529
      vertex 361.8 372.306 434.325
    endloop
  endfacet
  facet normal 0 0.633745 -0.773542
    outer loop
      vertex 361.8 372.555 434.529
      vertex 360.8 372.306 434.325
      vertex 360.8 372.555 434.529
    endloop
  endfacet
  facet normal 0 0.644421 -0.764671
    outer loop
      vertex 360.8 372.058 434.116
      vertex 361.8 372.306 434.325
      vertex 361.8 372.058 434.116
    endloop
  endfacet
  facet normal 0 0.644421 -0.764671
    outer loop
      vertex 361.8 372.306 434.325
      vertex 360.8 372.058 434.116
      vertex 360.8 372.306 434.325
    endloop
  endfacet
  facet normal 0 0.648532 -0.761188
    outer loop
      vertex 360.8 371.808 433.903
      vertex 361.8 372.058 434.116
      vertex 361.8 371.808 433.903
    endloop
  endfacet
  facet normal 0 0.648532 -0.761188
    outer loop
      vertex 361.8 372.058 434.116
      vertex 360.8 371.808 433.903
      vertex 360.8 372.058 434.116
    endloop
  endfacet
  facet normal 0 0.657223 -0.753696
    outer loop
      vertex 360.8 371.558 433.685
      vertex 361.8 371.808 433.903
      vertex 361.8 371.558 433.685
    endloop
  endfacet
  facet normal 0 0.657223 -0.753696
    outer loop
      vertex 361.8 371.808 433.903
      vertex 360.8 371.558 433.685
      vertex 360.8 371.808 433.903
    endloop
  endfacet
  facet normal 0 0.662509 -0.749054
    outer loop
      vertex 360.8 371.307 433.463
      vertex 361.8 371.558 433.685
      vertex 361.8 371.307 433.463
    endloop
  endfacet
  facet normal 0 0.662509 -0.749054
    outer loop
      vertex 361.8 371.558 433.685
      vertex 360.8 371.307 433.463
      vertex 360.8 371.558 433.685
    endloop
  endfacet
  facet normal 0 0.676928 -0.736049
    outer loop
      vertex 360.8 371.058 433.234
      vertex 361.8 371.307 433.463
      vertex 361.8 371.058 433.234
    endloop
  endfacet
  facet normal 0 0.676928 -0.736049
    outer loop
      vertex 361.8 371.307 433.463
      vertex 360.8 371.058 433.234
      vertex 360.8 371.307 433.463
    endloop
  endfacet
  facet normal 0 0.692288 -0.721622
    outer loop
      vertex 360.8 370.812 432.998
      vertex 361.8 371.058 433.234
      vertex 361.8 370.812 432.998
    endloop
  endfacet
  facet normal 0 0.692288 -0.721622
    outer loop
      vertex 361.8 371.058 433.234
      vertex 360.8 370.812 432.998
      vertex 360.8 371.058 433.234
    endloop
  endfacet
  facet normal 0 0.707107 -0.707107
    outer loop
      vertex 361.8 370.569 432.755
      vertex 360.8 370.812 432.998
      vertex 361.8 370.812 432.998
    endloop
  endfacet
  facet normal 0 0.707107 -0.707107
    outer loop
      vertex 360.8 370.812 432.998
      vertex 361.8 370.569 432.755
      vertex 360.8 370.569 432.755
    endloop
  endfacet
  facet normal 0 0.724207 -0.689583
    outer loop
      vertex 361.8 370.33 432.504
      vertex 360.8 370.569 432.755
      vertex 361.8 370.569 432.755
    endloop
  endfacet
  facet normal 0 0.724207 -0.689583
    outer loop
      vertex 360.8 370.569 432.755
      vertex 361.8 370.33 432.504
      vertex 360.8 370.33 432.504
    endloop
  endfacet
  facet normal 0 0.737745 -0.675079
    outer loop
      vertex 361.8 370.093 432.245
      vertex 360.8 370.33 432.504
      vertex 361.8 370.33 432.504
    endloop
  endfacet
  facet normal 0 0.737745 -0.675079
    outer loop
      vertex 360.8 370.33 432.504
      vertex 361.8 370.093 432.245
      vertex 360.8 370.093 432.245
    endloop
  endfacet
  facet normal 0 0.753629 -0.6573
    outer loop
      vertex 361.8 369.861 431.979
      vertex 360.8 370.093 432.245
      vertex 361.8 370.093 432.245
    endloop
  endfacet
  facet normal 0 0.753629 -0.6573
    outer loop
      vertex 360.8 370.093 432.245
      vertex 361.8 369.861 431.979
      vertex 360.8 369.861 431.979
    endloop
  endfacet
  facet normal 0 0.765925 -0.64293
    outer loop
      vertex 361.8 369.631 431.705
      vertex 360.8 369.861 431.979
      vertex 361.8 369.861 431.979
    endloop
  endfacet
  facet normal 0 0.765925 -0.64293
    outer loop
      vertex 360.8 369.861 431.979
      vertex 361.8 369.631 431.705
      vertex 360.8 369.631 431.705
    endloop
  endfacet
  facet normal 0 0.785451 -0.618924
    outer loop
      vertex 361.8 369.408 431.422
      vertex 360.8 369.631 431.705
      vertex 361.8 369.631 431.705
    endloop
  endfacet
  facet normal 0 0.785451 -0.618924
    outer loop
      vertex 360.8 369.631 431.705
      vertex 361.8 369.408 431.422
      vertex 360.8 369.408 431.422
    endloop
  endfacet
  facet normal 0 0.81169 -0.584088
    outer loop
      vertex 361.8 369.195 431.126
      vertex 360.8 369.408 431.422
      vertex 361.8 369.408 431.422
    endloop
  endfacet
  facet normal 0 0.81169 -0.584088
    outer loop
      vertex 360.8 369.408 431.422
      vertex 361.8 369.195 431.126
      vertex 360.8 369.195 431.126
    endloop
  endfacet
  facet normal 0 0.834958 -0.550313
    outer loop
      vertex 361.8 368.992 430.818
      vertex 360.8 369.195 431.126
      vertex 361.8 369.195 431.126
    endloop
  endfacet
  facet normal 0 0.834958 -0.550313
    outer loop
      vertex 360.8 369.195 431.126
      vertex 361.8 368.992 430.818
      vertex 360.8 368.992 430.818
    endloop
  endfacet
  facet normal 0 0.85631 -0.516462
    outer loop
      vertex 361.8 368.799 430.498
      vertex 360.8 368.992 430.818
      vertex 361.8 368.992 430.818
    endloop
  endfacet
  facet normal 0 0.85631 -0.516462
    outer loop
      vertex 360.8 368.992 430.818
      vertex 361.8 368.799 430.498
      vertex 360.8 368.799 430.498
    endloop
  endfacet
  facet normal 0 0.87577 -0.482729
    outer loop
      vertex 361.8 368.616 430.166
      vertex 360.8 368.799 430.498
      vertex 361.8 368.799 430.498
    endloop
  endfacet
  facet normal 0 0.87577 -0.482729
    outer loop
      vertex 360.8 368.799 430.498
      vertex 361.8 368.616 430.166
      vertex 360.8 368.616 430.166
    endloop
  endfacet
  facet normal 0 0.893908 -0.44825
    outer loop
      vertex 361.8 368.443 429.821
      vertex 360.8 368.616 430.166
      vertex 361.8 368.616 430.166
    endloop
  endfacet
  facet normal 0 0.893908 -0.44825
    outer loop
      vertex 360.8 368.616 430.166
      vertex 361.8 368.443 429.821
      vertex 360.8 368.443 429.821
    endloop
  endfacet
  facet normal 0 0.909226 -0.416303
    outer loop
      vertex 361.8 368.28 429.465
      vertex 360.8 368.443 429.821
      vertex 361.8 368.443 429.821
    endloop
  endfacet
  facet normal 0 0.909226 -0.416303
    outer loop
      vertex 360.8 368.443 429.821
      vertex 361.8 368.28 429.465
      vertex 360.8 368.28 429.465
    endloop
  endfacet
  facet normal 0 1 -0
    outer loop
      vertex 361.8 368.28 428.087
      vertex 360.8 368.28 429.465
      vertex 361.8 368.28 429.465
    endloop
  endfacet
  facet normal 0 1 0
    outer loop
      vertex 360.8 368.28 429.465
      vertex 361.8 368.28 428.087
      vertex 360.8 368.28 428.087
    endloop
  endfacet
  facet normal -0 0 1
    outer loop
      vertex 360.8 378.403 428.087
      vertex 361.8 368.28 428.087
      vertex 361.8 378.403 428.087
    endloop
  endfacet
  facet normal 0 0 1
    outer loop
      vertex 361.8 368.28 428.087
      vertex 360.8 378.403 428.087
      vertex 360.8 368.28 428.087
    endloop
  endfacet
  facet normal 0 -1 0
    outer loop
      vertex 360.8 378.403 428.087
      vertex 361.8 378.403 429.747
      vertex 360.8 378.403 429.747
    endloop
  endfacet
  facet normal 0 -1 -0
    outer loop
      vertex 361.8 378.403 429.747
      vertex 360.8 378.403 428.087
      vertex 361.8 378.403 428.087
    endloop
  endfacet
  facet normal -0 0 1
    outer loop
      vertex 360.8 333.626 434.434
      vertex 361.8 328.863 434.434
      vertex 361.8 333.626 434.434
    endloop
  endfacet
  facet normal 0 0 1
    outer loop
      vertex 361.8 328.863 434.434
      vertex 360.8 333.626 434.434
      vertex 360.8 328.863 434.434
    endloop
  endfacet
  facet normal 0 0.847691 0.530491
    outer loop
      vertex 361.8 337.598 428.087
      vertex 360.8 333.626 434.434
      vertex 361.8 333.626 434.434
    endloop
  endfacet
  facet normal 0 0.847691 0.530491
    outer loop
      vertex 360.8 333.626 434.434
      vertex 361.8 337.598 428.087
      vertex 360.8 337.598 428.087
    endloop
  endfacet
  facet normal -0 0 1
    outer loop
      vertex 360.8 339.985 428.087
      vertex 361.8 337.598 428.087
      vertex 361.8 339.985 428.087
    endloop
  endfacet
  facet normal 0 0 1
    outer loop
      vertex 361.8 337.598 428.087
      vertex 360.8 339.985 428.087
      vertex 360.8 337.598 428.087
    endloop
  endfacet
  facet normal 0 -0.835003 -0.550245
    outer loop
      vertex 360.8 339.985 428.087
      vertex 361.8 335.645 434.673
      vertex 360.8 335.645 434.673
    endloop
  endfacet
  facet normal 0 -0.835003 -0.550245
    outer loop
      vertex 361.8 335.645 434.673
      vertex 360.8 339.985 428.087
      vertex 361.8 339.985 428.087
    endloop
  endfacet
  facet normal 0 -0.210497 0.977595
    outer loop
      vertex 360.8 336.128 434.777
      vertex 361.8 335.645 434.673
      vertex 361.8 336.128 434.777
    endloop
  endfacet
  facet normal 0 -0.210497 0.977595
    outer loop
      vertex 361.8 335.645 434.673
      vertex 360.8 336.128 434.777
      vertex 360.8 335.645 434.673
    endloop
  endfacet
  facet normal 0 -0.293344 0.956007
    outer loop
      vertex 360.8 336.581 434.916
      vertex 361.8 336.128 434.777
      vertex 361.8 336.581 434.916
    endloop
  endfacet
  facet normal 0 -0.293344 0.956007
    outer loop
      vertex 361.8 336.128 434.777
      vertex 360.8 336.581 434.916
      vertex 360.8 336.128 434.777
    endloop
  endfacet
  facet normal 0 -0.381191 0.924497
    outer loop
      vertex 360.8 337.003 435.09
      vertex 361.8 336.581 434.916
      vertex 361.8 337.003 435.09
    endloop
  endfacet
  facet normal 0 -0.381191 0.924497
    outer loop
      vertex 361.8 336.581 434.916
      vertex 360.8 337.003 435.09
      vertex 360.8 336.581 434.916
    endloop
  endfacet
  facet normal 0 -0.472221 0.88148
    outer loop
      vertex 360.8 337.395 435.3
      vertex 361.8 337.003 435.09
      vertex 361.8 337.395 435.3
    endloop
  endfacet
  facet normal 0 -0.472221 0.88148
    outer loop
      vertex 361.8 337.003 435.09
      vertex 360.8 337.395 435.3
      vertex 360.8 337.003 435.09
    endloop
  endfacet
  facet normal 0 -0.561051 0.827781
    outer loop
      vertex 360.8 337.755 435.544
      vertex 361.8 337.395 435.3
      vertex 361.8 337.755 435.544
    endloop
  endfacet
  facet normal 0 -0.561051 0.827781
    outer loop
      vertex 361.8 337.395 435.3
      vertex 360.8 337.755 435.544
      vertex 360.8 337.395 435.3
    endloop
  endfacet
  facet normal 0 -0.645631 0.76365
    outer loop
      vertex 360.8 338.085 435.823
      vertex 361.8 337.755 435.544
      vertex 361.8 338.085 435.823
    endloop
  endfacet
  facet normal 0 -0.645631 0.76365
    outer loop
      vertex 361.8 337.755 435.544
      vertex 360.8 338.085 435.823
      vertex 360.8 337.755 435.544
    endloop
  endfacet
  facet normal 0 -0.724193 0.689598
    outer loop
      vertex 360.8 338.085 435.823
      vertex 361.8 338.384 436.137
      vertex 360.8 338.384 436.137
    endloop
  endfacet
  facet normal 0 -0.724193 0.689598
    outer loop
      vertex 361.8 338.384 436.137
      vertex 360.8 338.085 435.823
      vertex 361.8 338.085 435.823
    endloop
  endfacet
  facet normal 0 -0.793569 0.60848
    outer loop
      vertex 360.8 338.384 436.137
      vertex 361.8 338.647 436.48
      vertex 360.8 338.647 436.48
    endloop
  endfacet
  facet normal 0 -0.793569 0.60848
    outer loop
      vertex 361.8 338.647 436.48
      vertex 360.8 338.384 436.137
      vertex 361.8 338.384 436.137
    endloop
  endfacet
  facet normal 0 -0.85334 0.521355
    outer loop
      vertex 360.8 338.647 436.48
      vertex 361.8 338.87 436.845
      vertex 360.8 338.87 436.845
    endloop
  endfacet
  facet normal 0 -0.85334 0.521355
    outer loop
      vertex 361.8 338.87 436.845
      vertex 360.8 338.647 436.48
      vertex 361.8 338.647 436.48
    endloop
  endfacet
  facet normal 0 -0.904023 0.427484
    outer loop
      vertex 360.8 338.87 436.845
      vertex 361.8 339.053 437.232
      vertex 360.8 339.053 437.232
    endloop
  endfacet
  facet normal 0 -0.904023 0.427484
    outer loop
      vertex 361.8 339.053 437.232
      vertex 360.8 338.87 436.845
      vertex 361.8 338.87 436.845
    endloop
  endfacet
  facet normal 0 -0.945398 0.325919
    outer loop
      vertex 360.8 339.053 437.232
      vertex 361.8 339.194 437.641
      vertex 360.8 339.194 437.641
    endloop
  endfacet
  facet normal 0 -0.945398 0.325919
    outer loop
      vertex 361.8 339.194 437.641
      vertex 360.8 339.053 437.232
      vertex 361.8 339.053 437.232
    endloop
  endfacet
  facet normal 0 -0.97324 0.229793
    outer loop
      vertex 360.8 339.194 437.641
      vertex 361.8 339.296 438.073
      vertex 360.8 339.296 438.073
    endloop
  endfacet
  facet normal 0 -0.97324 0.229793
    outer loop
      vertex 361.8 339.296 438.073
      vertex 360.8 339.194 437.641
      vertex 361.8 339.194 437.641
    endloop
  endfacet
  facet normal 0 -0.991055 0.133453
    outer loop
      vertex 360.8 339.296 438.073
      vertex 361.8 339.357 438.526
      vertex 360.8 339.357 438.526
    endloop
  endfacet
  facet normal 0 -0.991055 0.133453
    outer loop
      vertex 361.8 339.357 438.526
      vertex 360.8 339.296 438.073
      vertex 361.8 339.296 438.073
    endloop
  endfacet
  facet normal 0 -0.999118 0.0419798
    outer loop
      vertex 360.8 339.357 438.526
      vertex 361.8 339.377 439.002
      vertex 360.8 339.377 439.002
    endloop
  endfacet
  facet normal 0 -0.999118 0.0419798
    outer loop
      vertex 361.8 339.377 439.002
      vertex 360.8 339.357 438.526
      vertex 361.8 339.357 438.526
    endloop
  endfacet
  facet normal 0 -0.998708 -0.0508115
    outer loop
      vertex 360.8 339.377 439.002
      vertex 361.8 339.348 439.572
      vertex 360.8 339.348 439.572
    endloop
  endfacet
  facet normal 0 -0.998708 -0.0508115
    outer loop
      vertex 361.8 339.348 439.572
      vertex 360.8 339.377 439.002
      vertex 361.8 339.377 439.002
    endloop
  endfacet
  facet normal 0 -0.987279 -0.159
    outer loop
      vertex 360.8 339.348 439.572
      vertex 361.8 339.262 440.106
      vertex 360.8 339.262 440.106
    endloop
  endfacet
  facet normal 0 -0.987279 -0.159
    outer loop
      vertex 361.8 339.262 440.106
      vertex 360.8 339.348 439.572
      vertex 361.8 339.348 439.572
    endloop
  endfacet
  facet normal 0 -0.960863 -0.277023
    outer loop
      vertex 360.8 339.262 440.106
      vertex 361.8 339.119 440.602
      vertex 360.8 339.119 440.602
    endloop
  endfacet
  facet normal 0 -0.960863 -0.277023
    outer loop
      vertex 361.8 339.119 440.602
      vertex 360.8 339.262 440.106
      vertex 361.8 339.262 440.106
    endloop
  endfacet
  facet normal 0 -0.91634 -0.400401
    outer loop
      vertex 360.8 339.119 440.602
      vertex 361.8 338.918 441.062
      vertex 360.8 338.918 441.062
    endloop
  endfacet
  facet normal 0 -0.91634 -0.400401
    outer loop
      vertex 361.8 338.918 441.062
      vertex 360.8 339.119 440.602
      vertex 361.8 339.119 440.602
    endloop
  endfacet
  facet normal 0 -0.853731 -0.520715
    outer loop
      vertex 360.8 338.918 441.062
      vertex 361.8 338.66 441.485
      vertex 360.8 338.66 441.485
    endloop
  endfacet
  facet normal 0 -0.853731 -0.520715
    outer loop
      vertex 361.8 338.66 441.485
      vertex 360.8 338.918 441.062
      vertex 361.8 338.918 441.062
    endloop
  endfacet
  facet normal 0 -0.773957 -0.633238
    outer loop
      vertex 360.8 338.66 441.485
      vertex 361.8 338.345 441.87
      vertex 360.8 338.345 441.87
    endloop
  endfacet
  facet normal 0 -0.773957 -0.633238
    outer loop
      vertex 361.8 338.345 441.87
      vertex 360.8 338.66 441.485
      vertex 361.8 338.66 441.485
    endloop
  endfacet
  facet normal 0 -0.683224 -0.730208
    outer loop
      vertex 360.8 337.972 442.219
      vertex 361.8 338.345 441.87
      vertex 361.8 337.972 442.219
    endloop
  endfacet
  facet normal -0 -0.683224 -0.730208
    outer loop
      vertex 361.8 338.345 441.87
      vertex 360.8 337.972 442.219
      vertex 360.8 338.345 441.87
    endloop
  endfacet
  facet normal 0 -0.5834 -0.812185
    outer loop
      vertex 360.8 337.546 442.525
      vertex 361.8 337.972 442.219
      vertex 361.8 337.546 442.525
    endloop
  endfacet
  facet normal -0 -0.5834 -0.812185
    outer loop
      vertex 361.8 337.972 442.219
      vertex 360.8 337.546 442.525
      vertex 360.8 337.972 442.219
    endloop
  endfacet
  facet normal 0 -0.481705 -0.876333
    outer loop
      vertex 360.8 337.073 442.785
      vertex 361.8 337.546 442.525
      vertex 361.8 337.073 442.785
    endloop
  endfacet
  facet normal -0 -0.481705 -0.876333
    outer loop
      vertex 361.8 337.546 442.525
      vertex 360.8 337.073 442.785
      vertex 360.8 337.546 442.525
    endloop
  endfacet
  facet normal 0 -0.376282 -0.926505
    outer loop
      vertex 360.8 336.551 442.997
      vertex 361.8 337.073 442.785
      vertex 361.8 336.551 442.997
    endloop
  endfacet
  facet normal -0 -0.376282 -0.926505
    outer loop
      vertex 361.8 337.073 442.785
      vertex 360.8 336.551 442.997
      vertex 360.8 337.073 442.785
    endloop
  endfacet
  facet normal 0 -0.278509 -0.960434
    outer loop
      vertex 360.8 335.982 443.162
      vertex 361.8 336.551 442.997
      vertex 361.8 335.982 443.162
    endloop
  endfacet
  facet normal -0 -0.278509 -0.960434
    outer loop
      vertex 361.8 336.551 442.997
      vertex 360.8 335.982 443.162
      vertex 360.8 336.551 442.997
    endloop
  endfacet
  facet normal 0 -0.18755 -0.982255
    outer loop
      vertex 360.8 335.364 443.28
      vertex 361.8 335.982 443.162
      vertex 361.8 335.364 443.28
    endloop
  endfacet
  facet normal -0 -0.18755 -0.982255
    outer loop
      vertex 361.8 335.982 443.162
      vertex 360.8 335.364 443.28
      vertex 360.8 335.982 443.162
    endloop
  endfacet
  facet normal 0 -0.106006 -0.994365
    outer loop
      vertex 360.8 334.698 443.351
      vertex 361.8 335.364 443.28
      vertex 361.8 334.698 443.351
    endloop
  endfacet
  facet normal -0 -0.106006 -0.994365
    outer loop
      vertex 361.8 335.364 443.28
      vertex 360.8 334.698 443.351
      vertex 360.8 335.364 443.28
    endloop
  endfacet
  facet normal 0 -0.0321962 -0.999482
    outer loop
      vertex 360.8 333.984 443.374
      vertex 361.8 334.698 443.351
      vertex 361.8 333.984 443.374
    endloop
  endfacet
  facet normal -0 -0.0321962 -0.999482
    outer loop
      vertex 361.8 334.698 443.351
      vertex 360.8 333.984 443.374
      vertex 360.8 334.698 443.351
    endloop
  endfacet
  facet normal 0 0 -1
    outer loop
      vertex 360.8 326.791 443.374
      vertex 361.8 333.984 443.374
      vertex 361.8 326.791 443.374
    endloop
  endfacet
  facet normal -0 0 -1
    outer loop
      vertex 361.8 333.984 443.374
      vertex 360.8 326.791 443.374
      vertex 360.8 333.984 443.374
    endloop
  endfacet
  facet normal 0 1 -0
    outer loop
      vertex 361.8 326.791 428.087
      vertex 360.8 326.791 443.374
      vertex 361.8 326.791 443.374
    endloop
  endfacet
  facet normal 0 1 0
    outer loop
      vertex 360.8 326.791 443.374
      vertex 361.8 326.791 428.087
      vertex 360.8 326.791 428.087
    endloop
  endfacet
  facet normal -0 0 1
    outer loop
      vertex 360.8 328.863 428.087
      vertex 361.8 326.791 428.087
      vertex 361.8 328.863 428.087
    endloop
  endfacet
  facet normal 0 0 1
    outer loop
      vertex 361.8 326.791 428.087
      vertex 360.8 328.863 428.087
      vertex 360.8 326.791 428.087
    endloop
  endfacet
  facet normal 0 -1 0
    outer loop
      vertex 360.8 328.863 428.087
      vertex 361.8 328.863 434.434
      vertex 360.8 328.863 434.434
    endloop
  endfacet
  facet normal 0 -1 -0
    outer loop
      vertex 361.8 328.863 434.434
      vertex 360.8 328.863 428.087
      vertex 361.8 328.863 428.087
    endloop
  endfacet
  facet normal 0 -1 0
    outer loop
      vertex 360.8 328.863 436.072
      vertex 361.8 328.863 441.714
      vertex 360.8 328.863 441.714
    endloop
  endfacet
  facet normal 0 -1 -0
    outer loop
      vertex 361.8 328.863 441.714
      vertex 360.8 328.863 436.072
      vertex 361.8 328.863 436.072
    endloop
  endfacet
  facet normal -0 0 1
    outer loop
      vertex 360.8 333.778 441.714
      vertex 361.8 328.863 441.714
      vertex 361.8 333.778 441.714
    endloop
  endfacet
  facet normal 0 0 1
    outer loop
      vertex 361.8 328.863 441.714
      vertex 360.8 333.778 441.714
      vertex 360.8 328.863 441.714
    endloop
  endfacet
  facet normal -0 0.0297109 0.999559
    outer loop
      vertex 360.8 334.249 441.7
      vertex 361.8 333.778 441.714
      vertex 361.8 334.249 441.7
    endloop
  endfacet
  facet normal 0 0.0297109 0.999559
    outer loop
      vertex 361.8 333.778 441.714
      vertex 360.8 334.249 441.7
      vertex 360.8 333.778 441.714
    endloop
  endfacet
  facet normal -0 0.0977038 0.995216
    outer loop
      vertex 360.8 334.687 441.657
      vertex 361.8 334.249 441.7
      vertex 361.8 334.687 441.657
    endloop
  endfacet
  facet normal 0 0.0977038 0.995216
    outer loop
      vertex 361.8 334.249 441.7
      vertex 360.8 334.687 441.657
      vertex 360.8 334.249 441.7
    endloop
  endfacet
  facet normal -0 0.172675 0.984979
    outer loop
      vertex 360.8 335.092 441.586
      vertex 361.8 334.687 441.657
      vertex 361.8 335.092 441.586
    endloop
  endfacet
  facet normal 0 0.172675 0.984979
    outer loop
      vertex 361.8 334.687 441.657
      vertex 360.8 335.092 441.586
      vertex 360.8 334.687 441.657
    endloop
  endfacet
  facet normal -0 0.258952 0.96589
    outer loop
      vertex 360.8 335.465 441.486
      vertex 361.8 335.092 441.586
      vertex 361.8 335.465 441.486
    endloop
  endfacet
  facet normal 0 0.258952 0.96589
    outer loop
      vertex 361.8 335.092 441.586
      vertex 360.8 335.465 441.486
      vertex 360.8 335.092 441.586
    endloop
  endfacet
  facet normal -0 0.354737 0.934966
    outer loop
      vertex 360.8 335.805 441.357
      vertex 361.8 335.465 441.486
      vertex 361.8 335.805 441.357
    endloop
  endfacet
  facet normal 0 0.354737 0.934966
    outer loop
      vertex 361.8 335.465 441.486
      vertex 360.8 335.805 441.357
      vertex 360.8 335.465 441.486
    endloop
  endfacet
  facet normal -0 0.455315 0.89033
    outer loop
      vertex 360.8 336.112 441.2
      vertex 361.8 335.805 441.357
      vertex 361.8 336.112 441.2
    endloop
  endfacet
  facet normal 0 0.455315 0.89033
    outer loop
      vertex 361.8 335.805 441.357
      vertex 360.8 336.112 441.2
      vertex 360.8 335.805 441.357
    endloop
  endfacet
  facet normal -0 0.558853 0.829266
    outer loop
      vertex 360.8 336.388 441.014
      vertex 361.8 336.112 441.2
      vertex 361.8 336.388 441.014
    endloop
  endfacet
  facet normal 0 0.558853 0.829266
    outer loop
      vertex 361.8 336.112 441.2
      vertex 360.8 336.388 441.014
      vertex 360.8 336.112 441.2
    endloop
  endfacet
  facet normal -0 0.662035 0.749473
    outer loop
      vertex 360.8 336.628 440.802
      vertex 361.8 336.388 441.014
      vertex 361.8 336.628 440.802
    endloop
  endfacet
  facet normal 0 0.662035 0.749473
    outer loop
      vertex 361.8 336.388 441.014
      vertex 360.8 336.628 440.802
      vertex 360.8 336.388 441.014
    endloop
  endfacet
  facet normal 0 0.762175 0.647371
    outer loop
      vertex 361.8 336.831 440.563
      vertex 360.8 336.628 440.802
      vertex 361.8 336.628 440.802
    endloop
  endfacet
  facet normal 0 0.762175 0.647371
    outer loop
      vertex 360.8 336.628 440.802
      vertex 361.8 336.831 440.563
      vertex 360.8 336.831 440.563
    endloop
  endfacet
  facet normal 0 0.84602 0.533152
    outer loop
      vertex 361.8 336.998 440.298
      vertex 360.8 336.831 440.563
      vertex 361.8 336.831 440.563
    endloop
  endfacet
  facet normal 0 0.84602 0.533152
    outer loop
      vertex 360.8 336.831 440.563
      vertex 361.8 336.998 440.298
      vertex 360.8 336.998 440.298
    endloop
  endfacet
  facet normal 0 0.9142 0.405264
    outer loop
      vertex 361.8 337.127 440.007
      vertex 360.8 336.998 440.298
      vertex 361.8 336.998 440.298
    endloop
  endfacet
  facet normal 0 0.9142 0.405264
    outer loop
      vertex 360.8 336.998 440.298
      vertex 361.8 337.127 440.007
      vertex 360.8 337.127 440.007
    endloop
  endfacet
  facet normal 0 0.959317 0.282331
    outer loop
      vertex 361.8 337.22 439.691
      vertex 360.8 337.127 440.007
      vertex 361.8 337.127 440.007
    endloop
  endfacet
  facet normal 0 0.959317 0.282331
    outer loop
      vertex 360.8 337.127 440.007
      vertex 361.8 337.22 439.691
      vertex 360.8 337.22 439.691
    endloop
  endfacet
  facet normal 0 0.987387 0.158327
    outer loop
      vertex 361.8 337.275 439.348
      vertex 360.8 337.22 439.691
      vertex 361.8 337.22 439.691
    endloop
  endfacet
  facet normal 0 0.987387 0.158327
    outer loop
      vertex 360.8 337.22 439.691
      vertex 361.8 337.275 439.348
      vertex 360.8 337.275 439.348
    endloop
  endfacet
  facet normal 0 0.99867 0.0515618
    outer loop
      vertex 361.8 337.294 438.98
      vertex 360.8 337.275 439.348
      vertex 361.8 337.275 439.348
    endloop
  endfacet
  facet normal 0 0.99867 0.0515618
    outer loop
      vertex 360.8 337.275 439.348
      vertex 361.8 337.294 438.98
      vertex 360.8 337.294 438.98
    endloop
  endfacet
  facet normal 0 0.998759 -0.0498069
    outer loop
      vertex 361.8 337.275 438.599
      vertex 360.8 337.294 438.98
      vertex 361.8 337.294 438.98
    endloop
  endfacet
  facet normal 0 0.998759 -0.0498069
    outer loop
      vertex 360.8 337.294 438.98
      vertex 361.8 337.275 438.599
      vertex 360.8 337.275 438.599
    endloop
  endfacet
  facet normal 0 0.988691 -0.14997
    outer loop
      vertex 361.8 337.221 438.243
      vertex 360.8 337.275 438.599
      vertex 361.8 337.275 438.599
    endloop
  endfacet
  facet normal 0 0.988691 -0.14997
    outer loop
      vertex 360.8 337.275 438.599
      vertex 361.8 337.221 438.243
      vertex 360.8 337.221 438.243
    endloop
  endfacet
  facet normal 0 0.963476 -0.267794
    outer loop
      vertex 361.8 337.129 437.912
      vertex 360.8 337.221 438.243
      vertex 361.8 337.221 438.243
    endloop
  endfacet
  facet normal 0 0.963476 -0.267794
    outer loop
      vertex 360.8 337.221 438.243
      vertex 361.8 337.129 437.912
      vertex 360.8 337.129 437.912
    endloop
  endfacet
  facet normal 0 0.922988 -0.384829
    outer loop
      vertex 361.8 337.001 437.605
      vertex 360.8 337.129 437.912
      vertex 361.8 337.129 437.912
    endloop
  endfacet
  facet normal 0 0.922988 -0.384829
    outer loop
      vertex 360.8 337.129 437.912
      vertex 361.8 337.001 437.605
      vertex 360.8 337.001 437.605
    endloop
  endfacet
  facet normal 0 0.863667 -0.504062
    outer loop
      vertex 361.8 336.837 437.324
      vertex 360.8 337.001 437.605
      vertex 361.8 337.001 437.605
    endloop
  endfacet
  facet normal 0 0.863667 -0.504062
    outer loop
      vertex 360.8 337.001 437.605
      vertex 361.8 336.837 437.324
      vertex 360.8 336.837 437.324
    endloop
  endfacet
  facet normal 0 0.786532 -0.61755
    outer loop
      vertex 361.8 336.636 437.068
      vertex 360.8 336.837 437.324
      vertex 361.8 336.837 437.324
    endloop
  endfacet
  facet normal 0 0.786532 -0.61755
    outer loop
      vertex 360.8 336.837 437.324
      vertex 361.8 336.636 437.068
      vertex 360.8 336.636 437.068
    endloop
  endfacet
  facet normal 0 0.696475 -0.717581
    outer loop
      vertex 360.8 336.398 436.837
      vertex 361.8 336.636 437.068
      vertex 361.8 336.398 436.837
    endloop
  endfacet
  facet normal 0 0.696475 -0.717581
    outer loop
      vertex 361.8 336.636 437.068
      vertex 360.8 336.398 436.837
      vertex 360.8 336.636 437.068
    endloop
  endfacet
  facet normal 0 0.600947 -0.799289
    outer loop
      vertex 360.8 336.128 436.634
      vertex 361.8 336.398 436.837
      vertex 361.8 336.128 436.634
    endloop
  endfacet
  facet normal 0 0.600947 -0.799289
    outer loop
      vertex 361.8 336.398 436.837
      vertex 360.8 336.128 436.634
      vertex 360.8 336.398 436.837
    endloop
  endfacet
  facet normal 0 0.492722 -0.870187
    outer loop
      vertex 360.8 335.826 436.463
      vertex 361.8 336.128 436.634
      vertex 361.8 335.826 436.463
    endloop
  endfacet
  facet normal 0 0.492722 -0.870187
    outer loop
      vertex 361.8 336.128 436.634
      vertex 360.8 335.826 436.463
      vertex 360.8 336.128 436.634
    endloop
  endfacet
  facet normal 0 0.391906 -0.920005
    outer loop
      vertex 360.8 335.495 436.322
      vertex 361.8 335.826 436.463
      vertex 361.8 335.495 436.322
    endloop
  endfacet
  facet normal 0 0.391906 -0.920005
    outer loop
      vertex 361.8 335.826 436.463
      vertex 360.8 335.495 436.322
      vertex 360.8 335.826 436.463
    endloop
  endfacet
  facet normal 0 0.288318 -0.957535
    outer loop
      vertex 360.8 335.133 436.213
      vertex 361.8 335.495 436.322
      vertex 361.8 335.133 436.213
    endloop
  endfacet
  facet normal 0 0.288318 -0.957535
    outer loop
      vertex 361.8 335.495 436.322
      vertex 360.8 335.133 436.213
      vertex 360.8 335.495 436.322
    endloop
  endfacet
  facet normal 0 0.195154 -0.980773
    outer loop
      vertex 360.8 334.741 436.135
      vertex 361.8 335.133 436.213
      vertex 361.8 334.741 436.135
    endloop
  endfacet
  facet normal 0 0.195154 -0.980773
    outer loop
      vertex 361.8 335.133 436.213
      vertex 360.8 334.741 436.135
      vertex 360.8 335.133 436.213
    endloop
  endfacet
  facet normal 0 0.110432 -0.993884
    outer loop
      vertex 360.8 334.318 436.088
      vertex 361.8 334.741 436.135
      vertex 361.8 334.318 436.088
    endloop
  endfacet
  facet normal 0 0.110432 -0.993884
    outer loop
      vertex 361.8 334.741 436.135
      vertex 360.8 334.318 436.088
      vertex 360.8 334.741 436.135
    endloop
  endfacet
  facet normal 0 0.0352981 -0.999377
    outer loop
      vertex 360.8 333.865 436.072
      vertex 361.8 334.318 436.088
      vertex 361.8 333.865 436.072
    endloop
  endfacet
  facet normal 0 0.0352981 -0.999377
    outer loop
      vertex 361.8 334.318 436.088
      vertex 360.8 333.865 436.072
      vertex 360.8 334.318 436.088
    endloop
  endfacet
  facet normal 0 0 -1
    outer loop
      vertex 360.8 328.863 436.072
      vertex 361.8 333.865 436.072
      vertex 361.8 328.863 436.072
    endloop
  endfacet
  facet normal -0 0 -1
    outer loop
      vertex 361.8 333.865 436.072
      vertex 360.8 328.863 436.072
      vertex 360.8 333.865 436.072
    endloop
  endfacet
  facet normal 0 0 -1
    outer loop
      vertex 360.8 355.418 429.747
      vertex 361.8 359.14 429.747
      vertex 361.8 355.418 429.747
    endloop
  endfacet
  facet normal -0 0 -1
    outer loop
      vertex 361.8 359.14 429.747
      vertex 360.8 355.418 429.747
      vertex 360.8 359.14 429.747
    endloop
  endfacet
  facet normal 0 -1 0
    outer loop
      vertex 360.8 355.418 429.747
      vertex 361.8 355.418 443.374
      vertex 360.8 355.418 443.374
    endloop
  endfacet
  facet normal 0 -1 -0
    outer loop
      vertex 361.8 355.418 443.374
      vertex 360.8 355.418 429.747
      vertex 361.8 355.418 429.747
    endloop
  endfacet
  facet normal 0 0 -1
    outer loop
      vertex 360.8 353.617 443.374
      vertex 361.8 355.418 443.374
      vertex 361.8 353.617 443.374
    endloop
  endfacet
  facet normal -0 0 -1
    outer loop
      vertex 361.8 355.418 443.374
      vertex 360.8 353.617 443.374
      vertex 360.8 355.418 443.374
    endloop
  endfacet
  facet normal 0 0.566539 -0.824035
    outer loop
      vertex 360.8 350.004 440.89
      vertex 361.8 353.617 443.374
      vertex 361.8 350.004 440.89
    endloop
  endfacet
  facet normal 0 0.566539 -0.824035
    outer loop
      vertex 361.8 353.617 443.374
      vertex 360.8 350.004 440.89
      vertex 360.8 353.617 443.374
    endloop
  endfacet
  facet normal 0 1 -0
    outer loop
      vertex 361.8 350.004 439.045
      vertex 360.8 350.004 440.89
      vertex 361.8 350.004 440.89
    endloop
  endfacet
  facet normal 0 1 0
    outer loop
      vertex 360.8 350.004 440.89
      vertex 361.8 350.004 439.045
      vertex 360.8 350.004 439.045
    endloop
  endfacet
  facet normal 0 -0.581037 0.813877
    outer loop
      vertex 360.8 353.454 441.508
      vertex 361.8 350.004 439.045
      vertex 361.8 353.454 441.508
    endloop
  endfacet
  facet normal 0 -0.581037 0.813877
    outer loop
      vertex 361.8 350.004 439.045
      vertex 360.8 353.454 441.508
      vertex 360.8 350.004 439.045
    endloop
  endfacet
  facet normal 0 1 -0
    outer loop
      vertex 361.8 353.454 429.747
      vertex 360.8 353.454 441.508
      vertex 361.8 353.454 441.508
    endloop
  endfacet
  facet normal 0 1 0
    outer loop
      vertex 360.8 353.454 441.508
      vertex 361.8 353.454 429.747
      vertex 360.8 353.454 429.747
    endloop
  endfacet
  facet normal 0 0 -1
    outer loop
      vertex 360.8 349.559 429.747
      vertex 361.8 353.454 429.747
      vertex 361.8 349.559 429.747
    endloop
  endfacet
  facet normal -0 0 -1
    outer loop
      vertex 361.8 353.454 429.747
      vertex 360.8 349.559 429.747
      vertex 360.8 353.454 429.747
    endloop
  endfacet
  facet normal 0 1 -0
    outer loop
      vertex 361.8 349.559 428.087
      vertex 360.8 349.559 429.747
      vertex 361.8 349.559 429.747
    endloop
  endfacet
  facet normal 0 1 0
    outer loop
      vertex 360.8 349.559 429.747
      vertex 361.8 349.559 428.087
      vertex 360.8 349.559 428.087
    endloop
  endfacet
  facet normal -0 0 1
    outer loop
      vertex 360.8 359.14 428.087
      vertex 361.8 349.559 428.087
      vertex 361.8 359.14 428.087
    endloop
  endfacet
  facet normal 0 0 1
    outer loop
      vertex 361.8 349.559 428.087
      vertex 360.8 359.14 428.087
      vertex 360.8 349.559 428.087
    endloop
  endfacet
  facet normal 0 -1 0
    outer loop
      vertex 360.8 359.14 428.087
      vertex 361.8 359.14 429.747
      vertex 360.8 359.14 429.747
    endloop
  endfacet
  facet normal 0 -1 -0
    outer loop
      vertex 361.8 359.14 429.747
      vertex 360.8 359.14 428.087
      vertex 361.8 359.14 428.087
    endloop
  endfacet
  facet normal 0 0 -1
    outer loop
      vertex 360.8 341.627 434.857
      vertex 361.8 347.052 434.857
      vertex 361.8 341.627 434.857
    endloop
  endfacet
  facet normal -0 0 -1
    outer loop
      vertex 361.8 347.052 434.857
      vertex 360.8 341.627 434.857
      vertex 360.8 347.052 434.857
    endloop
  endfacet
  facet normal 0 1 -0
    outer loop
      vertex 361.8 341.627 433.121
      vertex 360.8 341.627 434.857
      vertex 361.8 341.627 434.857
    endloop
  endfacet
  facet normal 0 1 0
    outer loop
      vertex 360.8 341.627 434.857
      vertex 361.8 341.627 433.121
      vertex 360.8 341.627 433.121
    endloop
  endfacet
  facet normal -0 0 1
    outer loop
      vertex 360.8 347.052 433.121
      vertex 361.8 341.627 433.121
      vertex 361.8 347.052 433.121
    endloop
  endfacet
  facet normal 0 0 1
    outer loop
      vertex 361.8 341.627 433.121
      vertex 360.8 347.052 433.121
      vertex 360.8 341.627 433.121
    endloop
  endfacet
  facet normal 0 -1 0
    outer loop
      vertex 360.8 347.052 433.121
      vertex 361.8 347.052 434.857
      vertex 360.8 347.052 434.857
    endloop
  endfacet
  facet normal 0 -1 -0
    outer loop
      vertex 361.8 347.052 434.857
      vertex 360.8 347.052 433.121
      vertex 361.8 347.052 433.121
    endloop
  endfacet
  facet normal 0 0 -1
    outer loop
      vertex 360.8 360.923 434.857
      vertex 361.8 366.348 434.857
      vertex 361.8 360.923 434.857
    endloop
  endfacet
  facet normal -0 0 -1
    outer loop
      vertex 361.8 366.348 434.857
      vertex 360.8 360.923 434.857
      vertex 360.8 366.348 434.857
    endloop
  endfacet
  facet normal 0 1 -0
    outer loop
      vertex 361.8 360.923 433.121
      vertex 360.8 360.923 434.857
      vertex 361.8 360.923 434.857
    endloop
  endfacet
  facet normal 0 1 0
    outer loop
      vertex 360.8 360.923 434.857
      vertex 361.8 360.923 433.121
      vertex 360.8 360.923 433.121
    endloop
  endfacet
  facet normal -0 0 1
    outer loop
      vertex 360.8 366.348 433.121
      vertex 361.8 360.923 433.121
      vertex 361.8 366.348 433.121
    endloop
  endfacet
  facet normal 0 0 1
    outer loop
      vertex 361.8 360.923 433.121
      vertex 360.8 366.348 433.121
      vertex 360.8 360.923 433.121
    endloop
  endfacet
  facet normal 0 -1 0
    outer loop
      vertex 360.8 366.348 433.121
      vertex 361.8 366.348 434.857
      vertex 360.8 366.348 434.857
    endloop
  endfacet
  facet normal 0 -1 -0
    outer loop
      vertex 361.8 366.348 434.857
      vertex 360.8 366.348 433.121
      vertex 361.8 366.348 433.121
    endloop
  endfacet
  facet normal 0 0 -1
    outer loop
      vertex 347.3 242.117 517.6
      vertex 356.3 242.117 517.6
      vertex 356.15 241.4 517.6
    endloop
  endfacet
  facet normal 0 0 -1
    outer loop
      vertex 347.3 242.117 517.6
      vertex 356.15 241.4 517.6
      vertex 347.45 241.4 517.6
    endloop
  endfacet
  facet normal 0 0 -1
    outer loop
      vertex 356.3 242.117 517.6
      vertex 347.3 242.117 517.6
      vertex 356.3 255.75 517.6
    endloop
  endfacet
  facet normal -0 0 -1
    outer loop
      vertex 356.3 255.75 517.6
      vertex 347.3 242.117 517.6
      vertex 347.3 255.75 517.6
    endloop
  endfacet
  facet normal 0.979573 0 -0.201089
    outer loop
      vertex 358.8 462.8 529.78
      vertex 356.546 255.75 518.8
      vertex 356.546 462.8 518.8
    endloop
  endfacet
  facet normal 0.979627 0 -0.200824
    outer loop
      vertex 356.546 255.75 518.8
      vertex 356.546 243.293 518.8
      vertex 356.3 255.75 517.6
    endloop
  endfacet
  facet normal 0.979573 0 -0.201089
    outer loop
      vertex 358.8 241.4 529.78
      vertex 356.546 255.75 518.8
      vertex 358.8 462.8 529.78
    endloop
  endfacet
  facet normal 0.979573 0 -0.201089
    outer loop
      vertex 356.546 255.75 518.8
      vertex 358.8 241.4 529.78
      vertex 356.546 243.293 518.8
    endloop
  endfacet
  facet normal 0.979573 0 -0.201089
    outer loop
      vertex 356.546 243.293 518.8
      vertex 358.8 241.4 529.78
      vertex 356.546 241.4 518.8
    endloop
  endfacet
  facet normal 0.979627 0 -0.200824
    outer loop
      vertex 356.3 255.75 517.6
      vertex 356.546 243.293 518.8
      vertex 356.3 242.117 517.6
    endloop
  endfacet
  facet normal 0 0 1
    outer loop
      vertex 358.8 462.8 529.8
      vertex 356.1 427.8 529.8
      vertex 358.8 241.4 529.8
    endloop
  endfacet
  facet normal 0 0 1
    outer loop
      vertex 358.8 462.8 529.8
      vertex 356.063 428.361 529.8
      vertex 356.1 427.8 529.8
    endloop
  endfacet
  facet normal 0 0 1
    outer loop
      vertex 358.8 462.8 529.8
      vertex 355.953 428.913 529.8
      vertex 356.063 428.361 529.8
    endloop
  endfacet
  facet normal 0 0 1
    outer loop
      vertex 358.8 462.8 529.8
      vertex 355.773 429.446 529.8
      vertex 355.953 428.913 529.8
    endloop
  endfacet
  facet normal 0 0 1
    outer loop
      vertex 358.8 462.8 529.8
      vertex 355.524 429.95 529.8
      vertex 355.773 429.446 529.8
    endloop
  endfacet
  facet normal 0 0 1
    outer loop
      vertex 358.8 462.8 529.8
      vertex 355.211 430.418 529.8
      vertex 355.524 429.95 529.8
    endloop
  endfacet
  facet normal 0 0 1
    outer loop
      vertex 358.8 462.8 529.8
      vertex 354.841 430.841 529.8
      vertex 355.211 430.418 529.8
    endloop
  endfacet
  facet normal 0 0 1
    outer loop
      vertex 358.8 462.8 529.8
      vertex 354.418 431.211 529.8
      vertex 354.841 430.841 529.8
    endloop
  endfacet
  facet normal 0 0 1
    outer loop
      vertex 358.8 462.8 529.8
      vertex 353.95 431.524 529.8
      vertex 354.418 431.211 529.8
    endloop
  endfacet
  facet normal 0 0 1
    outer loop
      vertex 358.8 462.8 529.8
      vertex 353.446 431.773 529.8
      vertex 353.95 431.524 529.8
    endloop
  endfacet
  facet normal 0 0 1
    outer loop
      vertex 358.8 462.8 529.8
      vertex 352.913 431.953 529.8
      vertex 353.446 431.773 529.8
    endloop
  endfacet
  facet normal 0 0 1
    outer loop
      vertex 358.8 462.8 529.8
      vertex 352.361 432.063 529.8
      vertex 352.913 431.953 529.8
    endloop
  endfacet
  facet normal 0 0 1
    outer loop
      vertex 358.8 462.8 529.8
      vertex 351.8 432.1 529.8
      vertex 352.361 432.063 529.8
    endloop
  endfacet
  facet normal -0 0 1
    outer loop
      vertex 344.8 462.8 529.8
      vertex 351.8 432.1 529.8
      vertex 358.8 462.8 529.8
    endloop
  endfacet
  facet normal 0 0 1
    outer loop
      vertex 351.8 432.1 529.8
      vertex 344.8 462.8 529.8
      vertex 351.239 432.063 529.8
    endloop
  endfacet
  facet normal 0 0 1
    outer loop
      vertex 351.239 432.063 529.8
      vertex 344.8 462.8 529.8
      vertex 350.687 431.953 529.8
    endloop
  endfacet
  facet normal 0 0 1
    outer loop
      vertex 350.687 431.953 529.8
      vertex 344.8 462.8 529.8
      vertex 350.154 431.773 529.8
    endloop
  endfacet
  facet normal 0 0 1
    outer loop
      vertex 350.154 431.773 529.8
      vertex 344.8 462.8 529.8
      vertex 349.65 431.524 529.8
    endloop
  endfacet
  facet normal 0 0 1
    outer loop
      vertex 349.65 431.524 529.8
      vertex 344.8 462.8 529.8
      vertex 349.182 431.211 529.8
    endloop
  endfacet
  facet normal 0 0 1
    outer loop
      vertex 349.182 431.211 529.8
      vertex 344.8 462.8 529.8
      vertex 348.759 430.841 529.8
    endloop
  endfacet
  facet normal 0 0 1
    outer loop
      vertex 348.759 430.841 529.8
      vertex 344.8 462.8 529.8
      vertex 348.389 430.418 529.8
    endloop
  endfacet
  facet normal 0 0 1
    outer loop
      vertex 348.389 430.418 529.8
      vertex 344.8 462.8 529.8
      vertex 348.076 429.95 529.8
    endloop
  endfacet
  facet normal 0 0 1
    outer loop
      vertex 348.076 429.95 529.8
      vertex 344.8 462.8 529.8
      vertex 347.827 429.446 529.8
    endloop
  endfacet
  facet normal 0 0 1
    outer loop
      vertex 347.537 428.361 529.8
      vertex 344.8 462.8 529.8
      vertex 347.5 427.8 529.8
    endloop
  endfacet
  facet normal 0 0 1
    outer loop
      vertex 347.647 428.913 529.8
      vertex 344.8 462.8 529.8
      vertex 347.537 428.361 529.8
    endloop
  endfacet
  facet normal 0 0 1
    outer loop
      vertex 347.827 429.446 529.8
      vertex 344.8 462.8 529.8
      vertex 347.647 428.913 529.8
    endloop
  endfacet
  facet normal -0 0 1
    outer loop
      vertex 356.063 427.239 529.8
      vertex 358.8 241.4 529.8
      vertex 356.1 427.8 529.8
    endloop
  endfacet
  facet normal -0 0 1
    outer loop
      vertex 355.953 426.687 529.8
      vertex 358.8 241.4 529.8
      vertex 356.063 427.239 529.8
    endloop
  endfacet
  facet normal -0 0 1
    outer loop
      vertex 355.773 426.154 529.8
      vertex 358.8 241.4 529.8
      vertex 355.953 426.687 529.8
    endloop
  endfacet
  facet normal -0 0 1
    outer loop
      vertex 355.524 425.65 529.8
      vertex 358.8 241.4 529.8
      vertex 355.773 426.154 529.8
    endloop
  endfacet
  facet normal -0 0 1
    outer loop
      vertex 355.211 425.182 529.8
      vertex 358.8 241.4 529.8
      vertex 355.524 425.65 529.8
    endloop
  endfacet
  facet normal -0 0 1
    outer loop
      vertex 354.841 424.759 529.8
      vertex 358.8 241.4 529.8
      vertex 355.211 425.182 529.8
    endloop
  endfacet
  facet normal -0 0 1
    outer loop
      vertex 354.418 424.389 529.8
      vertex 358.8 241.4 529.8
      vertex 354.841 424.759 529.8
    endloop
  endfacet
  facet normal -0 0 1
    outer loop
      vertex 353.95 424.076 529.8
      vertex 358.8 241.4 529.8
      vertex 354.418 424.389 529.8
    endloop
  endfacet
  facet normal -0 0 1
    outer loop
      vertex 353.446 423.827 529.8
      vertex 358.8 241.4 529.8
      vertex 353.95 424.076 529.8
    endloop
  endfacet
  facet normal -0 0 1
    outer loop
      vertex 352.913 423.647 529.8
      vertex 358.8 241.4 529.8
      vertex 353.446 423.827 529.8
    endloop
  endfacet
  facet normal -0 0 1
    outer loop
      vertex 352.361 423.537 529.8
      vertex 358.8 241.4 529.8
      vertex 352.913 423.647 529.8
    endloop
  endfacet
  facet normal -0 0 1
    outer loop
      vertex 351.8 423.5 529.8
      vertex 358.8 241.4 529.8
      vertex 352.361 423.537 529.8
    endloop
  endfacet
  facet normal 0 0 1
    outer loop
      vertex 344.8 241.4 529.8
      vertex 351.8 423.5 529.8
      vertex 351.239 423.537 529.8
    endloop
  endfacet
  facet normal 0 0 1
    outer loop
      vertex 344.8 241.4 529.8
      vertex 351.239 423.537 529.8
      vertex 350.687 423.647 529.8
    endloop
  endfacet
  facet normal 0 0 1
    outer loop
      vertex 344.8 241.4 529.8
      vertex 350.687 423.647 529.8
      vertex 350.154 423.827 529.8
    endloop
  endfacet
  facet normal 0 0 1
    outer loop
      vertex 344.8 241.4 529.8
      vertex 350.154 423.827 529.8
      vertex 349.65 424.076 529.8
    endloop
  endfacet
  facet normal 0 0 1
    outer loop
      vertex 344.8 241.4 529.8
      vertex 349.65 424.076 529.8
      vertex 349.182 424.389 529.8
    endloop
  endfacet
  facet normal 0 0 1
    outer loop
      vertex 344.8 241.4 529.8
      vertex 349.182 424.389 529.8
      vertex 348.759 424.759 529.8
    endloop
  endfacet
  facet normal 0 0 1
    outer loop
      vertex 344.8 241.4 529.8
      vertex 348.759 424.759 529.8
      vertex 348.389 425.182 529.8
    endloop
  endfacet
  facet normal 0 0 1
    outer loop
      vertex 344.8 241.4 529.8
      vertex 348.389 425.182 529.8
      vertex 348.076 425.65 529.8
    endloop
  endfacet
  facet normal 0 0 1
    outer loop
      vertex 344.8 241.4 529.8
      vertex 348.076 425.65 529.8
      vertex 347.827 426.154 529.8
    endloop
  endfacet
  facet normal 0 0 1
    outer loop
      vertex 344.8 241.4 529.8
      vertex 347.827 426.154 529.8
      vertex 347.647 426.687 529.8
    endloop
  endfacet
  facet normal 0 0 1
    outer loop
      vertex 344.8 241.4 529.8
      vertex 347.647 426.687 529.8
      vertex 347.537 427.239 529.8
    endloop
  endfacet
  facet normal 0 0 1
    outer loop
      vertex 344.8 241.4 529.8
      vertex 347.537 427.239 529.8
      vertex 347.5 427.8 529.8
    endloop
  endfacet
  facet normal 0 0 1
    outer loop
      vertex 344.8 241.4 529.8
      vertex 347.5 427.8 529.8
      vertex 344.8 462.8 529.8
    endloop
  endfacet
  facet normal 0 0 1
    outer loop
      vertex 351.8 423.5 529.8
      vertex 344.8 241.4 529.8
      vertex 358.8 241.4 529.8
    endloop
  endfacet
  facet normal 1 -0 0
    outer loop
      vertex 358.8 241.4 529.8
      vertex 358.8 462.8 529.78
      vertex 358.8 462.8 529.8
    endloop
  endfacet
  facet normal 1 0 0
    outer loop
      vertex 358.8 462.8 529.78
      vertex 358.8 241.4 529.8
      vertex 358.8 241.4 529.78
    endloop
  endfacet
  facet normal -1 0 0
    outer loop
      vertex 344.8 241.4 529.78
      vertex 344.8 462.8 529.8
      vertex 344.8 462.8 529.78
    endloop
  endfacet
  facet normal -1 -0 0
    outer loop
      vertex 344.8 462.8 529.8
      vertex 344.8 241.4 529.78
      vertex 344.8 241.4 529.8
    endloop
  endfacet
  facet normal -0.979627 0 -0.200824
    outer loop
      vertex 347.3 255.75 517.6
      vertex 347.054 243.293 518.8
      vertex 347.054 255.75 518.8
    endloop
  endfacet
  facet normal -0.979627 0 -0.200824
    outer loop
      vertex 347.054 243.293 518.8
      vertex 347.3 255.75 517.6
      vertex 347.3 242.117 517.6
    endloop
  endfacet
  facet normal -0.979573 0 -0.201089
    outer loop
      vertex 347.054 255.75 518.8
      vertex 344.8 462.8 529.78
      vertex 347.054 462.8 518.8
    endloop
  endfacet
  facet normal -0.979573 0 -0.201089
    outer loop
      vertex 344.8 241.4 529.78
      vertex 347.054 255.75 518.8
      vertex 347.054 243.293 518.8
    endloop
  endfacet
  facet normal -0.979573 0 -0.201089
    outer loop
      vertex 344.8 241.4 529.78
      vertex 347.054 243.293 518.8
      vertex 347.054 241.4 518.8
    endloop
  endfacet
  facet normal -0.979573 0 -0.201089
    outer loop
      vertex 347.054 255.75 518.8
      vertex 344.8 241.4 529.78
      vertex 344.8 462.8 529.78
    endloop
  endfacet
  facet normal -0.980717 -0.195433 0
    outer loop
      vertex 356.063 428.361 517.8
      vertex 355.953 428.913 529.8
      vertex 355.953 428.913 517.8
    endloop
  endfacet
  facet normal -0.980717 -0.195433 0
    outer loop
      vertex 355.953 428.913 529.8
      vertex 356.063 428.361 517.8
      vertex 356.063 428.361 529.8
    endloop
  endfacet
  facet normal -0.997832 -0.0658107 0
    outer loop
      vertex 356.1 427.8 517.8
      vertex 356.063 428.361 529.8
      vertex 356.063 428.361 517.8
    endloop
  endfacet
  facet normal -0.997832 -0.0658107 0
    outer loop
      vertex 356.063 428.361 529.8
      vertex 356.1 427.8 517.8
      vertex 356.1 427.8 529.8
    endloop
  endfacet
  facet normal -0.555929 -0.83123 0
    outer loop
      vertex 353.95 431.524 517.8
      vertex 354.418 431.211 529.8
      vertex 353.95 431.524 529.8
    endloop
  endfacet
  facet normal -0.555929 -0.83123 -0
    outer loop
      vertex 354.418 431.211 529.8
      vertex 353.95 431.524 517.8
      vertex 354.418 431.211 517.8
    endloop
  endfacet
  facet normal -0.947432 0.319958 0
    outer loop
      vertex 355.773 426.154 517.8
      vertex 355.953 426.687 529.8
      vertex 355.953 426.687 517.8
    endloop
  endfacet
  facet normal -0.947432 0.319958 0
    outer loop
      vertex 355.953 426.687 529.8
      vertex 355.773 426.154 517.8
      vertex 355.773 426.154 529.8
    endloop
  endfacet
  facet normal -0.442939 -0.896552 0
    outer loop
      vertex 353.446 431.773 517.8
      vertex 353.95 431.524 529.8
      vertex 353.446 431.773 529.8
    endloop
  endfacet
  facet normal -0.442939 -0.896552 -0
    outer loop
      vertex 353.95 431.524 529.8
      vertex 353.446 431.773 517.8
      vertex 353.95 431.524 517.8
    endloop
  endfacet
  facet normal -0.195433 -0.980717 0
    outer loop
      vertex 352.361 432.063 517.8
      vertex 352.913 431.953 529.8
      vertex 352.361 432.063 529.8
    endloop
  endfacet
  facet normal -0.195433 -0.980717 -0
    outer loop
      vertex 352.913 431.953 529.8
      vertex 352.361 432.063 517.8
      vertex 352.913 431.953 517.8
    endloop
  endfacet
  facet normal 0.319958 -0.947432 0
    outer loop
      vertex 350.154 431.773 517.8
      vertex 350.687 431.953 529.8
      vertex 350.154 431.773 529.8
    endloop
  endfacet
  facet normal 0.319958 -0.947432 0
    outer loop
      vertex 350.687 431.953 529.8
      vertex 350.154 431.773 517.8
      vertex 350.687 431.953 517.8
    endloop
  endfacet
  facet normal -0.442939 0.896552 0
    outer loop
      vertex 353.95 424.076 517.8
      vertex 353.446 423.827 529.8
      vertex 353.95 424.076 529.8
    endloop
  endfacet
  facet normal -0.442939 0.896552 0
    outer loop
      vertex 353.446 423.827 529.8
      vertex 353.95 424.076 517.8
      vertex 353.446 423.827 517.8
    endloop
  endfacet
  facet normal 0.658379 -0.752687 0
    outer loop
      vertex 348.759 430.841 517.8
      vertex 349.182 431.211 529.8
      vertex 348.759 430.841 529.8
    endloop
  endfacet
  facet normal 0.658379 -0.752687 0
    outer loop
      vertex 349.182 431.211 529.8
      vertex 348.759 430.841 517.8
      vertex 349.182 431.211 517.8
    endloop
  endfacet
  facet normal 0.83123 -0.555929 0
    outer loop
      vertex 348.076 429.95 529.8
      vertex 348.389 430.418 517.8
      vertex 348.389 430.418 529.8
    endloop
  endfacet
  facet normal 0.83123 -0.555929 0
    outer loop
      vertex 348.389 430.418 517.8
      vertex 348.076 429.95 529.8
      vertex 348.076 429.95 517.8
    endloop
  endfacet
  facet normal -0.752687 -0.658379 0
    outer loop
      vertex 355.211 430.418 517.8
      vertex 354.841 430.841 529.8
      vertex 354.841 430.841 517.8
    endloop
  endfacet
  facet normal -0.752687 -0.658379 0
    outer loop
      vertex 354.841 430.841 529.8
      vertex 355.211 430.418 517.8
      vertex 355.211 430.418 529.8
    endloop
  endfacet
  facet normal 0.319958 0.947432 -0
    outer loop
      vertex 350.687 423.647 517.8
      vertex 350.154 423.827 529.8
      vertex 350.687 423.647 529.8
    endloop
  endfacet
  facet normal 0.319958 0.947432 0
    outer loop
      vertex 350.154 423.827 529.8
      vertex 350.687 423.647 517.8
      vertex 350.154 423.827 517.8
    endloop
  endfacet
  facet normal -0.319958 -0.947432 0
    outer loop
      vertex 352.913 431.953 517.8
      vertex 353.446 431.773 529.8
      vertex 352.913 431.953 529.8
    endloop
  endfacet
  facet normal -0.319958 -0.947432 -0
    outer loop
      vertex 353.446 431.773 529.8
      vertex 352.913 431.953 517.8
      vertex 353.446 431.773 517.8
    endloop
  endfacet
  facet normal -0.658379 -0.752687 0
    outer loop
      vertex 354.418 431.211 517.8
      vertex 354.841 430.841 529.8
      vertex 354.418 431.211 529.8
    endloop
  endfacet
  facet normal -0.658379 -0.752687 -0
    outer loop
      vertex 354.841 430.841 529.8
      vertex 354.418 431.211 517.8
      vertex 354.841 430.841 517.8
    endloop
  endfacet
  facet normal 0.555929 -0.83123 0
    outer loop
      vertex 349.182 431.211 517.8
      vertex 349.65 431.524 529.8
      vertex 349.182 431.211 529.8
    endloop
  endfacet
  facet normal 0.555929 -0.83123 0
    outer loop
      vertex 349.65 431.524 529.8
      vertex 349.182 431.211 517.8
      vertex 349.65 431.524 517.8
    endloop
  endfacet
  facet normal -0.555929 0.83123 0
    outer loop
      vertex 354.418 424.389 517.8
      vertex 353.95 424.076 529.8
      vertex 354.418 424.389 529.8
    endloop
  endfacet
  facet normal -0.555929 0.83123 0
    outer loop
      vertex 353.95 424.076 529.8
      vertex 354.418 424.389 517.8
      vertex 353.95 424.076 517.8
    endloop
  endfacet
  facet normal -0.947432 -0.319958 0
    outer loop
      vertex 355.953 428.913 517.8
      vertex 355.773 429.446 529.8
      vertex 355.773 429.446 517.8
    endloop
  endfacet
  facet normal -0.947432 -0.319958 0
    outer loop
      vertex 355.773 429.446 529.8
      vertex 355.953 428.913 517.8
      vertex 355.953 428.913 529.8
    endloop
  endfacet
  facet normal -0.195433 0.980717 0
    outer loop
      vertex 352.913 423.647 517.8
      vertex 352.361 423.537 529.8
      vertex 352.913 423.647 529.8
    endloop
  endfacet
  facet normal -0.195433 0.980717 0
    outer loop
      vertex 352.361 423.537 529.8
      vertex 352.913 423.647 517.8
      vertex 352.361 423.537 517.8
    endloop
  endfacet
  facet normal 0.442939 0.896552 -0
    outer loop
      vertex 350.154 423.827 517.8
      vertex 349.65 424.076 529.8
      vertex 350.154 423.827 529.8
    endloop
  endfacet
  facet normal 0.442939 0.896552 0
    outer loop
      vertex 349.65 424.076 529.8
      vertex 350.154 423.827 517.8
      vertex 349.65 424.076 517.8
    endloop
  endfacet
  facet normal -0.319958 0.947432 0
    outer loop
      vertex 353.446 423.827 517.8
      vertex 352.913 423.647 529.8
      vertex 353.446 423.827 529.8
    endloop
  endfacet
  facet normal -0.319958 0.947432 0
    outer loop
      vertex 352.913 423.647 529.8
      vertex 353.446 423.827 517.8
      vertex 352.913 423.647 517.8
    endloop
  endfacet
  facet normal 0.947432 0.319958 0
    outer loop
      vertex 347.827 426.154 529.8
      vertex 347.647 426.687 517.8
      vertex 347.647 426.687 529.8
    endloop
  endfacet
  facet normal 0.947432 0.319958 0
    outer loop
      vertex 347.647 426.687 517.8
      vertex 347.827 426.154 529.8
      vertex 347.827 426.154 517.8
    endloop
  endfacet
  facet normal -0.752687 0.658379 0
    outer loop
      vertex 354.841 424.759 517.8
      vertex 355.211 425.182 529.8
      vertex 355.211 425.182 517.8
    endloop
  endfacet
  facet normal -0.752687 0.658379 0
    outer loop
      vertex 355.211 425.182 529.8
      vertex 354.841 424.759 517.8
      vertex 354.841 424.759 529.8
    endloop
  endfacet
  facet normal 0.947432 -0.319958 0
    outer loop
      vertex 347.647 428.913 529.8
      vertex 347.827 429.446 517.8
      vertex 347.827 429.446 529.8
    endloop
  endfacet
  facet normal 0.947432 -0.319958 0
    outer loop
      vertex 347.827 429.446 517.8
      vertex 347.647 428.913 529.8
      vertex 347.647 428.913 517.8
    endloop
  endfacet
  facet normal -0.83123 -0.555929 0
    outer loop
      vertex 355.524 429.95 517.8
      vertex 355.211 430.418 529.8
      vertex 355.211 430.418 517.8
    endloop
  endfacet
  facet normal -0.83123 -0.555929 0
    outer loop
      vertex 355.211 430.418 529.8
      vertex 355.524 429.95 517.8
      vertex 355.524 429.95 529.8
    endloop
  endfacet
  facet normal -0.896552 0.442939 0
    outer loop
      vertex 355.524 425.65 517.8
      vertex 355.773 426.154 529.8
      vertex 355.773 426.154 517.8
    endloop
  endfacet
  facet normal -0.896552 0.442939 0
    outer loop
      vertex 355.773 426.154 529.8
      vertex 355.524 425.65 517.8
      vertex 355.524 425.65 529.8
    endloop
  endfacet
  facet normal -0.896552 -0.442939 0
    outer loop
      vertex 355.773 429.446 517.8
      vertex 355.524 429.95 529.8
      vertex 355.524 429.95 517.8
    endloop
  endfacet
  facet normal -0.896552 -0.442939 0
    outer loop
      vertex 355.524 429.95 529.8
      vertex 355.773 429.446 517.8
      vertex 355.773 429.446 529.8
    endloop
  endfacet
  facet normal -0.997832 0.0658107 0
    outer loop
      vertex 356.063 427.239 517.8
      vertex 356.1 427.8 529.8
      vertex 356.1 427.8 517.8
    endloop
  endfacet
  facet normal -0.997832 0.0658107 0
    outer loop
      vertex 356.1 427.8 529.8
      vertex 356.063 427.239 517.8
      vertex 356.063 427.239 529.8
    endloop
  endfacet
  facet normal 0.442939 -0.896552 0
    outer loop
      vertex 349.65 431.524 517.8
      vertex 350.154 431.773 529.8
      vertex 349.65 431.524 529.8
    endloop
  endfacet
  facet normal 0.442939 -0.896552 0
    outer loop
      vertex 350.154 431.773 529.8
      vertex 349.65 431.524 517.8
      vertex 350.154 431.773 517.8
    endloop
  endfacet
  facet normal 0.195433 0.980717 -0
    outer loop
      vertex 351.239 423.537 517.8
      vertex 350.687 423.647 529.8
      vertex 351.239 423.537 529.8
    endloop
  endfacet
  facet normal 0.195433 0.980717 0
    outer loop
      vertex 350.687 423.647 529.8
      vertex 351.239 423.537 517.8
      vertex 350.687 423.647 517.8
    endloop
  endfacet
  facet normal 0.555929 0.83123 -0
    outer loop
      vertex 349.65 424.076 517.8
      vertex 349.182 424.389 529.8
      vertex 349.65 424.076 529.8
    endloop
  endfacet
  facet normal 0.555929 0.83123 0
    outer loop
      vertex 349.182 424.389 529.8
      vertex 349.65 424.076 517.8
      vertex 349.182 424.389 517.8
    endloop
  endfacet
  facet normal -0.83123 0.555929 0
    outer loop
      vertex 355.211 425.182 517.8
      vertex 355.524 425.65 529.8
      vertex 355.524 425.65 517.8
    endloop
  endfacet
  facet normal -0.83123 0.555929 0
    outer loop
      vertex 355.524 425.65 529.8
      vertex 355.211 425.182 517.8
      vertex 355.211 425.182 529.8
    endloop
  endfacet
  facet normal -0.980717 0.195433 0
    outer loop
      vertex 355.953 426.687 517.8
      vertex 356.063 427.239 529.8
      vertex 356.063 427.239 517.8
    endloop
  endfacet
  facet normal -0.980717 0.195433 0
    outer loop
      vertex 356.063 427.239 529.8
      vertex 355.953 426.687 517.8
      vertex 355.953 426.687 529.8
    endloop
  endfacet
  facet normal 0.980717 0.195433 0
    outer loop
      vertex 347.647 426.687 529.8
      vertex 347.537 427.239 517.8
      vertex 347.537 427.239 529.8
    endloop
  endfacet
  facet normal 0.980717 0.195433 0
    outer loop
      vertex 347.537 427.239 517.8
      vertex 347.647 426.687 529.8
      vertex 347.647 426.687 517.8
    endloop
  endfacet
  facet normal 0.195433 -0.980717 0
    outer loop
      vertex 350.687 431.953 517.8
      vertex 351.239 432.063 529.8
      vertex 350.687 431.953 529.8
    endloop
  endfacet
  facet normal 0.195433 -0.980717 0
    outer loop
      vertex 351.239 432.063 529.8
      vertex 350.687 431.953 517.8
      vertex 351.239 432.063 517.8
    endloop
  endfacet
  facet normal 0.896552 0.442939 0
    outer loop
      vertex 348.076 425.65 529.8
      vertex 347.827 426.154 517.8
      vertex 347.827 426.154 529.8
    endloop
  endfacet
  facet normal 0.896552 0.442939 0
    outer loop
      vertex 347.827 426.154 517.8
      vertex 348.076 425.65 529.8
      vertex 348.076 425.65 517.8
    endloop
  endfacet
  facet normal 0.980717 -0.195433 0
    outer loop
      vertex 347.537 428.361 529.8
      vertex 347.647 428.913 517.8
      vertex 347.647 428.913 529.8
    endloop
  endfacet
  facet normal 0.980717 -0.195433 0
    outer loop
      vertex 347.647 428.913 517.8
      vertex 347.537 428.361 529.8
      vertex 347.537 428.361 517.8
    endloop
  endfacet
  facet normal 0.997832 -0.0658107 0
    outer loop
      vertex 347.5 427.8 529.8
      vertex 347.537 428.361 517.8
      vertex 347.537 428.361 529.8
    endloop
  endfacet
  facet normal 0.997832 -0.0658107 0
    outer loop
      vertex 347.537 428.361 517.8
      vertex 347.5 427.8 529.8
      vertex 347.5 427.8 517.8
    endloop
  endfacet
  facet normal 0.0658107 -0.997832 0
    outer loop
      vertex 351.239 432.063 517.8
      vertex 351.8 432.1 529.8
      vertex 351.239 432.063 529.8
    endloop
  endfacet
  facet normal 0.0658107 -0.997832 0
    outer loop
      vertex 351.8 432.1 529.8
      vertex 351.239 432.063 517.8
      vertex 351.8 432.1 517.8
    endloop
  endfacet
  facet normal 0 0 1
    outer loop
      vertex 356.063 428.361 517.8
      vertex 356.063 427.239 517.8
      vertex 356.1 427.8 517.8
    endloop
  endfacet
  facet normal 0 0 1
    outer loop
      vertex 355.953 428.913 517.8
      vertex 356.063 427.239 517.8
      vertex 356.063 428.361 517.8
    endloop
  endfacet
  facet normal 0 0 1
    outer loop
      vertex 355.953 428.913 517.8
      vertex 355.953 426.687 517.8
      vertex 356.063 427.239 517.8
    endloop
  endfacet
  facet normal 0 0 1
    outer loop
      vertex 355.773 429.446 517.8
      vertex 355.953 426.687 517.8
      vertex 355.953 428.913 517.8
    endloop
  endfacet
  facet normal 0 0 1
    outer loop
      vertex 355.773 429.446 517.8
      vertex 355.773 426.154 517.8
      vertex 355.953 426.687 517.8
    endloop
  endfacet
  facet normal 0 0 1
    outer loop
      vertex 355.524 429.95 517.8
      vertex 355.773 426.154 517.8
      vertex 355.773 429.446 517.8
    endloop
  endfacet
  facet normal 0 0 1
    outer loop
      vertex 355.524 429.95 517.8
      vertex 355.524 425.65 517.8
      vertex 355.773 426.154 517.8
    endloop
  endfacet
  facet normal 0 0 1
    outer loop
      vertex 355.211 430.418 517.8
      vertex 355.524 425.65 517.8
      vertex 355.524 429.95 517.8
    endloop
  endfacet
  facet normal 0 0 1
    outer loop
      vertex 355.211 430.418 517.8
      vertex 355.211 425.182 517.8
      vertex 355.524 425.65 517.8
    endloop
  endfacet
  facet normal 0 0 1
    outer loop
      vertex 354.841 430.841 517.8
      vertex 355.211 425.182 517.8
      vertex 355.211 430.418 517.8
    endloop
  endfacet
  facet normal 0 0 1
    outer loop
      vertex 354.841 430.841 517.8
      vertex 354.841 424.759 517.8
      vertex 355.211 425.182 517.8
    endloop
  endfacet
  facet normal 0 0 1
    outer loop
      vertex 354.418 431.211 517.8
      vertex 354.841 424.759 517.8
      vertex 354.841 430.841 517.8
    endloop
  endfacet
  facet normal 0 0 1
    outer loop
      vertex 354.418 431.211 517.8
      vertex 354.418 424.389 517.8
      vertex 354.841 424.759 517.8
    endloop
  endfacet
  facet normal 0 0 1
    outer loop
      vertex 353.95 431.524 517.8
      vertex 354.418 424.389 517.8
      vertex 354.418 431.211 517.8
    endloop
  endfacet
  facet normal 0 0 1
    outer loop
      vertex 353.95 431.524 517.8
      vertex 353.95 424.076 517.8
      vertex 354.418 424.389 517.8
    endloop
  endfacet
  facet normal 0 0 1
    outer loop
      vertex 353.446 431.773 517.8
      vertex 353.95 424.076 517.8
      vertex 353.95 431.524 517.8
    endloop
  endfacet
  facet normal 0 0 1
    outer loop
      vertex 353.446 431.773 517.8
      vertex 353.446 423.827 517.8
      vertex 353.95 424.076 517.8
    endloop
  endfacet
  facet normal 0 0 1
    outer loop
      vertex 352.913 431.953 517.8
      vertex 353.446 423.827 517.8
      vertex 353.446 431.773 517.8
    endloop
  endfacet
  facet normal 0 0 1
    outer loop
      vertex 352.913 431.953 517.8
      vertex 352.913 423.647 517.8
      vertex 353.446 423.827 517.8
    endloop
  endfacet
  facet normal 0 0 1
    outer loop
      vertex 352.361 432.063 517.8
      vertex 352.913 423.647 517.8
      vertex 352.913 431.953 517.8
    endloop
  endfacet
  facet normal 0 0 1
    outer loop
      vertex 352.361 432.063 517.8
      vertex 352.361 423.537 517.8
      vertex 352.913 423.647 517.8
    endloop
  endfacet
  facet normal 0 0 1
    outer loop
      vertex 351.8 432.1 517.8
      vertex 352.361 423.537 517.8
      vertex 352.361 432.063 517.8
    endloop
  endfacet
  facet normal 0 0 1
    outer loop
      vertex 351.8 432.1 517.8
      vertex 351.8 423.5 517.8
      vertex 352.361 423.537 517.8
    endloop
  endfacet
  facet normal -0 0 1
    outer loop
      vertex 351.239 432.063 517.8
      vertex 351.8 423.5 517.8
      vertex 351.8 432.1 517.8
    endloop
  endfacet
  facet normal 0 0 1
    outer loop
      vertex 351.239 432.063 517.8
      vertex 351.239 423.537 517.8
      vertex 351.8 423.5 517.8
    endloop
  endfacet
  facet normal -0 0 1
    outer loop
      vertex 350.687 431.953 517.8
      vertex 351.239 423.537 517.8
      vertex 351.239 432.063 517.8
    endloop
  endfacet
  facet normal 0 0 1
    outer loop
      vertex 350.687 431.953 517.8
      vertex 350.687 423.647 517.8
      vertex 351.239 423.537 517.8
    endloop
  endfacet
  facet normal -0 0 1
    outer loop
      vertex 350.154 431.773 517.8
      vertex 350.687 423.647 517.8
      vertex 350.687 431.953 517.8
    endloop
  endfacet
  facet normal 0 0 1
    outer loop
      vertex 350.154 431.773 517.8
      vertex 350.154 423.827 517.8
      vertex 350.687 423.647 517.8
    endloop
  endfacet
  facet normal -0 0 1
    outer loop
      vertex 349.65 431.524 517.8
      vertex 350.154 423.827 517.8
      vertex 350.154 431.773 517.8
    endloop
  endfacet
  facet normal 0 0 1
    outer loop
      vertex 349.65 431.524 517.8
      vertex 349.65 424.076 517.8
      vertex 350.154 423.827 517.8
    endloop
  endfacet
  facet normal -0 0 1
    outer loop
      vertex 349.182 431.211 517.8
      vertex 349.65 424.076 517.8
      vertex 349.65 431.524 517.8
    endloop
  endfacet
  facet normal 0 0 1
    outer loop
      vertex 349.182 431.211 517.8
      vertex 349.182 424.389 517.8
      vertex 349.65 424.076 517.8
    endloop
  endfacet
  facet normal -0 0 1
    outer loop
      vertex 348.759 430.841 517.8
      vertex 349.182 424.389 517.8
      vertex 349.182 431.211 517.8
    endloop
  endfacet
  facet normal 0 0 1
    outer loop
      vertex 348.759 430.841 517.8
      vertex 348.759 424.759 517.8
      vertex 349.182 424.389 517.8
    endloop
  endfacet
  facet normal -0 0 1
    outer loop
      vertex 348.389 430.418 517.8
      vertex 348.759 424.759 517.8
      vertex 348.759 430.841 517.8
    endloop
  endfacet
  facet normal 0 0 1
    outer loop
      vertex 348.389 430.418 517.8
      vertex 348.389 425.182 517.8
      vertex 348.759 424.759 517.8
    endloop
  endfacet
  facet normal -0 0 1
    outer loop
      vertex 348.076 429.95 517.8
      vertex 348.389 425.182 517.8
      vertex 348.389 430.418 517.8
    endloop
  endfacet
  facet normal 0 0 1
    outer loop
      vertex 348.076 429.95 517.8
      vertex 348.076 425.65 517.8
      vertex 348.389 425.182 517.8
    endloop
  endfacet
  facet normal -0 0 1
    outer loop
      vertex 347.827 429.446 517.8
      vertex 348.076 425.65 517.8
      vertex 348.076 429.95 517.8
    endloop
  endfacet
  facet normal 0 0 1
    outer loop
      vertex 347.827 429.446 517.8
      vertex 347.827 426.154 517.8
      vertex 348.076 425.65 517.8
    endloop
  endfacet
  facet normal -0 0 1
    outer loop
      vertex 347.647 428.913 517.8
      vertex 347.827 426.154 517.8
      vertex 347.827 429.446 517.8
    endloop
  endfacet
  facet normal 0 0 1
    outer loop
      vertex 347.647 428.913 517.8
      vertex 347.647 426.687 517.8
      vertex 347.827 426.154 517.8
    endloop
  endfacet
  facet normal -0 0 1
    outer loop
      vertex 347.537 428.361 517.8
      vertex 347.647 426.687 517.8
      vertex 347.647 428.913 517.8
    endloop
  endfacet
  facet normal 0 0 1
    outer loop
      vertex 347.537 428.361 517.8
      vertex 347.537 427.239 517.8
      vertex 347.647 426.687 517.8
    endloop
  endfacet
  facet normal 0 -0 1
    outer loop
      vertex 347.537 427.239 517.8
      vertex 347.537 428.361 517.8
      vertex 347.5 427.8 517.8
    endloop
  endfacet
  facet normal 0.0658107 0.997832 -0
    outer loop
      vertex 351.8 423.5 517.8
      vertex 351.239 423.537 529.8
      vertex 351.8 423.5 529.8
    endloop
  endfacet
  facet normal 0.0658107 0.997832 0
    outer loop
      vertex 351.239 423.537 529.8
      vertex 351.8 423.5 517.8
      vertex 351.239 423.537 517.8
    endloop
  endfacet
  facet normal 0.752687 -0.658379 0
    outer loop
      vertex 348.389 430.418 529.8
      vertex 348.759 430.841 517.8
      vertex 348.759 430.841 529.8
    endloop
  endfacet
  facet normal 0.752687 -0.658379 0
    outer loop
      vertex 348.759 430.841 517.8
      vertex 348.389 430.418 529.8
      vertex 348.389 430.418 517.8
    endloop
  endfacet
  facet normal 0.752687 0.658379 0
    outer loop
      vertex 348.759 424.759 529.8
      vertex 348.389 425.182 517.8
      vertex 348.389 425.182 529.8
    endloop
  endfacet
  facet normal 0.752687 0.658379 0
    outer loop
      vertex 348.389 425.182 517.8
      vertex 348.759 424.759 529.8
      vertex 348.759 424.759 517.8
    endloop
  endfacet
  facet normal -0.0658107 0.997832 0
    outer loop
      vertex 352.361 423.537 517.8
      vertex 351.8 423.5 529.8
      vertex 352.361 423.537 529.8
    endloop
  endfacet
  facet normal -0.0658107 0.997832 0
    outer loop
      vertex 351.8 423.5 529.8
      vertex 352.361 423.537 517.8
      vertex 351.8 423.5 517.8
    endloop
  endfacet
  facet normal 0.997832 0.0658107 0
    outer loop
      vertex 347.537 427.239 529.8
      vertex 347.5 427.8 517.8
      vertex 347.5 427.8 529.8
    endloop
  endfacet
  facet normal 0.997832 0.0658107 0
    outer loop
      vertex 347.5 427.8 517.8
      vertex 347.537 427.239 529.8
      vertex 347.537 427.239 517.8
    endloop
  endfacet
  facet normal 0.658379 0.752687 -0
    outer loop
      vertex 349.182 424.389 517.8
      vertex 348.759 424.759 529.8
      vertex 349.182 424.389 529.8
    endloop
  endfacet
  facet normal 0.658379 0.752687 0
    outer loop
      vertex 348.759 424.759 529.8
      vertex 349.182 424.389 517.8
      vertex 348.759 424.759 517.8
    endloop
  endfacet
  facet normal 0.83123 0.555929 0
    outer loop
      vertex 348.389 425.182 529.8
      vertex 348.076 425.65 517.8
      vertex 348.076 425.65 529.8
    endloop
  endfacet
  facet normal 0.83123 0.555929 0
    outer loop
      vertex 348.076 425.65 517.8
      vertex 348.389 425.182 529.8
      vertex 348.389 425.182 517.8
    endloop
  endfacet
  facet normal -0.658379 0.752687 0
    outer loop
      vertex 354.841 424.759 517.8
      vertex 354.418 424.389 529.8
      vertex 354.841 424.759 529.8
    endloop
  endfacet
  facet normal -0.658379 0.752687 0
    outer loop
      vertex 354.418 424.389 529.8
      vertex 354.841 424.759 517.8
      vertex 354.418 424.389 517.8
    endloop
  endfacet
  facet normal -0.0658107 -0.997832 0
    outer loop
      vertex 351.8 432.1 517.8
      vertex 352.361 432.063 529.8
      vertex 351.8 432.1 529.8
    endloop
  endfacet
  facet normal -0.0658107 -0.997832 -0
    outer loop
      vertex 352.361 432.063 529.8
      vertex 351.8 432.1 517.8
      vertex 352.361 432.063 517.8
    endloop
  endfacet
  facet normal 0.896552 -0.442939 0
    outer loop
      vertex 347.827 429.446 529.8
      vertex 348.076 429.95 517.8
      vertex 348.076 429.95 529.8
    endloop
  endfacet
  facet normal 0.896552 -0.442939 0
    outer loop
      vertex 348.076 429.95 517.8
      vertex 347.827 429.446 529.8
      vertex 347.827 429.446 517.8
    endloop
  endfacet
endsolid OpenSCAD_Model
